{
"type": "FeatureCollection",
"name": "661_LINHAS",
"crs": { "type": "name", "properties": { "name": "urn:ogc:def:crs:OGC:1.3:CRS84" } },
"xy_coordinate_resolution": 1e-15,
"features": [
{"type":"Feature","properties":{"Field":"001","Length":235.18439577811048,"Image":"/home/ubuntu/bemagro/data/image/Orthomosaico.tif","Farm":"data"},"geometry":{"type":"MultiLineString","coordinates":[[[-51.054798323736719,-22.187152386253835],[-51.054782175275356,-22.187138255502322],[-51.054700770517812,-22.187074004065639],[-51.054630035219979,-22.1870263466814],[-51.054617067844603,-22.187018066825818]]]}},
{"type":"Feature","properties":{"Field":"001","Length":235.18439577811048,"Image":"/home/ubuntu/bemagro/data/image/Orthomosaico.tif","Farm":"data"},"geometry":{"type":"MultiLineString","coordinates":[[[-51.054798273186591,-22.187139414160985],[-51.05476300617751,-22.187109624531054],[-51.054710410302384,-22.18706962403143],[-51.054640227357886,-22.187021260620305],[-51.05463514928131,-22.187018008266659]]]}},
{"type":"Feature","properties":{"Field":"001","Length":235.18439577811048,"Image":"/home/ubuntu/bemagro/data/image/Orthomosaico.tif","Farm":"data"},"geometry":{"type":"MultiLineString","coordinates":[[[-51.054798211023098,-22.187123461863759],[-51.054751884305702,-22.187085743862692],[-51.054736751384304,-22.187074436703828],[-51.05465509150978,-22.187017943681074]]]}},
{"type":"Feature","properties":{"Field":"001","Length":235.18439577811048,"Image":"/home/ubuntu/bemagro/data/image/Orthomosaico.tif","Farm":"data"},"geometry":{"type":"MultiLineString","coordinates":[[[-51.054671853163299,-22.187017889396206],[-51.054673788780136,-22.187019176852406],[-51.054681618103992,-22.187024511045909],[-51.054689319884481,-22.187030003924338],[-51.054743042091346,-22.187068684345302],[-51.054750618449191,-22.1870743264856],[-51.054757978058774,-22.187080212197305],[-51.054798169589311,-22.187112829190706]]]}},
{"type":"Feature","properties":{"Field":"001","Length":235.18439577811048,"Image":"/home/ubuntu/bemagro/data/image/Orthomosaico.tif","Farm":"data"},"geometry":{"type":"MultiLineString","coordinates":[[[-51.054798104243091,-22.187096060146107],[-51.054780843135688,-22.18708123952544],[-51.054704867412575,-22.18702506610261],[-51.054694125252169,-22.187017817265055]]]}},
{"type":"Feature","properties":{"Field":"001","Length":235.18439577811048,"Image":"/home/ubuntu/bemagro/data/image/Orthomosaico.tif","Farm":"data"},"geometry":{"type":"MultiLineString","coordinates":[[[-51.05479805354819,-22.18708305090243],[-51.054792072050752,-22.187077898781137],[-51.054754321041628,-22.187049536445969],[-51.05470992186104,-22.187017766105615]]]}},
{"type":"Feature","properties":{"Field":"001","Length":235.18439577811048,"Image":"/home/ubuntu/bemagro/data/image/Orthomosaico.tif","Farm":"data"},"geometry":{"type":"MultiLineString","coordinates":[[[-51.054736312679353,-22.187017680635403],[-51.054738853619597,-22.187019504492017],[-51.054776844682529,-22.187047586711056],[-51.054797981271157,-22.18706450328364]]]}},
{"type":"Feature","properties":{"Field":"001","Length":235.18439577811048,"Image":"/home/ubuntu/bemagro/data/image/Orthomosaico.tif","Farm":"data"},"geometry":{"type":"MultiLineString","coordinates":[[[-51.054797933934751,-22.187052355889339],[-51.05476955976544,-22.187030942710379],[-51.054750243257466,-22.187017635519357]]]}},
{"type":"Feature","properties":{"Field":"001","Length":235.18439577811048,"Image":"/home/ubuntu/bemagro/data/image/Orthomosaico.tif","Farm":"data"},"geometry":{"type":"MultiLineString","coordinates":[[[-51.054797868209917,-22.187035489687897],[-51.054774004555362,-22.187017558565202]]]}},
{"type":"Feature","properties":{"Field":"001","Length":235.18439577811048,"Image":"/home/ubuntu/bemagro/data/image/Orthomosaico.tif","Farm":"data"},"geometry":{"type":"MultiLineString","coordinates":[[[-51.054797823838562,-22.18702410318123],[-51.054789379511512,-22.187017508771341]]]}},
{"type":"Feature","properties":{"Field":"001","Length":235.18439577811048,"Image":"/home/ubuntu/bemagro/data/image/Orthomosaico.tif","Farm":"data"},"geometry":{"type":"MultiLineString","coordinates":[[[-51.054783504939039,-22.187156854062128],[-51.054747261555086,-22.187127279642144],[-51.05471014307556,-22.187098202198314],[-51.054679876218877,-22.187075588779784],[-51.054663872115547,-22.187065374687126],[-51.054617216396529,-22.187032965793513],[-51.054593503295557,-22.187018143142776]]]}},
{"type":"Feature","properties":{"Field":"001","Length":235.18439577811048,"Image":"/home/ubuntu/bemagro/data/image/Orthomosaico.tif","Farm":"data"},"geometry":{"type":"MultiLineString","coordinates":[[[-51.054768743514565,-22.187156850444772],[-51.054744189155599,-22.187136792704671],[-51.054676758571624,-22.187085144514583],[-51.05462969704665,-22.187053248567945],[-51.054575551273032,-22.187018201282815]]]}},
{"type":"Feature","properties":{"Field":"001","Length":235.18439577811048,"Image":"/home/ubuntu/bemagro/data/image/Orthomosaico.tif","Farm":"data"},"geometry":{"type":"MultiLineString","coordinates":[[[-51.054750200358171,-22.187156845900684],[-51.054734000765201,-22.187143389976288],[-51.054673903397521,-22.187097661623028],[-51.054611266878126,-22.187054991214243],[-51.054554336274549,-22.187018269990435]]]}},
{"type":"Feature","properties":{"Field":"001","Length":235.18439577811048,"Image":"/home/ubuntu/bemagro/data/image/Orthomosaico.tif","Farm":"data"},"geometry":{"type":"MultiLineString","coordinates":[[[-51.054735123798494,-22.187156842206104],[-51.054723438914181,-22.187147276609466],[-51.054671113168389,-22.187106969991152],[-51.054561290572018,-22.187032561949557],[-51.054538777641156,-22.18701832037916]]]}},
{"type":"Feature","properties":{"Field":"001","Length":235.18439577811048,"Image":"/home/ubuntu/bemagro/data/image/Orthomosaico.tif","Farm":"data"},"geometry":{"type":"MultiLineString","coordinates":[[[-51.054711613705599,-22.187156836444846],[-51.054711352676101,-22.187156618980396],[-51.054666621639356,-22.187121937100674],[-51.054635772383165,-22.187100018263465],[-51.054572607840981,-22.187058028401676],[-51.054536374392264,-22.187035645544348]]]}},
{"type":"Feature","properties":{"Field":"001","Length":235.18439577811048,"Image":"/home/ubuntu/bemagro/data/image/Orthomosaico.tif","Farm":"data"},"geometry":{"type":"MultiLineString","coordinates":[[[-51.054696279137126,-22.187156832687037],[-51.054655578356822,-22.187125867341191],[-51.054609485138002,-22.187092767677086],[-51.054561814429285,-22.18706166625412],[-51.054536415690684,-22.187046186042338]]]}},
{"type":"Feature","properties":{"Field":"001","Length":235.18439577811048,"Image":"/home/ubuntu/bemagro/data/image/Orthomosaico.tif","Farm":"data"},"geometry":{"type":"MultiLineString","coordinates":[[[-51.054675471183558,-22.187156827587952],[-51.05463606486714,-22.187126274745108],[-51.054597340512878,-22.187099074341614],[-51.054573502841066,-22.187083526708275],[-51.054548895964203,-22.187069055746345],[-51.054536474944868,-22.18706130934607]]]}},
{"type":"Feature","properties":{"Field":"001","Length":235.18439577811048,"Image":"/home/ubuntu/bemagro/data/image/Orthomosaico.tif","Farm":"data"},"geometry":{"type":"MultiLineString","coordinates":[[[-51.054662019274318,-22.187156824291495],[-51.054649110777092,-22.187146576498971],[-51.054626312914259,-22.187129730494487],[-51.054595387083239,-22.187107904078253],[-51.054579397883934,-22.187097669755637],[-51.0545390617606,-22.187072583109504],[-51.054536513115387,-22.187071051515588]]]}},
{"type":"Feature","properties":{"Field":"001","Length":235.18439577811048,"Image":"/home/ubuntu/bemagro/data/image/Orthomosaico.tif","Farm":"data"},"geometry":{"type":"MultiLineString","coordinates":[[[-51.054641381187487,-22.187156819234037],[-51.054612869135632,-22.187136134852125],[-51.054565692009305,-22.187104387348448],[-51.054536573143153,-22.18708637225884]]]}},
{"type":"Feature","properties":{"Field":"001","Length":235.18439577811048,"Image":"/home/ubuntu/bemagro/data/image/Orthomosaico.tif","Farm":"data"},"geometry":{"type":"MultiLineString","coordinates":[[[-51.054625883202043,-22.187156815436182],[-51.054564203617353,-22.187114383034377],[-51.05453661568729,-22.18709723069702]]]}},
{"type":"Feature","properties":{"Field":"001","Length":235.18439577811048,"Image":"/home/ubuntu/bemagro/data/image/Orthomosaico.tif","Farm":"data"},"geometry":{"type":"MultiLineString","coordinates":[[[-51.054603746217097,-22.187156810011409],[-51.054576029250399,-22.187137713342342],[-51.054536674872452,-22.187112336383287]]]}},
{"type":"Feature","properties":{"Field":"001","Length":235.18439577811048,"Image":"/home/ubuntu/bemagro/data/image/Orthomosaico.tif","Farm":"data"},"geometry":{"type":"MultiLineString","coordinates":[[[-51.054587876571603,-22.187156806122481],[-51.054574125728571,-22.187146995273039],[-51.054536715596484,-22.187122730280457]]]}},
{"type":"Feature","properties":{"Field":"001","Length":235.18439577811048,"Image":"/home/ubuntu/bemagro/data/image/Orthomosaico.tif","Farm":"data"},"geometry":{"type":"MultiLineString","coordinates":[[[-51.054536785421313,-22.187140551504829],[-51.054542453796572,-22.187144357944511],[-51.054560785618136,-22.187156799483713]]]}},
{"type":"Feature","properties":{"Field":"001","Length":235.18439577811048,"Image":"/home/ubuntu/bemagro/data/image/Orthomosaico.tif","Farm":"data"},"geometry":{"type":"MultiLineString","coordinates":[[[-51.054536824039374,-22.187150407900106],[-51.054539900685,-22.18715246296043],[-51.054546190869331,-22.187156795907203]]]}},
{"type":"Feature","properties":{"Field":"001","Length":235.18439577811048,"Image":"/home/ubuntu/bemagro/data/image/Orthomosaico.tif","Farm":"data"},"geometry":{"type":"MultiLineString","coordinates":[[[-51.053093730031669,-22.183134746832952],[-51.0530968067104,-22.183152043737174],[-51.053100220012546,-22.1831698298482],[-51.053108350866609,-22.183205164957307],[-51.053110545464662,-22.183213965079915],[-51.053122597803629,-22.18325771941953],[-51.053133212358418,-22.183292478394183],[-51.053136034506025,-22.183301121971244],[-51.05315415464198,-22.183352634221766],[-51.053157315582752,-22.183361175488237],[-51.053165751867418,-22.183382695536039]]]}},
{"type":"Feature","properties":{"Field":"001","Length":235.18439577811048,"Image":"/home/ubuntu/bemagro/data/image/Orthomosaico.tif","Farm":"data"},"geometry":{"type":"MultiLineString","coordinates":[[[-51.053165646560103,-22.183355696910766],[-51.053146588615434,-22.183303093387835],[-51.05314372414869,-22.183294461893706],[-51.053120674725747,-22.183216037550292],[-51.053118394128994,-22.183207256415567],[-51.053108783680749,-22.183162980230286],[-51.053107044175881,-22.183154092311359],[-51.053103776150159,-22.183134749404228]]]}},
{"type":"Feature","properties":{"Field":"001","Length":235.18439577811048,"Image":"/home/ubuntu/bemagro/data/image/Orthomosaico.tif","Farm":"data"},"geometry":{"type":"MultiLineString","coordinates":[[[-51.053165489828473,-22.183315514150923],[-51.053156971131394,-22.183291709245939],[-51.053148773088374,-22.183265703823388],[-51.053134124315704,-22.183213242600214],[-51.053123761042109,-22.183169113961043],[-51.053117233360339,-22.18313475284857]]]}},
{"type":"Feature","properties":{"Field":"001","Length":235.18439577811048,"Image":"/home/ubuntu/bemagro/data/image/Orthomosaico.tif","Farm":"data"},"geometry":{"type":"MultiLineString","coordinates":[[[-51.053126879135014,-22.183134755317383],[-51.053127738313563,-22.183139113781987],[-51.053133307446807,-22.183165715879163],[-51.053135331966253,-22.183174551295732],[-51.053146039124734,-22.183218608553759],[-51.053148393855373,-22.183227372701719],[-51.05316086170977,-22.183271026479588],[-51.053165371568056,-22.183285194617085]]]}},
{"type":"Feature","properties":{"Field":"001","Length":235.18439577811048,"Image":"/home/ubuntu/bemagro/data/image/Orthomosaico.tif","Farm":"data"},"geometry":{"type":"MultiLineString","coordinates":[[[-51.053165179397972,-22.183235926167601],[-51.053152770803457,-22.183190481872646],[-51.053145103098785,-22.183155057042569],[-51.053143254114801,-22.183146188352989],[-51.0531413049763,-22.18313475900964]]]}},
{"type":"Feature","properties":{"Field":"001","Length":235.18439577811048,"Image":"/home/ubuntu/bemagro/data/image/Orthomosaico.tif","Farm":"data"},"geometry":{"type":"MultiLineString","coordinates":[[[-51.053150730420242,-22.18313476142206],[-51.053154664771775,-22.183156642956906],[-51.053160578296534,-22.18318318006132],[-51.053165038421973,-22.183199782827835]]]}},
{"type":"Feature","properties":{"Field":"001","Length":235.18439577811048,"Image":"/home/ubuntu/bemagro/data/image/Orthomosaico.tif","Farm":"data"},"geometry":{"type":"MultiLineString","coordinates":[[[-51.053164794378198,-22.183137215033529],[-51.053164296640482,-22.183134764894302]]]}},
{"type":"Feature","properties":{"Field":"001","Length":235.18439577811048,"Image":"/home/ubuntu/bemagro/data/image/Orthomosaico.tif","Farm":"data"},"geometry":{"type":"MultiLineString","coordinates":[[[-51.053163924453315,-22.183412300196693],[-51.053138991415445,-22.18335123640389],[-51.053115914787824,-22.183282230934019],[-51.053105591172041,-22.183247396002436],[-51.053096317416923,-22.183212305856639],[-51.05308626688101,-22.183168114504809],[-51.053080188973723,-22.183134743367148]]]}},
{"type":"Feature","properties":{"Field":"001","Length":235.18439577811048,"Image":"/home/ubuntu/bemagro/data/image/Orthomosaico.tif","Farm":"data"},"geometry":{"type":"MultiLineString","coordinates":[[[-51.053153125244705,-22.183412284950496],[-51.053120534264941,-22.183328321019196],[-51.053099122772828,-22.183258851537907],[-51.053080630189854,-22.183188658680578],[-51.053070428648823,-22.183134740869018]]]}},
{"type":"Feature","properties":{"Field":"001","Length":235.18439577811048,"Image":"/home/ubuntu/bemagro/data/image/Orthomosaico.tif","Farm":"data"},"geometry":{"type":"MultiLineString","coordinates":[[[-51.053138692697246,-22.183412264574798],[-51.053125517197799,-22.183380605254747],[-51.053106924568858,-22.183329239227589],[-51.053087481215805,-22.183268646671497],[-51.053071336992971,-22.183207219519893],[-51.053055682648015,-22.183136430383477],[-51.053055386811849,-22.183134737019095]]]}},
{"type":"Feature","properties":{"Field":"001","Length":235.18439577811048,"Image":"/home/ubuntu/bemagro/data/image/Orthomosaico.tif","Farm":"data"},"geometry":{"type":"MultiLineString","coordinates":[[[-51.053128378268568,-22.183412250013006],[-51.053103538859212,-22.183349394054069],[-51.053080927557431,-22.183280255105441],[-51.053057810428626,-22.183192514350281],[-51.053048231397376,-22.183148232262777],[-51.053045873084166,-22.183134734584083]]]}},
{"type":"Feature","properties":{"Field":"001","Length":235.18439577811048,"Image":"/home/ubuntu/bemagro/data/image/Orthomosaico.tif","Farm":"data"},"geometry":{"type":"MultiLineString","coordinates":[[[-51.053113065166713,-22.18341222839415],[-51.053105512533918,-22.183394045376197],[-51.053078201722862,-22.183316816915625],[-51.053066947303229,-22.183282232941522],[-51.053047256155878,-22.183212323415059],[-51.053032178238226,-22.183141425831078],[-51.053031199179919,-22.183134730828332]]]}},
{"type":"Feature","properties":{"Field":"001","Length":235.18439577811048,"Image":"/home/ubuntu/bemagro/data/image/Orthomosaico.tif","Farm":"data"},"geometry":{"type":"MultiLineString","coordinates":[[[-51.053102406357262,-22.18341221334617],[-51.053089363970493,-22.183378706863277],[-51.053071756005018,-22.183327040757096],[-51.053047777560515,-22.18324885839672],[-51.053040933662089,-22.183222515465307],[-51.053026881724229,-22.183160643871531],[-51.053022406189754,-22.183134728577787]]]}},
{"type":"Feature","properties":{"Field":"001","Length":235.18439577811048,"Image":"/home/ubuntu/bemagro/data/image/Orthomosaico.tif","Farm":"data"},"geometry":{"type":"MultiLineString","coordinates":[[[-51.053008838929088,-22.18313472510528],[-51.053013540986647,-22.183162259684472],[-51.053020702252738,-22.183197776289379],[-51.053022645759413,-22.183206627470977],[-51.053036426777524,-22.183259292081058],[-51.053043732185991,-22.183285526801285],[-51.053046386792218,-22.183294216296989],[-51.053055480745478,-22.183319961874044],[-51.053069598646296,-22.183363177690147],[-51.053072542617421,-22.183371785951373],[-51.053075750475223,-22.183380312033332],[-51.053085647584247,-22.183405799111409],[-51.053088429315714,-22.183412193613549]]]}},
{"type":"Feature","properties":{"Field":"001","Length":235.18439577811048,"Image":"/home/ubuntu/bemagro/data/image/Orthomosaico.tif","Farm":"data"},"geometry":{"type":"MultiLineString","coordinates":[[[-51.053078854772735,-22.183412180096322],[-51.05307694861056,-22.183407708678448],[-51.053064194230551,-22.183373579318662],[-51.053038067934935,-22.183295996258263],[-51.053022579375401,-22.183243744750747],[-51.053012076339932,-22.183199644805473],[-51.052999727197168,-22.183137458932226],[-51.052999298288853,-22.183134722663375]]]}},
{"type":"Feature","properties":{"Field":"001","Length":235.18439577811048,"Image":"/home/ubuntu/bemagro/data/image/Orthomosaico.tif","Farm":"data"},"geometry":{"type":"MultiLineString","coordinates":[[[-51.053064683622402,-22.183412160089659],[-51.053056193733539,-22.183390785418595],[-51.053044081563144,-22.183356453702078],[-51.053021527675291,-22.183287298482547],[-51.053013869039475,-22.183261150797737],[-51.053002629634733,-22.183217208546726],[-51.052991496725625,-22.183164003240222],[-51.052986087667236,-22.183134719282151]]]}},
{"type":"Feature","properties":{"Field":"001","Length":235.18439577811048,"Image":"/home/ubuntu/bemagro/data/image/Orthomosaico.tif","Farm":"data"},"geometry":{"type":"MultiLineString","coordinates":[[[-51.053053987684422,-22.183412144989259],[-51.053050410794071,-22.183403567695976],[-51.05304711001763,-22.183395072432297],[-51.053012528385686,-22.183291554569024],[-51.053009836378408,-22.183282875059664],[-51.053000675127045,-22.183247759741715],[-51.052980690456977,-22.183159354144625],[-51.052978844951504,-22.1831504847876],[-51.052976113615898,-22.183134716729317]]]}},
{"type":"Feature","properties":{"Field":"001","Length":235.18439577811048,"Image":"/home/ubuntu/bemagro/data/image/Orthomosaico.tif","Farm":"data"},"geometry":{"type":"MultiLineString","coordinates":[[[-51.053039321933625,-22.183412124284327],[-51.053030578291342,-22.183390275189325],[-51.053007801503981,-22.183321183363326],[-51.052987202969653,-22.183251500997454],[-51.052978222248164,-22.183216344801647],[-51.052966695959995,-22.183163212202242],[-51.052961435039634,-22.183134712972372]]]}},
{"type":"Feature","properties":{"Field":"001","Length":235.18439577811048,"Image":"/home/ubuntu/bemagro/data/image/Orthomosaico.tif","Farm":"data"},"geometry":{"type":"MultiLineString","coordinates":[[[-51.05302881444694,-22.183412109449982],[-51.053028481538107,-22.183411295276606],[-51.053012947921026,-22.183368502775462],[-51.053001595233702,-22.183333946687622],[-51.052991214394922,-22.183299126523245],[-51.052969886077236,-22.183220280976119],[-51.052960007039289,-22.183176056104266],[-51.052951703636332,-22.183134710481642]]]}},
{"type":"Feature","properties":{"Field":"001","Length":235.18439577811048,"Image":"/home/ubuntu/bemagro/data/image/Orthomosaico.tif","Farm":"data"},"geometry":{"type":"MultiLineString","coordinates":[[[-51.053014050478872,-22.183412088606385],[-51.053003869208105,-22.183386682491594],[-51.0529753134375,-22.183300342432137],[-51.052950254037604,-22.183203744090235],[-51.052937561171888,-22.183141618393893],[-51.052936443820968,-22.183134706575927]]]}},
{"type":"Feature","properties":{"Field":"001","Length":235.18439577811048,"Image":"/home/ubuntu/bemagro/data/image/Orthomosaico.tif","Farm":"data"},"geometry":{"type":"MultiLineString","coordinates":[[[-51.052927851873051,-22.18313470437684],[-51.052932400493013,-22.183162787755005],[-51.052941593184308,-22.183207140727788],[-51.052959180926791,-22.183277534741624],[-51.052995358663004,-22.18339004443926],[-51.053003840123019,-22.183412074191526]]]}},
{"type":"Feature","properties":{"Field":"001","Length":235.18439577811048,"Image":"/home/ubuntu/bemagro/data/image/Orthomosaico.tif","Farm":"data"},"geometry":{"type":"MultiLineString","coordinates":[[[-51.052990355638805,-22.183412055154289],[-51.052989222019939,-22.183409184226839],[-51.052956239670458,-22.183314672752235],[-51.052943724046635,-22.183271030737],[-51.052932997142179,-22.183226977517254],[-51.05292098677166,-22.183173937999115],[-51.052913465971102,-22.183134700694804]]]}},
{"type":"Feature","properties":{"Field":"001","Length":235.18439577811048,"Image":"/home/ubuntu/bemagro/data/image/Orthomosaico.tif","Farm":"data"},"geometry":{"type":"MultiLineString","coordinates":[[[-51.052980642616127,-22.18341204144156],[-51.052977941105723,-22.183405083674241],[-51.052974836915567,-22.183396524372334],[-51.052968727492683,-22.183379374915919],[-51.05296586324112,-22.183370743358516],[-51.052943225809528,-22.183301611819399],[-51.052940513674677,-22.183292937747915],[-51.052926575786564,-22.183240308784054],[-51.052924524991177,-22.183231478626066],[-51.052919314736705,-22.18320481346656],[-51.052917434701214,-22.183195950402133],[-51.052907231755214,-22.183151789357314],[-51.052905588483299,-22.183142885567914],[-51.052904294145456,-22.183134698347299]]]}},
{"type":"Feature","properties":{"Field":"001","Length":235.18439577811048,"Image":"/home/ubuntu/bemagro/data/image/Orthomosaico.tif","Farm":"data"},"geometry":{"type":"MultiLineString","coordinates":[[[-51.052964242551106,-22.183412018288141],[-51.052956702678436,-22.183393455430519],[-51.052939686026562,-22.183341617745981],[-51.052923744844868,-22.183289484361644],[-51.05290443598274,-22.183210188657732],[-51.05289340937189,-22.183156964154215],[-51.052889571773356,-22.183134694579142]]]}},
{"type":"Feature","properties":{"Field":"001","Length":235.18439577811048,"Image":"/home/ubuntu/bemagro/data/image/Orthomosaico.tif","Farm":"data"},"geometry":{"type":"MultiLineString","coordinates":[[[-51.052954152380224,-22.183412004042957],[-51.052948451235046,-22.183397144509517],[-51.05292532658865,-22.183328152983393],[-51.05291877170783,-22.183301746372873],[-51.052901653811496,-22.183240548304017],[-51.052884732649744,-22.183160780877465],[-51.052880833821398,-22.183134692342687]]]}},
{"type":"Feature","properties":{"Field":"001","Length":235.18439577811048,"Image":"/home/ubuntu/bemagro/data/image/Orthomosaico.tif","Farm":"data"},"geometry":{"type":"MultiLineString","coordinates":[[[-51.052940075026925,-22.183411984168714],[-51.052910136743748,-22.18332219889718],[-51.052897380865488,-22.183278617259539],[-51.052888441062443,-22.183243452018786],[-51.052873734103528,-22.183172486878515],[-51.05286732792171,-22.183134688885882]]]}},
{"type":"Feature","properties":{"Field":"001","Length":235.18439577811048,"Image":"/home/ubuntu/bemagro/data/image/Orthomosaico.tif","Farm":"data"},"geometry":{"type":"MultiLineString","coordinates":[[[-51.052930423373802,-22.183411970542625],[-51.052930091096258,-22.183411098242519],[-51.052923856233022,-22.183393987989199],[-51.052910014176085,-22.183350694795635],[-51.052884208158304,-22.183263606688151],[-51.0528775091434,-22.183237231471068],[-51.052866161596079,-22.183184065509987],[-51.052858250768125,-22.183134686562607]]]}},
{"type":"Feature","properties":{"Field":"001","Length":235.18439577811048,"Image":"/home/ubuntu/bemagro/data/image/Orthomosaico.tif","Farm":"data"},"geometry":{"type":"MultiLineString","coordinates":[[[-51.05291446442876,-22.183411948011976],[-51.052907374107214,-22.183392654019247],[-51.052886919944164,-22.183332351013441],[-51.052884509879142,-22.183323599922016],[-51.052880092206735,-22.183306005855879],[-51.052872580675761,-22.183279821482209],[-51.05286387243973,-22.183244606353927],[-51.05285491849849,-22.183200211422733],[-51.052850789011281,-22.183182556975524],[-51.052849066824173,-22.183173666131388],[-51.052842221877064,-22.183134682460054]]]}},
{"type":"Feature","properties":{"Field":"001","Length":235.18439577811048,"Image":"/home/ubuntu/bemagro/data/image/Orthomosaico.tif","Farm":"data"},"geometry":{"type":"MultiLineString","coordinates":[[[-51.052904643833287,-22.183411934147376],[-51.052902140297078,-22.183405258171398],[-51.052890231611798,-22.183370864764619],[-51.0528712412628,-22.183310147718984],[-51.05286153704391,-22.183275158685227],[-51.052853356635737,-22.18323983346826],[-51.052842366741125,-22.1831866023781],[-51.052833485621974,-22.183134680224029]]]}},
{"type":"Feature","properties":{"Field":"001","Length":235.18439577811048,"Image":"/home/ubuntu/bemagro/data/image/Orthomosaico.tif","Farm":"data"},"geometry":{"type":"MultiLineString","coordinates":[[[-51.05289089936381,-22.183411914743093],[-51.052874660590149,-22.183366232109407],[-51.052872052141488,-22.183357530497549],[-51.052864823940851,-22.183331276746575],[-51.052848886087098,-22.183279142780826],[-51.05284658498983,-22.183270366284916],[-51.05283381199191,-22.183217481536772],[-51.052826354012993,-22.183182018229143],[-51.052825040090411,-22.183173067125669],[-51.052821826197572,-22.183146129828579],[-51.052820526702092,-22.183137176898146],[-51.052820134200616,-22.183134676806766]]]}},
{"type":"Feature","properties":{"Field":"001","Length":235.18439577811048,"Image":"/home/ubuntu/bemagro/data/image/Orthomosaico.tif","Farm":"data"},"geometry":{"type":"MultiLineString","coordinates":[[[-51.052810014607196,-22.183134674216682],[-51.052818300979069,-22.183183326679625],[-51.052820059264391,-22.183192211393219],[-51.052833451244098,-22.183254209819726],[-51.052835679616351,-22.183263002578251],[-51.052857656625953,-22.183341693499663],[-51.052860348644685,-22.183350373006419],[-51.052880738994787,-22.183411900398806]]]}},
{"type":"Feature","properties":{"Field":"001","Length":235.18439577811048,"Image":"/home/ubuntu/bemagro/data/image/Orthomosaico.tif","Farm":"data"},"geometry":{"type":"MultiLineString","coordinates":[[[-51.052795905440938,-22.183134670605472],[-51.052799409674492,-22.183156897917545],[-51.052805708881458,-22.183192555422352],[-51.05280911515149,-22.183210343079008],[-51.052811070665832,-22.183219191966071],[-51.052821317784456,-22.183263344115655],[-51.052823523599884,-22.183272141804412],[-51.052838490195086,-22.183324524728402],[-51.052841085698127,-22.183333229696782],[-51.052849276819593,-22.183359236946711],[-51.052856612220154,-22.183385463404775],[-51.052859537592639,-22.183394077160191],[-51.052866057391547,-22.183411879671493]]]}},
{"type":"Feature","properties":{"Field":"001","Length":235.18439577811048,"Image":"/home/ubuntu/bemagro/data/image/Orthomosaico.tif","Farm":"data"},"geometry":{"type":"MultiLineString","coordinates":[[[-51.05278688098862,-22.183134668295686],[-51.052787634281728,-22.183140452723109],[-51.052789026206312,-22.183149393594995],[-51.052798094374118,-22.183193768356706],[-51.052802586187923,-22.183220546622479],[-51.052804337830516,-22.183229432474104],[-51.052824855540095,-22.183308464190691],[-51.052834791874822,-22.183343396663783],[-51.052837403295754,-22.183352097502521],[-51.052857270610062,-22.183411867266418]]]}},
{"type":"Feature","properties":{"Field":"001","Length":235.18439577811048,"Image":"/home/ubuntu/bemagro/data/image/Orthomosaico.tif","Farm":"data"},"geometry":{"type":"MultiLineString","coordinates":[[[-51.052773218300352,-22.183134664798757],[-51.052776757096524,-22.183158827082078],[-51.052778181858585,-22.183167763462858],[-51.052787417997742,-22.183212108538651],[-51.052795806828208,-22.183247391046933],[-51.052799253084835,-22.183265172418348],[-51.052801131985568,-22.18327403567454],[-51.052825539672632,-22.183361472746899],[-51.052828112865022,-22.183370183442399],[-51.052842938195163,-22.183411847032083]]]}},
{"type":"Feature","properties":{"Field":"001","Length":235.18439577811048,"Image":"/home/ubuntu/bemagro/data/image/Orthomosaico.tif","Farm":"data"},"geometry":{"type":"MultiLineString","coordinates":[[[-51.052763844984071,-22.183134662399677],[-51.052767467928689,-22.183160486099823],[-51.052777741630933,-22.183213840818503],[-51.052795304743086,-22.183284240398127],[-51.052811897274516,-22.183345563437619],[-51.052834350756036,-22.183411834908437]]]}},
{"type":"Feature","properties":{"Field":"001","Length":235.18439577811048,"Image":"/home/ubuntu/bemagro/data/image/Orthomosaico.tif","Farm":"data"},"geometry":{"type":"MultiLineString","coordinates":[[[-51.052817619667017,-22.183411811287684],[-51.052812600770892,-22.183397750172077],[-51.052798976182181,-22.183354397183994],[-51.052792564281852,-22.183327960141543],[-51.052787365582333,-22.183310552194925],[-51.05277138591719,-22.183249087731625],[-51.052755876440962,-22.183178270940683],[-51.052749156560253,-22.183134658640213]]]}},
{"type":"Feature","properties":{"Field":"001","Length":235.18439577811048,"Image":"/home/ubuntu/bemagro/data/image/Orthomosaico.tif","Farm":"data"},"geometry":{"type":"MultiLineString","coordinates":[[[-51.052807942062003,-22.183411797624956],[-51.052793504030028,-22.183367390563621],[-51.052785981685368,-22.183341208583105],[-51.05276079435874,-22.183244638830658],[-51.052745502377924,-22.183173781025115],[-51.052739328936418,-22.183134656124857]]]}},
{"type":"Feature","properties":{"Field":"001","Length":235.18439577811048,"Image":"/home/ubuntu/bemagro/data/image/Orthomosaico.tif","Farm":"data"},"geometry":{"type":"MultiLineString","coordinates":[[[-51.052793447238528,-22.183411777161336],[-51.052785448074054,-22.183388836041473],[-51.052767710417228,-22.183327791248125],[-51.052759060643339,-22.183292563146878],[-51.052748995006439,-22.183257662790279],[-51.05273899682134,-22.183213461138703],[-51.05273020976513,-22.18316903682064],[-51.05272496078522,-22.183134652447361]]]}},
{"type":"Feature","properties":{"Field":"001","Length":235.18439577811048,"Image":"/home/ubuntu/bemagro/data/image/Orthomosaico.tif","Farm":"data"},"geometry":{"type":"MultiLineString","coordinates":[[[-51.052783811887885,-22.183411763558261],[-51.052769796463551,-22.183368836471047],[-51.052752877916816,-22.183307590336703],[-51.052746925548369,-22.183281060252675],[-51.052734711849318,-22.183237344107582],[-51.052721798450747,-22.183175257681935],[-51.052715790696702,-22.1831346501003]]]}},
{"type":"Feature","properties":{"Field":"001","Length":235.18439577811048,"Image":"/home/ubuntu/bemagro/data/image/Orthomosaico.tif","Farm":"data"},"geometry":{"type":"MultiLineString","coordinates":[[[-51.052777529939235,-22.188878539252471],[-51.052765865578962,-22.188859997991663],[-51.052745423606979,-22.188829281755844],[-51.052708173658303,-22.188776405330433],[-51.052664428817046,-22.188716706432746],[-51.052624503283482,-22.188665551532502],[-51.052595159122816,-22.188629583976724],[-51.052574899184606,-22.188605737181039]]]}},
{"type":"Feature","properties":{"Field":"001","Length":235.18439577811048,"Image":"/home/ubuntu/bemagro/data/image/Orthomosaico.tif","Farm":"data"},"geometry":{"type":"MultiLineString","coordinates":[[[-51.05277741317672,-22.188859888474266],[-51.052756656103114,-22.188827442370446],[-51.052730493513714,-22.188789405119127],[-51.05269192542417,-22.188737354780901],[-51.052646413744895,-22.188678812650917],[-51.052605692943928,-22.188628204373746],[-51.052586590577519,-22.188605753776567]]]}},
{"type":"Feature","properties":{"Field":"001","Length":235.18439577811048,"Image":"/home/ubuntu/bemagro/data/image/Orthomosaico.tif","Farm":"data"},"geometry":{"type":"MultiLineString","coordinates":[[[-51.052777282559305,-22.188839024616176],[-51.052717038321369,-22.188750345629309],[-51.052701151735967,-22.188727637012047],[-51.052667519539519,-22.188683395987923],[-51.052604503487814,-22.188605779203321]]]}},
{"type":"Feature","properties":{"Field":"001","Length":235.18439577811048,"Image":"/home/ubuntu/bemagro/data/image/Orthomosaico.tif","Farm":"data"},"geometry":{"type":"MultiLineString","coordinates":[[[-51.052777175032126,-22.188821849022229],[-51.052711368368975,-22.18872634065897],[-51.052683763542824,-22.188689198018491],[-51.052643645974442,-22.188638173594981],[-51.052616869188576,-22.188605796756004]]]}},
{"type":"Feature","properties":{"Field":"001","Length":235.18439577811048,"Image":"/home/ubuntu/bemagro/data/image/Orthomosaico.tif","Farm":"data"},"geometry":{"type":"MultiLineString","coordinates":[[[-51.052777016689838,-22.188796556599172],[-51.052769249256265,-22.188784909622491],[-51.052737572047903,-22.18873943428423],[-51.052670065050663,-22.188651112630108],[-51.052633222654833,-22.188605819969183]]]}},
{"type":"Feature","properties":{"Field":"001","Length":235.18439577811048,"Image":"/home/ubuntu/bemagro/data/image/Orthomosaico.tif","Farm":"data"},"geometry":{"type":"MultiLineString","coordinates":[[[-51.052644919346669,-22.188605836572233],[-51.0526904707244,-22.188662160955612],[-51.052701840715308,-22.188676800937522],[-51.052746087449997,-22.188736178157839],[-51.05275686384855,-22.188751202590293],[-51.052776915581205,-22.188780406256239]]]}},
{"type":"Feature","properties":{"Field":"001","Length":235.18439577811048,"Image":"/home/ubuntu/bemagro/data/image/Orthomosaico.tif","Farm":"data"},"geometry":{"type":"MultiLineString","coordinates":[[[-51.052776770368588,-22.188757211068502],[-51.052718592706448,-22.188678059123298],[-51.052666989657595,-22.188612472204067],[-51.052661576034197,-22.188605860215823]]]}},
{"type":"Feature","properties":{"Field":"001","Length":235.18439577811048,"Image":"/home/ubuntu/bemagro/data/image/Orthomosaico.tif","Farm":"data"},"geometry":{"type":"MultiLineString","coordinates":[[[-51.052776675411067,-22.188742043259147],[-51.052772368047279,-22.188736322867378],[-51.05274583242899,-22.188698510612799],[-51.052724108899476,-22.188669663784086],[-51.052672651840012,-22.188605875937544]]]}},
{"type":"Feature","properties":{"Field":"001","Length":235.18439577811048,"Image":"/home/ubuntu/bemagro/data/image/Orthomosaico.tif","Farm":"data"},"geometry":{"type":"MultiLineString","coordinates":[[[-51.052776511804353,-22.188715909935357],[-51.052723589512318,-22.1886442542447],[-51.052692364438343,-22.188605903918894]]]}},
{"type":"Feature","properties":{"Field":"001","Length":235.18439577811048,"Image":"/home/ubuntu/bemagro/data/image/Orthomosaico.tif","Farm":"data"},"geometry":{"type":"MultiLineString","coordinates":[[[-51.052776412063011,-22.188699977993178],[-51.052772863322986,-22.188694946411271],[-51.052733634647083,-22.188643326125735],[-51.052703904153006,-22.188605920299121]]]}},
{"type":"Feature","properties":{"Field":"001","Length":235.18439577811048,"Image":"/home/ubuntu/bemagro/data/image/Orthomosaico.tif","Farm":"data"},"geometry":{"type":"MultiLineString","coordinates":[[[-51.05277628824534,-22.188680200275908],[-51.052747169145277,-22.188642511174532],[-51.052725259995114,-22.188612685108463],[-51.052719908715467,-22.188605943017041]]]}},
{"type":"Feature","properties":{"Field":"001","Length":235.18439577811048,"Image":"/home/ubuntu/bemagro/data/image/Orthomosaico.tif","Farm":"data"},"geometry":{"type":"MultiLineString","coordinates":[[[-51.052776181089293,-22.188663083963885],[-51.052759572383671,-22.188640879885241],[-51.052731989943553,-22.188605960165926]]]}},
{"type":"Feature","properties":{"Field":"001","Length":235.18439577811048,"Image":"/home/ubuntu/bemagro/data/image/Orthomosaico.tif","Farm":"data"},"geometry":{"type":"MultiLineString","coordinates":[[[-51.052776038769885,-22.188640350916874],[-51.052749734689819,-22.188605985353977]]]}},
{"type":"Feature","properties":{"Field":"001","Length":235.18439577811048,"Image":"/home/ubuntu/bemagro/data/image/Orthomosaico.tif","Farm":"data"},"geometry":{"type":"MultiLineString","coordinates":[[[-51.052775935640391,-22.188623877775868],[-51.052762027236483,-22.188606002802821]]]}},
{"type":"Feature","properties":{"Field":"001","Length":235.18439577811048,"Image":"/home/ubuntu/bemagro/data/image/Orthomosaico.tif","Farm":"data"},"geometry":{"type":"MultiLineString","coordinates":[[[-51.052771032318361,-22.183411745516217],[-51.052749255937535,-22.183349246290877],[-51.0527305678253,-22.183288447959349],[-51.052718933284019,-22.18324459500268],[-51.052700052292799,-22.183134646072094]]]}},
{"type":"Feature","properties":{"Field":"001","Length":235.18439577811048,"Image":"/home/ubuntu/bemagro/data/image/Orthomosaico.tif","Farm":"data"},"geometry":{"type":"MultiLineString","coordinates":[[[-51.052763331137498,-22.188882973674236],[-51.05275992174554,-22.188877564098625],[-51.052718929267542,-22.1888161944314],[-51.052681068059172,-22.188763695944019],[-51.05262988349012,-22.188697825256728],[-51.052617960079829,-22.188683571438737],[-51.052601371842606,-22.188661302320835],[-51.052554920878187,-22.188605708822529]]]}},
{"type":"Feature","properties":{"Field":"001","Length":235.18439577811048,"Image":"/home/ubuntu/bemagro/data/image/Orthomosaico.tif","Farm":"data"},"geometry":{"type":"MultiLineString","coordinates":[[[-51.052760915914732,-22.183411731233996],[-51.05272997067604,-22.18331909602416],[-51.052711410340656,-22.183248918672106],[-51.052693092881242,-22.183151015902745],[-51.052690957247428,-22.183134643744239]]]}},
{"type":"Feature","properties":{"Field":"001","Length":235.18439577811048,"Image":"/home/ubuntu/bemagro/data/image/Orthomosaico.tif","Farm":"data"},"geometry":{"type":"MultiLineString","coordinates":[[[-51.052751826004098,-22.188882990709839],[-51.052735020956057,-22.188855934907458],[-51.052698420416121,-22.188802666603262],[-51.052654405569726,-22.188743140074962],[-51.052561481763483,-22.188627357842773],[-51.052542790500752,-22.188605691603875]]]}},
{"type":"Feature","properties":{"Field":"001","Length":235.18439577811048,"Image":"/home/ubuntu/bemagro/data/image/Orthomosaico.tif","Farm":"data"},"geometry":{"type":"MultiLineString","coordinates":[[[-51.052744030693759,-22.183411707395642],[-51.052740446404968,-22.183401502989799],[-51.052737527757159,-22.183392887252321],[-51.052729283976461,-22.183366894362251],[-51.052726673202208,-22.183358193355605],[-51.05271728652523,-22.183323129604432],[-51.052698266159759,-22.183243773444449],[-51.052696242911679,-22.183234937775318],[-51.052685047254407,-22.183181743890394],[-51.052683306326863,-22.183172856212849],[-51.052678740364655,-22.183146088805245],[-51.052677451827947,-22.183137134502442],[-51.05267720730285,-22.183134640224974]]]}},
{"type":"Feature","properties":{"Field":"001","Length":235.18439577811048,"Image":"/home/ubuntu/bemagro/data/image/Orthomosaico.tif","Farm":"data"},"geometry":{"type":"MultiLineString","coordinates":[[[-51.052736475253617,-22.188883013439632],[-51.052715551227877,-22.188850475307717],[-51.052704452692112,-22.188835654871049],[-51.052679245665054,-22.188797062046888],[-51.052657669531293,-22.188767026153599],[-51.052600671580912,-22.188693921648561],[-51.052559732404468,-22.188643466404454],[-51.052526978927936,-22.188605669159898]]]}},
{"type":"Feature","properties":{"Field":"001","Length":235.18439577811048,"Image":"/home/ubuntu/bemagro/data/image/Orthomosaico.tif","Farm":"data"},"geometry":{"type":"MultiLineString","coordinates":[[[-51.052733729828397,-22.183411692852999],[-51.052729924861659,-22.183400903672954],[-51.052721504266756,-22.183374959993039],[-51.052711709799041,-22.183339992779018],[-51.052686623613404,-22.183234127863319],[-51.052677168601953,-22.183189822660186],[-51.052672333691646,-22.183163096249991],[-51.052668412088401,-22.183134637973861]]]}},
{"type":"Feature","properties":{"Field":"001","Length":235.18439577811048,"Image":"/home/ubuntu/bemagro/data/image/Orthomosaico.tif","Farm":"data"},"geometry":{"type":"MultiLineString","coordinates":[[[-51.052725634541815,-22.188883029491432],[-51.052695026634268,-22.188836475679587],[-51.052635183924075,-22.18875419596537],[-51.052560088029296,-22.188659842419643],[-51.052518695966434,-22.188609708738756],[-51.052515219852481,-22.188605652468297]]]}},
{"type":"Feature","properties":{"Field":"001","Length":235.18439577811048,"Image":"/home/ubuntu/bemagro/data/image/Orthomosaico.tif","Farm":"data"},"geometry":{"type":"MultiLineString","coordinates":[[[-51.052654993081561,-22.1831346345393],[-51.052658158000831,-22.183159042825782],[-51.052675762538783,-22.183247883717904],[-51.052700105880696,-22.183344639591471],[-51.052710200172079,-22.183379532061505],[-51.052720393221264,-22.183411674024537]]]}},
{"type":"Feature","properties":{"Field":"001","Length":235.18439577811048,"Image":"/home/ubuntu/bemagro/data/image/Orthomosaico.tif","Farm":"data"},"geometry":{"type":"MultiLineString","coordinates":[[[-51.052711594487612,-22.183411661602587],[-51.052709085548344,-22.183403815273756],[-51.052703113876262,-22.183386624164726],[-51.052692254608417,-22.1833519307831],[-51.052689750791053,-22.183343202552557],[-51.052670649492036,-22.183263863255526],[-51.052668655876666,-22.183255021745744],[-51.05265103450904,-22.183166181228192],[-51.052649455749957,-22.183157267319618],[-51.052646325678516,-22.1831346323209]]]}},
{"type":"Feature","properties":{"Field":"001","Length":235.18439577811048,"Image":"/home/ubuntu/bemagro/data/image/Orthomosaico.tif","Farm":"data"},"geometry":{"type":"MultiLineString","coordinates":[[[-51.052497111686087,-22.188605626764382],[-51.052563761303901,-22.188685628112545],[-51.052615123851403,-22.188751378510961],[-51.052659149421309,-22.188810898055095],[-51.052708875615146,-22.188883054306306]]]}},
{"type":"Feature","properties":{"Field":"001","Length":235.18439577811048,"Image":"/home/ubuntu/bemagro/data/image/Orthomosaico.tif","Farm":"data"},"geometry":{"type":"MultiLineString","coordinates":[[[-51.052697812386938,-22.188883070687584],[-51.052679639824269,-22.188855839504143],[-51.05264192283925,-22.188803251004273],[-51.052608933144398,-22.188758592363907],[-51.05256324873487,-22.188700167032458],[-51.052516377338485,-22.188642562927676],[-51.052483825043943,-22.188605607904456]]]}},
{"type":"Feature","properties":{"Field":"001","Length":235.18439577811048,"Image":"/home/ubuntu/bemagro/data/image/Orthomosaico.tif","Farm":"data"},"geometry":{"type":"MultiLineString","coordinates":[[[-51.052697197087433,-22.183411641276511],[-51.05268934472921,-22.183387761658949],[-51.052686665719811,-22.183379078661385],[-51.052665394643867,-22.183300219656381],[-51.052663167255545,-22.183291426681528],[-51.052655373246473,-22.183256025882969],[-51.052641708509157,-22.183188602781595]]]}},
{"type":"Feature","properties":{"Field":"001","Length":235.18439577811048,"Image":"/home/ubuntu/bemagro/data/image/Orthomosaico.tif","Farm":"data"},"geometry":{"type":"MultiLineString","coordinates":[[[-51.052641610470005,-22.183238062678363],[-51.052653898336658,-22.183294834059691],[-51.052664996243465,-22.183338807047463],[-51.052682455211361,-22.183399921481698],[-51.05268506540154,-22.18340862264035],[-51.052686055947383,-22.183411625547578]]]}},
{"type":"Feature","properties":{"Field":"001","Length":235.18439577811048,"Image":"/home/ubuntu/bemagro/data/image/Orthomosaico.tif","Farm":"data"},"geometry":{"type":"MultiLineString","coordinates":[[[-51.052466884525913,-22.188605583857978],[-51.052498253193946,-22.188641136707762],[-51.052504309791743,-22.188648193939873],[-51.052551699273216,-22.188705429223578],[-51.052557509564082,-22.188712663835744],[-51.052614136927737,-22.188786017704704],[-51.052619687549146,-22.18879342704216],[-51.052646712449018,-22.188830937761818],[-51.05265199415004,-22.188838515676956],[-51.052681692800007,-22.188883094555791]]]}},
{"type":"Feature","properties":{"Field":"001","Length":235.18439577811048,"Image":"/home/ubuntu/bemagro/data/image/Orthomosaico.tif","Farm":"data"},"geometry":{"type":"MultiLineString","coordinates":[[[-51.052671939745437,-22.183411605618492],[-51.052661070655724,-22.183377525495764],[-51.05265860622341,-22.183368787553871],[-51.052649326311418,-22.183333698832591],[-51.052641489067035,-22.183299309416562]]]}},
{"type":"Feature","properties":{"Field":"001","Length":235.18439577811048,"Image":"/home/ubuntu/bemagro/data/image/Orthomosaico.tif","Farm":"data"},"geometry":{"type":"MultiLineString","coordinates":[[[-51.052453684975454,-22.188605565121673],[-51.052485880815269,-22.188641716856928],[-51.052539441383047,-22.188705928057491],[-51.052597019637282,-22.188778636677757],[-51.052629751273074,-22.188823459546729],[-51.052655980070845,-22.188861456958673],[-51.052669919727535,-22.18888311198813]]]}},
{"type":"Feature","properties":{"Field":"001","Length":235.18439577811048,"Image":"/home/ubuntu/bemagro/data/image/Orthomosaico.tif","Farm":"data"},"geometry":{"type":"MultiLineString","coordinates":[[[-51.052661391470963,-22.183411590726561],[-51.052648958518212,-22.183369652558191],[-51.052641408457632,-22.183339976155548]]]}},
{"type":"Feature","properties":{"Field":"001","Length":235.18439577811048,"Image":"/home/ubuntu/bemagro/data/image/Orthomosaico.tif","Farm":"data"},"geometry":{"type":"MultiLineString","coordinates":[[[-51.052435926975242,-22.188605539914807],[-51.052463032080261,-22.188635832078358],[-51.052492861805554,-22.188671451521984],[-51.052563007274031,-22.18875797153996],[-51.052607571517996,-22.188817142472899],[-51.052654066311177,-22.18888313546222]]]}},
{"type":"Feature","properties":{"Field":"001","Length":235.18439577811048,"Image":"/home/ubuntu/bemagro/data/image/Orthomosaico.tif","Farm":"data"},"geometry":{"type":"MultiLineString","coordinates":[[[-51.052648814434797,-22.183411572970453],[-51.052642337822149,-22.183391034272606],[-51.052641314362006,-22.183387446575868]]]}},
{"type":"Feature","properties":{"Field":"001","Length":235.18439577811048,"Image":"/home/ubuntu/bemagro/data/image/Orthomosaico.tif","Farm":"data"},"geometry":{"type":"MultiLineString","coordinates":[[[-51.052643070515394,-22.188883151743649],[-51.052592056826391,-22.188810859434504],[-51.052564452340768,-22.188773716640391],[-51.052529890840852,-22.188730101341356],[-51.052471079204636,-22.18865825365144],[-51.052424193096869,-22.188605523258975]]]}},
{"type":"Feature","properties":{"Field":"001","Length":235.18439577811048,"Image":"/home/ubuntu/bemagro/data/image/Orthomosaico.tif","Farm":"data"},"geometry":{"type":"MultiLineString","coordinates":[[[-51.052628298706964,-22.188883173616208],[-51.052626527491086,-22.188880420136066],[-51.052594125329087,-22.188835389956697],[-51.052560469208771,-22.188791164698365],[-51.052479528946314,-22.188689599920092],[-51.052437486972373,-22.188639937432399],[-51.052406803219569,-22.188605498574645]]]}},
{"type":"Feature","properties":{"Field":"001","Length":235.18439577811048,"Image":"/home/ubuntu/bemagro/data/image/Orthomosaico.tif","Farm":"data"},"geometry":{"type":"MultiLineString","coordinates":[[[-51.052394449968425,-22.188605481039634],[-51.052432128438809,-22.188647571420432],[-51.052474093992586,-22.188697289564004],[-51.052485895478739,-22.188711630683787],[-51.052561077964668,-22.18880592406855],[-51.052566558673455,-22.188813378408696],[-51.0526160606559,-22.188883191737041]]]}},
{"type":"Feature","properties":{"Field":"001","Length":235.18439577811048,"Image":"/home/ubuntu/bemagro/data/image/Orthomosaico.tif","Farm":"data"},"geometry":{"type":"MultiLineString","coordinates":[[[-51.052598804906971,-22.188883217287557],[-51.052573131331748,-22.188846564927324],[-51.052529317754228,-22.188786910072317],[-51.052488936103337,-22.188736066763418],[-51.052430010268139,-22.188665440909965],[-51.052376189484058,-22.188605455119511]]]}},
{"type":"Feature","properties":{"Field":"001","Length":235.18439577811048,"Image":"/home/ubuntu/bemagro/data/image/Orthomosaico.tif","Farm":"data"},"geometry":{"type":"MultiLineString","coordinates":[[[-51.052587998409727,-22.188883233288696],[-51.052569299018657,-22.188855769591065],[-51.052542019902155,-22.188818419554849],[-51.052484660626511,-22.18874556111383],[-51.052472938636569,-22.188731163965738],[-51.0524128060569,-22.188660271104958],[-51.052369011404082,-22.188611940680261],[-51.052363189939044,-22.188605436667107]]]}},
{"type":"Feature","properties":{"Field":"001","Length":235.18439577811048,"Image":"/home/ubuntu/bemagro/data/image/Orthomosaico.tif","Farm":"data"},"geometry":{"type":"MultiLineString","coordinates":[[[-51.052572453997691,-22.188883256305242],[-51.052554466593485,-22.188857629913702],[-51.052510055388275,-22.188798359256676],[-51.05242799099296,-22.188697579896711],[-51.052378849887539,-22.188641640395815],[-51.052344746476948,-22.188605410487252]]]}},
{"type":"Feature","properties":{"Field":"001","Length":235.18439577811048,"Image":"/home/ubuntu/bemagro/data/image/Orthomosaico.tif","Farm":"data"},"geometry":{"type":"MultiLineString","coordinates":[[[-51.052560645442938,-22.188883273790122],[-51.052530770827381,-22.188841068948594],[-51.052530592449358,-22.188840821272439]]]}},
{"type":"Feature","properties":{"Field":"001","Length":235.18439577811048,"Image":"/home/ubuntu/bemagro/data/image/Orthomosaico.tif","Farm":"data"},"geometry":{"type":"MultiLineString","coordinates":[[[-51.052560635375364,-22.188883273805029],[-51.052530592449358,-22.188840821272439]]]}},
{"type":"Feature","properties":{"Field":"001","Length":235.18439577811048,"Image":"/home/ubuntu/bemagro/data/image/Orthomosaico.tif","Farm":"data"},"geometry":{"type":"MultiLineString","coordinates":[[[-51.052542147315798,-22.188883301180223],[-51.052510796277687,-22.188839361349586],[-51.052488506020616,-22.188809781209571],[-51.052436201994155,-22.188744677646266],[-51.05237580256383,-22.188673981625367],[-51.052344709702275,-22.188639311761111],[-51.0523115062689,-22.188605363303928]]]}},
{"type":"Feature","properties":{"Field":"001","Length":235.18439577811048,"Image":"/home/ubuntu/bemagro/data/image/Orthomosaico.tif","Farm":"data"},"geometry":{"type":"MultiLineString","coordinates":[[[-51.052530644011277,-22.188883318213119],[-51.052505852938474,-22.188848110849417],[-51.052489254996964,-22.188825847881322],[-51.052460132317663,-22.188789724512304],[-51.052443331240831,-22.18876759409715],[-51.052407829482185,-22.188724638670465],[-51.052339869153684,-22.188648021435618],[-51.052298946252279,-22.18860534547542]]]}},
{"type":"Feature","properties":{"Field":"001","Length":235.18439577811048,"Image":"/home/ubuntu/bemagro/data/image/Orthomosaico.tif","Farm":"data"},"geometry":{"type":"MultiLineString","coordinates":[[[-51.052530592449358,-22.188840821272439],[-51.052525370186707,-22.188833570211472]]]}},
{"type":"Feature","properties":{"Field":"001","Length":235.18439577811048,"Image":"/home/ubuntu/bemagro/data/image/Orthomosaico.tif","Farm":"data"},"geometry":{"type":"MultiLineString","coordinates":[[[-51.052530592449358,-22.188840821272439],[-51.05252785011858,-22.188836946187614],[-51.052525370186707,-22.188833570211472]]]}},
{"type":"Feature","properties":{"Field":"001","Length":235.18439577811048,"Image":"/home/ubuntu/bemagro/data/image/Orthomosaico.tif","Farm":"data"},"geometry":{"type":"MultiLineString","coordinates":[[[-51.052525370186707,-22.188833570211472],[-51.052525365107897,-22.188833563297592]]]}},
{"type":"Feature","properties":{"Field":"001","Length":235.18439577811048,"Image":"/home/ubuntu/bemagro/data/image/Orthomosaico.tif","Farm":"data"},"geometry":{"type":"MultiLineString","coordinates":[[[-51.052525370186707,-22.188833570211472],[-51.05252536730687,-22.188833566212843],[-51.052525365107897,-22.188833563297592]]]}},
{"type":"Feature","properties":{"Field":"001","Length":235.18439577811048,"Image":"/home/ubuntu/bemagro/data/image/Orthomosaico.tif","Farm":"data"},"geometry":{"type":"MultiLineString","coordinates":[[[-51.052525365107897,-22.188833563297592],[-51.052520267183027,-22.188826804812408]]]}},
{"type":"Feature","properties":{"Field":"001","Length":235.18439577811048,"Image":"/home/ubuntu/bemagro/data/image/Orthomosaico.tif","Farm":"data"},"geometry":{"type":"MultiLineString","coordinates":[[[-51.052525365107897,-22.188833563297592],[-51.052522372735602,-22.188829489727024],[-51.052520267183027,-22.188826804812408]]]}},
{"type":"Feature","properties":{"Field":"001","Length":235.18439577811048,"Image":"/home/ubuntu/bemagro/data/image/Orthomosaico.tif","Farm":"data"},"geometry":{"type":"MultiLineString","coordinates":[[[-51.052520267183027,-22.188826804812408],[-51.052508005074884,-22.18881116867307]]]}},
{"type":"Feature","properties":{"Field":"001","Length":235.18439577811048,"Image":"/home/ubuntu/bemagro/data/image/Orthomosaico.tif","Farm":"data"},"geometry":{"type":"MultiLineString","coordinates":[[[-51.052520267183027,-22.188826804812408],[-51.052519791487235,-22.188826174166984],[-51.052508005074884,-22.18881116867307]]]}},
{"type":"Feature","properties":{"Field":"001","Length":235.18439577811048,"Image":"/home/ubuntu/bemagro/data/image/Orthomosaico.tif","Farm":"data"},"geometry":{"type":"MultiLineString","coordinates":[[[-51.052513134422348,-22.188883344139498],[-51.052495438433937,-22.18885822243632],[-51.052421611514688,-22.188763004199171],[-51.052403605433945,-22.188741711529335],[-51.052386565810387,-22.188719739873225],[-51.052355498427524,-22.188685050157574],[-51.05228109141764,-22.188605320131099]]]}},
{"type":"Feature","properties":{"Field":"001","Length":235.18439577811048,"Image":"/home/ubuntu/bemagro/data/image/Orthomosaico.tif","Farm":"data"},"geometry":{"type":"MultiLineString","coordinates":[[[-51.052508005074884,-22.18881116867307],[-51.052469423901485,-22.188762050286115]]]}},
{"type":"Feature","properties":{"Field":"001","Length":235.18439577811048,"Image":"/home/ubuntu/bemagro/data/image/Orthomosaico.tif","Farm":"data"},"geometry":{"type":"MultiLineString","coordinates":[[[-51.052508005074884,-22.18881116867307],[-51.052470879692386,-22.188763827902076],[-51.052469423901485,-22.188762050286115]]]}},
{"type":"Feature","properties":{"Field":"001","Length":235.18439577811048,"Image":"/home/ubuntu/bemagro/data/image/Orthomosaico.tif","Farm":"data"},"geometry":{"type":"MultiLineString","coordinates":[[[-51.052502126283606,-22.188883360439203],[-51.052501182665942,-22.188881993587962],[-51.052451228044696,-22.188815308948726],[-51.052399575674798,-22.188749755695458],[-51.052344503917496,-22.188686662825344],[-51.052338114254923,-22.188679865091611],[-51.052267587967506,-22.18860530096342]]]}},
{"type":"Feature","properties":{"Field":"001","Length":235.18439577811048,"Image":"/home/ubuntu/bemagro/data/image/Orthomosaico.tif","Farm":"data"},"geometry":{"type":"MultiLineString","coordinates":[[[-51.052485692129338,-22.188883384773188],[-51.05245871403433,-22.188846519941048],[-51.052402694573871,-22.188773871737585],[-51.052347490089026,-22.188709718772934],[-51.0522908158623,-22.188647868941761],[-51.052252838045732,-22.188607872671319]]]}},
{"type":"Feature","properties":{"Field":"001","Length":235.18439577811048,"Image":"/home/ubuntu/bemagro/data/image/Orthomosaico.tif","Farm":"data"},"geometry":{"type":"MultiLineString","coordinates":[[[-51.052474198103987,-22.188883401792346],[-51.052469965686029,-22.188877453466556],[-51.05244258590551,-22.18884126640425],[-51.052396532355814,-22.188783093021282],[-51.052390154063836,-22.188775126137546],[-51.052336791069486,-22.188711917659084],[-51.052285930672518,-22.188656137120642],[-51.052252858937408,-22.188621431712679]]]}},
{"type":"Feature","properties":{"Field":"001","Length":235.18439577811048,"Image":"/home/ubuntu/bemagro/data/image/Orthomosaico.tif","Farm":"data"},"geometry":{"type":"MultiLineString","coordinates":[[[-51.052469423901485,-22.188762050286115],[-51.052463054658546,-22.188754273023694]]]}},
{"type":"Feature","properties":{"Field":"001","Length":235.18439577811048,"Image":"/home/ubuntu/bemagro/data/image/Orthomosaico.tif","Farm":"data"},"geometry":{"type":"MultiLineString","coordinates":[[[-51.052469423901485,-22.188762050286115],[-51.052468244782006,-22.188760549127867],[-51.052463054658546,-22.188754273023694]]]}},
{"type":"Feature","properties":{"Field":"001","Length":235.18439577811048,"Image":"/home/ubuntu/bemagro/data/image/Orthomosaico.tif","Farm":"data"},"geometry":{"type":"MultiLineString","coordinates":[[[-51.052463054658546,-22.188754273023694],[-51.052456415169431,-22.188746244288797]]]}},
{"type":"Feature","properties":{"Field":"001","Length":235.18439577811048,"Image":"/home/ubuntu/bemagro/data/image/Orthomosaico.tif","Farm":"data"},"geometry":{"type":"MultiLineString","coordinates":[[[-51.052463054658546,-22.188754273023694],[-51.052459114237571,-22.188749461511826],[-51.052456415169431,-22.188746244288797]]]}},
{"type":"Feature","properties":{"Field":"001","Length":235.18439577811048,"Image":"/home/ubuntu/bemagro/data/image/Orthomosaico.tif","Farm":"data"},"geometry":{"type":"MultiLineString","coordinates":[[[-51.052458328241819,-22.188883425290786],[-51.052449764409523,-22.188871257517842],[-51.052393465511088,-22.188797684746596],[-51.052345807102689,-22.188740643528231],[-51.052302406083058,-22.188692005625814],[-51.052264250563844,-22.188651071126809],[-51.052252886419076,-22.188639267762639]]]}},
{"type":"Feature","properties":{"Field":"001","Length":235.18439577811048,"Image":"/home/ubuntu/bemagro/data/image/Orthomosaico.tif","Farm":"data"},"geometry":{"type":"MultiLineString","coordinates":[[[-51.052456415169431,-22.188746244288797],[-51.052408592299976,-22.188689240601231]]]}},
{"type":"Feature","properties":{"Field":"001","Length":235.18439577811048,"Image":"/home/ubuntu/bemagro/data/image/Orthomosaico.tif","Farm":"data"},"geometry":{"type":"MultiLineString","coordinates":[[[-51.052456415169431,-22.188746244288797],[-51.052456406877404,-22.188746234261746],[-51.052408627219798,-22.188689281007047],[-51.052408592299976,-22.188689240601231]]]}},
{"type":"Feature","properties":{"Field":"001","Length":235.18439577811048,"Image":"/home/ubuntu/bemagro/data/image/Orthomosaico.tif","Farm":"data"},"geometry":{"type":"MultiLineString","coordinates":[[[-51.052446165370448,-22.188883443300298],[-51.052427301957337,-22.188857966949648],[-51.052393555936902,-22.188813801314126],[-51.052352134204966,-22.188763688847512],[-51.052309673885858,-22.188714336157467],[-51.052252907555932,-22.188652985925874]]]}},
{"type":"Feature","properties":{"Field":"001","Length":235.18439577811048,"Image":"/home/ubuntu/bemagro/data/image/Orthomosaico.tif","Farm":"data"},"geometry":{"type":"MultiLineString","coordinates":[[[-51.052430918258359,-22.188883465876636],[-51.052418583470015,-22.188866221320509],[-51.05238436811247,-22.188822369820368],[-51.052349195036015,-22.188779180508366],[-51.052306359659759,-22.188730109557365],[-51.052274917341606,-22.188695714074804],[-51.052252938107529,-22.188672814405127]]]}},
{"type":"Feature","properties":{"Field":"001","Length":235.18439577811048,"Image":"/home/ubuntu/bemagro/data/image/Orthomosaico.tif","Farm":"data"},"geometry":{"type":"MultiLineString","coordinates":[[[-51.052418165752243,-22.18888348475922],[-51.052401435052772,-22.188860435499532],[-51.052367050753276,-22.188816698958135],[-51.052331203563284,-22.188773993109709],[-51.05230683714904,-22.188745868994857],[-51.052252959232924,-22.188686525129462]]]}},
{"type":"Feature","properties":{"Field":"001","Length":235.18439577811048,"Image":"/home/ubuntu/bemagro/data/image/Orthomosaico.tif","Farm":"data"},"geometry":{"type":"MultiLineString","coordinates":[[[-51.052408592299976,-22.188689240601231],[-51.052396786816992,-22.1886755804471]]]}},
{"type":"Feature","properties":{"Field":"001","Length":235.18439577811048,"Image":"/home/ubuntu/bemagro/data/image/Orthomosaico.tif","Farm":"data"},"geometry":{"type":"MultiLineString","coordinates":[[[-51.052408592299976,-22.188689240601231],[-51.052405361493079,-22.188685389558646],[-51.052399288557503,-22.188678344512844],[-51.052396786816992,-22.1886755804471]]]}},
{"type":"Feature","properties":{"Field":"001","Length":235.18439577811048,"Image":"/home/ubuntu/bemagro/data/image/Orthomosaico.tif","Farm":"data"},"geometry":{"type":"MultiLineString","coordinates":[[[-51.05240201997745,-22.188883508666205],[-51.052375443240386,-22.188848224497697],[-51.05231658135375,-22.188776412441342],[-51.052252988806742,-22.188705719021595]]]}},
{"type":"Feature","properties":{"Field":"001","Length":235.18439577811048,"Image":"/home/ubuntu/bemagro/data/image/Orthomosaico.tif","Farm":"data"},"geometry":{"type":"MultiLineString","coordinates":[[[-51.052396786816992,-22.1886755804471],[-51.052352564130345,-22.188626720698142]]]}},
{"type":"Feature","properties":{"Field":"001","Length":235.18439577811048,"Image":"/home/ubuntu/bemagro/data/image/Orthomosaico.tif","Farm":"data"},"geometry":{"type":"MultiLineString","coordinates":[[[-51.052396786816992,-22.1886755804471],[-51.052396463244264,-22.18867520604028],[-51.052352691335656,-22.188626857250554],[-51.052352564130345,-22.188626720698142]]]}},
{"type":"Feature","properties":{"Field":"001","Length":235.18439577811048,"Image":"/home/ubuntu/bemagro/data/image/Orthomosaico.tif","Farm":"data"},"geometry":{"type":"MultiLineString","coordinates":[[[-51.052391333376235,-22.18888352448981],[-51.052371101963494,-22.188857098396792],[-51.052342280577641,-22.188820766297486],[-51.052282114437737,-22.188749898544575],[-51.052275967811688,-22.188742909372483],[-51.052253007902486,-22.188718112470792]]]}},
{"type":"Feature","properties":{"Field":"001","Length":235.18439577811048,"Image":"/home/ubuntu/bemagro/data/image/Orthomosaico.tif","Farm":"data"},"geometry":{"type":"MultiLineString","coordinates":[[[-51.05237513939111,-22.18888354846818],[-51.052360858407468,-22.18886507346766],[-51.052313841535408,-22.188807572245938],[-51.052253040115048,-22.188739018946013]]]}},
{"type":"Feature","properties":{"Field":"001","Length":235.18439577811048,"Image":"/home/ubuntu/bemagro/data/image/Orthomosaico.tif","Farm":"data"},"geometry":{"type":"MultiLineString","coordinates":[[[-51.052362802724488,-22.188883566735033],[-51.052350424846267,-22.188867287776969],[-51.052326718138765,-22.188838679092896],[-51.052315609144991,-22.188823865856524],[-51.052267078498559,-22.188767465993067],[-51.052260971576253,-22.188760446472884],[-51.052253059873429,-22.188751842454074]]]}},
{"type":"Feature","properties":{"Field":"001","Length":235.18439577811048,"Image":"/home/ubuntu/bemagro/data/image/Orthomosaico.tif","Farm":"data"},"geometry":{"type":"MultiLineString","coordinates":[[[-51.052352564130345,-22.188626720698142],[-51.052343920308182,-22.188617441724038]]]}},
{"type":"Feature","properties":{"Field":"001","Length":235.18439577811048,"Image":"/home/ubuntu/bemagro/data/image/Orthomosaico.tif","Farm":"data"},"geometry":{"type":"MultiLineString","coordinates":[[[-51.052352564130345,-22.188626720698142],[-51.052349271338237,-22.188623082633427],[-51.052343920308182,-22.188617441724038]]]}},
{"type":"Feature","properties":{"Field":"001","Length":235.18439577811048,"Image":"/home/ubuntu/bemagro/data/image/Orthomosaico.tif","Farm":"data"},"geometry":{"type":"MultiLineString","coordinates":[[[-51.052343920308182,-22.188617441724038],[-51.052337243776492,-22.18861040350712]]]}},
{"type":"Feature","properties":{"Field":"001","Length":235.18439577811048,"Image":"/home/ubuntu/bemagro/data/image/Orthomosaico.tif","Farm":"data"},"geometry":{"type":"MultiLineString","coordinates":[[[-51.052343920308182,-22.188617441724038],[-51.052339977995047,-22.188613209727965],[-51.052337243776492,-22.18861040350712]]]}},
{"type":"Feature","properties":{"Field":"001","Length":235.18439577811048,"Image":"/home/ubuntu/bemagro/data/image/Orthomosaico.tif","Farm":"data"},"geometry":{"type":"MultiLineString","coordinates":[[[-51.052343910410222,-22.188883594708805],[-51.052316055842972,-22.188847601449904],[-51.052310278531955,-22.188840343985841],[-51.052268194714664,-22.188790712223383],[-51.052262090628929,-22.188783690581655],[-51.052253093775612,-22.188773845524658]]]}},
{"type":"Feature","properties":{"Field":"001","Length":235.18439577811048,"Image":"/home/ubuntu/bemagro/data/image/Orthomosaico.tif","Farm":"data"},"geometry":{"type":"MultiLineString","coordinates":[[[-51.052337243776492,-22.18861040350712],[-51.052332361739374,-22.188605392907544]]]}},
{"type":"Feature","properties":{"Field":"001","Length":235.18439577811048,"Image":"/home/ubuntu/bemagro/data/image/Orthomosaico.tif","Farm":"data"},"geometry":{"type":"MultiLineString","coordinates":[[[-51.052337243776492,-22.18861040350712],[-51.052336426563379,-22.188609542023428],[-51.052332377780175,-22.188605392930313]]]}},
{"type":"Feature","properties":{"Field":"001","Length":235.18439577811048,"Image":"/home/ubuntu/bemagro/data/image/Orthomosaico.tif","Farm":"data"},"geometry":{"type":"MultiLineString","coordinates":[[[-51.052332865947861,-22.188883611062295],[-51.052316701087314,-22.188862800570298],[-51.052293069490467,-22.18883413765991],[-51.052287146951713,-22.18882698242173],[-51.052253114615418,-22.188787370897572]]]}},
{"type":"Feature","properties":{"Field":"001","Length":235.18439577811048,"Image":"/home/ubuntu/bemagro/data/image/Orthomosaico.tif","Farm":"data"},"geometry":{"type":"MultiLineString","coordinates":[[[-51.052315343335032,-22.188883637007958],[-51.052306312672918,-22.188872185786991],[-51.052253148157035,-22.188809139953776]]]}},
{"type":"Feature","properties":{"Field":"001","Length":235.18439577811048,"Image":"/home/ubuntu/bemagro/data/image/Orthomosaico.tif","Farm":"data"},"geometry":{"type":"MultiLineString","coordinates":[[[-51.052303318982148,-22.188883654812368],[-51.052271944120058,-22.188846125942799],[-51.052253169238419,-22.188822822113821]]]}},
{"type":"Feature","properties":{"Field":"001","Length":235.18439577811048,"Image":"/home/ubuntu/bemagro/data/image/Orthomosaico.tif","Farm":"data"},"geometry":{"type":"MultiLineString","coordinates":[[[-51.052287287088546,-22.188883678550727],[-51.052253198837704,-22.18884203252998]]]}},
{"type":"Feature","properties":{"Field":"001","Length":235.18439577811048,"Image":"/home/ubuntu/bemagro/data/image/Orthomosaico.tif","Farm":"data"},"geometry":{"type":"MultiLineString","coordinates":[[[-51.052275312642657,-22.188883696281241],[-51.052253221507819,-22.188856745802305]]]}},
{"type":"Feature","properties":{"Field":"001","Length":235.18439577811048,"Image":"/home/ubuntu/bemagro/data/image/Orthomosaico.tif","Farm":"data"},"geometry":{"type":"MultiLineString","coordinates":[[[-51.052253254707473,-22.1888782929184],[-51.052257597351861,-22.188883722512198]]]}},
{"type":"Feature","properties":{"Field":"001","Length":235.18439577811048,"Image":"/home/ubuntu/bemagro/data/image/Orthomosaico.tif","Farm":"data"},"geometry":{"type":"MultiLineString","coordinates":[[[-51.051399886870307,-22.191897297495853],[-51.051399608470199,-22.191907087953609],[-51.051399039761812,-22.191916106767628],[-51.051395867330648,-22.191952123137842],[-51.051395440858549,-22.191961148754626],[-51.051395106569629,-22.19197921472723],[-51.051394570309455,-22.19198823526413],[-51.051392121714329,-22.192015242186788],[-51.051391585074931,-22.192024262704955],[-51.051391193798672,-22.192034708597674]]]}},
{"type":"Feature","properties":{"Field":"001","Length":235.18439577811048,"Image":"/home/ubuntu/bemagro/data/image/Orthomosaico.tif","Farm":"data"},"geometry":{"type":"MultiLineString","coordinates":[[[-51.051388943071181,-22.191897307980298],[-51.051387058073885,-22.191926428504189],[-51.051383988030608,-22.191998646753646],[-51.051383443790684,-22.192007665855918],[-51.051381312130928,-22.192034724393128]]]}},
{"type":"Feature","properties":{"Field":"001","Length":235.18439577811048,"Image":"/home/ubuntu/bemagro/data/image/Orthomosaico.tif","Farm":"data"},"geometry":{"type":"MultiLineString","coordinates":[[[-51.05137632522716,-22.191897320068524],[-51.051375908000985,-22.191910872266668],[-51.051372731706238,-22.191955947075616],[-51.051371937891474,-22.191992076923526],[-51.051369700270598,-22.192028154202156],[-51.051369087304799,-22.19203474393403]]]}},
{"type":"Feature","properties":{"Field":"001","Length":235.18439577811048,"Image":"/home/ubuntu/bemagro/data/image/Orthomosaico.tif","Farm":"data"},"geometry":{"type":"MultiLineString","coordinates":[[[-51.051366947325448,-22.1918973290528],[-51.051364139859686,-22.191965145362861],[-51.051359721659978,-22.19203475890464]]]}},
{"type":"Feature","properties":{"Field":"001","Length":235.18439577811048,"Image":"/home/ubuntu/bemagro/data/image/Orthomosaico.tif","Farm":"data"},"geometry":{"type":"MultiLineString","coordinates":[[[-51.051354239601238,-22.191897341227136],[-51.051350957266706,-22.191940064613835],[-51.051350022684616,-22.191967153474319],[-51.051345643206915,-22.192034781408491]]]}},
{"type":"Feature","properties":{"Field":"001","Length":235.18439577811048,"Image":"/home/ubuntu/bemagro/data/image/Orthomosaico.tif","Farm":"data"},"geometry":{"type":"MultiLineString","coordinates":[[[-51.051343112479223,-22.19189735188721],[-51.051341628990009,-22.191923043516635],[-51.051341234968511,-22.191932070408637],[-51.051340668592069,-22.191959168297064],[-51.051340336970412,-22.191968197361305],[-51.051336022891341,-22.192034796786182]]]}},
{"type":"Feature","properties":{"Field":"001","Length":235.18439577811048,"Image":"/home/ubuntu/bemagro/data/image/Orthomosaico.tif","Farm":"data"},"geometry":{"type":"MultiLineString","coordinates":[[[-51.051320078559961,-22.192034822272564],[-51.051321655069898,-22.192011255087003],[-51.051325382006866,-22.191967123040325],[-51.051326167371528,-22.191912019667559],[-51.05132780974607,-22.191897366547632]]]}},
{"type":"Feature","properties":{"Field":"001","Length":235.18439577811048,"Image":"/home/ubuntu/bemagro/data/image/Orthomosaico.tif","Farm":"data"},"geometry":{"type":"MultiLineString","coordinates":[[[-51.051319178089898,-22.191897374816985],[-51.051315982311102,-22.191962192252177],[-51.051315453545236,-22.191971213174721],[-51.05131276913739,-22.192007264011444],[-51.051312213394617,-22.19201628352744],[-51.051311429752985,-22.192034836097339]]]}},
{"type":"Feature","properties":{"Field":"001","Length":235.18439577811048,"Image":"/home/ubuntu/bemagro/data/image/Orthomosaico.tif","Farm":"data"},"geometry":{"type":"MultiLineString","coordinates":[[[-51.051304072342518,-22.191897389288687],[-51.051303844860421,-22.191901291531199],[-51.051303505513751,-22.191910320263609],[-51.051303240581085,-22.19192748367615],[-51.051302805237029,-22.191936508691349],[-51.051299875741819,-22.191972542491737],[-51.051299283862775,-22.191981559962571],[-51.051296924105429,-22.192027582477614],[-51.051296341772762,-22.192034860214878]]]}},
{"type":"Feature","properties":{"Field":"001","Length":235.18439577811048,"Image":"/home/ubuntu/bemagro/data/image/Orthomosaico.tif","Farm":"data"},"geometry":{"type":"MultiLineString","coordinates":[[[-51.051289609201717,-22.192034870976624],[-51.051290208503893,-22.192027607612513],[-51.05129318140839,-22.19197347292269],[-51.051296224334955,-22.191937446983271],[-51.051296718214012,-22.191928424352792],[-51.051297018056289,-22.191910357941165],[-51.051297363927546,-22.191901329337853],[-51.051297614383039,-22.191897395475582]]]}},
{"type":"Feature","properties":{"Field":"001","Length":235.18439577811048,"Image":"/home/ubuntu/bemagro/data/image/Orthomosaico.tif","Farm":"data"},"geometry":{"type":"MultiLineString","coordinates":[[[-51.051277271043311,-22.192034890698682],[-51.051278230368837,-22.19201912040516],[-51.05127904209678,-22.191992028266874],[-51.051279599626092,-22.191983008849185],[-51.051285115754382,-22.191910917017253],[-51.051285734382837,-22.191897406856935]]]}},
{"type":"Feature","properties":{"Field":"001","Length":235.18439577811048,"Image":"/home/ubuntu/bemagro/data/image/Orthomosaico.tif","Farm":"data"},"geometry":{"type":"MultiLineString","coordinates":[[[-51.051273705901288,-22.191897418380538],[-51.051272652676097,-22.191912815798581],[-51.051270941549092,-22.191948917939328],[-51.051270592916346,-22.191966983567109],[-51.051270220469313,-22.191976011242097],[-51.051266524473682,-22.192034907876646]]]}},
{"type":"Feature","properties":{"Field":"001","Length":235.18439577811048,"Image":"/home/ubuntu/bemagro/data/image/Orthomosaico.tif","Farm":"data"},"geometry":{"type":"MultiLineString","coordinates":[[[-51.051260599451112,-22.191897430936862],[-51.051259924892655,-22.191906642971318],[-51.051259451031605,-22.191915665729191],[-51.051259300042631,-22.191924698832729],[-51.051258938012708,-22.191933725653069],[-51.051257391437574,-22.19195173647709],[-51.051256923527113,-22.191960759086172],[-51.051256794943747,-22.191969790224761],[-51.051252448120039,-22.192023844848379],[-51.051251917187741,-22.192032864795042],[-51.051251874550587,-22.192034931293968]]]}},
{"type":"Feature","properties":{"Field":"001","Length":235.18439577811048,"Image":"/home/ubuntu/bemagro/data/image/Orthomosaico.tif","Farm":"data"},"geometry":{"type":"MultiLineString","coordinates":[[[-51.051249959452754,-22.191897441130259],[-51.051249351644742,-22.191916197692638],[-51.05124634776611,-22.191952226664426],[-51.051245312755839,-22.191979312577423],[-51.051242444434301,-22.192015351128461],[-51.051241400841086,-22.192034948035779]]]}},
{"type":"Feature","properties":{"Field":"001","Length":235.18439577811048,"Image":"/home/ubuntu/bemagro/data/image/Orthomosaico.tif","Farm":"data"},"geometry":{"type":"MultiLineString","coordinates":[[[-51.051235856721426,-22.191897454641047],[-51.051235728934813,-22.191899363814024],[-51.05123563940527,-22.19190839693329],[-51.051235246989798,-22.191917423463764],[-51.051232875525798,-22.191944435902482],[-51.051232361819231,-22.19195345728081],[-51.051231986590629,-22.191971522275828],[-51.051231433180227,-22.191980541395743],[-51.051229468875519,-22.191998516684201],[-51.051228874054743,-22.192007533443775],[-51.051228452160998,-22.19202559743049],[-51.051227808282746,-22.192034611134286],[-51.051227766172197,-22.192034969830257]]]}},
{"type":"Feature","properties":{"Field":"001","Length":235.18439577811048,"Image":"/home/ubuntu/bemagro/data/image/Orthomosaico.tif","Farm":"data"},"geometry":{"type":"MultiLineString","coordinates":[[[-51.051227510037471,-22.191897462637389],[-51.051226470519985,-22.191926986967008],[-51.051225657548336,-22.191945039295771],[-51.05122235897332,-22.191990105904381],[-51.051218018020194,-22.192034985412288]]]}},
{"type":"Feature","properties":{"Field":"001","Length":235.18439577811048,"Image":"/home/ubuntu/bemagro/data/image/Orthomosaico.tif","Farm":"data"},"geometry":{"type":"MultiLineString","coordinates":[[[-51.051203612391383,-22.192035008439117],[-51.051208253109642,-22.191987032638913],[-51.051211149595972,-22.191932893687685],[-51.051213678487592,-22.191897475888378]]]}},
{"type":"Feature","properties":{"Field":"001","Length":235.18439577811048,"Image":"/home/ubuntu/bemagro/data/image/Orthomosaico.tif","Farm":"data"},"geometry":{"type":"MultiLineString","coordinates":[[[-51.051195199320745,-22.192035021887076],[-51.051195351298738,-22.192033128454373],[-51.051195764997516,-22.192015064626325],[-51.051198475338644,-22.19198807955183],[-51.051204102006238,-22.191897485062899]]]}},
{"type":"Feature","properties":{"Field":"001","Length":235.18439577811048,"Image":"/home/ubuntu/bemagro/data/image/Orthomosaico.tif","Farm":"data"},"geometry":{"type":"MultiLineString","coordinates":[[[-51.05118938355033,-22.191897499163566],[-51.051188749252958,-22.191912917188493],[-51.051187768236382,-22.19193096216565],[-51.051183898012965,-22.191975989863028],[-51.051183305824111,-22.191985007361549],[-51.051181717677288,-22.192021114383799],[-51.051181008778009,-22.192030124565363],[-51.051180437316376,-22.192035045483554]]]}},
{"type":"Feature","properties":{"Field":"001","Length":235.18439577811048,"Image":"/home/ubuntu/bemagro/data/image/Orthomosaico.tif","Farm":"data"},"geometry":{"type":"MultiLineString","coordinates":[[[-51.051180212434907,-22.191897507949736],[-51.051178048591439,-22.191922840705853],[-51.051177989920248,-22.191940908313121],[-51.051170890055793,-22.192035060744473]]]}},
{"type":"Feature","properties":{"Field":"001","Length":235.18439577811048,"Image":"/home/ubuntu/bemagro/data/image/Orthomosaico.tif","Farm":"data"},"geometry":{"type":"MultiLineString","coordinates":[[[-51.050580575402464,-22.189925629405341],[-51.050558985180643,-22.189899240794748],[-51.050552872817782,-22.189892225902259],[-51.050496287060277,-22.189830305644332],[-51.050477848738133,-22.1898093379885],[-51.050458765395121,-22.189788875568098],[-51.05045647589526,-22.18978652863138]]]}},
{"type":"Feature","properties":{"Field":"001","Length":235.18439577811048,"Image":"/home/ubuntu/bemagro/data/image/Orthomosaico.tif","Farm":"data"},"geometry":{"type":"MultiLineString","coordinates":[[[-51.050467804777355,-22.189786531899305],[-51.050482527845276,-22.189802241536171],[-51.050507274465971,-22.189830075188343],[-51.05055128964802,-22.189878232362911],[-51.050563707659684,-22.189892114601037],[-51.050580414139077,-22.189912366212589]]]}},
{"type":"Feature","properties":{"Field":"001","Length":235.18439577811048,"Image":"/home/ubuntu/bemagro/data/image/Orthomosaico.tif","Farm":"data"},"geometry":{"type":"MultiLineString","coordinates":[[[-51.05057884851901,-22.189889060558485],[-51.050566050921418,-22.189873974900859],[-51.050509525314041,-22.189812006792739],[-51.050484843908279,-22.18978653681441]]]}},
{"type":"Feature","properties":{"Field":"001","Length":235.18439577811048,"Image":"/home/ubuntu/bemagro/data/image/Orthomosaico.tif","Farm":"data"},"geometry":{"type":"MultiLineString","coordinates":[[[-51.050577759427057,-22.189872848451309],[-51.050576982850004,-22.189871928428001],[-51.050520513931474,-22.189809915642591],[-51.050497634580154,-22.189786540504002]]]}},
{"type":"Feature","properties":{"Field":"001","Length":235.18439577811048,"Image":"/home/ubuntu/bemagro/data/image/Orthomosaico.tif","Farm":"data"},"geometry":{"type":"MultiLineString","coordinates":[[[-51.050515362522539,-22.1897865456178],[-51.050575735692597,-22.189851875066463],[-51.050576399605788,-22.189852606296302]]]}},
{"type":"Feature","properties":{"Field":"001","Length":235.18439577811048,"Image":"/home/ubuntu/bemagro/data/image/Orthomosaico.tif","Farm":"data"},"geometry":{"type":"MultiLineString","coordinates":[[[-51.050575387335421,-22.189837537747014],[-51.050534122986321,-22.189792788943926],[-51.050528172255412,-22.189786549312888]]]}},
{"type":"Feature","properties":{"Field":"001","Length":235.18439577811048,"Image":"/home/ubuntu/bemagro/data/image/Orthomosaico.tif","Farm":"data"},"geometry":{"type":"MultiLineString","coordinates":[[[-51.050573907309207,-22.189815506233909],[-51.050557039028973,-22.189796785627891],[-51.050547499758665,-22.189786554888094]]]}},
{"type":"Feature","properties":{"Field":"001","Length":235.18439577811048,"Image":"/home/ubuntu/bemagro/data/image/Orthomosaico.tif","Farm":"data"},"geometry":{"type":"MultiLineString","coordinates":[[[-51.050572961782066,-22.189801431217287],[-51.050558913130608,-22.189786558180394]]]}},
{"type":"Feature","properties":{"Field":"001","Length":235.18439577811048,"Image":"/home/ubuntu/bemagro/data/image/Orthomosaico.tif","Farm":"data"},"geometry":{"type":"MultiLineString","coordinates":[[[-51.050562830860606,-22.18992557300863],[-51.050548597459972,-22.189908788028426],[-51.05048654769621,-22.189839342520809],[-51.050447753150827,-22.189798932159263],[-51.05043524131726,-22.189786522506061]]]}},
{"type":"Feature","properties":{"Field":"001","Length":235.18439577811048,"Image":"/home/ubuntu/bemagro/data/image/Orthomosaico.tif","Farm":"data"},"geometry":{"type":"MultiLineString","coordinates":[[[-51.050421817467452,-22.18978651863382],[-51.050439022037651,-22.189803668418662],[-51.050497012682889,-22.189864451136724],[-51.050546477364421,-22.1899201430662],[-51.050551025125721,-22.189925535486971]]]}},
{"type":"Feature","properties":{"Field":"001","Length":235.18439577811048,"Image":"/home/ubuntu/bemagro/data/image/Orthomosaico.tif","Farm":"data"},"geometry":{"type":"MultiLineString","coordinates":[[[-51.05053375103563,-22.189925480585476],[-51.050522215007234,-22.189912199815364],[-51.050484803239399,-22.18987067399906],[-51.050440519362986,-22.189823929105337],[-51.050402976653423,-22.189786513199003]]]}},
{"type":"Feature","properties":{"Field":"001","Length":235.18439577811048,"Image":"/home/ubuntu/bemagro/data/image/Orthomosaico.tif","Farm":"data"},"geometry":{"type":"MultiLineString","coordinates":[[[-51.050522164400789,-22.189925443760174],[-51.050512098649762,-22.189913741291956],[-51.050442242458175,-22.189838617004199],[-51.050390565093856,-22.18978650961877]]]}},
{"type":"Feature","properties":{"Field":"001","Length":235.18439577811048,"Image":"/home/ubuntu/bemagro/data/image/Orthomosaico.tif","Farm":"data"},"geometry":{"type":"MultiLineString","coordinates":[[[-51.050372850692689,-22.189786504508881],[-51.05037811591589,-22.189791878319038],[-51.050384353976057,-22.189798797138824],[-51.05039074962513,-22.18980559002809],[-51.050455949990955,-22.189872485478752],[-51.050462316639326,-22.189879301957415],[-51.050503939900956,-22.189925385838034]]]}},
{"type":"Feature","properties":{"Field":"001","Length":235.18439577811048,"Image":"/home/ubuntu/bemagro/data/image/Orthomosaico.tif","Farm":"data"},"geometry":{"type":"MultiLineString","coordinates":[[[-51.050491209419242,-22.189925345377294],[-51.050442149533438,-22.189870569560242],[-51.050390108253033,-22.189816953379559],[-51.050364600619041,-22.189789720886449],[-51.050361181204607,-22.189786501142702]]]}},
{"type":"Feature","properties":{"Field":"001","Length":235.18439577811048,"Image":"/home/ubuntu/bemagro/data/image/Orthomosaico.tif","Farm":"data"},"geometry":{"type":"MultiLineString","coordinates":[[[-51.050472725608543,-22.189925286630995],[-51.050468867672478,-22.189920881829934],[-51.050379535043461,-22.189825613242871],[-51.05037227490935,-22.189819622341115],[-51.050338356325199,-22.189786494558643]]]}},
{"type":"Feature","properties":{"Field":"001","Length":235.18439577811048,"Image":"/home/ubuntu/bemagro/data/image/Orthomosaico.tif","Farm":"data"},"geometry":{"type":"MultiLineString","coordinates":[[[-51.050325867772855,-22.189786490956202],[-51.050351565056609,-22.189811258148236],[-51.050358419868111,-22.189817650847829],[-51.050372587196101,-22.189829995545601],[-51.050379031550086,-22.189836748392505],[-51.050391201207972,-22.189850820477371],[-51.050397491448273,-22.189857698204424],[-51.050442190357522,-22.189905305832326],[-51.050459851078344,-22.189925245712431]]]}},
{"type":"Feature","properties":{"Field":"001","Length":235.18439577811048,"Image":"/home/ubuntu/bemagro/data/image/Orthomosaico.tif","Farm":"data"},"geometry":{"type":"MultiLineString","coordinates":[[[-51.050441666095381,-22.189925187915886],[-51.050416912757015,-22.189897632272352],[-51.050358654577529,-22.189837072026517],[-51.050318287528356,-22.1897974742804]]]}},
{"type":"Feature","properties":{"Field":"001","Length":235.18439577811048,"Image":"/home/ubuntu/bemagro/data/image/Orthomosaico.tif","Farm":"data"},"geometry":{"type":"MultiLineString","coordinates":[[[-51.050318480173296,-22.189810759730371],[-51.050367071671566,-22.189859115406453],[-51.05037943812841,-22.189873038161743],[-51.050424901949121,-22.189920013607946],[-51.050429521685174,-22.18992514931783]]]}},
{"type":"Feature","properties":{"Field":"001","Length":235.18439577811048,"Image":"/home/ubuntu/bemagro/data/image/Orthomosaico.tif","Farm":"data"},"geometry":{"type":"MultiLineString","coordinates":[[[-51.050411222467176,-22.189925091158216],[-51.050350293293043,-22.189861645948397],[-51.050318765635602,-22.189830446181976]]]}},
{"type":"Feature","properties":{"Field":"001","Length":235.18439577811048,"Image":"/home/ubuntu/bemagro/data/image/Orthomosaico.tif","Farm":"data"},"geometry":{"type":"MultiLineString","coordinates":[[[-51.050399337141634,-22.1899250533836],[-51.050379642622914,-22.189904017199041],[-51.05037317267152,-22.18989728574487],[-51.050318945427513,-22.18984284524393]]]}},
{"type":"Feature","properties":{"Field":"001","Length":235.18439577811048,"Image":"/home/ubuntu/bemagro/data/image/Orthomosaico.tif","Farm":"data"},"geometry":{"type":"MultiLineString","coordinates":[[[-51.050381006760652,-22.18992499512494],[-51.050319210609032,-22.189861133063239]]]}},
{"type":"Feature","properties":{"Field":"001","Length":235.18439577811048,"Image":"/home/ubuntu/bemagro/data/image/Orthomosaico.tif","Farm":"data"},"geometry":{"type":"MultiLineString","coordinates":[[[-51.050319405100836,-22.189874545879391],[-51.0503452957729,-22.189901836589279],[-51.050365083722518,-22.189921710454573],[-51.050368036969978,-22.189924953903613]]]}},
{"type":"Feature","properties":{"Field":"001","Length":235.18439577811048,"Image":"/home/ubuntu/bemagro/data/image/Orthomosaico.tif","Farm":"data"},"geometry":{"type":"MultiLineString","coordinates":[[[-51.050350118234434,-22.189924896953272],[-51.050319676244222,-22.189893244849294]]]}},
{"type":"Feature","properties":{"Field":"001","Length":235.18439577811048,"Image":"/home/ubuntu/bemagro/data/image/Orthomosaico.tif","Farm":"data"},"geometry":{"type":"MultiLineString","coordinates":[[[-51.05033752049799,-22.189924856914427],[-51.05031986826981,-22.189906487586981]]]}},
{"type":"Feature","properties":{"Field":"001","Length":235.18439577811048,"Image":"/home/ubuntu/bemagro/data/image/Orthomosaico.tif","Farm":"data"},"geometry":{"type":"MultiLineString","coordinates":[[[-51.049149034400351,-22.184431749880854],[-51.049133298506618,-22.184380554072543],[-51.049124066862788,-22.184353900431912],[-51.049089629676871,-22.184241857113811],[-51.049082849012883,-22.184215500164989],[-51.049072714678324,-22.184180617121275],[-51.049067430850251,-22.184164115811647]]]}},
{"type":"Feature","properties":{"Field":"001","Length":235.18439577811048,"Image":"/home/ubuntu/bemagro/data/image/Orthomosaico.tif","Farm":"data"},"geometry":{"type":"MultiLineString","coordinates":[[[-51.049148836914597,-22.184380899946039],[-51.049127854850397,-22.184311489187863],[-51.049100419889733,-22.184224833999476],[-51.049088529620242,-22.184181040563015],[-51.0490834098985,-22.184164131139255]]]}},
{"type":"Feature","properties":{"Field":"001","Length":235.18439577811048,"Image":"/home/ubuntu/bemagro/data/image/Orthomosaico.tif","Farm":"data"},"geometry":{"type":"MultiLineString","coordinates":[[[-51.049148708158604,-22.184347747002924],[-51.049109761537522,-22.184219268460751],[-51.049097685225291,-22.184175519203027],[-51.049094290592542,-22.184164141576357]]]}},
{"type":"Feature","properties":{"Field":"001","Length":235.18439577811048,"Image":"/home/ubuntu/bemagro/data/image/Orthomosaico.tif","Farm":"data"},"geometry":{"type":"MultiLineString","coordinates":[[[-51.049148519464893,-22.184299160900132],[-51.049107331374302,-22.184164154085487]]]}},
{"type":"Feature","properties":{"Field":"001","Length":235.18439577811048,"Image":"/home/ubuntu/bemagro/data/image/Orthomosaico.tif","Farm":"data"},"geometry":{"type":"MultiLineString","coordinates":[[[-51.049148385337411,-22.18426462487184],[-51.049132239626694,-22.184214125963123],[-51.049119872067635,-22.184170447333642],[-51.049117882397859,-22.184164164206358]]]}},
{"type":"Feature","properties":{"Field":"001","Length":235.18439577811048,"Image":"/home/ubuntu/bemagro/data/image/Orthomosaico.tif","Farm":"data"},"geometry":{"type":"MultiLineString","coordinates":[[[-51.049148206276193,-22.184218519007551],[-51.049142060911514,-22.184197105721928],[-51.04913169866164,-22.184164177459355]]]}},
{"type":"Feature","properties":{"Field":"001","Length":235.18439577811048,"Image":"/home/ubuntu/bemagro/data/image/Orthomosaico.tif","Farm":"data"},"geometry":{"type":"MultiLineString","coordinates":[[[-51.04914807489677,-22.184184690567104],[-51.049141771679039,-22.184164187121709]]]}},
{"type":"Feature","properties":{"Field":"001","Length":235.18439577811048,"Image":"/home/ubuntu/bemagro/data/image/Orthomosaico.tif","Farm":"data"},"geometry":{"type":"MultiLineString","coordinates":[[[-51.049057940117891,-22.18416410670784],[-51.049064052868431,-22.184183935325589],[-51.049078660570778,-22.184236406513058],[-51.049081210208115,-22.184245123232643],[-51.049097645481744,-22.184297123396835],[-51.049105194106822,-22.184323297558539],[-51.04914304098422,-22.184440813280645]]]}},
{"type":"Feature","properties":{"Field":"001","Length":235.18439577811048,"Image":"/home/ubuntu/bemagro/data/image/Orthomosaico.tif","Farm":"data"},"geometry":{"type":"MultiLineString","coordinates":[[[-51.049128802344924,-22.184440797265271],[-51.049116134268559,-22.184401420293113],[-51.049100197373683,-22.184348347211575],[-51.04907769979306,-22.184279176176187],[-51.049062526972889,-22.184226844548384],[-51.049056650050829,-22.184209625089135],[-51.049043700649733,-22.184164093048896]]]}},
{"type":"Feature","properties":{"Field":"001","Length":235.18439577811048,"Image":"/home/ubuntu/bemagro/data/image/Orthomosaico.tif","Farm":"data"},"geometry":{"type":"MultiLineString","coordinates":[[[-51.049118982205165,-22.184440786219749],[-51.049102370610854,-22.184389602072489],[-51.049097487665691,-22.18437211611031],[-51.049094833315017,-22.184363427150643],[-51.049053784569878,-22.184233415929327],[-51.049033846188088,-22.184164083596183]]]}},
{"type":"Feature","properties":{"Field":"001","Length":235.18439577811048,"Image":"/home/ubuntu/bemagro/data/image/Orthomosaico.tif","Farm":"data"},"geometry":{"type":"MultiLineString","coordinates":[[[-51.049104616558843,-22.184440770061521],[-51.049103282003351,-22.184436862577403],[-51.049082422421748,-22.184367247564182],[-51.049049324764404,-22.184263309725392],[-51.049042117127847,-22.184237051061061],[-51.049028666718655,-22.184193650902838],[-51.049020418250095,-22.184164070715685]]]}},
{"type":"Feature","properties":{"Field":"001","Length":235.18439577811048,"Image":"/home/ubuntu/bemagro/data/image/Orthomosaico.tif","Farm":"data"},"geometry":{"type":"MultiLineString","coordinates":[[[-51.049094870913834,-22.18444075909979],[-51.049048868179355,-22.18429371460633],[-51.049010389219958,-22.184164061095522]]]}},
{"type":"Feature","properties":{"Field":"001","Length":235.18439577811048,"Image":"/home/ubuntu/bemagro/data/image/Orthomosaico.tif","Farm":"data"},"geometry":{"type":"MultiLineString","coordinates":[[[-51.049080861286441,-22.184440743342002],[-51.049068455150099,-22.184402519700136],[-51.049038504666619,-22.184307136642488],[-51.048996929697694,-22.184164048184726]]]}},
{"type":"Feature","properties":{"Field":"001","Length":235.18439577811048,"Image":"/home/ubuntu/bemagro/data/image/Orthomosaico.tif","Farm":"data"},"geometry":{"type":"MultiLineString","coordinates":[[[-51.049070479398999,-22.184440731664637],[-51.049068850451619,-22.184435732173558],[-51.049022992892041,-22.184288205591567],[-51.049013211951952,-22.184253235078167],[-51.048986416123157,-22.184164038099777]]]}},
{"type":"Feature","properties":{"Field":"001","Length":235.18439577811048,"Image":"/home/ubuntu/bemagro/data/image/Orthomosaico.tif","Farm":"data"},"geometry":{"type":"MultiLineString","coordinates":[[[-51.049055868932641,-22.184440715231037],[-51.049053564431759,-22.184433130139617],[-51.049020212411357,-22.184329263205317],[-51.048991958982654,-22.184233432099955],[-51.048981135344739,-22.184198730370053],[-51.048976463698523,-22.184181193306962],[-51.048973953473656,-22.184172466707867],[-51.048971272601285,-22.184164023573633]]]}},
{"type":"Feature","properties":{"Field":"001","Length":235.18439577811048,"Image":"/home/ubuntu/bemagro/data/image/Orthomosaico.tif","Farm":"data"},"geometry":{"type":"MultiLineString","coordinates":[[[-51.049045648791761,-22.1844407037356],[-51.0490228770892,-22.184370756536726],[-51.048961052922657,-22.184164013770594]]]}},
{"type":"Feature","properties":{"Field":"001","Length":235.18439577811048,"Image":"/home/ubuntu/bemagro/data/image/Orthomosaico.tif","Farm":"data"},"geometry":{"type":"MultiLineString","coordinates":[[[-51.049032558838505,-22.184440689012249],[-51.049003160958108,-22.18434985792609],[-51.048972242566563,-22.184245339746621],[-51.048961000542718,-22.184209809574366],[-51.048947645482201,-22.184164000909757]]]}},
{"type":"Feature","properties":{"Field":"001","Length":235.18439577811048,"Image":"/home/ubuntu/bemagro/data/image/Orthomosaico.tif","Farm":"data"},"geometry":{"type":"MultiLineString","coordinates":[[[-51.049021681264598,-22.184440676777342],[-51.0489980820076,-22.184363366812349],[-51.048989330286908,-22.184337518400369],[-51.048951167948118,-22.184206746849323],[-51.048937744105388,-22.184163991412046]]]}},
{"type":"Feature","properties":{"Field":"001","Length":235.18439577811048,"Image":"/home/ubuntu/bemagro/data/image/Orthomosaico.tif","Farm":"data"},"geometry":{"type":"MultiLineString","coordinates":[[[-51.049007163081711,-22.184440660447546],[-51.048992985746295,-22.184395781195636],[-51.04897805632887,-22.184352802512205],[-51.048955259447297,-22.184274314128942],[-51.048938417665248,-22.184222426905805],[-51.048924340736143,-22.18416983003058],[-51.048922646163597,-22.184163976929625]]]}},
{"type":"Feature","properties":{"Field":"001","Length":235.18439577811048,"Image":"/home/ubuntu/bemagro/data/image/Orthomosaico.tif","Farm":"data"},"geometry":{"type":"MultiLineString","coordinates":[[[-51.04891293608005,-22.184163967615408],[-51.048922980068951,-22.184196982588478],[-51.048942400724663,-22.184266957661585],[-51.048952845817496,-22.184301761134563],[-51.048980395615828,-22.184388384719373],[-51.048983208134089,-22.184397031025032],[-51.048995142876066,-22.184431416423315],[-51.048998026736676,-22.184440650171144]]]}},
{"type":"Feature","properties":{"Field":"001","Length":235.18439577811048,"Image":"/home/ubuntu/bemagro/data/image/Orthomosaico.tif","Farm":"data"},"geometry":{"type":"MultiLineString","coordinates":[[[-51.048983180411014,-22.184440633472253],[-51.048972532339285,-22.184404862178809],[-51.04895482009065,-22.184353227294295],[-51.048940056054469,-22.184300794135439],[-51.048918598156881,-22.184231337078188],[-51.048899227262311,-22.184163954465479]]]}},
{"type":"Feature","properties":{"Field":"001","Length":235.18439577811048,"Image":"/home/ubuntu/bemagro/data/image/Orthomosaico.tif","Farm":"data"},"geometry":{"type":"MultiLineString","coordinates":[[[-51.048973808406281,-22.184440622930786],[-51.048969964055239,-22.184428263185676],[-51.048944129089371,-22.184350595460543],[-51.048888944305979,-22.184163944601742]]]}},
{"type":"Feature","properties":{"Field":"001","Length":235.18439577811048,"Image":"/home/ubuntu/bemagro/data/image/Orthomosaico.tif","Farm":"data"},"geometry":{"type":"MultiLineString","coordinates":[[[-51.048958711505861,-22.184440605950055],[-51.048945366565349,-22.184399079525765],[-51.048918987975135,-22.184312140307977],[-51.048912174856852,-22.184285790516629],[-51.048875839078185,-22.184163932030796]]]}},
{"type":"Feature","properties":{"Field":"001","Length":235.18439577811048,"Image":"/home/ubuntu/bemagro/data/image/Orthomosaico.tif","Farm":"data"},"geometry":{"type":"MultiLineString","coordinates":[[[-51.048949351265563,-22.184440595421819],[-51.048937217223902,-22.184403601517069],[-51.048929694829155,-22.184377419537185],[-51.048915898161823,-22.184334113754545],[-51.048906229040355,-22.184299116279401],[-51.048865899150712,-22.184163922496104]]]}},
{"type":"Feature","properties":{"Field":"001","Length":235.18439577811048,"Image":"/home/ubuntu/bemagro/data/image/Orthomosaico.tif","Farm":"data"},"geometry":{"type":"MultiLineString","coordinates":[[[-51.048934412320129,-22.184440578618752],[-51.048905693319135,-22.184349586466265],[-51.048878720062,-22.184254370206393],[-51.048864386139279,-22.184210272357223],[-51.048851416998502,-22.184163908604368]]]}},
{"type":"Feature","properties":{"Field":"001","Length":235.18439577811048,"Image":"/home/ubuntu/bemagro/data/image/Orthomosaico.tif","Farm":"data"},"geometry":{"type":"MultiLineString","coordinates":[[[-51.048925061221929,-22.184440568100801],[-51.048905294758057,-22.184374589687458],[-51.048891132059381,-22.184331386915808],[-51.048879126557608,-22.184287620958727],[-51.048857646957224,-22.184219110340194],[-51.04885507283992,-22.184210399958726],[-51.048843274520451,-22.184166585132772],[-51.048842495315498,-22.184163900046411]]]}},
{"type":"Feature","properties":{"Field":"001","Length":235.18439577811048,"Image":"/home/ubuntu/bemagro/data/image/Orthomosaico.tif","Farm":"data"},"geometry":{"type":"MultiLineString","coordinates":[[[-51.048911835373971,-22.184440553224597],[-51.048886657591865,-22.184364083445157],[-51.048831531246371,-22.18418144054343],[-51.048826831066698,-22.184163885020769]]]}},
{"type":"Feature","properties":{"Field":"001","Length":235.18439577811048,"Image":"/home/ubuntu/bemagro/data/image/Orthomosaico.tif","Farm":"data"},"geometry":{"type":"MultiLineString","coordinates":[[[-51.04890096275156,-22.184440540995261],[-51.048886132204167,-22.184394550919261],[-51.048883375161054,-22.18438588912997],[-51.048848886231376,-22.184272920096422],[-51.048816687222299,-22.184163875290476]]]}},
{"type":"Feature","properties":{"Field":"001","Length":235.18439577811048,"Image":"/home/ubuntu/bemagro/data/image/Orthomosaico.tif","Farm":"data"},"geometry":{"type":"MultiLineString","coordinates":[[[-51.048887336725592,-22.184440525668943],[-51.048845359434765,-22.184306018936343],[-51.048805130864572,-22.184166408954145],[-51.048804352854731,-22.184163863458963]]]}},
{"type":"Feature","properties":{"Field":"001","Length":235.18439577811048,"Image":"/home/ubuntu/bemagro/data/image/Orthomosaico.tif","Farm":"data"},"geometry":{"type":"MultiLineString","coordinates":[[[-51.048877038125269,-22.184440514085257],[-51.048861004685527,-22.184389699626305],[-51.04883768611333,-22.18431134428554],[-51.048826644897446,-22.184276700733417],[-51.048817021097065,-22.184241692425456],[-51.048800862889514,-22.184189617000651],[-51.048793500516005,-22.184163853049057]]]}},
{"type":"Feature","properties":{"Field":"001","Length":235.18439577811048,"Image":"/home/ubuntu/bemagro/data/image/Orthomosaico.tif","Farm":"data"},"geometry":{"type":"MultiLineString","coordinates":[[[-51.048861079071564,-22.184440496134791],[-51.048837246578216,-22.184362621874314],[-51.048831314681827,-22.184345418432581],[-51.048778777592524,-22.184163838926366]]]}},
{"type":"Feature","properties":{"Field":"001","Length":235.18439577811048,"Image":"/home/ubuntu/bemagro/data/image/Orthomosaico.tif","Farm":"data"},"geometry":{"type":"MultiLineString","coordinates":[[[-51.048851178,-22.184440484998238],[-51.048800668972113,-22.184273915862601],[-51.048768849255268,-22.184163829402795]]]}},
{"type":"Feature","properties":{"Field":"001","Length":235.18439577811048,"Image":"/home/ubuntu/bemagro/data/image/Orthomosaico.tif","Farm":"data"},"geometry":{"type":"MultiLineString","coordinates":[[[-51.048837834739246,-22.184440469989969],[-51.048820351223803,-22.184385058941743],[-51.048805407863902,-22.184332669797072],[-51.048773483526219,-22.184228414117161],[-51.048755193287384,-22.18416381630356]]]}},
{"type":"Feature","properties":{"Field":"001","Length":235.18439577811048,"Image":"/home/ubuntu/bemagro/data/image/Orthomosaico.tif","Farm":"data"},"geometry":{"type":"MultiLineString","coordinates":[[[-51.048828209918248,-22.18444045916414],[-51.048812400977113,-22.18439093428448],[-51.048749759427785,-22.184182105586043],[-51.048744800592196,-22.18416380633456]]]}},
{"type":"Feature","properties":{"Field":"001","Length":235.18439577811048,"Image":"/home/ubuntu/bemagro/data/image/Orthomosaico.tif","Farm":"data"},"geometry":{"type":"MultiLineString","coordinates":[[[-51.048815148296342,-22.184440444472653],[-51.048808970728786,-22.184423622695117],[-51.048794332383274,-22.184371158910839],[-51.048772501080208,-22.184301802812762],[-51.048752260983179,-22.184232029370587],[-51.048736046809658,-22.184179969036396],[-51.048731565044697,-22.184163793638607]]]}},
{"type":"Feature","properties":{"Field":"001","Length":235.18439577811048,"Image":"/home/ubuntu/bemagro/data/image/Orthomosaico.tif","Farm":"data"},"geometry":{"type":"MultiLineString","coordinates":[[[-51.048805005106153,-22.18444043306377],[-51.048795651733663,-22.184411025630606],[-51.048782920835642,-22.184366502232962],[-51.048730482436596,-22.184193478707691],[-51.048722124902184,-22.184163784583326]]]}},
{"type":"Feature","properties":{"Field":"001","Length":235.18439577811048,"Image":"/home/ubuntu/bemagro/data/image/Orthomosaico.tif","Farm":"data"},"geometry":{"type":"MultiLineString","coordinates":[[[-51.048791158289767,-22.18444041748911],[-51.048783915157827,-22.184418189120684],[-51.048768542987901,-22.184365907736801],[-51.048743984641305,-22.184287881688476],[-51.048711725055682,-22.184175277603543],[-51.048708175855019,-22.184163771202961]]]}},
{"type":"Feature","properties":{"Field":"001","Length":235.18439577811048,"Image":"/home/ubuntu/bemagro/data/image/Orthomosaico.tif","Farm":"data"},"geometry":{"type":"MultiLineString","coordinates":[[[-51.048781078952864,-22.184440406152049],[-51.048757079526276,-22.184362624785155],[-51.048744591241558,-22.184318975957389],[-51.048732927197086,-22.184284509888997],[-51.048698040197159,-22.184163761480519]]]}},
{"type":"Feature","properties":{"Field":"001","Length":235.18439577811048,"Image":"/home/ubuntu/bemagro/data/image/Orthomosaico.tif","Farm":"data"},"geometry":{"type":"MultiLineString","coordinates":[[[-51.048767122022745,-22.184440390453538],[-51.048763646866114,-22.184429101427455],[-51.048751902402977,-22.184393712575897],[-51.048723106922949,-22.184298960093646],[-51.048683528145936,-22.184163747560103]]]}},
{"type":"Feature","properties":{"Field":"001","Length":235.18439577811048,"Image":"/home/ubuntu/bemagro/data/image/Orthomosaico.tif","Farm":"data"},"geometry":{"type":"MultiLineString","coordinates":[[[-51.048757003572106,-22.18444037907248],[-51.048755498121785,-22.184435432522946],[-51.048741037438532,-22.184392315052285],[-51.048726142461412,-22.184339913957995],[-51.048688800434746,-22.184218308121576],[-51.048676749609939,-22.184174552767132],[-51.048673533135727,-22.184163737972575]]]}},
{"type":"Feature","properties":{"Field":"001","Length":235.18439577811048,"Image":"/home/ubuntu/bemagro/data/image/Orthomosaico.tif","Farm":"data"},"geometry":{"type":"MultiLineString","coordinates":[[[-51.048742927664996,-22.184440363240146],[-51.048740327743438,-22.184432207929827],[-51.048731483715628,-22.184406386724593],[-51.048724237955781,-22.184380137160836],[-51.048705082501129,-22.184319465084197],[-51.048681638890358,-22.184240497391979]]]}},
{"type":"Feature","properties":{"Field":"001","Length":235.18439577811048,"Image":"/home/ubuntu/bemagro/data/image/Orthomosaico.tif","Farm":"data"},"geometry":{"type":"MultiLineString","coordinates":[[[-51.048733446431882,-22.18444035257582],[-51.048724603800295,-22.184411697121806],[-51.048702990739692,-22.184343836661558]]]}},
{"type":"Feature","properties":{"Field":"001","Length":235.18439577811048,"Image":"/home/ubuntu/bemagro/data/image/Orthomosaico.tif","Farm":"data"},"geometry":{"type":"MultiLineString","coordinates":[[[-51.047996516278147,-22.186527458174563],[-51.047957126213198,-22.186481459961438],[-51.047904307670038,-22.186416718336432],[-51.047864604800672,-22.186365413808556],[-51.0478064793813,-22.186293084270034],[-51.047785170301893,-22.186264055262377]]]}},
{"type":"Feature","properties":{"Field":"001","Length":235.18439577811048,"Image":"/home/ubuntu/bemagro/data/image/Orthomosaico.tif","Farm":"data"},"geometry":{"type":"MultiLineString","coordinates":[[[-51.047996432730216,-22.18650587934107],[-51.047933533115639,-22.186430251620948],[-51.047892689552455,-22.186379729654423],[-51.047853136815682,-22.186328324610461],[-51.047823918549859,-22.186292268600347],[-51.047803014613052,-22.186263998100852]]]}},
{"type":"Feature","properties":{"Field":"001","Length":235.18439577811048,"Image":"/home/ubuntu/bemagro/data/image/Orthomosaico.tif","Farm":"data"},"geometry":{"type":"MultiLineString","coordinates":[[[-51.047996375692477,-22.186491147583514],[-51.04793408275188,-22.186416272870492],[-51.047835781604299,-22.186292956746826],[-51.04781344365442,-22.186263964693012]]]}},
{"type":"Feature","properties":{"Field":"001","Length":235.18439577811048,"Image":"/home/ubuntu/bemagro/data/image/Orthomosaico.tif","Farm":"data"},"geometry":{"type":"MultiLineString","coordinates":[[[-51.047996293379278,-22.186469887658987],[-51.047973395152368,-22.186442599669583],[-51.047874011446027,-22.186320038444663],[-51.047831796783115,-22.186263905901566]]]}},
{"type":"Feature","properties":{"Field":"001","Length":235.18439577811048,"Image":"/home/ubuntu/bemagro/data/image/Orthomosaico.tif","Farm":"data"},"geometry":{"type":"MultiLineString","coordinates":[[[-51.047996238697486,-22.186455764396499],[-51.047966685411062,-22.186420640298611],[-51.047874066151309,-22.186304647627857],[-51.04784392631916,-22.186263867046449]]]}},
{"type":"Feature","properties":{"Field":"001","Length":235.18439577811048,"Image":"/home/ubuntu/bemagro/data/image/Orthomosaico.tif","Farm":"data"},"geometry":{"type":"MultiLineString","coordinates":[[[-51.047858045867031,-22.186263821816635],[-51.047870164549181,-22.186279847011622],[-51.047911397040657,-22.186330093686113],[-51.047956727176242,-22.186388757045734],[-51.047991830366129,-22.186431994851766],[-51.047996165409231,-22.186436835441391]]]}},
{"type":"Feature","properties":{"Field":"001","Length":235.18439577811048,"Image":"/home/ubuntu/bemagro/data/image/Orthomosaico.tif","Farm":"data"},"geometry":{"type":"MultiLineString","coordinates":[[[-51.047996110319787,-22.186422606892386],[-51.047993479104001,-22.186419446431763],[-51.047888774434007,-22.186289307922426],[-51.047883191151627,-22.186281919961257],[-51.047869943471454,-22.186263783704472]]]}},
{"type":"Feature","properties":{"Field":"001","Length":235.18439577811048,"Image":"/home/ubuntu/bemagro/data/image/Orthomosaico.tif","Farm":"data"},"geometry":{"type":"MultiLineString","coordinates":[[[-51.047996025577156,-22.186400719489416],[-51.04796382279757,-22.186358932257331],[-51.047922542320414,-22.186308719263291],[-51.047887716459492,-22.186263726771422]]]}},
{"type":"Feature","properties":{"Field":"001","Length":235.18439577811048,"Image":"/home/ubuntu/bemagro/data/image/Orthomosaico.tif","Farm":"data"},"geometry":{"type":"MultiLineString","coordinates":[[[-51.047995967453275,-22.186385707202792],[-51.047899037860439,-22.18626369050504]]]}},
{"type":"Feature","properties":{"Field":"001","Length":235.18439577811048,"Image":"/home/ubuntu/bemagro/data/image/Orthomosaico.tif","Farm":"data"},"geometry":{"type":"MultiLineString","coordinates":[[[-51.047995888197519,-22.186365236956735],[-51.047988672806525,-22.186356335243588],[-51.047915997088872,-22.186263636178744]]]}},
{"type":"Feature","properties":{"Field":"001","Length":235.18439577811048,"Image":"/home/ubuntu/bemagro/data/image/Orthomosaico.tif","Farm":"data"},"geometry":{"type":"MultiLineString","coordinates":[[[-51.047995827701513,-22.186349611994391],[-51.047954322710652,-22.186297124952524],[-51.047928855675984,-22.186263594988223]]]}},
{"type":"Feature","properties":{"Field":"001","Length":235.18439577811048,"Image":"/home/ubuntu/bemagro/data/image/Orthomosaico.tif","Farm":"data"},"geometry":{"type":"MultiLineString","coordinates":[[[-51.047995740217623,-22.186327016579209],[-51.04794582277637,-22.186263540636705]]]}},
{"type":"Feature","properties":{"Field":"001","Length":235.18439577811048,"Image":"/home/ubuntu/bemagro/data/image/Orthomosaico.tif","Farm":"data"},"geometry":{"type":"MultiLineString","coordinates":[[[-51.047995679955164,-22.186311451937588],[-51.047981797792183,-22.186295337658173],[-51.047956103836611,-22.1862635077029]]]}},
{"type":"Feature","properties":{"Field":"001","Length":235.18439577811048,"Image":"/home/ubuntu/bemagro/data/image/Orthomosaico.tif","Farm":"data"},"geometry":{"type":"MultiLineString","coordinates":[[[-51.047995596151374,-22.18628980702119],[-51.047974210560156,-22.186263449700775]]]}},
{"type":"Feature","properties":{"Field":"001","Length":235.18439577811048,"Image":"/home/ubuntu/bemagro/data/image/Orthomosaico.tif","Farm":"data"},"geometry":{"type":"MultiLineString","coordinates":[[[-51.047995543254558,-22.186276144784024],[-51.047985824190619,-22.186264560778667],[-51.047984982283936,-22.186263415195203]]]}},
{"type":"Feature","properties":{"Field":"001","Length":235.18439577811048,"Image":"/home/ubuntu/bemagro/data/image/Orthomosaico.tif","Farm":"data"},"geometry":{"type":"MultiLineString","coordinates":[[[-51.047995262573743,-22.186540315494842],[-51.047953721186673,-22.186491630382349],[-51.047889403648107,-22.186412333426905],[-51.047872299511432,-22.186390405472782],[-51.047866714571569,-22.186383018619903],[-51.047861556420621,-22.186375367572804],[-51.04784929388456,-22.186361365835232],[-51.047803337688791,-22.186303126308736],[-51.04778685720332,-22.186280788362023],[-51.047776738218467,-22.186265371891214],[-51.047775831872634,-22.18626408517661]]]}},
{"type":"Feature","properties":{"Field":"001","Length":235.18439577811048,"Image":"/home/ubuntu/bemagro/data/image/Orthomosaico.tif","Farm":"data"},"geometry":{"type":"MultiLineString","coordinates":[[[-51.047978161721659,-22.186540360221624],[-51.047948095498882,-22.186504701552209],[-51.047866107109172,-22.186403869451318],[-51.047832148358502,-22.186359845668971],[-51.047803097485925,-22.186323672526274],[-51.047780928183442,-22.186294013879426],[-51.047763555854011,-22.186272269567866],[-51.047757580083172,-22.186264143643431]]]}},
{"type":"Feature","properties":{"Field":"001","Length":235.18439577811048,"Image":"/home/ubuntu/bemagro/data/image/Orthomosaico.tif","Farm":"data"},"geometry":{"type":"MultiLineString","coordinates":[[[-51.047966943125139,-22.18654038956354],[-51.047948787837186,-22.186519434393656],[-51.0479255072147,-22.186490524282945],[-51.047901148055352,-22.186462395573532],[-51.047895502012103,-22.186455049093077],[-51.047884628077185,-22.186440085061534],[-51.047878834587692,-22.186432838834158],[-51.047861006404545,-22.186411416929463],[-51.047855298280808,-22.186404112178117],[-51.047821662035432,-22.186359874171785],[-51.047798081095401,-22.186331175990539],[-51.047792523843704,-22.186323771024643],[-51.047776322010385,-22.186301256577607],[-51.047747469454144,-22.186264176031287]]]}},
{"type":"Feature","properties":{"Field":"001","Length":235.18439577811048,"Image":"/home/ubuntu/bemagro/data/image/Orthomosaico.tif","Farm":"data"},"geometry":{"type":"MultiLineString","coordinates":[[[-51.04794708632982,-22.186540441498412],[-51.047931440163531,-22.186522070522869],[-51.047872708140204,-22.186450166978016],[-51.047850464733635,-22.186420556537108],[-51.04776949177662,-22.186319015293108],[-51.047742130045933,-22.186281717306834],[-51.047728470671316,-22.186264236890988]]]}},
{"type":"Feature","properties":{"Field":"001","Length":235.18439577811048,"Image":"/home/ubuntu/bemagro/data/image/Orthomosaico.tif","Farm":"data"},"geometry":{"type":"MultiLineString","coordinates":[[[-51.047934866358887,-22.186540473459392],[-51.047926500566021,-22.186530662690423],[-51.047867977880266,-22.186458611238141],[-51.047851200081389,-22.186436465685091],[-51.047827585909324,-22.186407790600526],[-51.047781771201528,-22.186349454323899],[-51.047737333294606,-22.186290201514751],[-51.047717291256077,-22.186264272702537]]]}},
{"type":"Feature","properties":{"Field":"001","Length":235.18439577811048,"Image":"/home/ubuntu/bemagro/data/image/Orthomosaico.tif","Farm":"data"},"geometry":{"type":"MultiLineString","coordinates":[[[-51.04791879059875,-22.186540515505076],[-51.047875640081287,-22.186488630685993],[-51.047805518833748,-22.186402094390484],[-51.047794645421597,-22.186387130031857],[-51.047760094216969,-22.186343507919151],[-51.047749716121977,-22.186328241558069],[-51.047732623228846,-22.186306306006443],[-51.047701343749317,-22.186264323787938]]]}},
{"type":"Feature","properties":{"Field":"001","Length":235.18439577811048,"Image":"/home/ubuntu/bemagro/data/image/Orthomosaico.tif","Farm":"data"},"geometry":{"type":"MultiLineString","coordinates":[[[-51.047906648965302,-22.186540547261167],[-51.047851688024146,-22.186474038950532],[-51.047811118568632,-22.186423325781373],[-51.047777651646435,-22.186378976527831],[-51.047754229781042,-22.186350164976556],[-51.047738473714823,-22.186327377779389],[-51.047692945928766,-22.18626884701327],[-51.047689612740626,-22.186264361366433]]]}},
{"type":"Feature","properties":{"Field":"001","Length":235.18439577811048,"Image":"/home/ubuntu/bemagro/data/image/Orthomosaico.tif","Farm":"data"},"geometry":{"type":"MultiLineString","coordinates":[[[-51.047890571537906,-22.18654058931121],[-51.047859987534864,-22.18650425750122],[-51.047807492262081,-22.18643928813561],[-51.047762393470741,-22.186380469991821],[-51.047716412432777,-22.186322247336481],[-51.047673710707109,-22.186264412306169]]]}},
{"type":"Feature","properties":{"Field":"001","Length":235.18439577811048,"Image":"/home/ubuntu/bemagro/data/image/Orthomosaico.tif","Farm":"data"},"geometry":{"type":"MultiLineString","coordinates":[[[-51.04787834369904,-22.186540621292771],[-51.047855223283221,-22.186511835442126],[-51.047842762781833,-22.186497985820164],[-51.047825717796258,-22.186476017945619],[-51.04780742362361,-22.186454939554725],[-51.047785420293117,-22.186425173887841],[-51.047756224736247,-22.186389101910621],[-51.047728734499856,-22.186351885909477],[-51.047705343516412,-22.18632305260925],[-51.047661809323181,-22.186264450430436]]]}},
{"type":"Feature","properties":{"Field":"001","Length":235.18439577811048,"Image":"/home/ubuntu/bemagro/data/image/Orthomosaico.tif","Farm":"data"},"geometry":{"type":"MultiLineString","coordinates":[[[-51.047645310269552,-22.186264503282636],[-51.04766220608419,-22.186287425619824],[-51.047667380338609,-22.186295067425785],[-51.0476786166452,-22.186309797313449],[-51.04769472505658,-22.186332369557316],[-51.047716908961746,-22.186362018653977],[-51.047728322758275,-22.186376628833582],[-51.047856350148969,-22.186535648766771],[-51.047860502683143,-22.18654066795543]]]}},
{"type":"Feature","properties":{"Field":"001","Length":235.18439577811048,"Image":"/home/ubuntu/bemagro/data/image/Orthomosaico.tif","Farm":"data"},"geometry":{"type":"MultiLineString","coordinates":[[[-51.047848564804774,-22.186540699178604],[-51.047838924926673,-22.186529342329575],[-51.047711864506418,-22.186369651393473],[-51.04768411461842,-22.186332603416744],[-51.04766308230532,-22.18630223554559],[-51.047635247380313,-22.186265242988579],[-51.047634756928588,-22.186264537088654]]]}},
{"type":"Feature","properties":{"Field":"001","Length":235.18439577811048,"Image":"/home/ubuntu/bemagro/data/image/Orthomosaico.tif","Farm":"data"},"geometry":{"type":"MultiLineString","coordinates":[[[-51.047830442524614,-22.186540746576902],[-51.047816542031384,-22.186524467682272],[-51.04774832047616,-22.186436624203424],[-51.04771294384949,-22.186393579731057],[-51.047696080373456,-22.186371490698019],[-51.047618203319509,-22.186264590115613]]]}},
{"type":"Feature","properties":{"Field":"001","Length":235.18439577811048,"Image":"/home/ubuntu/bemagro/data/image/Orthomosaico.tif","Farm":"data"},"geometry":{"type":"MultiLineString","coordinates":[[[-51.047818630786381,-22.18654077747016],[-51.047811608940201,-22.186532457725857],[-51.047771611172038,-22.186481352191453],[-51.047707630711436,-22.18640181903011],[-51.047636757058122,-22.186304674786165],[-51.047619909094742,-22.186282575495174],[-51.047606994332305,-22.186264626021892]]]}},
{"type":"Feature","properties":{"Field":"001","Length":235.18439577811048,"Image":"/home/ubuntu/bemagro/data/image/Orthomosaico.tif","Farm":"data"},"geometry":{"type":"MultiLineString","coordinates":[[[-51.047801244375222,-22.186540822943815],[-51.047801066830232,-22.186540606911109],[-51.047767171745782,-22.186496540572627],[-51.04768080057331,-22.186387480561496],[-51.047664704119406,-22.186364900645984],[-51.047609180053882,-22.186290819469171],[-51.047590756447477,-22.186264678037475]]]}},
{"type":"Feature","properties":{"Field":"001","Length":235.18439577811048,"Image":"/home/ubuntu/bemagro/data/image/Orthomosaico.tif","Farm":"data"},"geometry":{"type":"MultiLineString","coordinates":[[[-51.047790119803402,-22.186540852039812],[-51.047745434244305,-22.186482304110278],[-51.047687372731517,-22.186409929786432],[-51.047654439507269,-22.186365235350664],[-51.047642793301691,-22.186350784134724],[-51.047621423234332,-22.186320620955428],[-51.047598707733542,-22.186291322976242],[-51.047583136190667,-22.186268426033095],[-51.04758035679793,-22.186264711351164]]]}},
{"type":"Feature","properties":{"Field":"001","Length":235.18439577811048,"Image":"/home/ubuntu/bemagro/data/image/Orthomosaico.tif","Farm":"data"},"geometry":{"type":"MultiLineString","coordinates":[[[-51.047774815889092,-22.186540892066756],[-51.04774688832098,-22.18650518068771],[-51.047710582495363,-22.186461663204774],[-51.047659594949323,-22.186396776815133],[-51.047648396700588,-22.18638092933076],[-51.047614529640221,-22.186336844481342],[-51.047565812846585,-22.186270462186361],[-51.047561717316661,-22.186264771059896]]]}},
{"type":"Feature","properties":{"Field":"001","Length":235.18439577811048,"Image":"/home/ubuntu/bemagro/data/image/Orthomosaico.tif","Farm":"data"},"geometry":{"type":"MultiLineString","coordinates":[[[-51.047763287391817,-22.186540922219205],[-51.04772469217496,-22.186491562872362],[-51.047700776842547,-22.186463105083387],[-51.047665897843196,-22.186419709805381],[-51.047655257360219,-22.186404600917939],[-51.047626988647259,-22.18636789421252],[-51.047560933875729,-22.186278625970509],[-51.047551121249839,-22.186264805002779]]]}},
{"type":"Feature","properties":{"Field":"001","Length":235.18439577811048,"Image":"/home/ubuntu/bemagro/data/image/Orthomosaico.tif","Farm":"data"},"geometry":{"type":"MultiLineString","coordinates":[[[-51.047535511785867,-22.186264855005312],[-51.047564457270383,-22.186305492764504],[-51.047586716190835,-22.186335092464013],[-51.047592116622205,-22.186342597381117],[-51.047607875676057,-22.186365382697204],[-51.047624246508839,-22.186387790139271],[-51.047629789749827,-22.186395204203038],[-51.047641164731779,-22.186409841251695],[-51.047710214834282,-22.18649712139678],[-51.047745860714755,-22.186540967798173]]]}},
{"type":"Feature","properties":{"Field":"001","Length":235.18439577811048,"Image":"/home/ubuntu/bemagro/data/image/Orthomosaico.tif","Farm":"data"},"geometry":{"type":"MultiLineString","coordinates":[[[-51.047522409797345,-22.186264896975533],[-51.0475532372309,-22.186307636903557],[-51.047576148473226,-22.186337913747991],[-51.047586670472327,-22.186353092979004],[-51.047592216841984,-22.186360504793655],[-51.04760940108622,-22.186382377409355],[-51.047653401731097,-22.186440812523902],[-51.047664878978395,-22.186455380099378],[-51.047733299820692,-22.186541000650827]]]}},
{"type":"Feature","properties":{"Field":"001","Length":235.18439577811048,"Image":"/home/ubuntu/bemagro/data/image/Orthomosaico.tif","Farm":"data"},"geometry":{"type":"MultiLineString","coordinates":[[[-51.04750634381066,-22.186264948440467],[-51.047516162543715,-22.186278968114024],[-51.047593293521444,-22.186383070370031],[-51.047716412929226,-22.186541044818004]]]}},
{"type":"Feature","properties":{"Field":"001","Length":235.18439577811048,"Image":"/home/ubuntu/bemagro/data/image/Orthomosaico.tif","Farm":"data"},"geometry":{"type":"MultiLineString","coordinates":[[[-51.047704281083554,-22.186541076548494],[-51.047701745479365,-22.186538001979816],[-51.047673841195653,-22.186501054194469],[-51.04762719848781,-22.186443289805737],[-51.047576589069237,-22.186377035278344],[-51.047526893680811,-22.186310183355534],[-51.0474948037809,-22.186264985407192]]]}},
{"type":"Feature","properties":{"Field":"001","Length":235.18439577811048,"Image":"/home/ubuntu/bemagro/data/image/Orthomosaico.tif","Farm":"data"},"geometry":{"type":"MultiLineString","coordinates":[[[-51.047478675155155,-22.186265037072779],[-51.047490671480126,-22.186282379743709],[-51.047555968964474,-22.186372129862669],[-51.047612282484266,-22.186445692321296],[-51.047664746064264,-22.186510683826956],[-51.047688137368162,-22.186541118771913]]]}},
{"type":"Feature","properties":{"Field":"001","Length":235.18439577811048,"Image":"/home/ubuntu/bemagro/data/image/Orthomosaico.tif","Farm":"data"},"geometry":{"type":"MultiLineString","coordinates":[[[-51.047473810313676,-22.186273821233819],[-51.047518094612705,-22.186335643294001],[-51.047550602092912,-22.186379513896721],[-51.04760161285212,-22.186446610832192],[-51.047653937084995,-22.186511699695174],[-51.047676588938572,-22.186541148976495]]]}},
{"type":"Feature","properties":{"Field":"001","Length":235.18439577811048,"Image":"/home/ubuntu/bemagro/data/image/Orthomosaico.tif","Farm":"data"},"geometry":{"type":"MultiLineString","coordinates":[[[-51.047657856879745,-22.186541197969653],[-51.047637557349475,-22.186516281549444],[-51.047603118243259,-22.186472582812733],[-51.047591763172576,-22.186457932224084],[-51.047519215557934,-22.186361865825493],[-51.047513804739964,-22.186354367388113],[-51.047473790652283,-22.186297152888105]]]}},
{"type":"Feature","properties":{"Field":"001","Length":235.18439577811048,"Image":"/home/ubuntu/bemagro/data/image/Orthomosaico.tif","Farm":"data"},"geometry":{"type":"MultiLineString","coordinates":[[[-51.047644899328048,-22.186541231859753],[-51.047612731508103,-22.186501021709592],[-51.047584317782594,-22.186464412231235],[-51.047540272813229,-22.186404905475552],[-51.047516930446044,-22.186376038017229],[-51.047495510652091,-22.186345905443435],[-51.047480362316556,-22.186322763568981],[-51.047473776453565,-22.186314002126885]]]}},
{"type":"Feature","properties":{"Field":"001","Length":235.18439577811048,"Image":"/home/ubuntu/bemagro/data/image/Orthomosaico.tif","Farm":"data"},"geometry":{"type":"MultiLineString","coordinates":[[[-51.04762985614682,-22.18654127120476],[-51.047599832176175,-22.186504227303704],[-51.047576846680464,-22.186475112679943],[-51.047544358891585,-22.186430138088021],[-51.047515934526452,-22.186393537076992],[-51.047484047265684,-22.186348191830362],[-51.047473759095922,-22.186334599974767]]]}},
{"type":"Feature","properties":{"Field":"001","Length":235.18439577811048,"Image":"/home/ubuntu/bemagro/data/image/Orthomosaico.tif","Farm":"data"},"geometry":{"type":"MultiLineString","coordinates":[[[-51.047618458878787,-22.186541301013982],[-51.047577571596705,-22.186490313022318],[-51.047571856628565,-22.186483013044786],[-51.047566310686356,-22.186475601113411],[-51.047522340654439,-22.186416046627951],[-51.047505294508618,-22.186394079792059],[-51.04749424610884,-22.186379228748397],[-51.047473745628963,-22.1863505808589]]]}},
{"type":"Feature","properties":{"Field":"001","Length":235.18439577811048,"Image":"/home/ubuntu/bemagro/data/image/Orthomosaico.tif","Farm":"data"},"geometry":{"type":"MultiLineString","coordinates":[[[-51.047599868264001,-22.186541349637196],[-51.047584227698351,-22.186522944181853],[-51.04757840624162,-22.186515717755384],[-51.047561257732113,-22.186493821766494],[-51.047529024501891,-22.186448688714311],[-51.047473724285346,-22.186375908763658]]]}},
{"type":"Feature","properties":{"Field":"001","Length":235.18439577811048,"Image":"/home/ubuntu/bemagro/data/image/Orthomosaico.tif","Farm":"data"},"geometry":{"type":"MultiLineString","coordinates":[[[-51.047588293901121,-22.186541379909606],[-51.04757265714597,-22.186523032653401],[-51.047560921630051,-22.186508645161851],[-51.047549813428596,-22.186493832243293],[-51.047511798621201,-22.186441430856092],[-51.047478047698306,-22.186397268748703],[-51.047473711201278,-22.186391435272999]]]}},
{"type":"Feature","properties":{"Field":"001","Length":235.18439577811048,"Image":"/home/ubuntu/bemagro/data/image/Orthomosaico.tif","Farm":"data"},"geometry":{"type":"MultiLineString","coordinates":[[[-51.047571671991406,-22.18654142338373],[-51.04755047782335,-22.186515457756169],[-51.047473693215515,-22.186412778496891]]]}},
{"type":"Feature","properties":{"Field":"001","Length":235.18439577811048,"Image":"/home/ubuntu/bemagro/data/image/Orthomosaico.tif","Farm":"data"},"geometry":{"type":"MultiLineString","coordinates":[[[-51.047558071669329,-22.186541458954977],[-51.047556259808175,-22.186539267997087],[-51.047533502166239,-22.186509998373705],[-51.047506310873516,-22.186472592358744],[-51.047473679150791,-22.186429468729916]]]}},
{"type":"Feature","properties":{"Field":"001","Length":235.18439577811048,"Image":"/home/ubuntu/bemagro/data/image/Orthomosaico.tif","Farm":"data"},"geometry":{"type":"MultiLineString","coordinates":[[[-51.047542475851138,-22.186541499745388],[-51.047501656008059,-22.186487037907249],[-51.047473661006677,-22.186450999871106]]]}},
{"type":"Feature","properties":{"Field":"001","Length":235.18439577811048,"Image":"/home/ubuntu/bemagro/data/image/Orthomosaico.tif","Farm":"data"},"geometry":{"type":"MultiLineString","coordinates":[[[-51.047529947337694,-22.186541532513353],[-51.047496685698022,-22.186496454919627],[-51.047491090152846,-22.186489077092908],[-51.047473647092026,-22.186467512008775]]]}},
{"type":"Feature","properties":{"Field":"001","Length":235.18439577811048,"Image":"/home/ubuntu/bemagro/data/image/Orthomosaico.tif","Farm":"data"},"geometry":{"type":"MultiLineString","coordinates":[[[-51.047473629378814,-22.18648853180715],[-51.047492745445524,-22.186514910082042],[-51.047513383717892,-22.186541575835019]]]}},
{"type":"Feature","properties":{"Field":"001","Length":235.18439577811048,"Image":"/home/ubuntu/bemagro/data/image/Orthomosaico.tif","Farm":"data"},"geometry":{"type":"MultiLineString","coordinates":[[[-51.047501534164432,-22.186541606827184],[-51.047473616098266,-22.186504291478393]]]}},
{"type":"Feature","properties":{"Field":"001","Length":235.18439577811048,"Image":"/home/ubuntu/bemagro/data/image/Orthomosaico.tif","Farm":"data"},"geometry":{"type":"MultiLineString","coordinates":[[[-51.047486021664312,-22.186541647399679],[-51.047473598511765,-22.186525160910996]]]}}
]
}
