{
"type": "FeatureCollection",
"name": "74098_LINHAS",
"crs": { "type": "name", "properties": { "name": "urn:ogc:def:crs:OGC:1.3:CRS84" } },
"xy_coordinate_resolution": 1e-15,
"features": [
{ "type": "Feature", "properties": { "Field": "000", "Length": 752.03260740906762, "id": null }, "geometry": { "type": "MultiLineString", "coordinates": [ [ [ -51.072520551140471, -22.182442747189274 ], [ -51.072526930635817, -22.182444680047471 ] ] ] } },
{ "type": "Feature", "properties": { "Field": "000", "Length": 753.03109622130614, "id": null }, "geometry": { "type": "MultiLineString", "coordinates": [ [ [ -51.072485951543392, -22.182442838428567 ], [ -51.072526401, -22.182455511 ], [ -51.072526936273057, -22.182455665354588 ] ] ] } },
{ "type": "Feature", "properties": { "Field": "000", "Length": 754.36792732022252, "id": null }, "geometry": { "type": "MultiLineString", "coordinates": [ [ [ -51.072526942707512, -22.182468204196528 ], [ -51.072518789, -22.182465962 ], [ -51.072472721, -22.182451833 ], [ -51.07244607839614, -22.182442943574234 ] ] ] } },
{ "type": "Feature", "properties": { "Field": "000", "Length": 755.46486241660705, "id": null }, "geometry": { "type": "MultiLineString", "coordinates": [ [ [ -51.072411927634832, -22.182443033629948 ], [ -51.072466659, -22.182460188 ], [ -51.072485114, -22.182465761 ], [ -51.072526947782734, -22.182478094290111 ] ] ] } },
{ "type": "Feature", "properties": { "Field": "000", "Length": 756.70479590943194, "id": null }, "geometry": { "type": "MultiLineString", "coordinates": [ [ [ -51.07237179320294, -22.182443139464624 ], [ -51.072410034, -22.18245471 ], [ -51.072474225, -22.182475334 ], [ -51.072526954553858, -22.182491289207924 ] ] ] } },
{ "type": "Feature", "properties": { "Field": "000", "Length": 757.86984618179099, "id": null }, "geometry": { "type": "MultiLineString", "coordinates": [ [ [ -51.072337663516976, -22.182443229464759 ], [ -51.07234814, -22.182446552 ], [ -51.072421941, -22.1824689 ], [ -51.072431127, -22.182471802 ], [ -51.072458516, -22.182480956 ], [ -51.072526959772482, -22.182501458743584 ] ] ] } },
{ "type": "Feature", "properties": { "Field": "000", "Length": 759.12091846727924, "id": null }, "geometry": { "type": "MultiLineString", "coordinates": [ [ [ -51.072304486923485, -22.182443316951584 ], [ -51.072304534, -22.182443333 ], [ -51.07240542, -22.182475699 ], [ -51.072506812, -22.182506668 ], [ -51.072526965334411, -22.182512297297809 ] ] ] } },
{ "type": "Feature", "properties": { "Field": "000", "Length": 760.22952649568583, "id": null }, "geometry": { "type": "MultiLineString", "coordinates": [ [ [ -51.072275263529605, -22.182443394013806 ], [ -51.072315484, -22.182456443 ], [ -51.072324605, -22.182459518 ], [ -51.072351743, -22.182469302 ], [ -51.072397435, -22.182484454 ], [ -51.072406617, -22.182487369 ], [ -51.072443588, -22.182498336 ], [ -51.072471087, -22.182507205 ], [ -51.072480302, -22.182510029 ], [ -51.072526970790776, -22.182522930128091 ] ] ] } },
{ "type": "Feature", "properties": { "Field": "000", "Length": 761.70613905889354, "id": null }, "geometry": { "type": "MultiLineString", "coordinates": [ [ [ -51.072233935625448, -22.182443502995675 ], [ -51.072287325, -22.182461009 ], [ -51.072360193, -22.182485867 ], [ -51.072443307, -22.182510754 ], [ -51.072489272, -22.182525171 ], [ -51.072526977293982, -22.182535602942178 ] ] ] } },
{ "type": "Feature", "properties": { "Field": "000", "Length": 762.86319920740766, "id": null }, "geometry": { "type": "MultiLineString", "coordinates": [ [ [ -51.072205023308406, -22.182443579237585 ], [ -51.072244584, -22.182456925 ], [ -51.072280654, -22.182470243 ], [ -51.072289738, -22.182473404 ], [ -51.072354147, -22.182493425 ], [ -51.072408946, -22.182511683 ], [ -51.072492102, -22.182536445 ], [ -51.072526983374082, -22.182547451258813 ] ] ] } },
{ "type": "Feature", "properties": { "Field": "000", "Length": 764.33895632550048, "id": null }, "geometry": { "type": "MultiLineString", "coordinates": [ [ [ -51.072170286540619, -22.182443670838598 ], [ -51.072170896, -22.182443896 ], [ -51.072243956, -22.182468263 ], [ -51.072307225, -22.182491222 ], [ -51.072408214, -22.182523311 ], [ -51.07252698948632, -22.182559362186858 ] ] ] } },
{ "type": "Feature", "properties": { "Field": "000", "Length": 765.49203884402402, "id": null }, "geometry": { "type": "MultiLineString", "coordinates": [ [ [ -51.072142223749879, -22.182443744840306 ], [ -51.07231718, -22.182504616 ], [ -51.072335414, -22.182510788 ], [ -51.072427462, -22.182539294 ], [ -51.072526995498841, -22.182571078809023 ] ] ] } },
{ "type": "Feature", "properties": { "Field": "000", "Length": 766.84680751792609, "id": null }, "geometry": { "type": "MultiLineString", "coordinates": [ [ [ -51.07252700163346, -22.182583033350344 ], [ -51.072461701, -22.182564184 ], [ -51.072406862, -22.182546023 ], [ -51.072369887, -22.182535064 ], [ -51.072305627, -22.182514628 ], [ -51.072269229, -22.182502107 ], [ -51.07224225, -22.182491948 ], [ -51.072205543, -22.182480236 ], [ -51.072133407, -22.182453586 ], [ -51.07213269908852, -22.182453346711885 ] ] ] } },
{ "type": "Feature", "properties": { "Field": "000", "Length": 768.06850929375798, "id": null }, "geometry": { "type": "MultiLineString", "coordinates": [ [ [ -51.072132752098163, -22.182465237875476 ], [ -51.072136741, -22.182466648 ], [ -51.072173211, -22.182478986 ], [ -51.072182219, -22.182482338 ], [ -51.072208999, -22.182492945 ], [ -51.07221807, -22.182496146 ], [ -51.072227233, -22.182499112 ], [ -51.072236314, -22.182502289 ], [ -51.072254356, -22.182508932 ], [ -51.072263489, -22.182511978 ], [ -51.07231873, -22.182529047 ], [ -51.072410265, -22.182558954 ], [ -51.072521417, -22.182591152 ], [ -51.0725270066946, -22.182592896006941 ] ] ] } },
{ "type": "Feature", "properties": { "Field": "000", "Length": 769.46317006188394, "id": null }, "geometry": { "type": "MultiLineString", "coordinates": [ [ [ -51.072132799208006, -22.182475805592372 ], [ -51.072180509, -22.182493357 ], [ -51.072253054, -22.182519025 ], [ -51.072262192, -22.182522051 ], [ -51.072308211, -22.182536318 ], [ -51.072317349, -22.182539344 ], [ -51.072344576, -22.182548915 ], [ -51.072353712, -22.182551946 ], [ -51.072454847, -22.182583635 ], [ -51.072517672954945, -22.182601801900702 ] ] ] } },
{ "type": "Feature", "properties": { "Field": "000", "Length": 770.9623313694841, "id": null }, "geometry": { "type": "MultiLineString", "coordinates": [ [ [ -51.072132846121171, -22.182486329189476 ], [ -51.072137354, -22.182487957 ], [ -51.072219115, -22.182516467 ], [ -51.072255319, -22.182529464 ], [ -51.072301142, -22.182544269 ], [ -51.072337468, -22.182556968 ], [ -51.072411202, -22.182579505 ], [ -51.072466017, -22.182597726 ], [ -51.072475204, -22.182600628 ], [ -51.072478938302545, -22.182601677291203 ] ] ] } },
{ "type": "Feature", "properties": { "Field": "000", "Length": 772.0929771632816, "id": null }, "geometry": { "type": "MultiLineString", "coordinates": [ [ [ -51.072132901223519, -22.182498689792073 ], [ -51.072155776, -22.182507132 ], [ -51.072210405, -22.182525832 ], [ -51.072274495, -22.182546725 ], [ -51.0722836, -22.182549837 ], [ -51.072346876, -22.182572783 ], [ -51.072355971, -22.18257592 ], [ -51.072401804, -22.182590698 ], [ -51.072436993289955, -22.182601542353968 ] ] ] } },
{ "type": "Feature", "properties": { "Field": "000", "Length": 773.13699816554072, "id": null }, "geometry": { "type": "MultiLineString", "coordinates": [ [ [ -51.072398868991435, -22.182601419707982 ], [ -51.072342306, -22.182583175 ], [ -51.07233321, -22.182580039 ], [ -51.072242695, -22.18254755 ], [ -51.072169648, -22.182523152 ], [ -51.072160572, -22.182519966 ], [ -51.072133454, -22.182510132 ], [ -51.07213295135157, -22.182509934555078 ] ] ] } },
{ "type": "Feature", "properties": { "Field": "000", "Length": 774.521131789896, "id": null }, "geometry": { "type": "MultiLineString", "coordinates": [ [ [ -51.072360243430438, -22.182601295449434 ], [ -51.07231588, -22.182585664 ], [ -51.072206299, -22.182549091 ], [ -51.072134038, -22.182522739 ], [ -51.072133006880328, -22.182522390808426 ] ] ] } },
{ "type": "Feature", "properties": { "Field": "000", "Length": 775.61927630773471, "id": null }, "geometry": { "type": "MultiLineString", "coordinates": [ [ [ -51.072133056587781, -22.182533541222949 ], [ -51.072205142, -22.182559423 ], [ -51.072269269, -22.182580213 ], [ -51.072323735, -22.182599324 ], [ -51.072329319075486, -22.182601195965688 ] ] ] } },
{ "type": "Feature", "properties": { "Field": "000", "Length": 777.22350605418922, "id": null }, "geometry": { "type": "MultiLineString", "coordinates": [ [ [ -51.072133112544776, -22.18254609354009 ], [ -51.072195806, -22.182567638 ], [ -51.072222942, -22.182577429 ], [ -51.072232059, -22.182580513 ], [ -51.072268779, -22.182592191 ], [ -51.072294826098563, -22.182601085001675 ] ] ] } },
{ "type": "Feature", "properties": { "Field": "000", "Length": 778.43702979277975, "id": null }, "geometry": { "type": "MultiLineString", "coordinates": [ [ [ -51.072133160510013, -22.182556853138607 ], [ -51.072179386, -22.1825741 ], [ -51.07221561, -22.182587051 ], [ -51.072233781, -22.182593381 ], [ -51.072257265402939, -22.182600964168799 ] ] ] } },
{ "type": "Feature", "properties": { "Field": "000", "Length": 779.76389507698332, "id": null }, "geometry": { "type": "MultiLineString", "coordinates": [ [ [ -51.072133212738578, -22.182568569090929 ], [ -51.072197725, -22.182592892 ], [ -51.072206774, -22.182596146 ], [ -51.072215934, -22.182599119 ], [ -51.072221622769682, -22.18260084950634 ] ] ] } },
{ "type": "Feature", "properties": { "Field": "000", "Length": 780.80884310267584, "id": null }, "geometry": { "type": "MultiLineString", "coordinates": [ [ [ -51.072133260767409, -22.1825793429566 ], [ -51.072192693, -22.182600144 ], [ -51.072194332548307, -22.182600761713612 ] ] ] } },
{ "type": "Feature", "properties": { "Field": "000", "Length": 782.24621706252185, "id": null }, "geometry": { "type": "MultiLineString", "coordinates": [ [ [ -51.072133320806422, -22.182592810954169 ], [ -51.072155245740156, -22.18260063597123 ] ] ] } },
{ "type": "Feature", "properties": { "Field": "001", "Length": 838.4131219880021, "id": null }, "geometry": { "type": "MultiLineString", "coordinates": [ [ [ -51.071142486584904, -22.184548619046346 ], [ -51.071150508895563, -22.184551500033724 ] ] ] } },
{ "type": "Feature", "properties": { "Field": "001", "Length": 839.44079483420717, "id": null }, "geometry": { "type": "MultiLineString", "coordinates": [ [ [ -51.071108803120396, -22.184548904573383 ], [ -51.071150515371222, -22.184564361946151 ] ] ] } },
{ "type": "Feature", "properties": { "Field": "001", "Length": 840.43345133765024, "id": null }, "geometry": { "type": "MultiLineString", "coordinates": [ [ [ -51.071150521687542, -22.184576907360874 ], [ -51.071077977, -22.184550678 ], [ -51.071074013295458, -22.184549199478784 ] ] ] } },
{ "type": "Feature", "properties": { "Field": "001", "Length": 841.22324123560475, "id": null }, "geometry": { "type": "MultiLineString", "coordinates": [ [ [ -51.071150527635794, -22.184588721723806 ], [ -51.07112701, -22.184579248 ], [ -51.071109144, -22.184572206 ], [ -51.071045640171484, -22.184549439991272 ] ] ] } },
{ "type": "Feature", "properties": { "Field": "001", "Length": 842.08191196498592, "id": null }, "geometry": { "type": "MultiLineString", "coordinates": [ [ [ -51.071150533220383, -22.184599813796819 ], [ -51.071131347, -22.184593122 ], [ -51.071122331, -22.18458979 ], [ -51.07108651, -22.184575899 ], [ -51.071032418, -22.184555888 ], [ -51.071016888980772, -22.18454968370855 ] ] ] } },
{ "type": "Feature", "properties": { "Field": "001", "Length": 843.18210594712798, "id": null }, "geometry": { "type": "MultiLineString", "coordinates": [ [ [ -51.071150540794591, -22.184614857617252 ], [ -51.07114275, -22.184612282 ], [ -51.071133478, -22.184609629 ], [ -51.07112433, -22.184606667 ], [ -51.071097847, -22.184595446 ], [ -51.07106173, -22.184582248 ], [ -51.070984720738466, -22.184549956391393 ] ] ] } },
{ "type": "Feature", "properties": { "Field": "001", "Length": 844.0516800720759, "id": null }, "geometry": { "type": "MultiLineString", "coordinates": [ [ [ -51.070956347549192, -22.184550196904439 ], [ -51.071067007, -22.184595012 ], [ -51.071094071, -22.184604974 ], [ -51.071111771, -22.184612371 ], [ -51.071120708, -22.184615885 ], [ -51.071129853, -22.184618898 ], [ -51.071140602, -22.18462213 ], [ -51.071150546172269, -22.184625538724177 ] ] ] } },
{ "type": "Feature", "properties": { "Field": "001", "Length": 844.97986081327338, "id": null }, "geometry": { "type": "MultiLineString", "coordinates": [ [ [ -51.071150550043413, -22.184633227556521 ], [ -51.071138386, -22.184628917 ], [ -51.071135148, -22.184628098 ], [ -51.071125931, -22.184625281 ], [ -51.07106184, -22.184604389 ], [ -51.071034691, -22.184594629 ], [ -51.071016722, -22.184587816 ], [ -51.07096308, -22.18456678 ], [ -51.070936437, -22.184555877 ], [ -51.070922571475556, -22.184550483216501 ] ] ] } },
{ "type": "Feature", "properties": { "Field": "001", "Length": 845.89511676093946, "id": null }, "geometry": { "type": "MultiLineString", "coordinates": [ [ [ -51.071150556199974, -22.184645455662892 ], [ -51.071145931637098, -22.184643763682015 ], [ -51.071082854796884, -22.184620277928023 ], [ -51.070995496, -22.184588295 ], [ -51.070959298, -22.184575286 ], [ -51.070932677, -22.184564343 ], [ -51.070905753, -22.184554059 ], [ -51.070897275681503, -22.184550697643168 ] ] ] } },
{ "type": "Feature", "properties": { "Field": "001", "Length": 846.90305739527673, "id": null }, "geometry": { "type": "MultiLineString", "coordinates": [ [ [ -51.071150560979333, -22.184654948377975 ], [ -51.071069952037234, -22.184626850061385 ], [ -51.070983057, -22.18459407 ], [ -51.070955792, -22.184584595 ], [ -51.07092926, -22.184573462 ], [ -51.070911223, -22.184566806 ], [ -51.070884457, -22.184556169 ], [ -51.070870445443155, -22.184550925076973 ] ] ] } },
{ "type": "Feature", "properties": { "Field": "001", "Length": 847.67875896746693, "id": null }, "geometry": { "type": "MultiLineString", "coordinates": [ [ [ -51.071150565341533, -22.184663612552576 ], [ -51.07112475673182, -22.184654497748927 ], [ -51.071034764377671, -22.184623147142354 ], [ -51.070986744593938, -22.184605980484108 ], [ -51.070951558137558, -22.184592996784172 ], [ -51.070913791185589, -22.184578724626054 ], [ -51.070873445115325, -22.184563166751282 ], [ -51.070842756141147, -22.184551159792861 ] ] ] } },
{ "type": "Feature", "properties": { "Field": "001", "Length": 848.83326560894113, "id": null }, "geometry": { "type": "MultiLineString", "coordinates": [ [ [ -51.070815227920818, -22.184551393143298 ], [ -51.070821457, -22.184553868 ], [ -51.070830424, -22.184557313999989 ], [ -51.070857685, -22.184566797 ], [ -51.070866694, -22.184570146 ], [ -51.070875647, -22.184573624 ], [ -51.070902254, -22.184584601 ], [ -51.070956338, -22.184604632 ], [ -51.070992095, -22.184618663 ], [ -51.071010276, -22.184624968 ], [ -51.071046991, -22.18463666 ], [ -51.071056068, -22.184639846 ], [ -51.071065041, -22.18464328 ], [ -51.071074177, -22.184646316999977 ], [ -51.071083225, -22.184649573 ], [ -51.071145273, -22.184675265 ], [ -51.071150572267236, -22.184677368317409 ] ] ] } },
{ "type": "Feature", "properties": { "Field": "001", "Length": 849.4790360175981, "id": null }, "geometry": { "type": "MultiLineString", "coordinates": [ [ [ -51.07115057764716, -22.184688053875476 ], [ -51.071135359908652, -22.184682098455252 ], [ -51.071091135245787, -22.184663569942273 ], [ -51.071064331086006, -22.184653015164791 ], [ -51.071046278922353, -22.184646389402765 ], [ -51.071009927669621, -22.184633714946973 ], [ -51.070991821470379, -22.184627213519438 ], [ -51.070902039985967, -22.1845929366036 ], [ -51.070865991396388, -22.184579530329309 ], [ -51.070820780609104, -22.184563133679138 ], [ -51.070802787509237, -22.184556363264939 ], [ -51.070790528776271, -22.184551602512304 ] ] ] } },
{ "type": "Feature", "properties": { "Field": "001", "Length": 850.55930480874929, "id": null }, "geometry": { "type": "MultiLineString", "coordinates": [ [ [ -51.07115058457368, -22.184701811275602 ], [ -51.071094637, -22.184682394 ], [ -51.071067512, -22.184672578 ], [ -51.071058535, -22.184669155 ], [ -51.07102290600001, -22.184654843 ], [ -51.070986771, -22.184641676 ], [ -51.070870536, -22.184596123 ], [ -51.070807597, -22.184572388 ], [ -51.070757182490091, -22.184551885181154 ] ] ] } },
{ "type": "Feature", "properties": { "Field": "001", "Length": 851.30323262870763, "id": null }, "geometry": { "type": "MultiLineString", "coordinates": [ [ [ -51.071135255364403, -22.184707947496744 ], [ -51.071135223, -22.184707935 ], [ -51.071126178, -22.184704673 ], [ -51.071044336, -22.184676363 ], [ -51.071035415, -22.184672824 ], [ -51.071017772, -22.184665308 ], [ -51.070973067, -22.184647791 ], [ -51.070928691, -22.184629558 ], [ -51.070919751, -22.184626052 ], [ -51.070785002, -22.184574912 ], [ -51.070776111, -22.184571302 ], [ -51.070756213135006, -22.184562901620108 ] ] ] } },
{ "type": "Feature", "properties": { "Field": "001", "Length": 852.2168866590996, "id": null }, "geometry": { "type": "MultiLineString", "coordinates": [ [ [ -51.071093175053669, -22.184707965822156 ], [ -51.071071901, -22.184700672 ], [ -51.071035716, -22.184687624 ], [ -51.071026698, -22.184684295 ], [ -51.071017764, -22.184680774 ], [ -51.070955448, -22.184655653 ], [ -51.070946571, -22.184652009 ], [ -51.070928986, -22.184644376 ], [ -51.07092008, -22.184640797 ], [ -51.07076801, -22.184581381 ], [ -51.070756192870576, -22.184576590223124 ] ] ] } },
{ "type": "Feature", "properties": { "Field": "001", "Length": 852.91848280588817, "id": null }, "geometry": { "type": "MultiLineString", "coordinates": [ [ [ -51.071059936549545, -22.184707980297077 ], [ -51.071028786, -22.184696867 ], [ -51.070975213, -22.184675682 ], [ -51.070922268, -22.184653165 ], [ -51.070859183, -22.184629769 ], [ -51.070778893000011, -22.184597836 ], [ -51.070756173763847, -22.184589496802626 ] ] ] } },
{ "type": "Feature", "properties": { "Field": "001", "Length": 853.5156835415853, "id": null }, "geometry": { "type": "MultiLineString", "coordinates": [ [ [ -51.070756158053008, -22.184600109460547 ], [ -51.070784708, -22.184611744 ], [ -51.07080261, -22.184618709 ], [ -51.070856479, -22.184639234 ], [ -51.07087436, -22.184646246 ], [ -51.07101638, -22.184704554 ], [ -51.071025619392969, -22.184707995241737 ] ] ] } },
{ "type": "Feature", "properties": { "Field": "001", "Length": 854.06073183219416, "id": null }, "geometry": { "type": "MultiLineString", "coordinates": [ [ [ -51.071001051375795, -22.184708005940781 ], [ -51.070965302, -22.184694381 ], [ -51.070947453, -22.184687301 ], [ -51.070911928, -22.184672767 ], [ -51.070840221, -22.18464513 ], [ -51.070787024, -22.184623139 ], [ -51.070756142157755, -22.184610846692308 ] ] ] } },
{ "type": "Feature", "properties": { "Field": "001", "Length": 854.96648903261894, "id": null }, "geometry": { "type": "MultiLineString", "coordinates": [ [ [ -51.070966129564177, -22.184708021148762 ], [ -51.070965333, -22.18470772 ], [ -51.070822419, -22.184651336 ], [ -51.0707959, -22.184640175 ], [ -51.070756122213957, -22.184624318707868 ] ] ] } },
{ "type": "Feature", "properties": { "Field": "001", "Length": 855.83404555654431, "id": null }, "geometry": { "type": "MultiLineString", "coordinates": [ [ [ -51.07094077144248, -22.184708032191885 ], [ -51.070904427100544, -22.184693832207213 ], [ -51.070812724061192, -22.184659133211465 ], [ -51.070771542276759, -22.184643095593106 ], [ -51.070756103635745, -22.184636868275071 ] ] ] } },
{ "type": "Feature", "properties": { "Field": "001", "Length": 856.76520363981194, "id": null }, "geometry": { "type": "MultiLineString", "coordinates": [ [ [ -51.070910729053494, -22.184708045274942 ], [ -51.07088522, -22.184697979 ], [ -51.070831451, -22.184677227 ], [ -51.070813293, -22.184670862 ], [ -51.070786811, -22.184659624 ], [ -51.070756087772537, -22.184647583858471 ] ] ] } },
{ "type": "Feature", "properties": { "Field": "001", "Length": 857.43472345957878, "id": null }, "geometry": { "type": "MultiLineString", "coordinates": [ [ [ -51.070882882665828, -22.184708057401668 ], [ -51.07086351, -22.184700037 ], [ -51.070756071885697, -22.184658315404203 ] ] ] } },
{ "type": "Feature", "properties": { "Field": "001", "Length": 858.36188962633685, "id": null }, "geometry": { "type": "MultiLineString", "coordinates": [ [ [ -51.070756054384205, -22.184670137645114 ], [ -51.070836294, -22.184701049 ], [ -51.070853504161001, -22.184708070195615 ] ] ] } },
{ "type": "Feature", "properties": { "Field": "001", "Length": 859.25945066556653, "id": null }, "geometry": { "type": "MultiLineString", "coordinates": [ [ [ -51.070756036804752, -22.184682012550901 ], [ -51.07076953100001, -22.184687603 ], [ -51.070821510974682, -22.184708084128218 ] ] ] } },
{ "type": "Feature", "properties": { "Field": "001", "Length": 860.07554717731944, "id": null }, "geometry": { "type": "MultiLineString", "coordinates": [ [ [ -51.070788109407552, -22.184708098674154 ], [ -51.070756017955787, -22.184694745010688 ] ] ] } },
{ "type": "Feature", "properties": { "Field": "001", "Length": 860.8169927045202, "id": null }, "geometry": { "type": "MultiLineString", "coordinates": [ [ [ -51.070760529248986, -22.184708110684941 ], [ -51.070756000973347, -22.184706216635348 ] ] ] } },
{ "type": "Feature", "properties": { "Field": "007", "Length": 388.19774922782631, "id": null }, "geometry": { "type": "MultiLineString", "coordinates": [ [ [ -51.070150169179314, -22.189825156918825 ], [ -51.070140223, -22.189821502 ], [ -51.070079006500642, -22.189796379242878 ] ] ] } },
{ "type": "Feature", "properties": { "Field": "007", "Length": 387.90858713496101, "id": null }, "geometry": { "type": "MultiLineString", "coordinates": [ [ [ -51.070050379900941, -22.189796349486137 ], [ -51.070058423, -22.189799723 ], [ -51.070147569, -22.189835352 ], [ -51.070150263418817, -22.189836367157259 ] ] ] } },
{ "type": "Feature", "properties": { "Field": "007", "Length": 387.3994523927567, "id": null }, "geometry": { "type": "MultiLineString", "coordinates": [ [ [ -51.070150365518664, -22.189848512420586 ], [ -51.070117329, -22.189836383 ], [ -51.070108366, -22.189832926 ], [ -51.070017351579679, -22.189796315153902 ] ] ] } },
{ "type": "Feature", "properties": { "Field": "007", "Length": 387.07396964713541, "id": null }, "geometry": { "type": "MultiLineString", "coordinates": [ [ [ -51.069989042245659, -22.189796285726953 ], [ -51.070084935, -22.189834485 ], [ -51.070150451289976, -22.18985871532702 ] ] ] } },
{ "type": "Feature", "properties": { "Field": "007", "Length": 386.78169261561754, "id": null }, "geometry": { "type": "MultiLineString", "coordinates": [ [ [ -51.070150557347979, -22.189871331432101 ], [ -51.070054316, -22.189835884 ], [ -51.069974457, -22.189803026 ], [ -51.069956967054772, -22.189796252385477 ] ] ] } },
{ "type": "Feature", "properties": { "Field": "007", "Length": 386.10536243803131, "id": null }, "geometry": { "type": "MultiLineString", "coordinates": [ [ [ -51.070150651817769, -22.189882569064054 ], [ -51.070031405, -22.189837256 ], [ -51.069930407554367, -22.189796224777442 ] ] ] } },
{ "type": "Feature", "properties": { "Field": "007", "Length": 385.38831257256084, "id": null }, "geometry": { "type": "MultiLineString", "coordinates": [ [ [ -51.07015076104809, -22.189895562532037 ], [ -51.070114514, -22.189882723 ], [ -51.070105504, -22.189879374 ], [ -51.070025302, -22.189847243 ], [ -51.070007143, -22.18984088 ], [ -51.069998209, -22.18983736 ], [ -51.069909508, -22.189800779 ], [ -51.069897010237902, -22.189796190061646 ] ] ] } },
{ "type": "Feature", "properties": { "Field": "007", "Length": 385.14222998842706, "id": null }, "geometry": { "type": "MultiLineString", "coordinates": [ [ [ -51.069870547811632, -22.189796162554519 ], [ -51.069878596, -22.189799271 ], [ -51.069932053, -22.189820716 ], [ -51.06997629, -22.189839242 ], [ -51.070092701, -22.189884413 ], [ -51.070101736, -22.189887703 ], [ -51.070129022, -22.189897126 ], [ -51.070150843888648, -22.189905416811445 ] ] ] } },
{ "type": "Feature", "properties": { "Field": "007", "Length": 384.71066827701316, "id": null }, "geometry": { "type": "MultiLineString", "coordinates": [ [ [ -51.07015095018874, -22.189918061713847 ], [ -51.070124362, -22.189907287 ], [ -51.070079046, -22.189891181 ], [ -51.069989191, -22.189857129 ], [ -51.069873335, -22.189810735 ], [ -51.069832840288157, -22.189796123358352 ] ] ] } },
{ "type": "Feature", "properties": { "Field": "007", "Length": 384.71534108165702, "id": null }, "geometry": { "type": "MultiLineString", "coordinates": [ [ [ -51.069804799734456, -22.189796094210795 ], [ -51.0698279, -22.189804178 ], [ -51.069872927, -22.189820973 ], [ -51.06988189, -22.189824428 ], [ -51.069971057, -22.189860012 ], [ -51.070096525, -22.189908429 ], [ -51.070151037740089, -22.189928476364393 ] ] ] } },
{ "type": "Feature", "properties": { "Field": "007", "Length": 384.11297051382689, "id": null }, "geometry": { "type": "MultiLineString", "coordinates": [ [ [ -51.070151153550043, -22.189942252510495 ], [ -51.070133541, -22.189936001 ], [ -51.070124898, -22.189931899 ], [ -51.070106819, -22.18992534 ], [ -51.070080189, -22.189914407 ], [ -51.069981152, -22.189877405 ], [ -51.069901265, -22.1898446 ], [ -51.069838608, -22.189820219 ], [ -51.069771213260331, -22.18979605929837 ] ] ] } },
{ "type": "Feature", "properties": { "Field": "007", "Length": 383.54220611612141, "id": null }, "geometry": { "type": "MultiLineString", "coordinates": [ [ [ -51.069757502620092, -22.189801031682112 ], [ -51.069821458, -22.189823467 ], [ -51.069866078, -22.18984118 ], [ -51.06987529, -22.189844011999988 ], [ -51.069920048, -22.189861421 ], [ -51.069955254, -22.189876616 ], [ -51.069964137, -22.189880247 ], [ -51.070125177, -22.189943116 ], [ -51.070134182, -22.189946476 ], [ -51.070151240654695, -22.189952614024055 ] ] ] } },
{ "type": "Feature", "properties": { "Field": "007", "Length": 383.26923422280015, "id": null }, "geometry": { "type": "MultiLineString", "coordinates": [ [ [ -51.070119770814514, -22.189952973339096 ], [ -51.070079255, -22.189938232 ], [ -51.070025625, -22.189917165 ], [ -51.069962593, -22.189893638 ], [ -51.06987391, -22.189857018 ], [ -51.069819697, -22.189837288 ], [ -51.069792999, -22.189826501 ], [ -51.069757533392107, -22.189813520354967 ] ] ] } },
{ "type": "Feature", "properties": { "Field": "007", "Length": 382.9689588976417, "id": null }, "geometry": { "type": "MultiLineString", "coordinates": [ [ [ -51.070090491433881, -22.18995298591274 ], [ -51.069994115, -22.189916139 ], [ -51.069878543, -22.189869134 ], [ -51.069824173, -22.189849784 ], [ -51.069770391, -22.189829056 ], [ -51.069757560571148, -22.189824550838402 ] ] ] } },
{ "type": "Feature", "properties": { "Field": "007", "Length": 382.4898606589482, "id": null }, "geometry": { "type": "MultiLineString", "coordinates": [ [ [ -51.07005659830849, -22.1899530004677 ], [ -51.070017085, -22.189937955 ], [ -51.069865599, -22.18987725 ], [ -51.069856642, -22.18987378 ], [ -51.069757591695527, -22.18983718251668 ] ] ] } },
{ "type": "Feature", "properties": { "Field": "007", "Length": 382.08789249945494, "id": null }, "geometry": { "type": "MultiLineString", "coordinates": [ [ [ -51.070029731407807, -22.18995301200534 ], [ -51.069844465, -22.189879717 ], [ -51.069757617155268, -22.189847515228351 ] ] ] } },
{ "type": "Feature", "properties": { "Field": "007", "Length": 381.6411882376841, "id": null }, "geometry": { "type": "MultiLineString", "coordinates": [ [ [ -51.069994546883827, -22.189953027114871 ], [ -51.069990254, -22.189951377 ], [ -51.069954774, -22.189936742 ], [ -51.069847525, -22.189894586 ], [ -51.069757649268794, -22.189860548347891 ] ] ] } },
{ "type": "Feature", "properties": { "Field": "007", "Length": 381.79368679203566, "id": null }, "geometry": { "type": "MultiLineString", "coordinates": [ [ [ -51.069966783173342, -22.189953039037633 ], [ -51.069896881, -22.189925604 ], [ -51.069861432, -22.189910906 ], [ -51.069757676003675, -22.189871398568368 ] ] ] } },
{ "type": "Feature", "properties": { "Field": "007", "Length": 381.62680152462826, "id": null }, "geometry": { "type": "MultiLineString", "coordinates": [ [ [ -51.069757706343168, -22.18988371170493 ], [ -51.06982599, -22.189909185 ], [ -51.069888212, -22.189934511 ], [ -51.069936127279533, -22.189953052202405 ] ] ] } },
{ "type": "Feature", "properties": { "Field": "007", "Length": 381.34170444273406, "id": null }, "geometry": { "type": "MultiLineString", "coordinates": [ [ [ -51.069909963556192, -22.189953063438072 ], [ -51.069890316, -22.189945773 ], [ -51.069881394, -22.18994223 ], [ -51.069854982, -22.18993085 ], [ -51.069846111, -22.189927196 ], [ -51.069792327, -22.189906474 ], [ -51.069774264, -22.189899879 ], [ -51.069757731706424, -22.189894005259173 ] ] ] } },
{ "type": "Feature", "properties": { "Field": "007", "Length": 381.33229921685643, "id": null }, "geometry": { "type": "MultiLineString", "coordinates": [ [ [ -51.06987817610738, -22.189953077088777 ], [ -51.069841185, -22.189937909 ], [ -51.069757762477352, -22.189906493488827 ] ] ] } },
{ "type": "Feature", "properties": { "Field": "007", "Length": 381.52510905312459, "id": null }, "geometry": { "type": "MultiLineString", "coordinates": [ [ [ -51.069850126337968, -22.189953089134384 ], [ -51.069833047, -22.189946236 ], [ -51.069757790813298, -22.189917993497399 ] ] ] } },
{ "type": "Feature", "properties": { "Field": "007", "Length": 381.4616338285112, "id": null }, "geometry": { "type": "MultiLineString", "coordinates": [ [ [ -51.06981615233871, -22.189953103724072 ], [ -51.0697578242332, -22.189931556801834 ] ] ] } },
{ "type": "Feature", "properties": { "Field": "007", "Length": 381.44899225922796, "id": null }, "geometry": { "type": "MultiLineString", "coordinates": [ [ [ -51.069788842962133, -22.189953115451726 ], [ -51.069757848632726, -22.189941459228994 ] ] ] } },
{ "type": "Feature", "properties": { "Field": "007", "Length": 424.9912411590737, "id": null }, "geometry": { "type": "MultiLineString", "coordinates": [ [ [ -51.068620186803606, -22.191124990649428 ], [ -51.068599741, -22.191124204 ], [ -51.068347544, -22.191120654 ], [ -51.06828015057652, -22.191118297560415 ] ] ] } },
{ "type": "Feature", "properties": { "Field": "007", "Length": 424.33984238361387, "id": null }, "geometry": { "type": "MultiLineString", "coordinates": [ [ [ -51.06862003543953, -22.191136409525519 ], [ -51.068581307, -22.191135345 ], [ -51.068464897, -22.191134567 ], [ -51.06843581, -22.191133686 ], [ -51.068338805, -22.191132742 ], [ -51.068270934, -22.191130687 ], [ -51.068226343987817, -22.191128203595021 ] ] ] } },
{ "type": "Feature", "properties": { "Field": "007", "Length": 424.01899236619875, "id": null }, "geometry": { "type": "MultiLineString", "coordinates": [ [ [ -51.068619898194775, -22.191146763242916 ], [ -51.068583376, -22.191145777 ], [ -51.068379667, -22.191143748 ], [ -51.068243956, -22.191138823 ], [ -51.068226688204483, -22.191137588225871 ] ] ] } },
{ "type": "Feature", "properties": { "Field": "007", "Length": 423.63919856690791, "id": null }, "geometry": { "type": "MultiLineString", "coordinates": [ [ [ -51.068227121857561, -22.191149411226903 ], [ -51.068259379, -22.19115093 ], [ -51.068375727, -22.191154525 ], [ -51.06845331400001, -22.191156204 ], [ -51.068569725, -22.191156638 ], [ -51.068589125, -22.191156888 ], [ -51.068619751279968, -22.19115784646732 ] ] ] } },
{ "type": "Feature", "properties": { "Field": "007", "Length": 423.48893307595409, "id": null }, "geometry": { "type": "MultiLineString", "coordinates": [ [ [ -51.068227464252544, -22.191158746191832 ], [ -51.068325804, -22.191161943 ], [ -51.068374238, -22.19116437 ], [ -51.068383932, -22.191164708 ], [ -51.068432431, -22.191165403 ], [ -51.068451827, -22.191165855 ], [ -51.068558536, -22.191165399 ], [ -51.068606984, -22.191167555 ], [ -51.068619617732708, -22.191167921246652 ] ] ] } },
{ "type": "Feature", "properties": { "Field": "007", "Length": 422.89994984262461, "id": null }, "geometry": { "type": "MultiLineString", "coordinates": [ [ [ -51.068619476509319, -22.191178575111234 ], [ -51.068562038, -22.191177631 ], [ -51.068387422, -22.19117675 ], [ -51.068261383, -22.191172707 ], [ -51.068227922787081, -22.191171247554159 ] ] ] } },
{ "type": "Feature", "properties": { "Field": "007", "Length": 422.54639121800369, "id": null }, "geometry": { "type": "MultiLineString", "coordinates": [ [ [ -51.068228303859271, -22.191181637004181 ], [ -51.068339836, -22.191186692999988 ], [ -51.068349534, -22.19118692 ], [ -51.068407738, -22.191187294 ], [ -51.068465928, -22.191188578 ], [ -51.068485329, -22.191188537 ], [ -51.068543531, -22.191187889 ], [ -51.068553232, -22.191187935 ], [ -51.068619336460472, -22.191189140368991 ] ] ] } },
{ "type": "Feature", "properties": { "Field": "007", "Length": 422.23565781631288, "id": null }, "geometry": { "type": "MultiLineString", "coordinates": [ [ [ -51.068228724145179, -22.191193095566302 ], [ -51.06835086, -22.191197813 ], [ -51.068476954, -22.19119986 ], [ -51.068554561, -22.191199563 ], [ -51.068619175862196, -22.191201255871682 ] ] ] } },
{ "type": "Feature", "properties": { "Field": "007", "Length": 422.12687428721188, "id": null }, "geometry": { "type": "MultiLineString", "coordinates": [ [ [ -51.068619053304445, -22.191210501604552 ], [ -51.068550373, -22.191209578 ], [ -51.068463064, -22.191209627 ], [ -51.068356384, -22.191207253 ], [ -51.068346694, -22.191206816 ], [ -51.068337061, -22.191205747 ], [ -51.068269163, -22.191204733 ], [ -51.068229109447458, -22.191203600344156 ] ] ] } },
{ "type": "Feature", "properties": { "Field": "007", "Length": 421.70640742902401, "id": null }, "geometry": { "type": "MultiLineString", "coordinates": [ [ [ -51.068618900698347, -22.191222014178688 ], [ -51.068583784, -22.191221765 ], [ -51.068535299, -22.191220502 ], [ -51.068486795, -22.191220344 ], [ -51.068467395, -22.191220097 ], [ -51.068263714, -22.191216283 ], [ -51.068244326, -22.191215619 ], [ -51.068229527741835, -22.191215004609582 ] ] ] } },
{ "type": "Feature", "properties": { "Field": "007", "Length": 421.29142596188609, "id": null }, "geometry": { "type": "MultiLineString", "coordinates": [ [ [ -51.068229916999528, -22.19122561722676 ], [ -51.06823873, -22.1912261 ], [ -51.068277512, -22.191227308 ], [ -51.068296911, -22.191227609 ], [ -51.068335714, -22.19122784 ], [ -51.068471501, -22.191230364 ], [ -51.068549106, -22.191230962 ], [ -51.068616991, -22.191232579 ], [ -51.068618759813496, -22.191232642504293 ] ] ] } },
{ "type": "Feature", "properties": { "Field": "007", "Length": 420.91110319822542, "id": null }, "geometry": { "type": "MultiLineString", "coordinates": [ [ [ -51.068230267204896, -22.191235165132024 ], [ -51.068336105, -22.191239237 ], [ -51.068355496, -22.191239841 ], [ -51.068413682, -22.191241224 ], [ -51.068510687, -22.191242129 ], [ -51.068588276, -22.191243748 ], [ -51.068618610273923, -22.191243923740284 ] ] ] } },
{ "type": "Feature", "properties": { "Field": "007", "Length": 420.53220642513315, "id": null }, "geometry": { "type": "MultiLineString", "coordinates": [ [ [ -51.06861849988362, -22.191252251563267 ], [ -51.068573002, -22.191252836 ], [ -51.068524497, -22.191252885 ], [ -51.068408102, -22.191251044 ], [ -51.068230617164431, -22.191244706334796 ] ] ] } },
{ "type": "Feature", "properties": { "Field": "007", "Length": 420.24092802706087, "id": null }, "geometry": { "type": "MultiLineString", "coordinates": [ [ [ -51.068231063021386, -22.191256862058946 ], [ -51.068302342, -22.191259453 ], [ -51.068467212, -22.191263138 ], [ -51.068496311, -22.191263544999988 ], [ -51.068525413, -22.191263781 ], [ -51.068535113, -22.191263726 ], [ -51.068564196, -22.191262773 ], [ -51.068618373212672, -22.191261807594561 ] ] ] } },
{ "type": "Feature", "properties": { "Field": "007", "Length": 420.87803002364541, "id": null }, "geometry": { "type": "MultiLineString", "coordinates": [ [ [ -51.068618231760489, -22.191272478719913 ], [ -51.068585089, -22.191271986 ], [ -51.068497783, -22.191272652 ], [ -51.068458981, -22.191272356 ], [ -51.068439582, -22.191272054 ], [ -51.068294109, -22.191268787 ], [ -51.068274718, -22.191268186 ], [ -51.068231415547451, -22.191266473234982 ] ] ] } },
{ "type": "Feature", "properties": { "Field": "006", "Length": 419.75821176283205, "id": null }, "geometry": { "type": "MultiLineString", "coordinates": [ [ [ -51.064775505948923, -22.193977174565649 ], [ -51.064753143, -22.193987011 ], [ -51.064744142, -22.193990381 ], [ -51.064726003, -22.193996793 ], [ -51.06471702000001, -22.194000205 ], [ -51.064632477118835, -22.194033199902009 ] ] ] } },
{ "type": "Feature", "properties": { "Field": "006", "Length": 420.31982197318297, "id": null }, "geometry": { "type": "MultiLineString", "coordinates": [ [ [ -51.064604954051454, -22.194033150173354 ], [ -51.064629286, -22.19402386 ], [ -51.064682757, -22.194002444 ], [ -51.064754741, -22.193975431 ], [ -51.064775562495448, -22.193966762178015 ] ] ] } },
{ "type": "Feature", "properties": { "Field": "006", "Length": 420.33785104505915, "id": null }, "geometry": { "type": "MultiLineString", "coordinates": [ [ [ -51.064572878001961, -22.194033092218373 ], [ -51.064593646, -22.194025561 ], [ -51.064638343, -22.194008017 ], [ -51.064673784, -22.193993302 ], [ -51.064691736, -22.193986448 ], [ -51.064763765, -22.193959536 ], [ -51.064775627210132, -22.193954845717453 ] ] ] } },
{ "type": "Feature", "properties": { "Field": "006", "Length": 420.39249654361106, "id": null }, "geometry": { "type": "MultiLineString", "coordinates": [ [ [ -51.064541761065485, -22.19403303599632 ], [ -51.064558928, -22.194027162 ], [ -51.064576999, -22.194020587 ], [ -51.064621842, -22.194003367 ], [ -51.064719888, -22.193964136 ], [ -51.064746882, -22.193954007 ], [ -51.064755814, -22.193950483 ], [ -51.064775694386746, -22.193942475920824 ] ] ] } },
{ "type": "Feature", "properties": { "Field": "006", "Length": 420.51416112376205, "id": null }, "geometry": { "type": "MultiLineString", "coordinates": [ [ [ -51.064507062479386, -22.194032973302942 ], [ -51.064512691, -22.194031071 ], [ -51.064620829, -22.193990926 ], [ -51.064647686, -22.193980487 ], [ -51.064674331, -22.193969585 ], [ -51.06473732500001, -22.193945969 ], [ -51.064755209, -22.193938965 ], [ -51.064775759818566, -22.193930427408784 ] ] ] } },
{ "type": "Feature", "properties": { "Field": "006", "Length": 414.91126254176208, "id": null }, "geometry": { "type": "MultiLineString", "coordinates": [ [ [ -51.064665216873117, -22.19403325905617 ], [ -51.064665753, -22.194033064 ], [ -51.064746125, -22.194001298 ], [ -51.064775439754655, -22.193989363474802 ] ] ] } },
{ "type": "Feature", "properties": { "Field": "006", "Length": 420.67455080732469, "id": null }, "geometry": { "type": "MultiLineString", "coordinates": [ [ [ -51.064775823493157, -22.193918702468945 ], [ -51.064762267, -22.193924338 ], [ -51.064753351, -22.193927898 ], [ -51.064726381, -22.193938082 ], [ -51.064708536, -22.193945174 ], [ -51.064672631, -22.193958877999979 ], [ -51.064645975, -22.193969757 ], [ -51.064628077, -22.19397673 ], [ -51.064582769, -22.193992856 ], [ -51.064520363, -22.194017789 ], [ -51.064511369, -22.19402117 ], [ -51.064493083, -22.194027207 ], [ -51.064475260978213, -22.194032915844016 ] ] ] } },
{ "type": "Feature", "properties": { "Field": "006", "Length": 421.0562938895136, "id": null }, "geometry": { "type": "MultiLineString", "coordinates": [ [ [ -51.064441449372673, -22.194032854753235 ], [ -51.06444952, -22.194030372 ], [ -51.064486091, -22.194018287 ], [ -51.064504227, -22.194011869 ], [ -51.06454922, -22.193994992 ], [ -51.064576325, -22.193985123 ], [ -51.064603214, -22.193974754 ], [ -51.064630011, -22.193964179 ], [ -51.064648084, -22.193957635 ], [ -51.064674754, -22.193946789 ], [ -51.064701656, -22.193936447 ], [ -51.064719486, -22.193929324 ], [ -51.064755311, -22.193915441 ], [ -51.064775888074372, -22.193906810585727 ] ] ] } },
{ "type": "Feature", "properties": { "Field": "006", "Length": 421.31158566870158, "id": null }, "geometry": { "type": "MultiLineString", "coordinates": [ [ [ -51.064404655717269, -22.194032788274487 ], [ -51.064486177, -22.194006201 ], [ -51.064559012, -22.193981241 ], [ -51.064577087, -22.193974676 ], [ -51.064639771, -22.193950351 ], [ -51.064666428, -22.193939476 ], [ -51.06469329, -22.193929047 ], [ -51.064720054, -22.193918401 ], [ -51.064737987, -22.193911502 ], [ -51.064755808, -22.193904359 ], [ -51.064775947415271, -22.193895883646604 ] ] ] } },
{ "type": "Feature", "properties": { "Field": "006", "Length": 421.52847683320613, "id": null }, "geometry": { "type": "MultiLineString", "coordinates": [ [ [ -51.06438267983301, -22.194028418353792 ], [ -51.06438609500001, -22.194027151 ], [ -51.064486968, -22.193994727 ], [ -51.064559826, -22.193969826 ], [ -51.06461385, -22.193949648 ], [ -51.064631509, -22.193942162 ], [ -51.064640436, -22.193938626 ], [ -51.064694462, -22.193918452 ], [ -51.064712278, -22.193911298 ], [ -51.06474778, -22.193896707 ], [ -51.064776008627966, -22.193884612036584 ] ] ] } },
{ "type": "Feature", "properties": { "Field": "006", "Length": 421.76505481160257, "id": null }, "geometry": { "type": "MultiLineString", "coordinates": [ [ [ -51.064766073727668, -22.193875837465988 ], [ -51.064763642, -22.193876877 ], [ -51.064692791, -22.193906375 ], [ -51.064594365, -22.193944771 ], [ -51.064558198, -22.193957867 ], [ -51.064467309, -22.193989454 ], [ -51.064382497630554, -22.194017304218491 ] ] ] } },
{ "type": "Feature", "properties": { "Field": "006", "Length": 410.72363187614002, "id": null }, "geometry": { "type": "MultiLineString", "coordinates": [ [ [ -51.064775373597193, -22.19400154560477 ], [ -51.064771447, -22.1940032 ], [ -51.064693926310127, -22.194033310928354 ] ] ] } },
{ "type": "Feature", "properties": { "Field": "006", "Length": 422.25119237290744, "id": null }, "geometry": { "type": "MultiLineString", "coordinates": [ [ [ -51.064382300636339, -22.194005287802931 ], [ -51.064405126, -22.193997764 ], [ -51.064478765, -22.193974943 ], [ -51.064496895, -22.19396851 ], [ -51.064505721, -22.193964761 ], [ -51.064551154, -22.193948937 ], [ -51.064703551, -22.193890233 ], [ -51.064738070004125, -22.193875950519136 ] ] ] } },
{ "type": "Feature", "properties": { "Field": "006", "Length": 422.76408907792865, "id": null }, "geometry": { "type": "MultiLineString", "coordinates": [ [ [ -51.064707052219532, -22.193876075740278 ], [ -51.064674734, -22.193889604 ], [ -51.06465687, -22.193896653 ], [ -51.064594056, -22.193920686 ], [ -51.064530788, -22.193943661 ], [ -51.064503923, -22.193954083 ], [ -51.06448589, -22.193960747 ], [ -51.064467639, -22.193966876 ], [ -51.064382126510772, -22.193994666348235 ] ] ] } },
{ "type": "Feature", "properties": { "Field": "006", "Length": 423.24598309787331, "id": null }, "geometry": { "type": "MultiLineString", "coordinates": [ [ [ -51.064678443611612, -22.19387619123539 ], [ -51.064661324, -22.193883203 ], [ -51.064643459, -22.193890249 ], [ -51.064598372, -22.193906909 ], [ -51.064553574, -22.193924231 ], [ -51.064526348, -22.193933806 ], [ -51.064517344, -22.193937169 ], [ -51.06449946, -22.193944176 ], [ -51.064490439, -22.193947498999989 ], [ -51.064472258, -22.193953807 ], [ -51.064463109, -22.193956812 ], [ -51.064381923813229, -22.193982302036179 ] ] ] } },
{ "type": "Feature", "properties": { "Field": "006", "Length": 423.75276730096721, "id": null }, "geometry": { "type": "MultiLineString", "coordinates": [ [ [ -51.064649494129718, -22.193876308106635 ], [ -51.064631312, -22.193884092 ], [ -51.064622429000011, -22.193887724 ], [ -51.064522685, -22.193923048 ], [ -51.064468488, -22.193942819 ], [ -51.064413719, -22.193961173 ], [ -51.064381739913777, -22.193971084385872 ] ] ] } },
{ "type": "Feature", "properties": { "Field": "006", "Length": 424.62074796414731, "id": null }, "geometry": { "type": "MultiLineString", "coordinates": [ [ [ -51.064617667546194, -22.193876436592959 ], [ -51.064610077, -22.193879603 ], [ -51.064601138, -22.193883112 ], [ -51.064510855, -22.193916173 ], [ -51.064492738, -22.193922639 ], [ -51.064381557703015, -22.193959969744053 ] ] ] } },
{ "type": "Feature", "properties": { "Field": "006", "Length": 425.49200691526653, "id": null }, "geometry": { "type": "MultiLineString", "coordinates": [ [ [ -51.064586870517211, -22.193876560922892 ], [ -51.064579337, -22.193879109 ], [ -51.064570282, -22.193882352 ], [ -51.064498327, -22.193909435 ], [ -51.064489238, -22.193912594 ], [ -51.064452568, -22.193924415 ], [ -51.064443467, -22.193927542 ], [ -51.064407259, -22.193940538 ], [ -51.064381380758881, -22.193949176359894 ] ] ] } },
{ "type": "Feature", "properties": { "Field": "006", "Length": 426.30749961793191, "id": null }, "geometry": { "type": "MultiLineString", "coordinates": [ [ [ -51.064555623474952, -22.193876687069562 ], [ -51.06449501, -22.193898749 ], [ -51.064476863, -22.193905141 ], [ -51.064381180427304, -22.193936956369036 ] ] ] } },
{ "type": "Feature", "properties": { "Field": "006", "Length": 427.11564505798611, "id": null }, "geometry": { "type": "MultiLineString", "coordinates": [ [ [ -51.064380986427537, -22.193925122611354 ], [ -51.064381545, -22.193924933 ], [ -51.064473085, -22.193895019 ], [ -51.064522977861742, -22.193876818862371 ] ] ] } },
{ "type": "Feature", "properties": { "Field": "006", "Length": 428.10038363556936, "id": null }, "geometry": { "type": "MultiLineString", "coordinates": [ [ [ -51.064489422617136, -22.193876954327429 ], [ -51.064479164, -22.193880288 ], [ -51.064461134, -22.193886962 ], [ -51.064424616, -22.193899184 ], [ -51.064380777287909, -22.193912365340246 ] ] ] } },
{ "type": "Feature", "properties": { "Field": "006", "Length": 429.21753789290761, "id": null }, "geometry": { "type": "MultiLineString", "coordinates": [ [ [ -51.064453960022774, -22.193877097492603 ], [ -51.064411723, -22.193891195 ], [ -51.06438059314582, -22.19390113288911 ] ] ] } },
{ "type": "Feature", "properties": { "Field": "006", "Length": 406.22511150657454, "id": null }, "geometry": { "type": "MultiLineString", "coordinates": [ [ [ -51.064775307142817, -22.194013782410313 ], [ -51.064755757, -22.194022088 ], [ -51.064724401758617, -22.19403336599137 ] ] ] } },
{ "type": "Feature", "properties": { "Field": "006", "Length": 430.06859146819602, "id": null }, "geometry": { "type": "MultiLineString", "coordinates": [ [ [ -51.064380403339811, -22.193889554946054 ], [ -51.064418220385143, -22.193877241776221 ] ] ] } },
{ "type": "Feature", "properties": { "Field": "006", "Length": 431.08563129257419, "id": null }, "geometry": { "type": "MultiLineString", "coordinates": [ [ [ -51.064380243421617, -22.193879800124179 ], [ -51.06438788712039, -22.193877364233902 ] ] ] } },
{ "type": "Feature", "properties": { "Field": "006", "Length": 400.88718966077801, "id": null }, "geometry": { "type": "MultiLineString", "coordinates": [ [ [ -51.064775242012665, -22.194025775373273 ], [ -51.064757031113103, -22.19403342494606 ] ] ] } },
{ "type": "Feature", "properties": { "Field": "006", "Length": 150.27844771341415, "id": null }, "geometry": { "type": "MultiLineString", "coordinates": [ [ [ -51.067159062676829, -22.193981462072276 ], [ -51.067099795, -22.193984525 ], [ -51.067008284860009, -22.193989884932286 ] ] ] } },
{ "type": "Feature", "properties": { "Field": "006", "Length": 151.11533827801193, "id": null }, "geometry": { "type": "MultiLineString", "coordinates": [ [ [ -51.067008355991348, -22.194000873231538 ], [ -51.067080062, -22.19399624 ], [ -51.067138148, -22.193992755 ], [ -51.067205992, -22.19399002 ], [ -51.067273724, -22.193985466 ], [ -51.067283411, -22.19398498 ], [ -51.067404089454371, -22.193981385074128 ] ] ] } },
{ "type": "Feature", "properties": { "Field": "006", "Length": 152.8313985304822, "id": null }, "geometry": { "type": "MultiLineString", "coordinates": [ [ [ -51.067008422689582, -22.194011176709012 ], [ -51.067057598, -22.19400746 ], [ -51.067193248, -22.194001219 ], [ -51.067270612, -22.193995488999988 ], [ -51.067396687, -22.193992573999989 ], [ -51.06740409461986, -22.193992209866312 ] ] ] } },
{ "type": "Feature", "properties": { "Field": "006", "Length": 153.23033139601273, "id": null }, "geometry": { "type": "MultiLineString", "coordinates": [ [ [ -51.067404099861484, -22.194003194209053 ], [ -51.067323361, -22.194005974 ], [ -51.067265167, -22.194007138999989 ], [ -51.067178086, -22.194013039 ], [ -51.067139311, -22.194014441 ], [ -51.067042453, -22.194019537 ], [ -51.0670084949734, -22.194022343041883 ] ] ] } },
{ "type": "Feature", "properties": { "Field": "006", "Length": 153.84400896158297, "id": null }, "geometry": { "type": "MultiLineString", "coordinates": [ [ [ -51.067404104267752, -22.194012427987406 ], [ -51.067339435, -22.194015334 ], [ -51.067271559, -22.194017294 ], [ -51.067203749, -22.19402069 ], [ -51.067184486, -22.194022815 ], [ -51.067136025, -22.194024708 ], [ -51.067077915, -22.194027839 ], [ -51.067068234, -22.194028426 ], [ -51.067008562909628, -22.194032837762293 ] ] ] } },
{ "type": "Feature", "properties": { "Field": "006", "Length": 155.10802266823555, "id": null }, "geometry": { "type": "MultiLineString", "coordinates": [ [ [ -51.067008633580677, -22.194043754957249 ], [ -51.067080432, -22.194037974 ], [ -51.067119195, -22.19403632 ], [ -51.067167571, -22.194033018 ], [ -51.067177237, -22.19403225 ], [ -51.067186845, -22.194031019 ], [ -51.067196517, -22.194030414 ], [ -51.067235275, -22.194028642 ], [ -51.067341942, -22.194025716 ], [ -51.06739038, -22.194023322 ], [ -51.067404109375865, -22.194023132535868 ] ] ] } },
{ "type": "Feature", "properties": { "Field": "006", "Length": 156.11762330702862, "id": null }, "geometry": { "type": "MultiLineString", "coordinates": [ [ [ -51.067404114933865, -22.194034779883115 ], [ -51.067390617, -22.194035139 ], [ -51.067264618, -22.19404018 ], [ -51.067225821, -22.194040921 ], [ -51.067090294, -22.194049184 ], [ -51.067008708331613, -22.194055302407399 ] ] ] } },
{ "type": "Feature", "properties": { "Field": "006", "Length": 157.09015181689747, "id": null }, "geometry": { "type": "MultiLineString", "coordinates": [ [ [ -51.067008780944683, -22.194066519602618 ], [ -51.067048783, -22.194063821 ], [ -51.067145406, -22.194055739 ], [ -51.067203518, -22.194052649 ], [ -51.067404119986186, -22.194045367518321 ] ] ] } },
{ "type": "Feature", "properties": { "Field": "006", "Length": 158.41188355714812, "id": null }, "geometry": { "type": "MultiLineString", "coordinates": [ [ [ -51.067404125126259, -22.194056139043024 ], [ -51.067302503, -22.194059209 ], [ -51.067234704, -22.194062801 ], [ -51.067137782, -22.194066686 ], [ -51.067050814, -22.194073881 ], [ -51.067012056, -22.194075656 ], [ -51.067008841622631, -22.194075893071854 ] ] ] } },
{ "type": "Feature", "properties": { "Field": "006", "Length": 159.58637224572024, "id": null }, "geometry": { "type": "MultiLineString", "coordinates": [ [ [ -51.067404129964501, -22.194066278057207 ], [ -51.067399919, -22.194066324 ], [ -51.06732236700001, -22.194069105 ], [ -51.067293267, -22.19406948 ], [ -51.067109201, -22.194078527 ], [ -51.067051224, -22.194083347 ], [ -51.067008907275259, -22.194086035025371 ] ] ] } },
{ "type": "Feature", "properties": { "Field": "006", "Length": 160.45448460452039, "id": null }, "geometry": { "type": "MultiLineString", "coordinates": [ [ [ -51.067404135302041, -22.194077463400898 ], [ -51.067388665, -22.194077764 ], [ -51.067301408, -22.194080615 ], [ -51.067223923, -22.194084696 ], [ -51.067165751, -22.194086591 ], [ -51.067156062, -22.194087027 ], [ -51.06712701, -22.194088641 ], [ -51.067117336, -22.194089322 ], [ -51.067069016, -22.194093274 ], [ -51.067059339, -22.19409392 ], [ -51.067008976395954, -22.194096712721848 ] ] ] } },
{ "type": "Feature", "properties": { "Field": "006", "Length": 161.28174841157633, "id": null }, "geometry": { "type": "MultiLineString", "coordinates": [ [ [ -51.067009050092636, -22.194108097312558 ], [ -51.067056801, -22.19410407 ], [ -51.067134241, -22.194099292 ], [ -51.06722149, -22.194096229 ], [ -51.067366844, -22.194089801 ], [ -51.067404140752743, -22.194088885893006 ] ] ] } },
{ "type": "Feature", "properties": { "Field": "006", "Length": 161.88038757919347, "id": null }, "geometry": { "type": "MultiLineString", "coordinates": [ [ [ -51.067404146246204, -22.194100397980694 ], [ -51.067394416, -22.19410065 ], [ -51.067316873, -22.194103663 ], [ -51.067181284, -22.194110976 ], [ -51.067123084, -22.194111838 ], [ -51.067094017, -22.194113208 ], [ -51.067009120696433, -22.194119004117514 ] ] ] } },
{ "type": "Feature", "properties": { "Field": "006", "Length": 163.27120329523805, "id": null }, "geometry": { "type": "MultiLineString", "coordinates": [ [ [ -51.067404150913319, -22.19411017838085 ], [ -51.067403132, -22.194110194 ], [ -51.067393436, -22.194110493 ], [ -51.06732562, -22.194113797 ], [ -51.067286842, -22.194115115 ], [ -51.067238445, -22.194118134 ], [ -51.067170624, -22.194121341 ], [ -51.067160928, -22.194121642 ], [ -51.067122127, -22.194122123 ], [ -51.067112431, -22.194122423 ], [ -51.06707369, -22.194124499 ], [ -51.067009183339238, -22.194128681115817 ] ] ] } },
{ "type": "Feature", "properties": { "Field": "006", "Length": 164.67590282517793, "id": null }, "geometry": { "type": "MultiLineString", "coordinates": [ [ [ -51.067404156456071, -22.194121793770346 ], [ -51.067385105, -22.194122289 ], [ -51.067249467, -22.194128796 ], [ -51.067200983, -22.194130154 ], [ -51.067065311, -22.194136 ], [ -51.067048430069548, -22.194137278679815 ] ] ] } },
{ "type": "Feature", "properties": { "Field": "006", "Length": 166.32902528695755, "id": null }, "geometry": { "type": "MultiLineString", "coordinates": [ [ [ -51.067404161913288, -22.194133229911689 ], [ -51.067358026, -22.194134657 ], [ -51.067289457556356, -22.194137882857138 ] ] ] } },
{ "type": "Feature", "properties": { "Field": "004", "Length": 549.53764804914738, "id": null }, "geometry": { "type": "MultiLineString", "coordinates": [ [ [ -51.065442199581646, -22.187320795422156 ], [ -51.065444822615476, -22.187294813005451 ], [ -51.065447091336019, -22.187268772882572 ] ] ] } },
{ "type": "Feature", "properties": { "Field": "004", "Length": 621.40369020130743, "id": null }, "geometry": { "type": "MultiLineString", "coordinates": [ [ [ -51.065444079343294, -22.187162576489406 ], [ -51.065439842, -22.187203153 ], [ -51.06543648, -22.187239154999972 ], [ -51.065435045, -22.187257173 ], [ -51.065433953, -22.187275213 ], [ -51.065429784842223, -22.187320764178665 ] ] ] } },
{ "type": "Feature", "properties": { "Field": "004", "Length": 621.820898821843, "id": null }, "geometry": { "type": "MultiLineString", "coordinates": [ [ [ -51.065419142210331, -22.187320737394938 ], [ -51.065420142, -22.18730416 ], [ -51.065423074, -22.187277196 ], [ -51.065423819, -22.187268188 ], [ -51.065427335, -22.187214081 ], [ -51.065428646, -22.187196054 ], [ -51.065431780002235, -22.187162599397368 ] ] ] } },
{ "type": "Feature", "properties": { "Field": "004", "Length": 690.73159225724407, "id": null }, "geometry": { "type": "MultiLineString", "coordinates": [ [ [ -51.065409520411222, -22.187320713180288 ], [ -51.065411163, -22.187305848 ], [ -51.065412464, -22.18728782 ], [ -51.06541819, -22.187197635 ], [ -51.065421352269425, -22.187162618819396 ] ] ] } },
{ "type": "Feature", "properties": { "Field": "004", "Length": 1029.3141980480675, "id": null }, "geometry": { "type": "MultiLineString", "coordinates": [ [ [ -51.065395668315645, -22.18732067831948 ], [ -51.065398422, -22.187295621 ], [ -51.065406963, -22.187178445 ], [ -51.065408690777296, -22.187162642401876 ] ] ] } },
{ "type": "Feature", "properties": { "Field": "004", "Length": 1030.978621423792, "id": null }, "geometry": { "type": "MultiLineString", "coordinates": [ [ [ -51.065397389129473, -22.187162663451602 ], [ -51.065395858, -22.187184263 ], [ -51.065389798, -22.187247250999988 ], [ -51.065389109, -22.187256263 ], [ -51.065388199, -22.187274312 ], [ -51.065387543, -22.187283325 ], [ -51.065383723973859, -22.187320648259814 ] ] ] } },
{ "type": "Feature", "properties": { "Field": "004", "Length": 1064.9323805837025, "id": null }, "geometry": { "type": "MultiLineString", "coordinates": [ [ [ -51.0653834410858, -22.187162689430334 ], [ -51.065383306, -22.187166141 ], [ -51.065380664, -22.187193131 ], [ -51.065378995, -22.187220189 ], [ -51.065375895, -22.187256211 ], [ -51.065374887, -22.187274255 ], [ -51.065374213, -22.187283268 ], [ -51.065372453, -22.187301262 ], [ -51.065370351273529, -22.187320614605476 ] ] ] } },
{ "type": "Feature", "properties": { "Field": "004", "Length": 1066.4522939706785, "id": null }, "geometry": { "type": "MultiLineString", "coordinates": [ [ [ -51.065372013556036, -22.187162710714517 ], [ -51.065371375, -22.187170528 ], [ -51.065369645, -22.187188525 ], [ -51.065368969, -22.187197537 ], [ -51.065367936, -22.187215581 ], [ -51.065365022, -22.187251616 ], [ -51.065363388, -22.187278676 ], [ -51.065362651, -22.187287684 ], [ -51.065359954, -22.18731467 ], [ -51.065359320179347, -22.187320586844127 ] ] ] } },
{ "type": "Feature", "properties": { "Field": "004", "Length": 1068.3023656831433, "id": null }, "geometry": { "type": "MultiLineString", "coordinates": [ [ [ -51.065347961926832, -22.18732055825944 ], [ -51.065349491, -22.187306473 ], [ -51.06535197, -22.187279469 ], [ -51.065353639, -22.187252411 ], [ -51.065356422, -22.187216367 ], [ -51.065358145, -22.187189313 ], [ -51.06535974, -22.187171305 ], [ -51.065360292335789, -22.187162732545712 ] ] ] } },
{ "type": "Feature", "properties": { "Field": "004", "Length": 1070.2040809284956, "id": null }, "geometry": { "type": "MultiLineString", "coordinates": [ [ [ -51.065348954165614, -22.187162753663458 ], [ -51.065348459, -22.187170719 ], [ -51.065346929, -22.187188732 ], [ -51.06534527, -22.18721579 ], [ -51.065342601, -22.187251842 ], [ -51.065340997, -22.187278904 ], [ -51.065338593, -22.187305913 ], [ -51.06533704106554, -22.187320530775509 ] ] ] } },
{ "type": "Feature", "properties": { "Field": "004", "Length": 1072.1769060260574, "id": null }, "geometry": { "type": "MultiLineString", "coordinates": [ [ [ -51.065338370855386, -22.187162773375253 ], [ -51.065337994, -22.18716885 ], [ -51.065336582, -22.187186871 ], [ -51.065334779, -22.187213922 ], [ -51.06533047, -22.187267979 ], [ -51.065328813, -22.187285981 ], [ -51.065325543, -22.187312912 ], [ -51.065324777881884, -22.187320499913429 ] ] ] } },
{ "type": "Feature", "properties": { "Field": "004", "Length": 1074.0658529043963, "id": null }, "geometry": { "type": "MultiLineString", "coordinates": [ [ [ -51.065327709282769, -22.187162793232815 ], [ -51.065321881, -22.187243957 ], [ -51.065320318, -22.187261967 ], [ -51.065314529342089, -22.187320474121496 ] ] ] } },
{ "type": "Feature", "properties": { "Field": "004", "Length": 1075.6583840100886, "id": null }, "geometry": { "type": "MultiLineString", "coordinates": [ [ [ -51.06531449013449, -22.187162817853952 ], [ -51.065310812, -22.18722262 ], [ -51.065306825, -22.187267638 ], [ -51.065301204183676, -22.187320440586802 ] ] ] } },
{ "type": "Feature", "properties": { "Field": "004", "Length": 1077.2979515114744, "id": null }, "geometry": { "type": "MultiLineString", "coordinates": [ [ [ -51.065303025305475, -22.187162839207609 ], [ -51.065302358, -22.187175052 ], [ -51.065301126, -22.187193084 ], [ -51.065290759, -22.187310133 ], [ -51.065290053479842, -22.187320412524439 ] ] ] } },
{ "type": "Feature", "properties": { "Field": "004", "Length": 1079.35132949082, "id": null }, "geometry": { "type": "MultiLineString", "coordinates": [ [ [ -51.065289985995257, -22.187162863493789 ], [ -51.065286104, -22.187225267 ], [ -51.065284598, -22.18724328 ], [ -51.065278374, -22.187306254 ], [ -51.065277231518181, -22.187320380256114 ] ] ] } },
{ "type": "Feature", "properties": { "Field": "004", "Length": 1080.6504626441426, "id": null }, "geometry": { "type": "MultiLineString", "coordinates": [ [ [ -51.065278587577943, -22.187162884723751 ], [ -51.065278153, -22.187167961 ], [ -51.065274172, -22.187231092 ], [ -51.065273468, -22.187240103 ], [ -51.065265480779438, -22.187320350683677 ] ] ] } },
{ "type": "Feature", "properties": { "Field": "004", "Length": 1082.3506271515773, "id": null }, "geometry": { "type": "MultiLineString", "coordinates": [ [ [ -51.06526646109365, -22.187162907309762 ], [ -51.065265671, -22.187173063 ], [ -51.065260439, -22.187254226 ], [ -51.06525884700001, -22.187272233 ], [ -51.065254139141679, -22.187320322140803 ] ] ] } },
{ "type": "Feature", "properties": { "Field": "004", "Length": 1083.7879250188737, "id": null }, "geometry": { "type": "MultiLineString", "coordinates": [ [ [ -51.065255794052128, -22.187162927177511 ], [ -51.065254534, -22.187188753 ], [ -51.065253922, -22.187197769 ], [ -51.065249527, -22.187251821 ], [ -51.06524786, -22.187269822 ], [ -51.065242921, -22.187314759 ], [ -51.065242398292334, -22.187320292593252 ] ] ] } },
{ "type": "Feature", "properties": { "Field": "004", "Length": 1085.5739836753335, "id": null }, "geometry": { "type": "MultiLineString", "coordinates": [ [ [ -51.065229789260684, -22.187320260860798 ], [ -51.065236337, -22.18725973 ], [ -51.065244172, -22.187169683 ], [ -51.065244523434387, -22.187162948169441 ] ] ] } },
{ "type": "Feature", "properties": { "Field": "004", "Length": 1087.0359978880185, "id": null }, "geometry": { "type": "MultiLineString", "coordinates": [ [ [ -51.065235432740913, -22.187162965101184 ], [ -51.065235394, -22.187163996 ], [ -51.065234768, -22.187173011 ], [ -51.06522695, -22.187253994 ], [ -51.065226002, -22.187262985 ], [ -51.06521906938422, -22.187320233882676 ] ] ] } },
{ "type": "Feature", "properties": { "Field": "004", "Length": 1088.8181712933379, "id": null }, "geometry": { "type": "MultiLineString", "coordinates": [ [ [ -51.065207387166105, -22.187320204482681 ], [ -51.065209307, -22.18730183 ], [ -51.065221810306895, -22.187162990473453 ] ] ] } },
{ "type": "Feature", "properties": { "Field": "004", "Length": 1090.3733040686111, "id": null }, "geometry": { "type": "MultiLineString", "coordinates": [ [ [ -51.065210700942096, -22.187163011165044 ], [ -51.065207345, -22.187201551 ], [ -51.065203274, -22.187255624 ], [ -51.065199547, -22.187291594 ], [ -51.065197421, -22.187318624 ], [ -51.065197278564533, -22.187320179042921 ] ] ] } },
{ "type": "Feature", "properties": { "Field": "004", "Length": 1092.2754931261088, "id": null }, "geometry": { "type": "MultiLineString", "coordinates": [ [ [ -51.06519804668892, -22.187163034734045 ], [ -51.06519646, -22.187180221 ], [ -51.065193571, -22.18720719 ], [ -51.06518925, -22.187261246 ], [ -51.065186833, -22.187288255 ], [ -51.065183743814558, -22.18732014498076 ] ] ] } },
{ "type": "Feature", "properties": { "Field": "004", "Length": 1093.6745987190598, "id": null }, "geometry": { "type": "MultiLineString", "coordinates": [ [ [ -51.065186305590508, -22.187163056602262 ], [ -51.065180166, -22.18723749 ], [ -51.065179573, -22.187246508 ], [ -51.065179279, -22.187255538 ], [ -51.065178737, -22.187264558 ], [ -51.065172587, -22.18731846 ], [ -51.065172441640499, -22.187320116537201 ] ] ] } },
{ "type": "Feature", "properties": { "Field": "004", "Length": 1095.1409951825824, "id": null }, "geometry": { "type": "MultiLineString", "coordinates": [ [ [ -51.065160613639932, -22.187320086770324 ], [ -51.065161563, -22.187311919 ], [ -51.065165399, -22.187285053 ], [ -51.065166343, -22.187276062 ], [ -51.065167029, -22.18726705 ], [ -51.065171891, -22.187194917 ], [ -51.065174586, -22.187167931 ], [ -51.065174974234679, -22.187163077707318 ] ] ] } },
{ "type": "Feature", "properties": { "Field": "004", "Length": 1096.6334370518291, "id": null }, "geometry": { "type": "MultiLineString", "coordinates": [ [ [ -51.065165184067979, -22.187163095941855 ], [ -51.065165176, -22.18716327 ], [ -51.065164133, -22.187181312 ], [ -51.065155484, -22.187280362999989 ], [ -51.065153555, -22.187298341 ], [ -51.065150955419206, -22.187320062464011 ] ] ] } },
{ "type": "Feature", "properties": { "Field": "004", "Length": 1098.686228466863, "id": null }, "geometry": { "type": "MultiLineString", "coordinates": [ [ [ -51.065152141078912, -22.187163120234889 ], [ -51.065151264, -22.187177717 ], [ -51.065147302, -22.187222738 ], [ -51.065143383, -22.18727682 ], [ -51.065138853675144, -22.18732003200822 ] ] ] } },
{ "type": "Feature", "properties": { "Field": "004", "Length": 1100.1870514323737, "id": null }, "geometry": { "type": "MultiLineString", "coordinates": [ [ [ -51.06514179964082, -22.187163139496189 ], [ -51.06513555, -22.18725758 ], [ -51.065134857, -22.187266591 ], [ -51.065132353, -22.187293593 ], [ -51.065129597446244, -22.187320008713577 ] ] ] } },
{ "type": "Feature", "properties": { "Field": "004", "Length": 1101.8329294023179, "id": null }, "geometry": { "type": "MultiLineString", "coordinates": [ [ [ -51.065115639236645, -22.187319973585719 ], [ -51.065115694, -22.187319471 ], [ -51.065117369, -22.18730147 ], [ -51.065128469, -22.18716635 ], [ -51.065128706680284, -22.187163163882296 ] ] ] } },
{ "type": "Feature", "properties": { "Field": "004", "Length": 1103.1678047745602, "id": null }, "geometry": { "type": "MultiLineString", "coordinates": [ [ [ -51.06511763667983, -22.187163184500569 ], [ -51.065111629, -22.18723625 ], [ -51.065103424305512, -22.187319942845075 ] ] ] } },
{ "type": "Feature", "properties": { "Field": "004", "Length": 1104.9270205599198, "id": null }, "geometry": { "type": "MultiLineString", "coordinates": [ [ [ -51.065088638629625, -22.18731990563478 ], [ -51.065089125, -22.187313154 ], [ -51.065092535, -22.187286238 ], [ -51.065097195, -22.187241276 ], [ -51.0651031, -22.18716921 ], [ -51.065103559383331, -22.18716321072004 ] ] ] } },
{ "type": "Feature", "properties": { "Field": "004", "Length": 1106.569095372502, "id": null }, "geometry": { "type": "MultiLineString", "coordinates": [ [ [ -51.065078397428152, -22.187319879861313 ], [ -51.065080051, -22.187305069 ], [ -51.065080894, -22.187296069 ], [ -51.065090328, -22.187188014 ], [ -51.065091701, -22.187169991 ], [ -51.065092118026087, -22.187163232029977 ] ] ] } },
{ "type": "Feature", "properties": { "Field": "004", "Length": 1108.0911215108397, "id": null }, "geometry": { "type": "MultiLineString", "coordinates": [ [ [ -51.065062967542026, -22.187319841029765 ], [ -51.065069758, -22.187259945 ], [ -51.065071637, -22.187241961 ], [ -51.065078430356373, -22.187163257523753 ] ] ] } },
{ "type": "Feature", "properties": { "Field": "004", "Length": 1109.52880373215, "id": null }, "geometry": { "type": "MultiLineString", "coordinates": [ [ [ -51.065054250448284, -22.187319819091936 ], [ -51.06505508, -22.187310914 ], [ -51.065057705, -22.187280434 ], [ -51.06506653, -22.187169218 ], [ -51.065066949656419, -22.187163278906969 ] ] ] } },
{ "type": "Feature", "properties": { "Field": "004", "Length": 1111.0811502571432, "id": null }, "geometry": { "type": "MultiLineString", "coordinates": [ [ [ -51.065057376098807, -22.187163296738063 ], [ -51.065057343, -22.187166619 ], [ -51.065057024, -22.187175648 ], [ -51.065055431, -22.18720271 ], [ -51.065054318, -22.187214593 ], [ -51.065052339672171, -22.187239298148942 ] ] ] } },
{ "type": "Feature", "properties": { "Field": "004", "Length": 965.02791826855821, "id": null }, "geometry": { "type": "MultiLineString", "coordinates": [ [ [ -51.063810710386697, -22.190418446451837 ], [ -51.063811275, -22.190417304 ], [ -51.063815309901862, -22.190409818380918 ] ] ] } },
{ "type": "Feature", "properties": { "Field": "004", "Length": 941.84473555618399, "id": null }, "geometry": { "type": "MultiLineString", "coordinates": [ [ [ -51.063798790832372, -22.190418416254609 ], [ -51.063799549, -22.190416938 ], [ -51.063815129, -22.190383841 ], [ -51.063815196145633, -22.190383705818505 ] ] ] } },
{ "type": "Feature", "properties": { "Field": "004", "Length": 930.41457363393215, "id": null }, "geometry": { "type": "MultiLineString", "coordinates": [ [ [ -51.063786749752836, -22.190418385749503 ], [ -51.063795453, -22.190402003 ], [ -51.063799505, -22.190393795 ], [ -51.063807317, -22.190377256 ], [ -51.063811442, -22.19036908 ], [ -51.063815102803574, -22.190362279295712 ] ] ] } },
{ "type": "Feature", "properties": { "Field": "004", "Length": 919.13576563452784, "id": null }, "geometry": { "type": "MultiLineString", "coordinates": [ [ [ -51.063772344521418, -22.190418349255012 ], [ -51.063775506, -22.190412377 ], [ -51.063787495, -22.190387683 ], [ -51.063791724, -22.190379552999989 ], [ -51.063814990123838, -22.190336413840036 ] ] ] } },
{ "type": "Feature", "properties": { "Field": "004", "Length": 898.76936545127035, "id": null }, "geometry": { "type": "MultiLineString", "coordinates": [ [ [ -51.063759828534138, -22.190418317546769 ], [ -51.06376283, -22.190412605 ], [ -51.063766988, -22.190404442 ], [ -51.063774864, -22.19038793 ], [ -51.063778942, -22.190379733 ], [ -51.063813504, -22.190315021 ], [ -51.063814884853265, -22.190312249146359 ] ] ] } },
{ "type": "Feature", "properties": { "Field": "004", "Length": 897.36997309505364, "id": null }, "geometry": { "type": "MultiLineString", "coordinates": [ [ [ -51.063814771699647, -22.190286274911522 ], [ -51.063810439, -22.190294123 ], [ -51.063806316, -22.1903023 ], [ -51.063798431, -22.19031881 ], [ -51.063794264, -22.190326968 ], [ -51.063768246, -22.190375457 ], [ -51.063752354, -22.190408424 ], [ -51.063748115, -22.19041655 ], [ -51.063747175217493, -22.190418285490612 ] ] ] } },
{ "type": "Feature", "properties": { "Field": "004", "Length": 890.28964549412126, "id": null }, "geometry": { "type": "MultiLineString", "coordinates": [ [ [ -51.06373540994614, -22.190418255684246 ], [ -51.063741958, -22.190406183 ], [ -51.063746221, -22.190398068 ], [ -51.063762123, -22.190365105 ], [ -51.063791834, -22.190308239 ], [ -51.063803905, -22.190283578 ], [ -51.063814671972978, -22.190263382812578 ] ] ] } },
{ "type": "Feature", "properties": { "Field": "004", "Length": 881.82651171465625, "id": null }, "geometry": { "type": "MultiLineString", "coordinates": [ [ [ -51.063720667734565, -22.190418218336042 ], [ -51.063782007, -22.190302194 ], [ -51.063803899813109, -22.190259961331677 ] ] ] } },
{ "type": "Feature", "properties": { "Field": "004", "Length": 875.50972733128731, "id": null }, "geometry": { "type": "MultiLineString", "coordinates": [ [ [ -51.063791671229232, -22.190259993030196 ], [ -51.063764299, -22.19031183 ], [ -51.063743934, -22.190352827 ], [ -51.063713587, -22.190409401 ], [ -51.063709213749256, -22.190418189318294 ] ] ] } },
{ "type": "Feature", "properties": { "Field": "004", "Length": 869.40622351586853, "id": null }, "geometry": { "type": "MultiLineString", "coordinates": [ [ [ -51.063694414793801, -22.190418151826336 ], [ -51.063745291, -22.190320165 ], [ -51.063776050230977, -22.190260033522417 ] ] ] } },
{ "type": "Feature", "properties": { "Field": "004", "Length": 864.98934921672151, "id": null }, "geometry": { "type": "MultiLineString", "coordinates": [ [ [ -51.063682254243588, -22.190418121018563 ], [ -51.063682681, -22.190417273 ], [ -51.063695744, -22.190393054 ], [ -51.063699908, -22.190384894 ], [ -51.063716096, -22.190352051 ], [ -51.063736792, -22.190311197999975 ], [ -51.063763531375848, -22.190260065973366 ] ] ] } },
{ "type": "Feature", "properties": { "Field": "004", "Length": 859.0361428711924, "id": null }, "geometry": { "type": "MultiLineString", "coordinates": [ [ [ -51.063752151554233, -22.19026009547175 ], [ -51.063742402, -22.190279691 ], [ -51.06373818, -22.190287825 ], [ -51.063721034, -22.190320243 ], [ -51.063699221, -22.190360588 ], [ -51.063690796, -22.190376865 ], [ -51.063674405, -22.190409619 ], [ -51.063669714279854, -22.190418089249576 ] ] ] } },
{ "type": "Feature", "properties": { "Field": "004", "Length": 855.54441866581612, "id": null }, "geometry": { "type": "MultiLineString", "coordinates": [ [ [ -51.063740420874637, -22.190260125879618 ], [ -51.063731379, -22.190278502 ], [ -51.063722674, -22.190294649 ], [ -51.063714274, -22.190310935 ], [ -51.063688095, -22.190359348 ], [ -51.063658901, -22.190416446 ], [ -51.063658109917171, -22.19041805985086 ] ] ] } },
{ "type": "Feature", "properties": { "Field": "004", "Length": 852.33651783552648, "id": null }, "geometry": { "type": "MultiLineString", "coordinates": [ [ [ -51.063644964186174, -22.19041802654721 ], [ -51.063669591, -22.190368845 ], [ -51.063704011, -22.190304068 ], [ -51.063708221, -22.190295928 ], [ -51.063724456, -22.190263106 ], [ -51.063725970494204, -22.190260163337403 ] ] ] } },
{ "type": "Feature", "properties": { "Field": "004", "Length": 848.9564386566957, "id": null }, "geometry": { "type": "MultiLineString", "coordinates": [ [ [ -51.06363231185486, -22.190417994493551 ], [ -51.063638925, -22.190405645 ], [ -51.063655396, -22.190372926 ], [ -51.063676709, -22.190332349 ], [ -51.063712936580814, -22.190260197123468 ] ] ] } },
{ "type": "Feature", "properties": { "Field": "004", "Length": 522.90358771389867, "id": null }, "geometry": { "type": "MultiLineString", "coordinates": [ [ [ -51.06361941652839, -22.190417961824281 ], [ -51.063627484, -22.19040237 ], [ -51.063651794, -22.190353118 ], [ -51.063673506, -22.190312726 ], [ -51.063693525, -22.190271582 ], [ -51.063699576746032, -22.190260231754376 ] ] ] } },
{ "type": "Feature", "properties": { "Field": "004", "Length": 521.34476244776226, "id": null }, "geometry": { "type": "MultiLineString", "coordinates": [ [ [ -51.063685263918437, -22.190260268855603 ], [ -51.063680047, -22.190270768 ], [ -51.06366409200001, -22.190303709 ], [ -51.063659915, -22.190311863 ], [ -51.06364225, -22.190344038 ], [ -51.063638014, -22.190352166 ], [ -51.063618148, -22.190393375 ], [ -51.06361404, -22.19040156 ], [ -51.063605331261599, -22.190417926140395 ] ] ] } },
{ "type": "Feature", "properties": { "Field": "005", "Length": 390.36504892088919, "id": null }, "geometry": { "type": "MultiLineString", "coordinates": [ [ [ -51.06144696537104, -22.195924694579652 ], [ -51.061437102, -22.195921156 ], [ -51.06142363, -22.19591602 ], [ -51.061418386191107, -22.195913894874863 ] ] ] } },
{ "type": "Feature", "properties": { "Field": "005", "Length": 388.89355199332152, "id": null }, "geometry": { "type": "MultiLineString", "coordinates": [ [ [ -51.061811270507349, -22.195921829071224 ], [ -51.061793103, -22.195924974 ], [ -51.061792432127135, -22.195925070918634 ] ], [ [ -51.061475758783018, -22.195924725946153 ], [ -51.061475004, -22.195924555 ], [ -51.061463746, -22.195921763 ], [ -51.061454442, -22.19591918 ], [ -51.061446162, -22.195916587 ], [ -51.061437998, -22.195913695 ], [ -51.061429065, -22.195910165 ], [ -51.061418521, -22.195905567 ], [ -51.061418265778791, -22.195905446408531 ] ] ] } },
{ "type": "Feature", "properties": { "Field": "004", "Length": 468.51445325990761, "id": null }, "geometry": { "type": "MultiLineString", "coordinates": [ [ [ -51.06357234185235, -22.190417842564386 ], [ -51.063585536, -22.19039116 ], [ -51.063598258, -22.190366784 ], [ -51.063606983, -22.190350646 ], [ -51.06364279, -22.190286524 ], [ -51.063657004776708, -22.190260342107987 ] ] ] } },
{ "type": "Feature", "properties": { "Field": "005", "Length": 386.92687324701291, "id": null }, "geometry": { "type": "MultiLineString", "coordinates": [ [ [ -51.061811154665591, -22.195910471749819 ], [ -51.061793517, -22.195913396 ], [ -51.061783939, -22.195914832 ], [ -51.061735799, -22.195920366 ], [ -51.061716516, -22.195922371 ], [ -51.061674980849283, -22.195924942971462 ] ], [ [ -51.061571936472689, -22.195924830718649 ], [ -51.061551816, -22.195923454 ], [ -51.061542156, -22.195922626 ], [ -51.061532521, -22.19592157 ], [ -51.061522934, -22.195920184 ], [ -51.061503965, -22.195916391 ], [ -51.061494507, -22.195914382 ], [ -51.06148510500001, -22.195912153 ], [ -51.061475817, -22.195909543 ], [ -51.06144813, -22.19590119 ], [ -51.061429843, -22.195895172 ], [ -51.061420583, -22.195892481 ], [ -51.061418069279718, -22.195891659481497 ] ] ] } },
{ "type": "Feature", "properties": { "Field": "005", "Length": 385.43151653321979, "id": null }, "geometry": { "type": "MultiLineString", "coordinates": [ [ [ -51.061811062893156, -22.195901474225874 ], [ -51.061794607, -22.1959041 ], [ -51.061778287, -22.195906426 ], [ -51.061762899, -22.195908435 ], [ -51.061735907, -22.195911514 ], [ -51.061720452, -22.195913019 ], [ -51.061704976, -22.195914332 ], [ -51.061675913, -22.195916272 ], [ -51.061660394, -22.195917024 ], [ -51.061642923, -22.195917631 ], [ -51.06161476, -22.195918074 ], [ -51.061598248, -22.195918021 ], [ -51.061583683, -22.195917732 ], [ -51.061574948, -22.19591740200001 ], [ -51.061563316, -22.19591673 ], [ -51.061553642, -22.195915927 ], [ -51.061543996, -22.195914873 ], [ -51.061536305, -22.195913849 ], [ -51.061524815, -22.195912038 ], [ -51.061512436, -22.195909735 ], [ -51.061502018, -22.195907541 ], [ -51.061490712, -22.19590492 ], [ -51.061477601, -22.195901581 ], [ -51.061466445, -22.195898457 ], [ -51.061454463, -22.19589477 ], [ -51.061443516, -22.195891065 ], [ -51.061434492, -22.19588774 ], [ -51.061425571, -22.195884183 ], [ -51.061417915512699, -22.19588087075541 ] ] ] } },
{ "type": "Feature", "properties": { "Field": "004", "Length": 477.05201147351272, "id": null }, "geometry": { "type": "MultiLineString", "coordinates": [ [ [ -51.063644559005688, -22.19026037436949 ], [ -51.063612883, -22.190318196 ], [ -51.063585904, -22.190366227 ], [ -51.063577068, -22.190382313 ], [ -51.063564535, -22.190406773 ], [ -51.063560458, -22.190414971 ], [ -51.063559123161156, -22.1904178090759 ] ] ] } },
{ "type": "Feature", "properties": { "Field": "005", "Length": 370.70328777113002, "id": null }, "geometry": { "type": "MultiLineString", "coordinates": [ [ [ -51.061417676272448, -22.195864084987139 ], [ -51.061425621, -22.19586682 ], [ -51.061444158, -22.195872151 ], [ -51.061471757, -22.195880751 ], [ -51.061481025, -22.195883417 ], [ -51.061499863, -22.195887731 ], [ -51.061518768, -22.195891796 ], [ -51.061547359, -22.195896857 ], [ -51.061556937, -22.195898288 ], [ -51.06156658, -22.195899255 ], [ -51.061605227, -22.195902502 ], [ -51.061634289, -22.195903955 ], [ -51.061643986, -22.195904193 ], [ -51.061663377, -22.195903655 ], [ -51.06168276, -22.195902869 ], [ -51.061731102, -22.195899151 ], [ -51.061740757, -22.195898274 ], [ -51.061788857, -22.195892448 ], [ -51.061798439, -22.195891037 ], [ -51.061810931467619, -22.195888589044902 ] ] ] } },
{ "type": "Feature", "properties": { "Field": "004", "Length": 481.22638382705003, "id": null }, "geometry": { "type": "MultiLineString", "coordinates": [ [ [ -51.063549354502179, -22.190417784327789 ], [ -51.063562984, -22.190390332 ], [ -51.063571444, -22.190374073 ], [ -51.063606964, -22.190309813 ], [ -51.063633672756104, -22.190260402588454 ] ] ] } },
{ "type": "Feature", "properties": { "Field": "005", "Length": 374.80568399843452, "id": null }, "geometry": { "type": "MultiLineString", "coordinates": [ [ [ -51.06181083091662, -22.195878730854819 ], [ -51.061806473, -22.195879565 ], [ -51.061796933, -22.195881204 ], [ -51.061768138, -22.195885139 ], [ -51.061758519, -22.195886313 ], [ -51.061719926, -22.195890089 ], [ -51.061710263, -22.195890884 ], [ -51.061671526, -22.195893021 ], [ -51.061661833, -22.195893399 ], [ -51.061632731, -22.195893716 ], [ -51.061623033, -22.195893507 ], [ -51.061574702, -22.195889685 ], [ -51.061565064, -22.195888656 ], [ -51.061545923, -22.195885702 ], [ -51.061536393, -22.195884012 ], [ -51.061498584, -22.195875878 ], [ -51.061489185, -22.19587364 ], [ -51.061433426, -22.195858087 ], [ -51.061424237, -22.19585519 ], [ -51.061417512906438, -22.195852622768648 ] ] ] } },
{ "type": "Feature", "properties": { "Field": "004", "Length": 872.59255520853856, "id": null }, "geometry": { "type": "MultiLineString", "coordinates": [ [ [ -51.063534598975608, -22.190417746945855 ], [ -51.06353646, -22.190414378 ], [ -51.063540741, -22.190406271 ], [ -51.063552956, -22.190381672 ], [ -51.063561526, -22.190365462 ], [ -51.063592743, -22.190309301 ], [ -51.063619224178233, -22.190260440041566 ] ] ] } },
{ "type": "Feature", "properties": { "Field": "005", "Length": 379.9352638756173, "id": null }, "geometry": { "type": "MultiLineString", "coordinates": [ [ [ -51.06141732854887, -22.195839687723794 ], [ -51.061423961, -22.195842256 ], [ -51.061432981, -22.195845582 ], [ -51.061451303, -22.195851524 ], [ -51.061469733, -22.195857172 ], [ -51.061479059, -22.195859658 ], [ -51.061516561, -22.195868945 ], [ -51.061525997, -22.195871044 ], [ -51.061535489, -22.195872909 ], [ -51.061545045, -22.195874466 ], [ -51.061554646, -22.195875761 ], [ -51.061564278, -22.195876838 ], [ -51.061602873, -22.195880589 ], [ -51.061631923, -22.195882237 ], [ -51.061641619, -22.195882527 ], [ -51.061651319, -22.19588239 ], [ -51.061690092, -22.195880936 ], [ -51.06170946200001, -22.195879894 ], [ -51.061728802, -22.195878448 ], [ -51.061767361, -22.195874386 ], [ -51.061776982, -22.195873227 ], [ -51.061796132, -22.195870321 ], [ -51.061810721527053, -22.19586800611739 ] ] ] } },
{ "type": "Feature", "properties": { "Field": "005", "Length": 378.15908312333625, "id": null }, "geometry": { "type": "MultiLineString", "coordinates": [ [ [ -51.061810609864899, -22.195857058571566 ], [ -51.061804412, -22.195858122 ], [ -51.061794853, -22.195859667 ], [ -51.061775673, -22.195862395 ], [ -51.061756424, -22.195864658 ], [ -51.061727492, -22.195867596 ], [ -51.06171783, -22.195868413 ], [ -51.061688768, -22.195869871 ], [ -51.061679073, -22.195870196 ], [ -51.061640269, -22.19587039 ], [ -51.061630568, -22.1958703 ], [ -51.06160149, -22.195869173999988 ], [ -51.06157247, -22.195867116 ], [ -51.061562828, -22.195866118 ], [ -51.061543719, -22.195862987 ], [ -51.061534214, -22.195861179 ], [ -51.061496521, -22.195852592 ], [ -51.061487175, -22.19585017 ], [ -51.061431886, -22.195833219 ], [ -51.061422702, -22.195830309 ], [ -51.061417165824423, -22.195828270519034 ] ] ] } },
{ "type": "Feature", "properties": { "Field": "004", "Length": 871.06914840618072, "id": null }, "geometry": { "type": "MultiLineString", "coordinates": [ [ [ -51.063523636391089, -22.190417719173031 ], [ -51.063529622, -22.190406764 ], [ -51.063541518, -22.190382031 ], [ -51.063545611, -22.19037384 ], [ -51.063562454, -22.190341285 ], [ -51.063607105413624, -22.190260471455414 ] ] ] } },
{ "type": "Feature", "properties": { "Field": "005", "Length": 376.20222661766991, "id": null }, "geometry": { "type": "MultiLineString", "coordinates": [ [ [ -51.061810478430573, -22.195844172529021 ], [ -51.061786765, -22.195848025 ], [ -51.061777182, -22.195849432 ], [ -51.061767561, -22.195850588 ], [ -51.06171941, -22.195856051 ], [ -51.061709752, -22.195856904 ], [ -51.061651591, -22.195859053 ], [ -51.061641891, -22.195859221 ], [ -51.061622492, -22.195858898 ], [ -51.061612797, -22.195858566 ], [ -51.061603114, -22.195858007 ], [ -51.061593448, -22.195857242 ], [ -51.061574177, -22.195855141 ], [ -51.061564565, -22.195853916 ], [ -51.061554992, -22.195852453 ], [ -51.061535897, -22.19584925 ], [ -51.0615075, -22.195843314 ], [ -51.061498098, -22.195841086 ], [ -51.061442531, -22.195824945 ], [ -51.061433379, -22.19582195 ], [ -51.061424424, -22.195818474 ], [ -51.061416981724648, -22.195815353561464 ] ] ] } },
{ "type": "Feature", "properties": { "Field": "005", "Length": 374.56694286221028, "id": null }, "geometry": { "type": "MultiLineString", "coordinates": [ [ [ -51.061810371480014, -22.195833686915861 ], [ -51.061788465, -22.195837207 ], [ -51.061750013, -22.195842066 ], [ -51.061711406, -22.195845709 ], [ -51.061662971, -22.195848151 ], [ -51.061633871, -22.195848529 ], [ -51.061614479, -22.195847966 ], [ -51.061595118, -22.195846777 ], [ -51.061566239, -22.195843428 ], [ -51.061556696, -22.195841811 ], [ -51.061499594, -22.195831292 ], [ -51.061480826, -22.195826718 ], [ -51.061471624, -22.195823862 ], [ -51.061453322, -22.195817863 ], [ -51.061435286, -22.195811204 ], [ -51.061426429, -22.195807519 ], [ -51.061416811113567, -22.195803383008528 ] ] ] } },
{ "type": "Feature", "properties": { "Field": "004", "Length": 866.7290741808938, "id": null }, "geometry": { "type": "MultiLineString", "coordinates": [ [ [ -51.063509010488367, -22.190417682119485 ], [ -51.06353649, -22.190364006 ], [ -51.063545198, -22.190347859 ], [ -51.063593397564652, -22.190260506988434 ] ] ] } },
{ "type": "Feature", "properties": { "Field": "005", "Length": 372.73940845546332, "id": null }, "geometry": { "type": "MultiLineString", "coordinates": [ [ [ -51.061810256155169, -22.195822380273395 ], [ -51.061798048, -22.195824308 ], [ -51.061778864, -22.195827007 ], [ -51.061759642, -22.195829471 ], [ -51.061740377, -22.195831617999989 ], [ -51.061711427, -22.195834397 ], [ -51.061692074, -22.195835672 ], [ -51.061682379, -22.195836012 ], [ -51.061662981, -22.195836382 ], [ -51.061624176, -22.195836228 ], [ -51.06160478, -22.195835815 ], [ -51.061595102, -22.195835186 ], [ -51.061585451, -22.195834266999974 ], [ -51.061575833, -22.195833087 ], [ -51.061566239, -22.195831744 ], [ -51.061556686, -22.195830173 ], [ -51.061547199, -22.195828284 ], [ -51.061509384, -22.19582017 ], [ -51.061499996, -22.195817895 ], [ -51.061472152, -22.195810008 ], [ -51.061462901, -22.195807287 ], [ -51.06145372, -22.195804368 ], [ -51.061444658, -22.195801143 ], [ -51.061435708, -22.195797656 ], [ -51.06142689, -22.195793891 ], [ -51.06141661192521, -22.195789407393875 ] ] ] } },
{ "type": "Feature", "properties": { "Field": "004", "Length": 863.0622537882366, "id": null }, "geometry": { "type": "MultiLineString", "coordinates": [ [ [ -51.06358120691938, -22.190260538588607 ], [ -51.06355811400001, -22.190301209 ], [ -51.063527428, -22.190357624 ], [ -51.063506914, -22.190398557 ], [ -51.063498135, -22.190414668999988 ], [ -51.063496563789606, -22.190417650586777 ] ] ] } },
{ "type": "Feature", "properties": { "Field": "005", "Length": 371.14029860489643, "id": null }, "geometry": { "type": "MultiLineString", "coordinates": [ [ [ -51.061810148781078, -22.195811853136156 ], [ -51.061788274, -22.195815323 ], [ -51.061778685, -22.195816689 ], [ -51.06173051, -22.195821949 ], [ -51.061720859, -22.195822858 ], [ -51.061672471, -22.19582601 ], [ -51.061662782, -22.195826438 ], [ -51.061653083, -22.195826552999989 ], [ -51.061614278, -22.195826489 ], [ -51.061604587, -22.195826158 ], [ -51.061594934, -22.195825298 ], [ -51.06157567, -22.195823136 ], [ -51.061566065, -22.195821877 ], [ -51.06155651, -22.195820322 ], [ -51.061537445, -22.195816965 ], [ -51.061527966, -22.195815051 ], [ -51.061518588, -22.195812745 ], [ -51.061490629, -22.195805223 ], [ -51.061453787, -22.195793877 ], [ -51.06144467, -22.195790794 ], [ -51.061435745, -22.195787264 ], [ -51.061426926, -22.195783499 ], [ -51.061416461663931, -22.195778864640459 ] ] ] } },
{ "type": "Feature", "properties": { "Field": "005", "Length": 369.32269383081717, "id": null }, "geometry": { "type": "MultiLineString", "coordinates": [ [ [ -51.061810031907434, -22.195800394647087 ], [ -51.061779898, -22.195804932 ], [ -51.061741404, -22.195809501 ], [ -51.061731761, -22.195810491 ], [ -51.06167369700001, -22.195814298 ], [ -51.061664008, -22.195814749 ], [ -51.061625203, -22.19581473 ], [ -51.061605829, -22.195813771 ], [ -51.06157688, -22.195810977 ], [ -51.061567256, -22.19580984 ], [ -51.061538633, -22.195804933 ], [ -51.06151965, -22.195801194 ], [ -51.06151021, -22.195799114 ], [ -51.061482337, -22.195791314 ], [ -51.061454849, -22.195782411 ], [ -51.061445794, -22.195779169 ], [ -51.061436908, -22.195775545 ], [ -51.061419397176458, -22.195767858665889 ] ] ] } },
{ "type": "Feature", "properties": { "Field": "004", "Length": 861.36331409246122, "id": null }, "geometry": { "type": "MultiLineString", "coordinates": [ [ [ -51.063566751113363, -22.190260576060457 ], [ -51.063556097, -22.190279844 ], [ -51.063533263, -22.190319697 ], [ -51.063528934, -22.190327782 ], [ -51.063482852172946, -22.190417615849505 ] ] ] } },
{ "type": "Feature", "properties": { "Field": "005", "Length": 367.66746081806514, "id": null }, "geometry": { "type": "MultiLineString", "coordinates": [ [ [ -51.06180992062739, -22.195789484564351 ], [ -51.061799965, -22.195791228 ], [ -51.061742382, -22.195799144 ], [ -51.06168437, -22.195803572 ], [ -51.06162617, -22.195804321 ], [ -51.061597105, -22.195802965 ], [ -51.061558548, -22.195798892 ], [ -51.061539396, -22.195796008 ], [ -51.061520468, -22.195792042 ], [ -51.061492588, -22.195784272 ], [ -51.061443968191185, -22.1957677773587 ] ] ] } },
{ "type": "Feature", "properties": { "Field": "004", "Length": 859.97486167399063, "id": null }, "geometry": { "type": "MultiLineString", "coordinates": [ [ [ -51.063471299845993, -22.190417586582615 ], [ -51.063471528, -22.190417187 ], [ -51.063475853, -22.1904091 ], [ -51.063487953, -22.190384451 ], [ -51.063492154, -22.190376307 ], [ -51.063518195, -22.190327829 ], [ -51.06353916, -22.190287096 ], [ -51.063548057, -22.190271039 ], [ -51.063553962490644, -22.190260609210689 ] ] ] } },
{ "type": "Feature", "properties": { "Field": "005", "Length": 365.93843310404583, "id": null }, "geometry": { "type": "MultiLineString", "coordinates": [ [ [ -51.061478521359284, -22.195767663019875 ], [ -51.061483061, -22.195769273 ], [ -51.061501459, -22.19577501 ], [ -51.061520178, -22.195779765 ], [ -51.061558145, -22.195787235 ], [ -51.061606279, -22.195792818 ], [ -51.061635361, -22.19579386 ], [ -51.061683851, -22.195792692 ], [ -51.061732163, -22.195788649 ], [ -51.061770645, -22.195783996 ], [ -51.061809800908343, -22.195777747106867 ] ] ] } },
{ "type": "Feature", "properties": { "Field": "005", "Length": 364.2517059932822, "id": null }, "geometry": { "type": "MultiLineString", "coordinates": [ [ [ -51.061514294734948, -22.195767544643299 ], [ -51.061518327, -22.195768519 ], [ -51.061556149, -22.195776606 ], [ -51.061565692, -22.195778232 ], [ -51.061584911, -22.19578071 ], [ -51.06159457, -22.195781549 ], [ -51.061623638, -22.195782906 ], [ -51.061633337, -22.195783086 ], [ -51.061672141, -22.195782751 ], [ -51.061681832, -22.195782342 ], [ -51.061701173, -22.195780905 ], [ -51.061710826, -22.195780003 ], [ -51.061739722, -22.195776767 ], [ -51.061749335, -22.195775547 ], [ -51.061797292, -22.195768771 ], [ -51.061806851, -22.195767225 ], [ -51.061809688285123, -22.195766705336361 ] ] ] } },
{ "type": "Feature", "properties": { "Field": "004", "Length": 856.92050194870239, "id": null }, "geometry": { "type": "MultiLineString", "coordinates": [ [ [ -51.06353930416703, -22.190260647207495 ], [ -51.063537044, -22.190264629 ], [ -51.0635284, -22.190280805 ], [ -51.063460735, -22.190410896 ], [ -51.063457137001805, -22.190417550702193 ] ] ] } },
{ "type": "Feature", "properties": { "Field": "005", "Length": 362.27101337127249, "id": null }, "geometry": { "type": "MultiLineString", "coordinates": [ [ [ -51.061733748563988, -22.195766818455397 ], [ -51.061731579, -22.195767086 ], [ -51.061716133, -22.195768668 ], [ -51.061704529, -22.195769677 ], [ -51.061681276, -22.195771194 ], [ -51.061666721, -22.195771773 ], [ -51.06165604, -22.195772002 ], [ -51.061645356, -22.195772057 ], [ -51.061633701, -22.195771912 ], [ -51.061619142, -22.195771423 ], [ -51.061608476, -22.195770845 ], [ -51.061594922, -22.195769837 ], [ -51.061584293, -22.195768829 ], [ -51.061574651, -22.195767746 ], [ -51.061571683315805, -22.195767354740518 ] ] ] } },
{ "type": "Feature", "properties": { "Field": "004", "Length": 854.05860521324405, "id": null }, "geometry": { "type": "MultiLineString", "coordinates": [ [ [ -51.0635288492863, -22.190260674308281 ], [ -51.063516267, -22.190283428 ], [ -51.063503134, -22.190307615 ], [ -51.06348167, -22.190348123 ], [ -51.063473416, -22.190364474 ], [ -51.063461411, -22.190389164 ], [ -51.063457238, -22.190397319 ], [ -51.063446113189983, -22.190417522774254 ] ] ] } },
{ "type": "Feature", "properties": { "Field": "004", "Length": 851.16145987203299, "id": null }, "geometry": { "type": "MultiLineString", "coordinates": [ [ [ -51.063431097778448, -22.190417484733921 ], [ -51.063445431, -22.190390952 ], [ -51.063466185, -22.190350124 ], [ -51.063513321, -22.190260968 ], [ -51.06351346354284, -22.190260714190682 ] ] ] } },
{ "type": "Feature", "properties": { "Field": "004", "Length": 849.27451974555265, "id": null }, "geometry": { "type": "MultiLineString", "coordinates": [ [ [ -51.063501401710106, -22.190260745456953 ], [ -51.06349691, -22.190268894 ], [ -51.063479625, -22.190301247 ], [ -51.063459023, -22.190342141999988 ], [ -51.063441838, -22.190374542 ], [ -51.063429297, -22.190398999 ], [ -51.063421068105612, -22.190414342919549 ] ] ] } },
{ "type": "Feature", "properties": { "Field": "004", "Length": 846.48581868061649, "id": null }, "geometry": { "type": "MultiLineString", "coordinates": [ [ [ -51.063486658128326, -22.190260783674763 ], [ -51.063461915, -22.190305589 ], [ -51.06345771, -22.190313731 ], [ -51.063429149, -22.190371106 ], [ -51.063421223550328, -22.190385995685638 ] ] ] } },
{ "type": "Feature", "properties": { "Field": "004", "Length": 844.05763053603209, "id": null }, "geometry": { "type": "MultiLineString", "coordinates": [ [ [ -51.06342135417146, -22.190362175333583 ], [ -51.063423434, -22.190358148 ], [ -51.063448066, -22.190309035 ], [ -51.063456677, -22.190292843999988 ], [ -51.063474551742686, -22.190260815056522 ] ] ] } },
{ "type": "Feature", "properties": { "Field": "004", "Length": 840.82488995378924, "id": null }, "geometry": { "type": "MultiLineString", "coordinates": [ [ [ -51.0634214789618, -22.190339418297675 ], [ -51.06343964, -22.190307318 ], [ -51.063444039, -22.190299266 ], [ -51.063460918, -22.190266726 ], [ -51.063464098602466, -22.190260842152796 ] ] ] } },
{ "type": "Feature", "properties": { "Field": "004", "Length": 837.93872463390005, "id": null }, "geometry": { "type": "MultiLineString", "coordinates": [ [ [ -51.063453248091996, -22.190260870279122 ], [ -51.063452649, -22.190261991 ], [ -51.063448416, -22.19027012 ], [ -51.063436121, -22.190294685 ], [ -51.063431814, -22.190302779 ], [ -51.06342158527216, -22.190320031310936 ] ] ] } },
{ "type": "Feature", "properties": { "Field": "004", "Length": 834.96599499328795, "id": null }, "geometry": { "type": "MultiLineString", "coordinates": [ [ [ -51.063421751937824, -22.19028963780104 ], [ -51.063423145, -22.190286996 ], [ -51.063431271, -22.190270588 ], [ -51.063435477, -22.190262447 ], [ -51.063436359867545, -22.1902609140562 ] ] ] } },
{ "type": "Feature", "properties": { "Field": "004", "Length": 833.09463667943544, "id": null }, "geometry": { "type": "MultiLineString", "coordinates": [ [ [ -51.063424314768611, -22.190260945279096 ], [ -51.063421884692147, -22.190265428435541 ] ] ] } },
{ "type": "Feature", "properties": { "Field": "004", "Length": 71.104674955188031, "id": null }, "geometry": { "type": "MultiLineString", "coordinates": [ [ [ -51.063670731777172, -22.190260306525325 ], [ -51.063665725, -22.190269659 ], [ -51.063657012, -22.190285803 ], [ -51.063621347, -22.190349994 ], [ -51.06358698465057, -22.190417879660735 ] ] ] } },
{ "type": "Feature", "properties": { "Field": "004", "Length": 212.6913271072485, "id": null }, "geometry": { "type": "MultiLineString", "coordinates": [ [ [ -51.059284770235088, -22.197277510913494 ], [ -51.059282416673227, -22.197274076673317 ] ] ] } },
{ "type": "Feature", "properties": { "Field": "004", "Length": 211.01506291812251, "id": null }, "geometry": { "type": "MultiLineString", "coordinates": [ [ [ -51.059284888324335, -22.197296036036594 ], [ -51.059269476415871, -22.197274119412523 ] ] ] } },
{ "type": "Feature", "properties": { "Field": "004", "Length": 209.6335710022922, "id": null }, "geometry": { "type": "MultiLineString", "coordinates": [ [ [ -51.059285028864963, -22.197318083195775 ], [ -51.059255292044973, -22.197274166260797 ] ] ] } },
{ "type": "Feature", "properties": { "Field": "004", "Length": 208.54359235051021, "id": null }, "geometry": { "type": "MultiLineString", "coordinates": [ [ [ -51.059285145336638, -22.197336354563944 ], [ -51.059266446, -22.197309394 ], [ -51.059256055, -22.197294135 ], [ -51.059242717455021, -22.197274207792276 ] ] ] } },
{ "type": "Feature", "properties": { "Field": "004", "Length": 206.9669320025547, "id": null }, "geometry": { "type": "MultiLineString", "coordinates": [ [ [ -51.059285280493135, -22.197357557093859 ], [ -51.059279537, -22.197349325 ], [ -51.059268321, -22.197334581 ], [ -51.059227187316672, -22.197274259085365 ] ] ] } },
{ "type": "Feature", "properties": { "Field": "004", "Length": 205.55517876881342, "id": null }, "geometry": { "type": "MultiLineString", "coordinates": [ [ [ -51.059285407238129, -22.197377440077322 ], [ -51.059260354, -22.197343485000012 ], [ -51.059218639, -22.197282538 ], [ -51.059213318362424, -22.197274304891881 ] ] ] } },
{ "type": "Feature", "properties": { "Field": "004", "Length": 204.29370280431206, "id": null }, "geometry": { "type": "MultiLineString", "coordinates": [ [ [ -51.059285532715009, -22.197397124127278 ], [ -51.059279964, -22.197389827 ], [ -51.059215319, -22.197299665 ], [ -51.059199111196676, -22.197274351815445 ] ] ] } },
{ "type": "Feature", "properties": { "Field": "004", "Length": 202.90675955559254, "id": null }, "geometry": { "type": "MultiLineString", "coordinates": [ [ [ -51.059285646581372, -22.197414986789781 ], [ -51.059272563, -22.197398432 ], [ -51.059218345, -22.197323514 ], [ -51.05919281300001, -22.197285106 ], [ -51.059186311490599, -22.197274394090435 ] ] ] } },
{ "type": "Feature", "properties": { "Field": "004", "Length": 201.43487933032986, "id": null }, "geometry": { "type": "MultiLineString", "coordinates": [ [ [ -51.059281487997289, -22.197430007260273 ], [ -51.059269893, -22.197415207 ], [ -51.059226709, -22.197355154 ], [ -51.059215379, -22.197340486 ], [ -51.059174489, -22.197279055 ], [ -51.059171737432514, -22.197274442225776 ] ] ] } },
{ "type": "Feature", "properties": { "Field": "004", "Length": 200.13404491889858, "id": null }, "geometry": { "type": "MultiLineString", "coordinates": [ [ [ -51.059267056560437, -22.19743003371056 ], [ -51.059218413, -22.197364352 ], [ -51.059202721, -22.197341526 ], [ -51.059162926, -22.197279475 ], [ -51.059159933872472, -22.197274481210687 ] ] ] } },
{ "type": "Feature", "properties": { "Field": "004", "Length": 198.75400761286369, "id": null }, "geometry": { "type": "MultiLineString", "coordinates": [ [ [ -51.059251831773643, -22.19743006161492 ], [ -51.059215988, -22.197380987 ], [ -51.05919559, -22.197350245 ], [ -51.059184755, -22.197335256 ], [ -51.059159829, -22.197296504 ], [ -51.059146274115861, -22.197274526326261 ] ] ] } },
{ "type": "Feature", "properties": { "Field": "004", "Length": 197.37636032325264, "id": null }, "geometry": { "type": "MultiLineString", "coordinates": [ [ [ -51.059238728018627, -22.197430085631801 ], [ -51.059203704, -22.197381856 ], [ -51.059167525, -22.197328337 ], [ -51.059132844475123, -22.19727457068181 ] ] ] } },
{ "type": "Feature", "properties": { "Field": "004", "Length": 196.05919275461335, "id": null }, "geometry": { "type": "MultiLineString", "coordinates": [ [ [ -51.059119727514584, -22.19727461400463 ], [ -51.059153633, -22.197329017 ], [ -51.059158727, -22.1973367 ], [ -51.059174911, -22.197359224 ], [ -51.059195654, -22.197389766 ], [ -51.05921184, -22.197412279 ], [ -51.059216821, -22.197420032 ], [ -51.059222027, -22.197427649 ], [ -51.059223868227669, -22.197430112867185 ] ] ] } },
{ "type": "Feature", "properties": { "Field": "004", "Length": 194.30356907385919, "id": null }, "geometry": { "type": "MultiLineString", "coordinates": [ [ [ -51.059212657512816, -22.197430133414457 ], [ -51.059206446, -22.19742108 ], [ -51.059141826, -22.197330903 ], [ -51.059106275285323, -22.197274658434782 ] ] ] } },
{ "type": "Feature", "properties": { "Field": "004", "Length": 193.03043583670228, "id": null }, "geometry": { "type": "MultiLineString", "coordinates": [ [ [ -51.059198422026263, -22.1974301595056 ], [ -51.059176366, -22.197400679 ], [ -51.059134085, -22.197340071 ], [ -51.059094339, -22.197277993 ], [ -51.059092323746746, -22.197274704514058 ] ] ] } },
{ "type": "Feature", "properties": { "Field": "004", "Length": 191.76173081298865, "id": null }, "geometry": { "type": "MultiLineString", "coordinates": [ [ [ -51.05918455086902, -22.197430184928997 ], [ -51.059179943, -22.197424121 ], [ -51.059164131, -22.197401367 ], [ -51.059154311, -22.197385783 ], [ -51.059127385, -22.197348209 ], [ -51.059096694, -22.19730215 ], [ -51.059080131127018, -22.197274744783961 ] ] ] } },
{ "type": "Feature", "properties": { "Field": "004", "Length": 190.31202055348538, "id": null }, "geometry": { "type": "MultiLineString", "coordinates": [ [ [ -51.059169529388853, -22.197430212460731 ], [ -51.059108136, -22.197342343 ], [ -51.059068578, -22.197280160999988 ], [ -51.059065301369692, -22.197274793763825 ] ] ] } },
{ "type": "Feature", "properties": { "Field": "004", "Length": 188.54450994839658, "id": null }, "geometry": { "type": "MultiLineString", "coordinates": [ [ [ -51.059157702539743, -22.197430234137265 ], [ -51.059154972, -22.197426359 ], [ -51.059137952, -22.197404373 ], [ -51.059121844000011, -22.1973818 ], [ -51.059060971, -22.197289389 ], [ -51.059052471821396, -22.197274836137382 ] ] ] } },
{ "type": "Feature", "properties": { "Field": "004", "Length": 186.98280013113279, "id": null }, "geometry": { "type": "MultiLineString", "coordinates": [ [ [ -51.059142143509796, -22.197430262654233 ], [ -51.059140756, -22.197428279 ], [ -51.059118747, -22.197398516 ], [ -51.059093094, -22.197360178 ], [ -51.059088726, -22.197352112 ], [ -51.05906747, -22.197321878 ], [ -51.059038185, -22.197275031 ], [ -51.059038098637203, -22.197274883609271 ] ] ] } },
{ "type": "Feature", "properties": { "Field": "004", "Length": 185.356147664079, "id": null }, "geometry": { "type": "MultiLineString", "coordinates": [ [ [ -51.059127806630336, -22.197430288931216 ], [ -51.05909587, -22.197384522 ], [ -51.059080962, -22.197361245 ], [ -51.059070055, -22.197346301 ], [ -51.059025599470502, -22.197274924891641 ] ] ] } },
{ "type": "Feature", "properties": { "Field": "004", "Length": 183.71680428902906, "id": null }, "geometry": { "type": "MultiLineString", "coordinates": [ [ [ -51.059112814491371, -22.197430316409172 ], [ -51.059098202, -22.197409376 ], [ -51.059051989, -22.197340389 ], [ -51.059011435403825, -22.197274971672854 ] ] ] } },
{ "type": "Feature", "properties": { "Field": "004", "Length": 181.95779462423872, "id": null }, "geometry": { "type": "MultiLineString", "coordinates": [ [ [ -51.059099133333078, -22.197430341484331 ], [ -51.059028956, -22.197325412 ], [ -51.058998997539703, -22.197275012752751 ] ] ] } },
{ "type": "Feature", "properties": { "Field": "004", "Length": 180.14625973486341, "id": null }, "geometry": { "type": "MultiLineString", "coordinates": [ [ [ -51.059084940364869, -22.197430367497549 ], [ -51.059062675, -22.19739631 ], [ -51.059041371, -22.197366105 ], [ -51.059031834, -22.19735037 ], [ -51.059020988, -22.197335388 ], [ -51.05898470056276, -22.197275059972945 ] ] ] } },
{ "type": "Feature", "properties": { "Field": "004", "Length": 178.2321073971514, "id": null }, "geometry": { "type": "MultiLineString", "coordinates": [ [ [ -51.059072060480247, -22.197430391104113 ], [ -51.059070148, -22.197427648 ], [ -51.05900433, -22.197327464 ], [ -51.058976424, -22.197279893 ], [ -51.058973335525863, -22.197275097509497 ] ] ] } },
{ "type": "Feature", "properties": { "Field": "004", "Length": 176.4568903218948, "id": null }, "geometry": { "type": "MultiLineString", "coordinates": [ [ [ -51.059057153690297, -22.19743041842564 ], [ -51.05905147, -22.197422304 ], [ -51.059000663, -22.197345341 ], [ -51.058967464, -22.197290173 ], [ -51.058958783270349, -22.197275145572828 ] ] ] } },
{ "type": "Feature", "properties": { "Field": "004", "Length": 174.52889274372944, "id": null }, "geometry": { "type": "MultiLineString", "coordinates": [ [ [ -51.059043905843396, -22.197430442706615 ], [ -51.05899823, -22.197361544 ], [ -51.058968782, -22.197314787 ], [ -51.058955151, -22.19729084 ], [ -51.058945580186212, -22.1972751891801 ] ] ] } },
{ "type": "Feature", "properties": { "Field": "004", "Length": 172.25672848195603, "id": null }, "geometry": { "type": "MultiLineString", "coordinates": [ [ [ -51.059030041452019, -22.197430468117609 ], [ -51.058990067, -22.197370756 ], [ -51.05898085, -22.197354857 ], [ -51.058970297, -22.197339694 ], [ -51.058932422, -22.19727661 ], [ -51.058931662795757, -22.197275235146591 ] ] ] } },
{ "type": "Feature", "properties": { "Field": "004", "Length": 170.23386422100722, "id": null }, "geometry": { "type": "MultiLineString", "coordinates": [ [ [ -51.059015572720178, -22.197430494636251 ], [ -51.059002211, -22.197410699 ], [ -51.058972523, -22.197364073 ], [ -51.058939589, -22.197308768 ], [ -51.058920141815967, -22.197275273198194 ] ] ] } },
{ "type": "Feature", "properties": { "Field": "004", "Length": 168.10791867800643, "id": null }, "geometry": { "type": "MultiLineString", "coordinates": [ [ [ -51.059001533060687, -22.197430520368481 ], [ -51.058969512, -22.197381595 ], [ -51.058956042, -22.19735757 ], [ -51.058935876, -22.197326695 ], [ -51.058917061, -22.19729509 ], [ -51.058905877454229, -22.197275320310666 ] ] ] } },
{ "type": "Feature", "properties": { "Field": "004", "Length": 166.2821255892284, "id": null }, "geometry": { "type": "MultiLineString", "coordinates": [ [ [ -51.058989135143406, -22.197430543091684 ], [ -51.058977572, -22.197413716 ], [ -51.058972481, -22.197406026 ], [ -51.058943829, -22.197358842 ], [ -51.058928774, -22.197335647 ], [ -51.058893497724902, -22.197275361198553 ] ] ] } },
{ "type": "Feature", "properties": { "Field": "004", "Length": 164.20521284634654, "id": null }, "geometry": { "type": "MultiLineString", "coordinates": [ [ [ -51.058975262330847, -22.197430568518115 ], [ -51.058969706, -22.197422315 ], [ -51.05895551, -22.197398654 ], [ -51.058915709, -22.197336607 ], [ -51.058892737855544, -22.197296898912587 ] ] ] } },
{ "type": "Feature", "properties": { "Field": "004", "Length": 162.41805632231842, "id": null }, "geometry": { "type": "MultiLineString", "coordinates": [ [ [ -51.058961854018072, -22.197430593093195 ], [ -51.058937237, -22.197392214 ], [ -51.058892884959327, -22.197319905932993 ] ] ] } },
{ "type": "Feature", "properties": { "Field": "004", "Length": 160.31356409079447, "id": null }, "geometry": { "type": "MultiLineString", "coordinates": [ [ [ -51.058948166056922, -22.197430618180821 ], [ -51.058923816, -22.197393576 ], [ -51.058894689, -22.197346645 ], [ -51.058893038122079, -22.197343860576915 ] ] ] } },
{ "type": "Feature", "properties": { "Field": "004", "Length": 158.57833400136107, "id": null }, "geometry": { "type": "MultiLineString", "coordinates": [ [ [ -51.058893174070448, -22.197365122891988 ], [ -51.058902953, -22.197381722 ], [ -51.058932708, -22.197428311 ], [ -51.05893423011608, -22.197430643722953 ] ] ] } },
{ "type": "Feature", "properties": { "Field": "004", "Length": 156.46151448014743, "id": null }, "geometry": { "type": "MultiLineString", "coordinates": [ [ [ -51.058920505721488, -22.197430668877356 ], [ -51.058898439, -22.197396355 ], [ -51.058893319027533, -22.197387794169394 ] ] ] } },
{ "type": "Feature", "properties": { "Field": "004", "Length": 154.57996334550222, "id": null }, "geometry": { "type": "MultiLineString", "coordinates": [ [ [ -51.058908365469158, -22.197430691128307 ], [ -51.05889344562582, -22.197407594131985 ] ] ] } },
{ "type": "Feature", "properties": { "Field": "004", "Length": 152.72838673670742, "id": null }, "geometry": { "type": "MultiLineString", "coordinates": [ [ [ -51.058893647040257, -22.197430718104602 ], [ -51.058893592942518, -22.197430634453074 ] ] ] } }
]
}
