{
"type": "FeatureCollection",
"name": "77967_LINHAS",
"crs": { "type": "name", "properties": { "name": "urn:ogc:def:crs:OGC:1.3:CRS84" } },
"xy_coordinate_resolution": 1e-15,
"features": [
{ "type": "Feature", "properties": { "Field": "000", "Length": 570.91634782012545, "id": null }, "geometry": { "type": "MultiLineString", "coordinates": [ [ [ -51.099826796518549, -22.091425413712418 ], [ -51.099797137, -22.091433037 ], [ -51.099793326932065, -22.09143395597949 ] ] ] } },
{ "type": "Feature", "properties": { "Field": "000", "Length": 571.79623816903711, "id": null }, "geometry": { "type": "MultiLineString", "coordinates": [ [ [ -51.099740882686554, -22.091433949587827 ], [ -51.099821286, -22.091414312 ], [ -51.099826836695904, -22.09141285352937 ] ] ] } },
{ "type": "Feature", "properties": { "Field": "000", "Length": 572.46115874211728, "id": null }, "geometry": { "type": "MultiLineString", "coordinates": [ [ [ -51.099826870378827, -22.091402323624695 ], [ -51.099770738, -22.091416588 ], [ -51.099693866066282, -22.091433943857663 ] ] ] } },
{ "type": "Feature", "properties": { "Field": "000", "Length": 573.20142332860246, "id": null }, "geometry": { "type": "MultiLineString", "coordinates": [ [ [ -51.099642486722018, -22.091433937595788 ], [ -51.09976313, -22.091406526 ], [ -51.09978191, -22.09140204 ], [ -51.099819369, -22.091392699999989 ], [ -51.099826907830376, -22.091390615577659 ] ] ] } },
{ "type": "Feature", "properties": { "Field": "000", "Length": 574.51801438142058, "id": null }, "geometry": { "type": "MultiLineString", "coordinates": [ [ [ -51.099598807728682, -22.091433932272398 ], [ -51.099607742, -22.091432064 ], [ -51.099673756, -22.091417417 ], [ -51.099683125, -22.091415096 ], [ -51.099701759, -22.091410104 ], [ -51.099711142, -22.091407834 ], [ -51.099767725, -22.091395278 ], [ -51.099777113, -22.091393026 ], [ -51.099805142, -22.091385797 ], [ -51.099826942473427, -22.091379785521031 ] ] ] } },
{ "type": "Feature", "properties": { "Field": "000", "Length": 575.90882753927053, "id": null }, "geometry": { "type": "MultiLineString", "coordinates": [ [ [ -51.099538127738221, -22.091433924877002 ], [ -51.099592354, -22.091423557 ], [ -51.099677136, -22.091404362 ], [ -51.099714619, -22.091395106 ], [ -51.099761813, -22.091384812 ], [ -51.099826981467089, -22.091367595380813 ] ] ] } },
{ "type": "Feature", "properties": { "Field": "000", "Length": 576.93644146104521, "id": null }, "geometry": { "type": "MultiLineString", "coordinates": [ [ [ -51.099486403876774, -22.091433918573141 ], [ -51.099580706, -22.091415997 ], [ -51.099646723, -22.091401359 ], [ -51.099759472, -22.091374667 ], [ -51.09982701542031, -22.091356980976759 ] ] ] } },
{ "type": "Feature", "properties": { "Field": "000", "Length": 578.16323472169915, "id": null }, "geometry": { "type": "MultiLineString", "coordinates": [ [ [ -51.099426016889439, -22.091433911213457 ], [ -51.099533727, -22.09141385 ], [ -51.099647126, -22.091389669 ], [ -51.099684788, -22.091381066 ], [ -51.099703576, -22.091376608 ], [ -51.099778557, -22.091358148 ], [ -51.099827054461862, -22.091344775866293 ] ] ] } },
{ "type": "Feature", "properties": { "Field": "000", "Length": 579.30138128629346, "id": null }, "geometry": { "type": "MultiLineString", "coordinates": [ [ [ -51.099372080520077, -22.091433904639945 ], [ -51.099547379, -22.091401016 ], [ -51.099679467, -22.091371959 ], [ -51.099698286, -22.091367617 ], [ -51.099763882, -22.091351422 ], [ -51.099827086902373, -22.091334634363026 ] ] ] } },
{ "type": "Feature", "properties": { "Field": "000", "Length": 580.51990651343408, "id": null }, "geometry": { "type": "MultiLineString", "coordinates": [ [ [ -51.099827127586835, -22.09132191564732 ], [ -51.099826343, -22.091322125 ], [ -51.099761321, -22.091340219 ], [ -51.099657997, -22.091364795 ], [ -51.099535327, -22.091391708 ], [ -51.099430633, -22.091410589 ], [ -51.099316613, -22.091432087 ], [ -51.099305358942637, -22.091433896508232 ] ] ] } },
{ "type": "Feature", "properties": { "Field": "000", "Length": 581.66466621005281, "id": null }, "geometry": { "type": "MultiLineString", "coordinates": [ [ [ -51.099303205411374, -22.091424279106842 ], [ -51.099304249, -22.091424098 ], [ -51.099427659, -22.0914003 ], [ -51.09949437, -22.091388715 ], [ -51.099551312, -22.091377661 ], [ -51.099560754, -22.091375614 ], [ -51.099617226, -22.091362631 ], [ -51.099655073, -22.091354766 ], [ -51.099664499, -22.091352653 ], [ -51.099730279, -22.09133712 ], [ -51.099776921, -22.091324831 ], [ -51.099813825, -22.091313739 ], [ -51.099823138, -22.09131123 ], [ -51.099827164956778, -22.091310233114047 ] ] ] } },
{ "type": "Feature", "properties": { "Field": "000", "Length": 583.22967521074122, "id": null }, "geometry": { "type": "MultiLineString", "coordinates": [ [ [ -51.099303244625183, -22.091412142593189 ], [ -51.099303621, -22.091412078 ], [ -51.099322634, -22.091408541 ], [ -51.099389043, -22.091395538 ], [ -51.09944627, -22.091385846 ], [ -51.099522243, -22.091371332 ], [ -51.099541185, -22.091367477999988 ], [ -51.09966405, -22.091341344 ], [ -51.099673466, -22.091339196 ], [ -51.099701474, -22.091331901 ], [ -51.099757766, -22.091318259 ], [ -51.099822844, -22.09130034 ], [ -51.099827200299202, -22.091299184419658 ] ] ] } },
{ "type": "Feature", "properties": { "Field": "000", "Length": 584.23695657116741, "id": null }, "geometry": { "type": "MultiLineString", "coordinates": [ [ [ -51.099827232866062, -22.091289003417433 ], [ -51.099757728, -22.091308434 ], [ -51.099682732, -22.091326841 ], [ -51.099673344, -22.091329093 ], [ -51.099522208, -22.091361588 ], [ -51.099455562, -22.091373491 ], [ -51.099427294, -22.091379856 ], [ -51.0993795, -22.091387376 ], [ -51.099341674, -22.091395328 ], [ -51.099303276667186, -22.091402225724458 ] ] ] } },
{ "type": "Feature", "properties": { "Field": "000", "Length": 585.03639683390361, "id": null }, "geometry": { "type": "MultiLineString", "coordinates": [ [ [ -51.099303320044591, -22.091388800593844 ], [ -51.099303787, -22.091388706 ], [ -51.099313294, -22.091386943 ], [ -51.099427709, -22.091367354 ], [ -51.099437195, -22.091365498 ], [ -51.099474975, -22.09135736 ], [ -51.09948445, -22.091355451 ], [ -51.099560439, -22.091341009 ], [ -51.099569909, -22.09133908 ], [ -51.099636035, -22.091324877 ], [ -51.099683092, -22.091314047 ], [ -51.099767413, -22.091293166 ], [ -51.099827271998919, -22.091276769761695 ] ] ] } },
{ "type": "Feature", "properties": { "Field": "000", "Length": 586.23478371735871, "id": null }, "geometry": { "type": "MultiLineString", "coordinates": [ [ [ -51.099827304380298, -22.091266646744092 ], [ -51.099827013, -22.091266714 ], [ -51.099817661, -22.091269093 ], [ -51.099799118, -22.091274366 ], [ -51.099770841, -22.0912807 ], [ -51.099658793, -22.09130984 ], [ -51.0996494, -22.091312076 ], [ -51.099639931, -22.091314011 ], [ -51.099583043, -22.091325305 ], [ -51.099526443, -22.091337793 ], [ -51.099469407, -22.091348421 ], [ -51.09945993, -22.091350325 ], [ -51.099431639, -22.091356599 ], [ -51.099412605, -22.091360041 ], [ -51.099403059, -22.091361611 ], [ -51.099374305, -22.091365673 ], [ -51.099364771, -22.091367311 ], [ -51.099336486, -22.091373612 ], [ -51.099303349290288, -22.091379749169914 ] ] ] } },
{ "type": "Feature", "properties": { "Field": "000", "Length": 587.76508830431521, "id": null }, "geometry": { "type": "MultiLineString", "coordinates": [ [ [ -51.099827339127067, -22.09125578426282 ], [ -51.099805444, -22.091261603 ], [ -51.099711482, -22.091283829 ], [ -51.099636574, -22.091302547 ], [ -51.099627177, -22.091304764 ], [ -51.099532617, -22.09132467 ], [ -51.099418801, -22.091347086 ], [ -51.099409299, -22.091348874 ], [ -51.099352118, -22.091358803 ], [ -51.099303387544317, -22.091367909703028 ] ] ] } },
{ "type": "Feature", "properties": { "Field": "000", "Length": 589.29609536544694, "id": null }, "geometry": { "type": "MultiLineString", "coordinates": [ [ [ -51.099827371148862, -22.091245773657118 ], [ -51.09976361, -22.091261889 ], [ -51.099754211, -22.091264101 ], [ -51.099706985, -22.091274273 ], [ -51.099697573, -22.091276435 ], [ -51.099603864, -22.091299573 ], [ -51.09958508, -22.091304047 ], [ -51.099500034, -22.091322196 ], [ -51.099490529, -22.091323975 ], [ -51.099452297, -22.09133001 ], [ -51.09944279, -22.091331775 ], [ -51.099423908, -22.091335879 ], [ -51.099395348, -22.091340979 ], [ -51.099376499, -22.09134521 ], [ -51.099367007, -22.091347043 ], [ -51.099328785, -22.091353135 ], [ -51.099303420089889, -22.091357836981249 ] ] ] } },
{ "type": "Feature", "properties": { "Field": "000", "Length": 591.04279907984562, "id": null }, "geometry": { "type": "MultiLineString", "coordinates": [ [ [ -51.099827412016644, -22.091232997634616 ], [ -51.09980298, -22.09123947 ], [ -51.099784238, -22.091244098 ], [ -51.099774851, -22.091246351 ], [ -51.099699432, -22.09126319 ], [ -51.099624487, -22.091281778 ], [ -51.0995585, -22.091296529 ], [ -51.099482693, -22.091311779 ], [ -51.099416312, -22.091324909 ], [ -51.099406819, -22.09132674 ], [ -51.099321051, -22.091341646 ], [ -51.099303461418721, -22.091345045877183 ] ] ] } },
{ "type": "Feature", "properties": { "Field": "000", "Length": 591.94242909869899, "id": null }, "geometry": { "type": "MultiLineString", "coordinates": [ [ [ -51.099824633600612, -22.091223473993402 ], [ -51.099809711, -22.09122783 ], [ -51.099696666, -22.09125341 ], [ -51.09964071, -22.091268209 ], [ -51.099527515, -22.091293208 ], [ -51.099451662, -22.09130826 ], [ -51.099375671, -22.091322687 ], [ -51.099318402, -22.091332165 ], [ -51.099303493867708, -22.091335003046606 ] ] ] } },
{ "type": "Feature", "properties": { "Field": "000", "Length": 592.84192429119537, "id": null }, "geometry": { "type": "MultiLineString", "coordinates": [ [ [ -51.099777077169399, -22.091223607241048 ], [ -51.099773807, -22.091224459 ], [ -51.099698732, -22.091242582 ], [ -51.099576297, -22.091270411 ], [ -51.099538548, -22.091278674 ], [ -51.099481678, -22.091290046 ], [ -51.099444066, -22.09129883 ], [ -51.099434557, -22.091300588 ], [ -51.099358253, -22.091313503 ], [ -51.09932979, -22.091319065 ], [ -51.099303530172236, -22.091323766943532 ] ] ] } },
{ "type": "Feature", "properties": { "Field": "000", "Length": 593.97558406469022, "id": null }, "geometry": { "type": "MultiLineString", "coordinates": [ [ [ -51.099303563117722, -22.091313570449142 ], [ -51.099364782, -22.091302371 ], [ -51.099422017, -22.091292719 ], [ -51.099440995, -22.091289022 ], [ -51.099450452, -22.091287034 ], [ -51.099478557, -22.09128007 ], [ -51.099573458, -22.091261635 ], [ -51.099695888, -22.091233784 ], [ -51.099736650454794, -22.091223720512051 ] ] ] } },
{ "type": "Feature", "properties": { "Field": "000", "Length": 595.81116593936622, "id": null }, "geometry": { "type": "MultiLineString", "coordinates": [ [ [ -51.099303603839964, -22.091300967082603 ], [ -51.099323925, -22.091297252 ], [ -51.099428759, -22.091279057 ], [ -51.099438275, -22.091277334 ], [ -51.099485342, -22.091266542 ], [ -51.099532754, -22.091257152 ], [ -51.099579878, -22.091246575 ], [ -51.09963665, -22.091234784 ], [ -51.09968127805945, -22.091223875659132 ] ] ] } },
{ "type": "Feature", "properties": { "Field": "000", "Length": 597.07375404475204, "id": null }, "geometry": { "type": "MultiLineString", "coordinates": [ [ [ -51.099303636855623, -22.091290748869962 ], [ -51.099392129, -22.091275154 ], [ -51.099439599, -22.091266026 ], [ -51.099505773, -22.091252018 ], [ -51.099534296, -22.091246738 ], [ -51.099581279, -22.091235634 ], [ -51.099637821507301, -22.091223997419391 ] ] ] } },
{ "type": "Feature", "properties": { "Field": "000", "Length": 598.67849358531691, "id": null }, "geometry": { "type": "MultiLineString", "coordinates": [ [ [ -51.099580899103216, -22.091224156909419 ], [ -51.099436711, -22.091255165 ], [ -51.099332178, -22.0912748 ], [ -51.099322654, -22.091276482 ], [ -51.099303673324627, -22.091279461862289 ] ] ] } },
{ "type": "Feature", "properties": { "Field": "000", "Length": 598.8592335654356, "id": null }, "geometry": { "type": "MultiLineString", "coordinates": [ [ [ -51.099530694972394, -22.091224297575618 ], [ -51.099469962, -22.091237555 ], [ -51.099432367, -22.091246406 ], [ -51.099337366, -22.091264393 ], [ -51.099303704786003, -22.091269724694598 ] ] ] } },
{ "type": "Feature", "properties": { "Field": "000", "Length": 600.51963235546486, "id": null }, "geometry": { "type": "MultiLineString", "coordinates": [ [ [ -51.099473208225, -22.09122445864687 ], [ -51.099397887, -22.091240196 ], [ -51.099321771, -22.091254044 ], [ -51.099303746506997, -22.091256812215388 ] ] ] } },
{ "type": "Feature", "properties": { "Field": "000", "Length": 601.48714268076731, "id": null }, "geometry": { "type": "MultiLineString", "coordinates": [ [ [ -51.099426410231537, -22.09122458976946 ], [ -51.099374619, -22.091235123 ], [ -51.099365101, -22.091236837 ], [ -51.099317336, -22.09124452 ], [ -51.099303778615514, -22.091246874759779 ] ] ] } },
{ "type": "Feature", "properties": { "Field": "000", "Length": 602.54258034538339, "id": null }, "geometry": { "type": "MultiLineString", "coordinates": [ [ [ -51.099303813789483, -22.091235988560268 ], [ -51.099313632, -22.09123443 ], [ -51.099323159, -22.091232759 ], [ -51.099365277812822, -22.091224761055464 ] ] ] } },
{ "type": "Feature", "properties": { "Field": "000", "Length": 603.7627316115429, "id": null }, "geometry": { "type": "MultiLineString", "coordinates": [ [ [ -51.099303848635635, -22.0912252038178 ], [ -51.099305533875579, -22.091224928451101 ] ] ] } },
{ "type": "Feature", "properties": { "Field": "000", "Length": 625.57713574116792, "id": null }, "geometry": { "type": "MultiLineString", "coordinates": [ [ [ -51.097064181023768, -22.090471667550965 ], [ -51.097021876500357, -22.090476626017978 ] ] ] } },
{ "type": "Feature", "properties": { "Field": "000", "Length": 625.48184741645457, "id": null }, "geometry": { "type": "MultiLineString", "coordinates": [ [ [ -51.096922602909174, -22.090476831077606 ], [ -51.096991869, -22.090470533 ], [ -51.097011147, -22.090468608 ], [ -51.097064138185431, -22.09046232540495 ] ] ] } },
{ "type": "Feature", "properties": { "Field": "000", "Length": 625.46196920213629, "id": null }, "geometry": { "type": "MultiLineString", "coordinates": [ [ [ -51.09675380698404, -22.090477179742635 ], [ -51.096822509, -22.090471792 ], [ -51.096870741, -22.090467333 ], [ -51.096919111, -22.090464416 ], [ -51.096928773, -22.090463689 ], [ -51.0970252, -22.090454392 ], [ -51.097034826, -22.090453323 ], [ -51.09706407939953, -22.090449505427664 ] ] ] } },
{ "type": "Feature", "properties": { "Field": "000", "Length": 625.51733006701784, "id": null }, "geometry": { "type": "MultiLineString", "coordinates": [ [ [ -51.096544697104711, -22.09047681133632 ], [ -51.096565781, -22.090476231 ], [ -51.096623897, -22.09047402 ], [ -51.09667228, -22.090471312 ], [ -51.096720722, -22.090469766 ], [ -51.096730389, -22.090469088 ], [ -51.096788317, -22.090464197 ], [ -51.096856017, -22.090459878 ], [ -51.096894581, -22.090456106 ], [ -51.09695256, -22.090451785 ], [ -51.09699103, -22.09044725 ], [ -51.097058498, -22.090440476 ], [ -51.097064034944921, -22.090439810806384 ] ] ] } },
{ "type": "Feature", "properties": { "Field": "000", "Length": 625.56210341536325, "id": null }, "geometry": { "type": "MultiLineString", "coordinates": [ [ [ -51.09706398010924, -22.090427852290155 ], [ -51.097058385, -22.09042863 ], [ -51.097010198, -22.090433501 ], [ -51.096981354, -22.090436967 ], [ -51.096913817, -22.090443103 ], [ -51.096875123, -22.090445459 ], [ -51.096846175, -22.090448054 ], [ -51.096788178, -22.090452169 ], [ -51.096730375, -22.090458202 ], [ -51.096720728, -22.090459088 ], [ -51.096682034, -22.090461446 ], [ -51.096672348, -22.090461818 ], [ -51.096652964, -22.090462138 ], [ -51.09654440348919, -22.090466266815245 ] ] ] } },
{ "type": "Feature", "properties": { "Field": "000", "Length": 625.5204940257928, "id": null }, "geometry": { "type": "MultiLineString", "coordinates": [ [ [ -51.097063934843064, -22.09041798068246 ], [ -51.097025157, -22.090423494 ], [ -51.096909385, -22.090434087 ], [ -51.096880371, -22.090435947 ], [ -51.096841772, -22.090439389 ], [ -51.096793454, -22.090442971 ], [ -51.096783806, -22.090443855 ], [ -51.096745284, -22.090447985 ], [ -51.096735626, -22.090448759 ], [ -51.096687273, -22.090451906 ], [ -51.096667914, -22.090452877 ], [ -51.096544127238246, -22.090456345902719 ] ] ] } },
{ "type": "Feature", "properties": { "Field": "000", "Length": 625.54911842811714, "id": null }, "geometry": { "type": "MultiLineString", "coordinates": [ [ [ -51.097063879687845, -22.090405952481746 ], [ -51.097032161, -22.090410478 ], [ -51.097007197, -22.090413892 ], [ -51.096979305, -22.090417394 ], [ -51.096946555, -22.090421144 ], [ -51.096903153, -22.090425659 ], [ -51.096833639, -22.090432291 ], [ -51.096758242, -22.090437486 ], [ -51.096671117, -22.090441773 ], [ -51.096661426, -22.090441998 ], [ -51.096612957, -22.090442381 ], [ -51.096603269, -22.090442703 ], [ -51.096545182, -22.090445498 ], [ -51.096543826204488, -22.090445534973064 ] ] ] } },
{ "type": "Feature", "properties": { "Field": "000", "Length": 625.33904083404673, "id": null }, "geometry": { "type": "MultiLineString", "coordinates": [ [ [ -51.097063848089796, -22.090399061607666 ], [ -51.097023528, -22.090403665 ], [ -51.097013918, -22.090404855 ], [ -51.096994748, -22.090407556 ], [ -51.096985124, -22.090408635 ], [ -51.096936884, -22.090413041 ], [ -51.096907915, -22.090415425 ], [ -51.096830783, -22.090422945 ], [ -51.09675345, -22.090428388 ], [ -51.096666326, -22.090432695 ], [ -51.096608165, -22.090433267 ], [ -51.096543573301489, -22.090436452547731 ] ] ] } },
{ "type": "Feature", "properties": { "Field": "000", "Length": 625.02192495907366, "id": null }, "geometry": { "type": "MultiLineString", "coordinates": [ [ [ -51.097063798761489, -22.090388304134471 ], [ -51.097039793, -22.090391207 ], [ -51.097020544, -22.090393373 ], [ -51.096991801, -22.090397478999986 ], [ -51.096972533, -22.090399477 ], [ -51.096924311, -22.090404042 ], [ -51.09684704, -22.090410196 ], [ -51.096827711, -22.090411598 ], [ -51.096760021, -22.090416053 ], [ -51.096682563, -22.090419623 ], [ -51.096595357, -22.090422111 ], [ -51.096543198268968, -22.090422984123968 ] ] ] } },
{ "type": "Feature", "properties": { "Field": "000", "Length": 624.94789451191662, "id": null }, "geometry": { "type": "MultiLineString", "coordinates": [ [ [ -51.097063751115698, -22.090377913582902 ], [ -51.097034014, -22.090381224 ], [ -51.09702441400001, -22.090382473 ], [ -51.096995678, -22.090386643 ], [ -51.096986072, -22.090387841 ], [ -51.096928296, -22.090394096 ], [ -51.096918643, -22.090394912 ], [ -51.096696227, -22.090409471 ], [ -51.096686546, -22.090409902 ], [ -51.096609027, -22.090412048 ], [ -51.0965429010758, -22.090412311119874 ] ] ] } },
{ "type": "Feature", "properties": { "Field": "000", "Length": 625.10487221760889, "id": null }, "geometry": { "type": "MultiLineString", "coordinates": [ [ [ -51.096542552512986, -22.090399793294225 ], [ -51.096632213, -22.090397615 ], [ -51.096748456, -22.090393462 ], [ -51.096816163, -22.090389226 ], [ -51.096883782, -22.090383924 ], [ -51.096931944, -22.090378831 ], [ -51.096989861, -22.090373843 ], [ -51.097057181, -22.090365891 ], [ -51.097063693589398, -22.09036536829808 ] ] ] } },
{ "type": "Feature", "properties": { "Field": "000", "Length": 625.08574555322264, "id": null }, "geometry": { "type": "MultiLineString", "coordinates": [ [ [ -51.096542270594625, -22.090389668849657 ], [ -51.096664561, -22.090387193 ], [ -51.096751718, -22.09038351 ], [ -51.096771076, -22.09038251 ], [ -51.0968291, -22.090378761 ], [ -51.096877398, -22.090374948 ], [ -51.096896692, -22.090373171 ], [ -51.09700262, -22.090361751 ], [ -51.097063650688021, -22.090356012403412 ] ] ] } },
{ "type": "Feature", "properties": { "Field": "000", "Length": 624.93817198917156, "id": null }, "geometry": { "type": "MultiLineString", "coordinates": [ [ [ -51.097063582558881, -22.090341154862564 ], [ -51.096950208, -22.090351984 ], [ -51.096930952, -22.09035407 ], [ -51.096786092, -22.090365855 ], [ -51.096766764, -22.090367269 ], [ -51.096679642, -22.090371632 ], [ -51.096660276, -22.090372477 ], [ -51.096541875281204, -22.090375472084155 ] ] ] } },
{ "type": "Feature", "properties": { "Field": "000", "Length": 625.13418861200512, "id": null }, "geometry": { "type": "MultiLineString", "coordinates": [ [ [ -51.096541624732488, -22.090366474207492 ], [ -51.096595743, -22.090365231 ], [ -51.096750694, -22.090358779 ], [ -51.096847392, -22.09035238 ], [ -51.096866721, -22.090350979 ], [ -51.096953558, -22.090343104 ], [ -51.097030534, -22.090334312 ], [ -51.097040183, -22.09033344 ], [ -51.097063539051923, -22.090331666902909 ] ] ] } },
{ "type": "Feature", "properties": { "Field": "000", "Length": 625.15292671930661, "id": null }, "geometry": { "type": "MultiLineString", "coordinates": [ [ [ -51.096541223676134, -22.09035207119787 ], [ -51.096598797, -22.090351101 ], [ -51.096608487, -22.090350846 ], [ -51.096695658, -22.090347474 ], [ -51.096734367, -22.09034535 ], [ -51.096763364, -22.090343285 ], [ -51.096792378000011, -22.090341431 ], [ -51.096802037, -22.090340668 ], [ -51.096898521, -22.090331906 ], [ -51.096937198, -22.090329336 ], [ -51.096946835, -22.090328382 ], [ -51.096966057, -22.090326019 ], [ -51.096985379, -22.09032459 ], [ -51.096995009, -22.090323587 ], [ -51.097004619, -22.090322403 ], [ -51.097063467629354, -22.09031609113346 ] ] ] } },
{ "type": "Feature", "properties": { "Field": "000", "Length": 625.20331807979017, "id": null }, "geometry": { "type": "MultiLineString", "coordinates": [ [ [ -51.097063427793159, -22.090307403690442 ], [ -51.097048562, -22.090309421 ], [ -51.096971403, -22.090316693 ], [ -51.0969329, -22.090320963 ], [ -51.096874901, -22.090325044 ], [ -51.096826763, -22.090330315 ], [ -51.096739805, -22.090336929 ], [ -51.09671077, -22.090338467 ], [ -51.09670109, -22.090338946 ], [ -51.096565456, -22.090343378 ], [ -51.096540991833855, -22.090343745119664 ] ] ] } },
{ "type": "Feature", "properties": { "Field": "000", "Length": 625.01187555025388, "id": null }, "geometry": { "type": "MultiLineString", "coordinates": [ [ [ -51.097063361365862, -22.090292917285669 ], [ -51.097015918, -22.090299561 ], [ -51.096958295, -22.090306942 ], [ -51.096939068, -22.090309262 ], [ -51.096910146, -22.0903121 ], [ -51.096842612, -22.090318282 ], [ -51.096823303, -22.090319914 ], [ -51.096746007, -22.090325786 ], [ -51.096716995, -22.090327667 ], [ -51.096697638, -22.090328693 ], [ -51.096581418, -22.090333375 ], [ -51.096552352, -22.090334278 ], [ -51.096540735158023, -22.090334527202028 ] ] ] } },
{ "type": "Feature", "properties": { "Field": "000", "Length": 624.81688466690332, "id": null }, "geometry": { "type": "MultiLineString", "coordinates": [ [ [ -51.09654048136067, -22.090325412658306 ], [ -51.096616735, -22.090323637 ], [ -51.096732933, -22.090318495999988 ], [ -51.09674258, -22.090317649 ], [ -51.096781104, -22.090313531 ], [ -51.096790754, -22.090312676 ], [ -51.096916309, -22.090302569 ], [ -51.09692594, -22.090301547999989 ], [ -51.096993267, -22.090293647 ], [ -51.097063321803162, -22.090284289487503 ] ] ] } },
{ "type": "Feature", "properties": { "Field": "000", "Length": 625.11084361736062, "id": null }, "geometry": { "type": "MultiLineString", "coordinates": [ [ [ -51.096540159337408, -22.090313847939054 ], [ -51.096588348, -22.090313077 ], [ -51.096607724, -22.090312459 ], [ -51.096694895, -22.090309059 ], [ -51.09671424, -22.090307881 ], [ -51.096849568, -22.090298302 ], [ -51.096859221, -22.090297473 ], [ -51.096897754, -22.090293436 ], [ -51.09695543, -22.090286431 ], [ -51.096993946, -22.090282255 ], [ -51.097032349, -22.090277263 ], [ -51.097041994, -22.09027637 ], [ -51.097061333, -22.090275097 ], [ -51.097063278692815, -22.090274888020417 ] ] ] } },
{ "type": "Feature", "properties": { "Field": "000", "Length": 625.08941006456439, "id": null }, "geometry": { "type": "MultiLineString", "coordinates": [ [ [ -51.096539879284194, -22.090303790476717 ], [ -51.096584979, -22.090303158 ], [ -51.096691527, -22.090299140999988 ], [ -51.096788253, -22.090293152 ], [ -51.096942611, -22.090278978 ], [ -51.096981159, -22.090275067 ], [ -51.096990783, -22.090273987 ], [ -51.097029157, -22.09026881 ], [ -51.097058105, -22.09026624 ], [ -51.097059593335949, -22.090266045100712 ] ] ] } },
{ "type": "Feature", "properties": { "Field": "000", "Length": 625.05666850871717, "id": null }, "geometry": { "type": "MultiLineString", "coordinates": [ [ [ -51.096539551943486, -22.090292034793887 ], [ -51.09661721, -22.090290744 ], [ -51.096743028, -22.090284054 ], [ -51.096839706, -22.090277402 ], [ -51.096907294, -22.090271759 ], [ -51.096958756707778, -22.090266031218615 ] ] ] } },
{ "type": "Feature", "properties": { "Field": "000", "Length": 625.05290095242469, "id": null }, "geometry": { "type": "MultiLineString", "coordinates": [ [ [ -51.096539270383168, -22.090281923207556 ], [ -51.096603018, -22.090280652 ], [ -51.096748253, -22.090273979 ], [ -51.096852483834482, -22.090266016588114 ] ] ] } },
{ "type": "Feature", "properties": { "Field": "000", "Length": 625.10707192493783, "id": null }, "geometry": { "type": "MultiLineString", "coordinates": [ [ [ -51.096666694658069, -22.090265991010671 ], [ -51.096646529, -22.090266858 ], [ -51.09663684, -22.090267162 ], [ -51.096559303, -22.090268638 ], [ -51.096549619, -22.090269031 ], [ -51.096539947, -22.090269648 ], [ -51.09653892942422, -22.090269678456909 ] ] ] } },
{ "type": "Feature", "properties": { "Field": "001", "Length": 463.1569495596346, "id": null }, "geometry": { "type": "MultiLineString", "coordinates": [ [ [ -51.09963166991998, -22.088214238622509 ], [ -51.099534822, -22.088225478 ], [ -51.099488617779343, -22.088231707195654 ] ] ] } },
{ "type": "Feature", "properties": { "Field": "001", "Length": 465.04332143747962, "id": null }, "geometry": { "type": "MultiLineString", "coordinates": [ [ [ -51.099631636523704, -22.088201715709999 ], [ -51.099585993, -22.088206762 ], [ -51.09949967, -22.088218551 ], [ -51.099386384733926, -22.08823184435558 ] ] ] } },
{ "type": "Feature", "properties": { "Field": "001", "Length": 466.5965338877794, "id": null }, "geometry": { "type": "MultiLineString", "coordinates": [ [ [ -51.099631609707252, -22.088191660097849 ], [ -51.099566912, -22.088198964 ], [ -51.099557309, -22.088200194 ], [ -51.099509394, -22.088207014 ], [ -51.09949979000001, -22.088208237 ], [ -51.099422814, -22.088217024 ], [ -51.09932688300001, -22.088230022 ], [ -51.099311275418614, -22.088231945125226 ] ] ] } },
{ "type": "Feature", "properties": { "Field": "001", "Length": 459.54578094416183, "id": null }, "geometry": { "type": "MultiLineString", "coordinates": [ [ [ -51.09963169874657, -22.0882250479943 ], [ -51.09961684, -22.088227185 ], [ -51.099575938458599, -22.088231590042756 ] ] ] } },
{ "type": "Feature", "properties": { "Field": "001", "Length": 468.56536491205679, "id": null }, "geometry": { "type": "MultiLineString", "coordinates": [ [ [ -51.099631576627587, -22.088179255909729 ], [ -51.099608533, -22.088182019 ], [ -51.099522171, -22.088193555 ], [ -51.099454772, -22.088200892 ], [ -51.099320458, -22.088219024 ], [ -51.09922435, -22.088230826 ], [ -51.099215333135035, -22.088232073845212 ] ] ] } },
{ "type": "Feature", "properties": { "Field": "001", "Length": 470.51258883311073, "id": null }, "geometry": { "type": "MultiLineString", "coordinates": [ [ [ -51.099631548132045, -22.088168570673748 ], [ -51.099528898, -22.088182354 ], [ -51.099403865, -22.088197028 ], [ -51.099327227, -22.088208084 ], [ -51.099230989, -22.08821893 ], [ -51.099173512, -22.08822723 ], [ -51.099130241059534, -22.088232188008131 ] ] ] } },
{ "type": "Feature", "properties": { "Field": "001", "Length": 471.90641674288906, "id": null }, "geometry": { "type": "MultiLineString", "coordinates": [ [ [ -51.099110198903368, -22.088222575585 ], [ -51.099227606, -22.088207205 ], [ -51.09935263, -22.088192465 ], [ -51.099371833, -22.088189974 ], [ -51.099458145, -22.088178113 ], [ -51.099477346, -22.088175613 ], [ -51.099583027, -22.088162355 ], [ -51.099631517466968, -22.088157071907013 ] ] ] } },
{ "type": "Feature", "properties": { "Field": "001", "Length": 473.55399234053488, "id": null }, "geometry": { "type": "MultiLineString", "coordinates": [ [ [ -51.099631494771003, -22.088148561390831 ], [ -51.099621491, -22.088149821 ], [ -51.099525216, -22.088160383 ], [ -51.099515608, -22.088161576 ], [ -51.099448482, -22.088170839 ], [ -51.099438866, -22.088171974 ], [ -51.099419593, -22.088173931 ], [ -51.099410001, -22.088175217 ], [ -51.09938136200001, -22.088179927 ], [ -51.099371767, -22.088181193 ], [ -51.099333234, -22.088185221 ], [ -51.099304407, -22.088188802 ], [ -51.099275709, -22.088193184 ], [ -51.09926612000001, -22.088194495 ], [ -51.099131451, -22.088210171 ], [ -51.099110210867281, -22.088213081014608 ] ] ] } },
{ "type": "Feature", "properties": { "Field": "001", "Length": 475.57483102819629, "id": null }, "geometry": { "type": "MultiLineString", "coordinates": [ [ [ -51.099631461820351, -22.088136205580934 ], [ -51.09962427, -22.088137117 ], [ -51.099470474, -22.088155842 ], [ -51.099364974, -22.08817029 ], [ -51.099278382, -22.08818022 ], [ -51.099268794, -22.088181551 ], [ -51.099259255, -22.088183149 ], [ -51.099211091, -22.088188212 ], [ -51.099110225618332, -22.088201374566676 ] ] ] } },
{ "type": "Feature", "properties": { "Field": "001", "Length": 476.94251962598918, "id": null }, "geometry": { "type": "MultiLineString", "coordinates": [ [ [ -51.099631435685346, -22.088126405497771 ], [ -51.099625414, -22.088127274 ], [ -51.0996158, -22.088128428 ], [ -51.099558027, -22.088134695 ], [ -51.0995388, -22.088137011 ], [ -51.099375653, -22.088158691 ], [ -51.099212154, -22.088177931 ], [ -51.099110238918541, -22.088190819516072 ] ] ] } },
{ "type": "Feature", "properties": { "Field": "001", "Length": 479.2295088448198, "id": null }, "geometry": { "type": "MultiLineString", "coordinates": [ [ [ -51.099631404930037, -22.088114872893225 ], [ -51.099552337, -22.088124003 ], [ -51.099341075, -22.088151187 ], [ -51.099302585, -22.088155553 ], [ -51.099283418, -22.088158263 ], [ -51.099244905, -22.088162442 ], [ -51.099129572, -22.088176587 ], [ -51.099110369, -22.088179075 ], [ -51.099110253697788, -22.088179090695775 ] ] ] } },
{ "type": "Feature", "properties": { "Field": "001", "Length": 480.54048131099859, "id": null }, "geometry": { "type": "MultiLineString", "coordinates": [ [ [ -51.099631378827311, -22.088105084913995 ], [ -51.0995268, -22.088117333 ], [ -51.09944046, -22.088129014 ], [ -51.099248244, -22.088152626 ], [ -51.099200285, -22.088159164 ], [ -51.099132861, -22.08816629 ], [ -51.099110265835058, -22.088169458546645 ] ] ] } },
{ "type": "Feature", "properties": { "Field": "001", "Length": 482.17620576185641, "id": null }, "geometry": { "type": "MultiLineString", "coordinates": [ [ [ -51.099631348866694, -22.088093850305267 ], [ -51.099462492, -22.088114073 ], [ -51.099270507, -22.088139264 ], [ -51.099135801, -22.088154666 ], [ -51.099110279628817, -22.088158511807841 ] ] ] } },
{ "type": "Feature", "properties": { "Field": "001", "Length": 484.00968351009573, "id": null }, "geometry": { "type": "MultiLineString", "coordinates": [ [ [ -51.099110292601004, -22.088148217071179 ], [ -51.099178432, -22.088139626 ], [ -51.099274654, -22.088128655 ], [ -51.099303374, -22.088124396 ], [ -51.099389942, -22.088114286 ], [ -51.099457051, -22.08810492 ], [ -51.099514815, -22.088098576 ], [ -51.099620439, -22.088084937 ], [ -51.099631321829627, -22.088083711965488 ] ] ] } },
{ "type": "Feature", "properties": { "Field": "001", "Length": 485.7209245872283, "id": null }, "geometry": { "type": "MultiLineString", "coordinates": [ [ [ -51.099110306117296, -22.088137490536155 ], [ -51.099135872, -22.088134408 ], [ -51.099145477, -22.088133189 ], [ -51.099174223, -22.088129087 ], [ -51.099270356, -22.088117455 ], [ -51.099395191, -22.088101382 ], [ -51.099433534, -22.088096 ], [ -51.099568197, -22.088080284 ], [ -51.09961614, -22.088073645 ], [ -51.099631290264895, -22.08807187584674 ] ] ] } },
{ "type": "Feature", "properties": { "Field": "001", "Length": 487.24219508978564, "id": null }, "geometry": { "type": "MultiLineString", "coordinates": [ [ [ -51.09911031903507, -22.088127238978192 ], [ -51.099174478, -22.088118404 ], [ -51.099270734, -22.0881077 ], [ -51.099366633, -22.0880945 ], [ -51.099405161, -22.088090429 ], [ -51.099433912, -22.088086362 ], [ -51.099472412, -22.088082074 ], [ -51.099568476, -22.088069958 ], [ -51.099616405, -22.088063234 ], [ -51.099631262611886, -22.088061506541329 ] ] ] } },
{ "type": "Feature", "properties": { "Field": "001", "Length": 489.10841951505745, "id": null }, "geometry": { "type": "MultiLineString", "coordinates": [ [ [ -51.099110334109213, -22.088115276132115 ], [ -51.099169357, -22.08810764 ], [ -51.09924631, -22.088098679 ], [ -51.099303834, -22.088090662 ], [ -51.099313441, -22.088089458 ], [ -51.099563383, -22.088059191 ], [ -51.099630459, -22.088049626 ], [ -51.099631230668301, -22.088049528360852 ] ] ] } },
{ "type": "Feature", "properties": { "Field": "001", "Length": 490.77095382049583, "id": null }, "geometry": { "type": "MultiLineString", "coordinates": [ [ [ -51.099110345935848, -22.088105890504909 ], [ -51.099111706, -22.088105746 ], [ -51.09917886600001, -22.088096694 ], [ -51.099265397, -22.088086314 ], [ -51.099303669, -22.088080509 ], [ -51.099332592, -22.088077673 ], [ -51.099380524, -22.088070962 ], [ -51.099553555, -22.088049975 ], [ -51.099631203310516, -22.088039269758863 ] ] ] } },
{ "type": "Feature", "properties": { "Field": "001", "Length": 492.71620453905211, "id": null }, "geometry": { "type": "MultiLineString", "coordinates": [ [ [ -51.099631171649847, -22.088027397664774 ], [ -51.099574231, -22.088034601 ], [ -51.099516736, -22.088042796 ], [ -51.099478214, -22.088046912 ], [ -51.099430213, -22.088053169 ], [ -51.099334043, -22.088064524 ], [ -51.099228508, -22.088078751 ], [ -51.099110362173811, -22.088093004046236 ] ] ] } },
{ "type": "Feature", "properties": { "Field": "001", "Length": 494.15784854070324, "id": null }, "geometry": { "type": "MultiLineString", "coordinates": [ [ [ -51.099588933540488, -22.088022547436701 ], [ -51.09955745, -22.088026232 ], [ -51.099509598, -22.088033419 ], [ -51.099461451, -22.088038623 ], [ -51.0993366, -22.08805459 ], [ -51.099269239, -22.088062229 ], [ -51.099230908, -22.088067689 ], [ -51.099110374927889, -22.088082882400247 ] ] ] } },
{ "type": "Feature", "properties": { "Field": "001", "Length": 496.14949763535799, "id": null }, "geometry": { "type": "MultiLineString", "coordinates": [ [ [ -51.099496574487382, -22.088022535689507 ], [ -51.099350488, -22.088040397 ], [ -51.099206527, -22.088059472 ], [ -51.099119971, -22.088069676 ], [ -51.099110389955527, -22.088070956458484 ] ] ] } },
{ "type": "Feature", "properties": { "Field": "001", "Length": 497.62730340378624, "id": null }, "geometry": { "type": "MultiLineString", "coordinates": [ [ [ -51.099110402271251, -22.088061182689383 ], [ -51.09934761200001, -22.08803028 ], [ -51.099410046544442, -22.088022524683971 ] ] ] } },
{ "type": "Feature", "properties": { "Field": "001", "Length": 499.60677433414344, "id": null }, "geometry": { "type": "MultiLineString", "coordinates": [ [ [ -51.099110418397572, -22.088048384829044 ], [ -51.099112879, -22.088047992 ], [ -51.099122473, -22.088046699 ], [ -51.099228262, -22.088034222 ], [ -51.09931729073412, -22.088022512886312 ] ] ] } },
{ "type": "Feature", "properties": { "Field": "001", "Length": 500.91367032631268, "id": null }, "geometry": { "type": "MultiLineString", "coordinates": [ [ [ -51.099110430155328, -22.088039053864449 ], [ -51.099123657, -22.088036993 ], [ -51.099219792, -22.088025378 ], [ -51.099241313924864, -22.088022503222785 ] ] ] } },
{ "type": "Feature", "properties": { "Field": "001", "Length": 502.7026585294783, "id": null }, "geometry": { "type": "MultiLineString", "coordinates": [ [ [ -51.099110445088385, -22.088027202981518 ], [ -51.099153488522312, -22.088022492052225 ] ] ] } },
{ "type": "Feature", "properties": { "Field": "001", "Length": 560.54195062295901, "id": null }, "geometry": { "type": "MultiLineString", "coordinates": [ [ [ -51.096734198973174, -22.086818533053613 ], [ -51.096725317399681, -22.086821441781073 ] ] ] } },
{ "type": "Feature", "properties": { "Field": "001", "Length": 560.37902553724541, "id": null }, "geometry": { "type": "MultiLineString", "coordinates": [ [ [ -51.096734157993176, -22.086809549705258 ], [ -51.09669985054358, -22.086821512522587 ] ] ] } },
{ "type": "Feature", "properties": { "Field": "001", "Length": 560.06952670060582, "id": null }, "geometry": { "type": "MultiLineString", "coordinates": [ [ [ -51.096734098495105, -22.0867965069564 ], [ -51.096663236894663, -22.086821614227524 ] ] ] } },
{ "type": "Feature", "properties": { "Field": "001", "Length": 559.92192901868623, "id": null }, "geometry": { "type": "MultiLineString", "coordinates": [ [ [ -51.096734046054678, -22.086785011334626 ], [ -51.096728779, -22.086786817 ], [ -51.096631328501751, -22.086821702862263 ] ] ] } },
{ "type": "Feature", "properties": { "Field": "001", "Length": 559.63031858332533, "id": null }, "geometry": { "type": "MultiLineString", "coordinates": [ [ [ -51.096592268801103, -22.086821811361812 ], [ -51.096674701, -22.08679325 ], [ -51.096733985946578, -22.086771834857924 ] ] ] } },
{ "type": "Feature", "properties": { "Field": "001", "Length": 559.59713075521677, "id": null }, "geometry": { "type": "MultiLineString", "coordinates": [ [ [ -51.096733940587107, -22.086761891473568 ], [ -51.096691291, -22.086775925 ], [ -51.096682212, -22.086779091 ], [ -51.096610285, -22.086806113 ], [ -51.096592227, -22.086812687 ], [ -51.096564307258852, -22.086821889033036 ] ] ] } },
{ "type": "Feature", "properties": { "Field": "001", "Length": 559.38626477425794, "id": null }, "geometry": { "type": "MultiLineString", "coordinates": [ [ [ -51.096733880845768, -22.086748795396495 ], [ -51.096712602, -22.086755919 ], [ -51.096658202, -22.086775099 ], [ -51.096586205, -22.086801955 ], [ -51.096540501, -22.086816994 ], [ -51.096526523465762, -22.086821993988387 ] ] ] } },
{ "type": "Feature", "properties": { "Field": "001", "Length": 559.12102807000463, "id": null }, "geometry": { "type": "MultiLineString", "coordinates": [ [ [ -51.096733835362905, -22.086738824963355 ], [ -51.096716044, -22.08674488 ], [ -51.096625274, -22.08677659200001 ], [ -51.096571203, -22.086796564 ], [ -51.096534648, -22.086808618 ], [ -51.096507636, -22.08681866 ], [ -51.096497712362108, -22.086822074019512 ] ] ] } },
{ "type": "Feature", "properties": { "Field": "001", "Length": 558.98852686876194, "id": null }, "geometry": { "type": "MultiLineString", "coordinates": [ [ [ -51.096733773917052, -22.086725355234094 ], [ -51.096700203, -22.08673638 ], [ -51.096458701049237, -22.086822182384651 ] ] ] } },
{ "type": "Feature", "properties": { "Field": "001", "Length": 558.84056230040483, "id": null }, "geometry": { "type": "MultiLineString", "coordinates": [ [ [ -51.096733727780098, -22.086715241414442 ], [ -51.096732581, -22.086715614 ], [ -51.096714607, -22.086722384 ], [ -51.096669012, -22.086737707 ], [ -51.096587661, -22.086767084 ], [ -51.096551102, -22.086779125 ], [ -51.096488165, -22.086802766 ], [ -51.096451733, -22.086815138 ], [ -51.096432218246797, -22.086822255948249 ] ] ] } },
{ "type": "Feature", "properties": { "Field": "001", "Length": 558.64991571801056, "id": null }, "geometry": { "type": "MultiLineString", "coordinates": [ [ [ -51.096733675592162, -22.086703801141731 ], [ -51.096708793, -22.086712566 ], [ -51.096690372, -22.086718198 ], [ -51.096681241, -22.086721224 ], [ -51.096663231, -22.086727913 ], [ -51.096654168, -22.086731116 ], [ -51.096599596, -22.086749868 ], [ -51.096554548, -22.086766535999988 ], [ -51.096545485, -22.08676974 ], [ -51.096518064, -22.086778768 ], [ -51.096508979, -22.086781917 ], [ -51.096464115, -22.08679901 ], [ -51.096436985, -22.086808769 ], [ -51.096397821304123, -22.086822351495648 ] ] ] } },
{ "type": "Feature", "properties": { "Field": "001", "Length": 558.50916560574024, "id": null }, "geometry": { "type": "MultiLineString", "coordinates": [ [ [ -51.09673363223429, -22.086694296533921 ], [ -51.096694516, -22.086706679 ], [ -51.096685433, -22.086709835 ], [ -51.096603745, -22.086738389 ], [ -51.096540611, -22.08676157 ], [ -51.096395158, -22.086811757 ], [ -51.096366260676945, -22.086822439164369 ] ] ] } },
{ "type": "Feature", "properties": { "Field": "001", "Length": 558.33146844854446, "id": null }, "geometry": { "type": "MultiLineString", "coordinates": [ [ [ -51.09673357062799, -22.086680791632141 ], [ -51.096697952, -22.086692745 ], [ -51.096670497, -22.086701678 ], [ -51.096634266, -22.086714549 ], [ -51.096597727, -22.086726642999988 ], [ -51.096579596, -22.086733043 ], [ -51.096444093, -22.086782202999988 ], [ -51.0963265776927, -22.086822549395265 ] ] ] } },
{ "type": "Feature", "properties": { "Field": "001", "Length": 558.16255618588139, "id": null }, "geometry": { "type": "MultiLineString", "coordinates": [ [ [ -51.096733525564126, -22.086670913048813 ], [ -51.096729161, -22.086672351 ], [ -51.096683747, -22.086688128 ], [ -51.096619598, -22.086708749 ], [ -51.096610503, -22.086711867 ], [ -51.096511356, -22.086748442 ], [ -51.096302351, -22.086820798 ], [ -51.09629734259029, -22.086822630604171 ] ] ] } },
{ "type": "Feature", "properties": { "Field": "001", "Length": 558.00889459472091, "id": null }, "geometry": { "type": "MultiLineString", "coordinates": [ [ [ -51.09673346578802, -22.086657809349859 ], [ -51.096659558, -22.086682679 ], [ -51.096613728, -22.08669738 ], [ -51.096514488, -22.086733735 ], [ -51.096360262, -22.086787854 ], [ -51.096259300342474, -22.086822736277451 ] ] ] } },
{ "type": "Feature", "properties": { "Field": "001", "Length": 557.89649739602112, "id": null }, "geometry": { "type": "MultiLineString", "coordinates": [ [ [ -51.096733420667952, -22.086647918445841 ], [ -51.096718261, -22.086652743 ], [ -51.0966271, -22.086683465 ], [ -51.09655475, -22.086709488 ], [ -51.09650916, -22.086724823 ], [ -51.096500096, -22.086728027 ], [ -51.096446165, -22.086748326999988 ], [ -51.096418845, -22.08675761 ], [ -51.096400816, -22.086764257 ], [ -51.096391692, -22.086767308 ], [ -51.096363976, -22.086775513 ], [ -51.09635486, -22.086778586 ], [ -51.096327979, -22.086788929 ], [ -51.096318945, -22.086792206 ], [ -51.096282466, -22.086804457 ], [ -51.096273426, -22.086807718 ], [ -51.096255526, -22.08681466 ], [ -51.096246479, -22.086817903 ], [ -51.096231677116855, -22.086822813008904 ] ] ] } },
{ "type": "Feature", "properties": { "Field": "001", "Length": 558.11729979800486, "id": null }, "geometry": { "type": "MultiLineString", "coordinates": [ [ [ -51.096209361850391, -22.086807216090861 ], [ -51.096220152, -22.086803471 ], [ -51.096238555, -22.086797791 ], [ -51.096247687, -22.086794764 ], [ -51.096292799, -22.086778246 ], [ -51.096301913, -22.086775171 ], [ -51.096320272, -22.086769363 ], [ -51.096329331, -22.086766155 ], [ -51.096347234, -22.086759221 ], [ -51.096356281, -22.086755979 ], [ -51.09639282, -22.086743882 ], [ -51.096438025, -22.08672759 ], [ -51.096483538, -22.086712056 ], [ -51.09652858, -22.086695375 ], [ -51.096564947, -22.086682842999984 ], [ -51.096610147, -22.086666535 ], [ -51.096692158, -22.086638797 ], [ -51.096719321, -22.086629118 ], [ -51.09672844, -22.086626055 ], [ -51.096733313931068, -22.086624520335533 ] ] ] } },
{ "type": "Feature", "properties": { "Field": "001", "Length": 557.36773739800458, "id": null }, "geometry": { "type": "MultiLineString", "coordinates": [ [ [ -51.096733253490576, -22.086611270995856 ], [ -51.09672816, -22.086612889 ], [ -51.096719043, -22.086615958 ], [ -51.096655603, -22.086638401 ], [ -51.096646484, -22.086641465 ], [ -51.096618927, -22.086650123 ], [ -51.096609793, -22.086653149 ], [ -51.096546437, -22.086675797 ], [ -51.096519114, -22.086685076 ], [ -51.096491972, -22.086694807 ], [ -51.096337767, -22.086748978 ], [ -51.096310876, -22.086759297 ], [ -51.096301806, -22.086762481 ], [ -51.096247016, -22.086780673 ], [ -51.096209326069207, -22.086793713098562 ] ] ] } },
{ "type": "Feature", "properties": { "Field": "001", "Length": 557.29019330223184, "id": null }, "geometry": { "type": "MultiLineString", "coordinates": [ [ [ -51.096209300488098, -22.086784059382612 ], [ -51.096302945, -22.086752244 ], [ -51.096438598, -22.086703446 ], [ -51.096520576, -22.086675625 ], [ -51.096538738, -22.086669303 ], [ -51.096601894, -22.086646175 ], [ -51.096638437, -22.086634097 ], [ -51.096683781, -22.086618139 ], [ -51.096708095861523, -22.086610010951325 ] ] ] } },
{ "type": "Feature", "properties": { "Field": "001", "Length": 557.28158272322491, "id": null }, "geometry": { "type": "MultiLineString", "coordinates": [ [ [ -51.096644235737642, -22.086610607910341 ], [ -51.096643335, -22.086610944 ], [ -51.096552048, -22.086641339 ], [ -51.096515927, -22.086654479 ], [ -51.09644295, -22.086678933 ], [ -51.096406986, -22.086692443 ], [ -51.096388608, -22.086698195 ], [ -51.096343196, -22.086713984 ], [ -51.096298518, -22.086731496 ], [ -51.096244155, -22.086750767 ], [ -51.096209241429349, -22.086761771977226 ] ] ] } },
{ "type": "Feature", "properties": { "Field": "001", "Length": 554.74247069107616, "id": null }, "geometry": { "type": "MultiLineString", "coordinates": [ [ [ -51.096733362633238, -22.086635196483186 ], [ -51.096584737, -22.086685372 ], [ -51.096530246, -22.086704322 ], [ -51.096494221, -22.086717688 ], [ -51.096485163, -22.086720907 ], [ -51.096258314, -22.086800377 ], [ -51.096221954, -22.086812928 ], [ -51.096209389333588, -22.086817587612192 ] ] ] } },
{ "type": "Feature", "properties": { "Field": "001", "Length": 556.93288008104116, "id": null }, "geometry": { "type": "MultiLineString", "coordinates": [ [ [ -51.096209202248851, -22.086746986164382 ], [ -51.096226609, -22.086740902 ], [ -51.096299819, -22.086717066 ], [ -51.09631767, -22.08671002900001 ], [ -51.096426316, -22.086671287 ], [ -51.096444494, -22.086665008 ], [ -51.096471978, -22.086656149 ], [ -51.096481074, -22.086653026 ], [ -51.096535261, -22.086633329 ], [ -51.096600032738387, -22.086611021116223 ] ] ] } },
{ "type": "Feature", "properties": { "Field": "001", "Length": 556.86128080493052, "id": null }, "geometry": { "type": "MultiLineString", "coordinates": [ [ [ -51.096209177313632, -22.08673757619108 ], [ -51.096209739, -22.086737407 ], [ -51.096236839, -22.08672758 ], [ -51.096273534, -22.086715908 ], [ -51.096300644, -22.086706104 ], [ -51.096318948, -22.086700155 ], [ -51.096363854, -22.086683158 ], [ -51.096409072, -22.08666689 ], [ -51.09641814, -22.086663699 ], [ -51.09648205, -22.086642446 ], [ -51.096568662979621, -22.086611314358063 ] ] ] } },
{ "type": "Feature", "properties": { "Field": "001", "Length": 556.57721061505117, "id": null }, "geometry": { "type": "MultiLineString", "coordinates": [ [ [ -51.096209134602418, -22.086721457967084 ], [ -51.096297141, -22.086693769 ], [ -51.09636042, -22.086670937 ], [ -51.096460645, -22.086637007 ], [ -51.096487719, -22.086627112 ], [ -51.096505913, -22.086620872 ], [ -51.096531279331046, -22.086611663817237 ] ] ] } },
{ "type": "Feature", "properties": { "Field": "001", "Length": 556.5199303349865, "id": null }, "geometry": { "type": "MultiLineString", "coordinates": [ [ [ -51.096502989249579, -22.086611928270514 ], [ -51.096465369, -22.086625492 ], [ -51.096410507, -22.086643491 ], [ -51.09634726, -22.0866664 ], [ -51.09632912, -22.086672776 ], [ -51.096274441, -22.086691253 ], [ -51.096237563, -22.086702418 ], [ -51.09622838300001, -22.086705318 ], [ -51.096219297, -22.086708465 ], [ -51.096209109871282, -22.086712125008031 ] ] ] } },
{ "type": "Feature", "properties": { "Field": "001", "Length": 556.22610846705163, "id": null }, "geometry": { "type": "MultiLineString", "coordinates": [ [ [ -51.096464399232865, -22.086612289006712 ], [ -51.096418254, -22.086627759 ], [ -51.096345816, -22.086653567 ], [ -51.096227178, -22.086693173 ], [ -51.096209077028831, -22.086699731029309 ] ] ] } },
{ "type": "Feature", "properties": { "Field": "001", "Length": 556.30516412712132, "id": null }, "geometry": { "type": "MultiLineString", "coordinates": [ [ [ -51.09643338439006, -22.086612578930829 ], [ -51.096368479, -22.086634512 ], [ -51.096359402, -22.086637682999989 ], [ -51.096305278, -22.086657529 ], [ -51.096296209, -22.086660719 ], [ -51.096232225, -22.086681779 ], [ -51.096223134, -22.086684915 ], [ -51.09620905151089, -22.086690101147934 ] ] ] } },
{ "type": "Feature", "properties": { "Field": "001", "Length": 556.16210565356107, "id": null }, "geometry": { "type": "MultiLineString", "coordinates": [ [ [ -51.096393638063958, -22.086612950476109 ], [ -51.096388877, -22.086614557 ], [ -51.096271066, -22.086656254 ], [ -51.096225406, -22.086671405 ], [ -51.096216337, -22.086674595 ], [ -51.09620901755104, -22.086677285487475 ] ] ] } },
{ "type": "Feature", "properties": { "Field": "001", "Length": 556.06729108155253, "id": null }, "geometry": { "type": "MultiLineString", "coordinates": [ [ [ -51.096363812264968, -22.086613229285145 ], [ -51.096361228, -22.08661407 ], [ -51.096352135, -22.086617199 ], [ -51.09632523, -22.086627478 ], [ -51.096297733, -22.086636295999988 ], [ -51.096252504, -22.08665253 ], [ -51.096224924, -22.086661122 ], [ -51.096215832, -22.086664244 ], [ -51.096208990436608, -22.086667053128952 ] ] ] } },
{ "type": "Feature", "properties": { "Field": "001", "Length": 555.87888540273514, "id": null }, "geometry": { "type": "MultiLineString", "coordinates": [ [ [ -51.096325914208649, -22.086613583552957 ], [ -51.096292947, -22.086624994 ], [ -51.096247612, -22.086640971 ], [ -51.096208961947781, -22.086656302106132 ] ] ] } },
{ "type": "Feature", "properties": { "Field": "001", "Length": 555.77870767782713, "id": null }, "geometry": { "type": "MultiLineString", "coordinates": [ [ [ -51.09620893320961, -22.086645456985991 ], [ -51.096217818, -22.086641916 ], [ -51.096263128, -22.086625876 ], [ -51.096272355, -22.086623106 ], [ -51.096281504, -22.086620121 ], [ -51.096297760910993, -22.086613846727591 ] ] ] } },
{ "type": "Feature", "properties": { "Field": "001", "Length": 555.554637945217, "id": null }, "geometry": { "type": "MultiLineString", "coordinates": [ [ [ -51.096259654542379, -22.086614202942688 ], [ -51.09625539, -22.086615603 ], [ -51.096228279, -22.086625404 ], [ -51.096210143, -22.086631783 ], [ -51.096208898285177, -22.086632277312752 ] ] ] } },
{ "type": "Feature", "properties": { "Field": "001", "Length": 555.47173068048778, "id": null }, "geometry": { "type": "MultiLineString", "coordinates": [ [ [ -51.096240099479516, -22.086614385741758 ], [ -51.096224355, -22.086620116 ], [ -51.096208879452242, -22.086625170199053 ] ] ] } },
{ "type": "Feature", "properties": { "Field": "001", "Length": 545.39788917039243, "id": null }, "geometry": { "type": "MultiLineString", "coordinates": [ [ [ -51.09666949248281, -22.086610371812434 ], [ -51.096629073, -22.08662481 ], [ -51.096601699, -22.086633959 ], [ -51.096538442000011, -22.086656847 ], [ -51.096383678, -22.086709615 ], [ -51.096311719, -22.08673656 ], [ -51.096209267382349, -22.086771566038081 ] ] ] } },
{ "type": "Feature", "properties": { "Field": "001", "Length": 551.17745352964334, "id": null }, "geometry": { "type": "MultiLineString", "coordinates": [ [ [ -51.098183594076353, -22.085802902261104 ], [ -51.098160679, -22.085806172 ], [ -51.098151137, -22.085807764 ], [ -51.098119925297958, -22.085813666141789 ] ] ] } },
{ "type": "Feature", "properties": { "Field": "001", "Length": 551.08344438406391, "id": null }, "geometry": { "type": "MultiLineString", "coordinates": [ [ [ -51.09818367158725, -22.085791982080753 ], [ -51.09811735, -22.08580371 ], [ -51.098107795, -22.085805236 ], [ -51.098042632266036, -22.085813712432504 ] ] ] } },
{ "type": "Feature", "properties": { "Field": "001", "Length": 550.86769026765432, "id": null }, "geometry": { "type": "MultiLineString", "coordinates": [ [ [ -51.097964110813443, -22.085813759458915 ], [ -51.098006437, -22.085806456 ], [ -51.09801601800001, -22.085805083 ], [ -51.098102421, -22.085793816 ], [ -51.098183752335132, -22.085780605856208 ] ] ] } },
{ "type": "Feature", "properties": { "Field": "001", "Length": 550.77130260628053, "id": null }, "geometry": { "type": "MultiLineString", "coordinates": [ [ [ -51.098183831063579, -22.085769514139976 ], [ -51.098125854, -22.085779917 ], [ -51.098116298, -22.085781418 ], [ -51.098029812, -22.085792113 ], [ -51.09802025, -22.085793567 ], [ -51.097963303, -22.085804586 ], [ -51.097907643356976, -22.085813793277215 ] ] ] } },
{ "type": "Feature", "properties": { "Field": "001", "Length": 550.62743490924856, "id": null }, "geometry": { "type": "MultiLineString", "coordinates": [ [ [ -51.097838289880642, -22.085813834812939 ], [ -51.097843439, -22.085812784 ], [ -51.097852952, -22.085811053 ], [ -51.097891148, -22.085804834 ], [ -51.097957808, -22.085793007 ], [ -51.098014739, -22.085781915 ], [ -51.098024304, -22.08578046 ], [ -51.098033921, -22.085779333 ], [ -51.098101327, -22.085772057 ], [ -51.098110924, -22.085770786 ], [ -51.098139586, -22.085766206 ], [ -51.098181736, -22.085758605 ], [ -51.098183910710794, -22.085758292983481 ] ] ] } },
{ "type": "Feature", "properties": { "Field": "001", "Length": 550.57396541878086, "id": null }, "geometry": { "type": "MultiLineString", "coordinates": [ [ [ -51.098183981206191, -22.085748361186628 ], [ -51.098102932, -22.085760009 ], [ -51.098031653, -22.085768556 ], [ -51.097965229, -22.085781482 ], [ -51.097850743, -22.085800685 ], [ -51.097831942, -22.085805093 ], [ -51.097793822, -22.085811708 ], [ -51.09778447881942, -22.085813867040326 ] ] ] } },
{ "type": "Feature", "properties": { "Field": "001", "Length": 550.46755969882463, "id": null }, "geometry": { "type": "MultiLineString", "coordinates": [ [ [ -51.098184051276945, -22.085738489217235 ], [ -51.098175283, -22.085739921 ], [ -51.098114798, -22.085748213 ], [ -51.098052671, -22.085754287 ], [ -51.098014264, -22.085759248 ], [ -51.097966855, -22.085768643 ], [ -51.097890761, -22.085782585 ], [ -51.09788123700001, -22.08578427 ], [ -51.097862097, -22.085787148 ], [ -51.09785256100001, -22.08578877 ], [ -51.097833819, -22.085793391 ], [ -51.097805199, -22.085798203 ], [ -51.097757792, -22.085807605 ], [ -51.097728355376631, -22.085813900652592 ] ] ] } },
{ "type": "Feature", "properties": { "Field": "001", "Length": 550.32799017555396, "id": null }, "geometry": { "type": "MultiLineString", "coordinates": [ [ [ -51.098184127831715, -22.08572770374148 ], [ -51.098118735, -22.085737153 ], [ -51.098071144, -22.085741553 ], [ -51.09804236, -22.085745416 ], [ -51.098032827, -22.085747049 ], [ -51.097985388, -22.085756309 ], [ -51.097966365, -22.085759795 ], [ -51.097899729, -22.085771735 ], [ -51.097861516, -22.085777864 ], [ -51.097852004, -22.085779604 ], [ -51.097785686, -22.085792993 ], [ -51.097747628, -22.085799909 ], [ -51.09773817, -22.085801886 ], [ -51.097700513, -22.085810497 ], [ -51.097684307559369, -22.085813927032785 ] ] ] } },
{ "type": "Feature", "properties": { "Field": "001", "Length": 550.10466777876502, "id": null }, "geometry": { "type": "MultiLineString", "coordinates": [ [ [ -51.09818420159958, -22.085717310900577 ], [ -51.098180708, -22.085717864 ], [ -51.098168233, -22.085719607 ], [ -51.098145126, -22.085722328 ], [ -51.098055452, -22.08573137 ], [ -51.098036243, -22.085733817 ], [ -51.09802666800001, -22.085735229 ], [ -51.097903288, -22.085759141 ], [ -51.097893779, -22.085760893 ], [ -51.097836492, -22.085770264 ], [ -51.09773201, -22.085790117 ], [ -51.097722559, -22.085792126 ], [ -51.097703864, -22.08579691 ], [ -51.09766279647468, -22.085805637105889 ] ] ] } },
{ "type": "Feature", "properties": { "Field": "001", "Length": 549.91217572531662, "id": null }, "geometry": { "type": "MultiLineString", "coordinates": [ [ [ -51.098184264501619, -22.085708448900245 ], [ -51.098176979, -22.08570944 ], [ -51.098165418, -22.085710742 ], [ -51.09815576, -22.085711627 ], [ -51.098146083, -22.085712306 ], [ -51.098129609, -22.085713143 ], [ -51.098091946, -22.08571615 ], [ -51.098082334, -22.085717315 ], [ -51.098063177, -22.085720095 ], [ -51.09805363200001, -22.08572166 ], [ -51.097996681, -22.085732659 ], [ -51.097920357, -22.085745465 ], [ -51.097910842, -22.085747185 ], [ -51.097863464, -22.085756715 ], [ -51.097853961, -22.085758492 ], [ -51.09782534, -22.085763293 ], [ -51.097720765, -22.085782712 ], [ -51.097673501, -22.085792723 ], [ -51.097662768604316, -22.085795174034626 ] ] ] } },
{ "type": "Feature", "properties": { "Field": "001", "Length": 549.6564800174267, "id": null }, "geometry": { "type": "MultiLineString", "coordinates": [ [ [ -51.098184361231013, -22.085694821107893 ], [ -51.098178846, -22.085695663 ], [ -51.098160577, -22.085697977 ], [ -51.098142234, -22.085699722 ], [ -51.098130673, -22.08570107 ], [ -51.09811737, -22.085702278 ], [ -51.098078859, -22.085706487 ], [ -51.098069264, -22.08570777 ], [ -51.09803102, -22.085713733 ], [ -51.0980215, -22.085715433 ], [ -51.097955122, -22.085728561 ], [ -51.097945599, -22.085730249 ], [ -51.097907384, -22.085736366 ], [ -51.097897859, -22.085738045 ], [ -51.097821885, -22.085752542 ], [ -51.09777418, -22.085760525 ], [ -51.097764678, -22.085762312 ], [ -51.09774575, -22.085766223 ], [ -51.097717206, -22.085771405 ], [ -51.09770772000001, -22.085773263 ], [ -51.097662735926015, -22.085782905973158 ] ] ] } },
{ "type": "Feature", "properties": { "Field": "001", "Length": 549.5825463655267, "id": null }, "geometry": { "type": "MultiLineString", "coordinates": [ [ [ -51.098184425563581, -22.085685757566381 ], [ -51.098172196, -22.085686718 ], [ -51.0981509, -22.085688136 ], [ -51.098103329, -22.085692317 ], [ -51.09809373, -22.085693558 ], [ -51.098026852, -22.085704253 ], [ -51.098017325, -22.085705921 ], [ -51.097960318, -22.085716669 ], [ -51.09786494, -22.085732811 ], [ -51.097808005, -22.085743881 ], [ -51.097750868, -22.085754016 ], [ -51.097741389, -22.085755899999988 ], [ -51.097713087, -22.085762135 ], [ -51.097703614, -22.085764043 ], [ -51.097665556, -22.085770963 ], [ -51.097662705708558, -22.085771561760186 ] ] ] } },
{ "type": "Feature", "properties": { "Field": "001", "Length": 549.32604863232314, "id": null }, "geometry": { "type": "MultiLineString", "coordinates": [ [ [ -51.097662673286862, -22.085759390031779 ], [ -51.097823083, -22.085728849 ], [ -51.097860956, -22.085721106 ], [ -51.097899124, -22.085714738 ], [ -51.097966092, -22.085704539 ], [ -51.097985129, -22.085701124 ], [ -51.098013503, -22.085695182 ], [ -51.09802301900001, -22.085693459 ], [ -51.098061288, -22.085687639 ], [ -51.098099398, -22.085680974 ], [ -51.098108982, -22.085679621 ], [ -51.098162165, -22.085674137 ], [ -51.098178049, -22.085673298 ], [ -51.098184517629321, -22.085672786815856 ] ] ] } },
{ "type": "Feature", "properties": { "Field": "001", "Length": 549.11313700800554, "id": null }, "geometry": { "type": "MultiLineString", "coordinates": [ [ [ -51.098184598324806, -22.085661417973093 ], [ -51.098181577, -22.085661806 ], [ -51.098114065, -22.085668059 ], [ -51.098085468, -22.085672981 ], [ -51.098057055, -22.085678759 ], [ -51.09802836, -22.08568316 ], [ -51.097894945, -22.085706338 ], [ -51.097856707, -22.08571233 ], [ -51.097818776, -22.08571983 ], [ -51.097780557, -22.085725928 ], [ -51.09767613, -22.085746027 ], [ -51.097662646121236, -22.085749191534997 ] ] ] } },
{ "type": "Feature", "properties": { "Field": "001", "Length": 548.98669085621077, "id": null }, "geometry": { "type": "MultiLineString", "coordinates": [ [ [ -51.098184684808203, -22.085649233695378 ], [ -51.098182475, -22.085649366 ], [ -51.098105376, -22.085657146 ], [ -51.098095818, -22.085658656 ], [ -51.098076888, -22.085662558 ], [ -51.098029325, -22.085671249 ], [ -51.098019827, -22.085673055 ], [ -51.098000906, -22.085676994 ], [ -51.097991379, -22.085678663 ], [ -51.097924396, -22.085688776 ], [ -51.097838537, -22.085703205 ], [ -51.097819558, -22.085706895 ], [ -51.097696364, -22.085731624 ], [ -51.097662616254404, -22.085737978950807 ] ] ] } },
{ "type": "Feature", "properties": { "Field": "001", "Length": 548.88604179821266, "id": null }, "geometry": { "type": "MultiLineString", "coordinates": [ [ [ -51.098184763527129, -22.085638143321528 ], [ -51.098182775, -22.085638311 ], [ -51.098153888, -22.08564144 ], [ -51.098134684, -22.085643905 ], [ -51.098077291, -22.085652692 ], [ -51.09800094, -22.08566535 ], [ -51.097934302, -22.085677281 ], [ -51.09784838, -22.085691382 ], [ -51.09782932400001, -22.085694707 ], [ -51.097781837, -22.085703751 ], [ -51.097744041, -22.085711818 ], [ -51.097706036, -22.085718975 ], [ -51.097662589501276, -22.085727935312473 ] ] ] } },
{ "type": "Feature", "properties": { "Field": "001", "Length": 548.57033995148959, "id": null }, "geometry": { "type": "MultiLineString", "coordinates": [ [ [ -51.098184853010665, -22.085625536366841 ], [ -51.098149227, -22.085629538 ], [ -51.098101378, -22.085636735 ], [ -51.09779629, -22.085689013 ], [ -51.097786784, -22.085690784 ], [ -51.097711313, -22.085707406 ], [ -51.097662561075687, -22.085717263800309 ] ] ] } },
{ "type": "Feature", "properties": { "Field": "001", "Length": 548.57209233072831, "id": null }, "geometry": { "type": "MultiLineString", "coordinates": [ [ [ -51.098184931635416, -22.085614459260015 ], [ -51.098184219, -22.085614514 ], [ -51.098164984, -22.085616769 ], [ -51.098136193, -22.085620586 ], [ -51.098117031, -22.085623331 ], [ -51.098097934, -22.085626448 ], [ -51.098050427, -22.085635401 ], [ -51.098040889, -22.08563701 ], [ -51.09797387, -22.085646917 ], [ -51.09795477, -22.085650018 ], [ -51.097916631, -22.085656533 ], [ -51.097878669, -22.085663896 ], [ -51.097869152, -22.085665611 ], [ -51.097830967, -22.085671894 ], [ -51.097783398, -22.085680553 ], [ -51.097764471, -22.085684466 ], [ -51.097679494, -22.085702882 ], [ -51.097662531740028, -22.085706250631326 ] ] ] } },
{ "type": "Feature", "properties": { "Field": "001", "Length": 548.36569701598762, "id": null }, "geometry": { "type": "MultiLineString", "coordinates": [ [ [ -51.098181804752983, -22.085602771491814 ], [ -51.098171807, -22.085604131 ], [ -51.09811456, -22.0856137 ], [ -51.098047493, -22.085623317 ], [ -51.098018818, -22.085627827 ], [ -51.097923406, -22.085643793 ], [ -51.097799751, -22.085666434 ], [ -51.097780793, -22.085670214 ], [ -51.097676904, -22.085692611 ], [ -51.097662503076158, -22.08569548966528 ] ] ] } },
{ "type": "Feature", "properties": { "Field": "001", "Length": 548.3096071725256, "id": null }, "geometry": { "type": "MultiLineString", "coordinates": [ [ [ -51.098113549383413, -22.085603212139016 ], [ -51.098072276, -22.085610744 ], [ -51.098062725, -22.085612289 ], [ -51.097957337, -22.08562742 ], [ -51.097938257, -22.085630622 ], [ -51.097823975, -22.085650849 ], [ -51.097738743, -22.085668207 ], [ -51.097701008, -22.085676521 ], [ -51.097691539, -22.085678453 ], [ -51.097662472753868, -22.085684106094973 ] ] ] } },
{ "type": "Feature", "properties": { "Field": "001", "Length": 548.11596142235567, "id": null }, "geometry": { "type": "MultiLineString", "coordinates": [ [ [ -51.09766244294557, -22.085672915485787 ], [ -51.097800626, -22.0856449 ], [ -51.097848212, -22.085636325999989 ], [ -51.097895646, -22.085627043 ], [ -51.097905161, -22.085625320999988 ], [ -51.098033582984307, -22.085603728391 ] ] ] } },
{ "type": "Feature", "properties": { "Field": "001", "Length": 548.05472800684868, "id": null }, "geometry": { "type": "MultiLineString", "coordinates": [ [ [ -51.097963507042927, -22.08560418079156 ], [ -51.097929422, -22.085609781 ], [ -51.09779631, -22.085634426 ], [ -51.097692216, -22.085655975 ], [ -51.097662413417886, -22.085661830225696 ] ] ] } },
{ "type": "Feature", "properties": { "Field": "001", "Length": 547.85967180738317, "id": null }, "geometry": { "type": "MultiLineString", "coordinates": [ [ [ -51.097662380807982, -22.085649587841242 ], [ -51.097668637, -22.08564833 ], [ -51.097716192, -22.085639599 ], [ -51.097772943, -22.085627733 ], [ -51.097782429, -22.085625874 ], [ -51.097801447, -22.085622361 ], [ -51.097830135, -22.085617928 ], [ -51.097839664, -22.085616272 ], [ -51.097900228192643, -22.085604589311043 ] ] ] } },
{ "type": "Feature", "properties": { "Field": "001", "Length": 547.66495855304458, "id": null }, "geometry": { "type": "MultiLineString", "coordinates": [ [ [ -51.097837393026289, -22.085604994966165 ], [ -51.097824135, -22.085607698 ], [ -51.097757409, -22.085619191 ], [ -51.097710214, -22.085629482 ], [ -51.097662712, -22.085638456 ], [ -51.09766235135892, -22.085638532098521 ] ] ] } },
{ "type": "Feature", "properties": { "Field": "001", "Length": 547.57084682064374, "id": null }, "geometry": { "type": "MultiLineString", "coordinates": [ [ [ -51.097772798199792, -22.085605411981408 ], [ -51.097766821, -22.085606506 ], [ -51.097709994, -22.085618055 ], [ -51.097662320464003, -22.08562693355351 ] ] ] } },
{ "type": "Feature", "properties": { "Field": "001", "Length": 547.25883736895719, "id": null }, "geometry": { "type": "MultiLineString", "coordinates": [ [ [ -51.097662294317956, -22.085617117825588 ], [ -51.097675964, -22.085614576 ], [ -51.097717461142238, -22.08560576922978 ] ] ] } },
{ "type": "Feature", "properties": { "Field": "002", "Length": 526.79025259558944, "id": null }, "geometry": { "type": "MultiLineString", "coordinates": [ [ [ -51.095445891573171, -22.084823600093177 ], [ -51.095445085, -22.084823869 ], [ -51.095441622831267, -22.084825175091641 ] ] ] } },
{ "type": "Feature", "properties": { "Field": "002", "Length": 526.26551546339044, "id": null }, "geometry": { "type": "MultiLineString", "coordinates": [ [ [ -51.095410154601176, -22.084825262255411 ], [ -51.095414021, -22.084823748 ], [ -51.095440987000011, -22.084813603 ], [ -51.095445860788253, -22.084811878916895 ] ] ] } },
{ "type": "Feature", "properties": { "Field": "002", "Length": 525.93820422435545, "id": null }, "geometry": { "type": "MultiLineString", "coordinates": [ [ [ -51.095445839008818, -22.084803586524725 ], [ -51.09543017, -22.084810243 ], [ -51.095390190117932, -22.084825317554984 ] ] ] } },
{ "type": "Feature", "properties": { "Field": "002", "Length": 525.64777023506747, "id": null }, "geometry": { "type": "MultiLineString", "coordinates": [ [ [ -51.095445809871102, -22.084792492511703 ], [ -51.095436739, -22.084795945 ], [ -51.095418716, -22.084802622 ], [ -51.095394172, -22.084811126 ], [ -51.095367657, -22.084819875 ], [ -51.095351797589991, -22.084825423898351 ] ] ] } },
{ "type": "Feature", "properties": { "Field": "002", "Length": 525.66272924287978, "id": null }, "geometry": { "type": "MultiLineString", "coordinates": [ [ [ -51.095321014266595, -22.084825509165 ], [ -51.09534447, -22.084817563 ], [ -51.095381445, -22.084806682 ], [ -51.095408769, -22.084797408 ], [ -51.095435654, -22.084787077 ], [ -51.095445786605538, -22.084783634283987 ] ] ] } },
{ "type": "Feature", "properties": { "Field": "002", "Length": 525.45824212453567, "id": null }, "geometry": { "type": "MultiLineString", "coordinates": [ [ [ -51.095445754110081, -22.084771261829768 ], [ -51.095412154, -22.084782568 ], [ -51.095385174, -22.084792679 ], [ -51.09537602, -22.08479564 ], [ -51.095311429, -22.084815019 ], [ -51.095280280754267, -22.084825621992653 ] ] ] } },
{ "type": "Feature", "properties": { "Field": "002", "Length": 525.43595784813624, "id": null }, "geometry": { "type": "MultiLineString", "coordinates": [ [ [ -51.095445728361518, -22.084761458215379 ], [ -51.095411178, -22.08477294 ], [ -51.095318873, -22.084800535 ], [ -51.09524567306552, -22.084825717852404 ] ] ] } },
{ "type": "Feature", "properties": { "Field": "002", "Length": 525.16653175347619, "id": null }, "geometry": { "type": "MultiLineString", "coordinates": [ [ [ -51.095445688835213, -22.084746408807089 ], [ -51.095388263, -22.084763402 ], [ -51.095351577, -22.084775103 ], [ -51.095333365, -22.084781293 ], [ -51.095297191, -22.084794304 ], [ -51.09526972, -22.084803189 ], [ -51.095260686, -22.084806462 ], [ -51.095215872, -22.08482367 ], [ -51.09521076593024, -22.084825814541588 ] ] ] } },
{ "type": "Feature", "properties": { "Field": "002", "Length": 524.93630790605175, "id": null }, "geometry": { "type": "MultiLineString", "coordinates": [ [ [ -51.095190753202822, -22.084825869974793 ], [ -51.095241877, -22.084804436 ], [ -51.095250848, -22.084801013 ], [ -51.095322979, -22.08477447 ], [ -51.095386788, -22.08475296 ], [ -51.095423807, -22.084742211 ], [ -51.095445659097066, -22.084735086183951 ] ] ] } },
{ "type": "Feature", "properties": { "Field": "002", "Length": 524.68598096945516, "id": null }, "geometry": { "type": "MultiLineString", "coordinates": [ [ [ -51.095157133991897, -22.084825963096559 ], [ -51.095178922, -22.084817939 ], [ -51.095187806, -22.084814325 ], [ -51.0952673, -22.084780823 ], [ -51.095276304, -22.084777476 ], [ -51.09531254800001, -22.084764635 ], [ -51.095340094, -22.084755946 ], [ -51.095376445, -22.084743371 ], [ -51.095445626053966, -22.084722505217609 ] ] ] } },
{ "type": "Feature", "properties": { "Field": "002", "Length": 524.65614324308024, "id": null }, "geometry": { "type": "MultiLineString", "coordinates": [ [ [ -51.095445593608382, -22.084710151751008 ], [ -51.095411871, -22.084720455 ], [ -51.095402711, -22.084723412 ], [ -51.095366322, -22.084735893 ], [ -51.09535717, -22.084738871 ], [ -51.095320324, -22.084750125 ], [ -51.095311226, -22.084753244 ], [ -51.095293323, -22.084760179 ], [ -51.095284276, -22.084763422 ], [ -51.095275123, -22.084766399 ], [ -51.095266099, -22.084769697 ], [ -51.095257296, -22.084773481 ], [ -51.095213705, -22.084793229 ], [ -51.095178122, -22.084807589 ], [ -51.095127531536853, -22.084826045092328 ] ] ] } },
{ "type": "Feature", "properties": { "Field": "002", "Length": 524.32462664709556, "id": null }, "geometry": { "type": "MultiLineString", "coordinates": [ [ [ -51.095093347986484, -22.084826139777256 ], [ -51.095177651, -22.08479608 ], [ -51.095195471, -22.084788963 ], [ -51.095213738, -22.084782913 ], [ -51.095258421, -22.084765415 ], [ -51.095303617, -22.0847491 ], [ -51.095374934, -22.084720711 ], [ -51.095411049, -22.084707559 ], [ -51.095445555662998, -22.084695704270175 ] ] ] } },
{ "type": "Feature", "properties": { "Field": "002", "Length": 524.21411936872835, "id": null }, "geometry": { "type": "MultiLineString", "coordinates": [ [ [ -51.095066071628011, -22.084826215329972 ], [ -51.095074624, -22.084822846 ], [ -51.095174262, -22.084787451 ], [ -51.09525475600001, -22.084756093 ], [ -51.09530003, -22.084739966 ], [ -51.095371448, -22.0847118 ], [ -51.095407617, -22.084698775 ], [ -51.095445529423898, -22.084685713885595 ] ] ] } },
{ "type": "Feature", "properties": { "Field": "002", "Length": 524.08296275834766, "id": null }, "geometry": { "type": "MultiLineString", "coordinates": [ [ [ -51.095445493813251, -22.084672155342989 ], [ -51.09543191, -22.084676586 ], [ -51.095251831, -22.084743526 ], [ -51.095117377, -22.084795122 ], [ -51.095053928, -22.08481754 ], [ -51.095031868878969, -22.084826310068081 ] ] ] } },
{ "type": "Feature", "properties": { "Field": "002", "Length": 523.85872865679971, "id": null }, "geometry": { "type": "MultiLineString", "coordinates": [ [ [ -51.09544546739491, -22.084662096713448 ], [ -51.095444983, -22.084662331 ], [ -51.095436194, -22.084666142 ], [ -51.095417886, -22.084672083 ], [ -51.095408789, -22.084675203 ], [ -51.095372881, -22.084688839 ], [ -51.095327372, -22.084704381 ], [ -51.095318377, -22.084707749 ], [ -51.095300797, -22.084715365 ], [ -51.095282929, -22.084722377 ], [ -51.095273943, -22.084725767 ], [ -51.095237624, -22.084738422 ], [ -51.095228604, -22.084741732 ], [ -51.095175256, -22.084763326 ], [ -51.095166296, -22.084766774 ], [ -51.095129971, -22.084779415 ], [ -51.095039804, -22.084812585 ], [ -51.095004891995089, -22.084826384791285 ] ] ] } },
{ "type": "Feature", "properties": { "Field": "002", "Length": 523.69041977983261, "id": null }, "geometry": { "type": "MultiLineString", "coordinates": [ [ [ -51.095445436522134, -22.084650342084647 ], [ -51.09543102, -22.084656605 ], [ -51.095403809, -22.084666163 ], [ -51.095367955, -22.084679918 ], [ -51.095331677, -22.084692678 ], [ -51.095313616, -22.084699242 ], [ -51.095286314, -22.084708571 ], [ -51.095268432, -22.084715546 ], [ -51.095241109, -22.084724824 ], [ -51.095177889, -22.084747799 ], [ -51.095159959, -22.084754666 ], [ -51.095123851, -22.084767835 ], [ -51.095034077, -22.084801919 ], [ -51.094973329219627, -22.084826472216935 ] ] ] } },
{ "type": "Feature", "properties": { "Field": "002", "Length": 523.54546306200598, "id": null }, "geometry": { "type": "MultiLineString", "coordinates": [ [ [ -51.095445412819835, -22.084641317573517 ], [ -51.09544434, -22.084641665 ], [ -51.095435315, -22.084644962 ], [ -51.095399518, -22.084658851 ], [ -51.095390471, -22.084662095 ], [ -51.095335889, -22.084680822 ], [ -51.095281693, -22.084700495 ], [ -51.095245107, -22.084712464 ], [ -51.095236044, -22.084715669 ], [ -51.095218031, -22.08472235 ], [ -51.095209118, -22.084725904 ], [ -51.095173676, -22.084740561 ], [ -51.095164636, -22.084743823 ], [ -51.095146384, -22.084749917 ], [ -51.095137346, -22.084753181 ], [ -51.095101386, -22.0847667 ], [ -51.095046811, -22.084785442 ], [ -51.095037808, -22.084788791 ], [ -51.095010973, -22.084799235 ], [ -51.094967017, -22.084818266 ], [ -51.094947116046249, -22.08482654482474 ] ] ] } },
{ "type": "Feature", "properties": { "Field": "002", "Length": 523.45907815190492, "id": null }, "geometry": { "type": "MultiLineString", "coordinates": [ [ [ -51.095445381926474, -22.084629555108364 ], [ -51.095412987, -22.084641354 ], [ -51.09540388500001, -22.084644462 ], [ -51.095376348, -22.084653174 ], [ -51.095367237, -22.084656259 ], [ -51.095313084, -22.084676035 ], [ -51.095267504, -22.084691391 ], [ -51.095213303, -22.084711055 ], [ -51.095168702, -22.084728734 ], [ -51.095033087, -22.084777617 ], [ -51.094988824, -22.08479602 ], [ -51.094961812, -22.084806059 ], [ -51.094921098490573, -22.084823320911003 ] ] ] } },
{ "type": "Feature", "properties": { "Field": "002", "Length": 523.30903874911917, "id": null }, "geometry": { "type": "MultiLineString", "coordinates": [ [ [ -51.095445355467938, -22.0846194811757 ], [ -51.095389997, -22.084637805 ], [ -51.09532709, -22.084661511 ], [ -51.095226729, -22.084695085 ], [ -51.095146216, -22.084726399 ], [ -51.095118877, -22.084735636 ], [ -51.095073858, -22.08475237 ], [ -51.095037544, -22.084765039 ], [ -51.094992978, -22.084782795 ], [ -51.094922475, -22.084812897 ], [ -51.094921111221531, -22.08481344924223 ] ] ] } },
{ "type": "Feature", "properties": { "Field": "002", "Length": 523.12149433840921, "id": null }, "geometry": { "type": "MultiLineString", "coordinates": [ [ [ -51.095419333788016, -22.084615143715638 ], [ -51.095393224, -22.084623591 ], [ -51.095266251, -22.084668245 ], [ -51.095239141, -22.084678052 ], [ -51.095211821, -22.084687332 ], [ -51.09510414, -22.084728338 ], [ -51.095076953, -22.084737958 ], [ -51.095031903, -22.084754621 ], [ -51.094960488, -22.084782794 ], [ -51.094921129446199, -22.084799317714932 ] ] ] } },
{ "type": "Feature", "properties": { "Field": "002", "Length": 523.11568571116902, "id": null }, "geometry": { "type": "MultiLineString", "coordinates": [ [ [ -51.095389980340066, -22.084615246562151 ], [ -51.095350262, -22.084628561 ], [ -51.095314284, -22.084642033 ], [ -51.095277842, -22.084654368 ], [ -51.095259919, -22.084661251 ], [ -51.095250834, -22.084664399 ], [ -51.0952233, -22.08467312 ], [ -51.09521418, -22.084676176 ], [ -51.095205217, -22.084679611 ], [ -51.095178636, -22.084690603 ], [ -51.095169649, -22.084693988 ], [ -51.095133477, -22.084707 ], [ -51.095106878, -22.084717948 ], [ -51.095097865, -22.08472127 ], [ -51.095043279, -22.084739981 ], [ -51.095034318, -22.084743426 ], [ -51.094980978, -22.084765033 ], [ -51.094953931, -22.084774984 ], [ -51.094945103, -22.084778711 ], [ -51.094921142306568, -22.084789345696642 ] ] ] } },
{ "type": "Feature", "properties": { "Field": "002", "Length": 522.51610855421222, "id": null }, "geometry": { "type": "MultiLineString", "coordinates": [ [ [ -51.095346254885037, -22.084615399764278 ], [ -51.095306858, -22.084629651 ], [ -51.095261268, -22.084644986 ], [ -51.095179968, -22.084674482 ], [ -51.09508157, -22.084712772 ], [ -51.095045134, -22.084725132 ], [ -51.095000128, -22.084741898 ], [ -51.09494692, -22.08476379 ], [ -51.094921160593401, -22.084775165968534 ] ] ] } },
{ "type": "Feature", "properties": { "Field": "002", "Length": 522.70193230257053, "id": null }, "geometry": { "type": "MultiLineString", "coordinates": [ [ [ -51.095319986056026, -22.084615491803127 ], [ -51.095305591, -22.084620699 ], [ -51.095260001, -22.084636034 ], [ -51.095178701, -22.08466553 ], [ -51.095080303, -22.08470382 ], [ -51.095043867, -22.08471618 ], [ -51.094998861, -22.084732946 ], [ -51.094945653000011, -22.084754838 ], [ -51.094921172866904, -22.084765649010837 ] ] ] } },
{ "type": "Feature", "properties": { "Field": "002", "Length": 522.45906352295435, "id": null }, "geometry": { "type": "MultiLineString", "coordinates": [ [ [ -51.095283589778425, -22.084615619325806 ], [ -51.095272471, -22.084619652 ], [ -51.095208859, -22.084641663 ], [ -51.09511912, -22.084675826 ], [ -51.095010884, -22.084715547 ], [ -51.094992999, -22.084722517999989 ], [ -51.094939729, -22.084744275999988 ], [ -51.0949211901277, -22.084752264875835 ] ] ] } },
{ "type": "Feature", "properties": { "Field": "002", "Length": 522.38924663715466, "id": null }, "geometry": { "type": "MultiLineString", "coordinates": [ [ [ -51.094921203241171, -22.084742096607325 ], [ -51.094966751, -22.084722657 ], [ -51.094984486, -22.084715361 ], [ -51.095047149, -22.084691099 ], [ -51.095110639, -22.084668782 ], [ -51.095173491, -22.084644947 ], [ -51.095227772, -22.084625479 ], [ -51.095253658304671, -22.084615724197565 ] ] ] } },
{ "type": "Feature", "properties": { "Field": "002", "Length": 522.1339675388997, "id": null }, "geometry": { "type": "MultiLineString", "coordinates": [ [ [ -51.094921220406015, -22.084728786873381 ], [ -51.095025648, -22.084686018 ], [ -51.095034618, -22.084682594 ], [ -51.095217265505838, -22.084615851708055 ] ] ] } },
{ "type": "Feature", "properties": { "Field": "002", "Length": 522.0437395109567, "id": null }, "geometry": { "type": "MultiLineString", "coordinates": [ [ [ -51.094921235530279, -22.084717059418253 ], [ -51.094987087, -22.084689799 ], [ -51.094995992, -22.08468623 ], [ -51.09502316, -22.084676562999988 ], [ -51.095059011, -22.084662797 ], [ -51.095095439, -22.084650417 ], [ -51.095104437, -22.084647056 ], [ -51.095122328, -22.084640096 ], [ -51.09516663, -22.084621772 ], [ -51.095182502425295, -22.084615973508456 ] ] ] } },
{ "type": "Feature", "properties": { "Field": "002", "Length": 521.70839184404679, "id": null }, "geometry": { "type": "MultiLineString", "coordinates": [ [ [ -51.095151310629625, -22.084616082796042 ], [ -51.095143358, -22.084619351 ], [ -51.09513438, -22.084622757 ], [ -51.095062281, -22.084649377 ], [ -51.094954572, -22.084690321 ], [ -51.094928302, -22.084701946 ], [ -51.09492125127548, -22.084704850488485 ] ] ] } },
{ "type": "Feature", "properties": { "Field": "002", "Length": 521.51918354417626, "id": null }, "geometry": { "type": "MultiLineString", "coordinates": [ [ [ -51.094921264586446, -22.084694529076266 ], [ -51.094958311, -22.084679112 ], [ -51.094967216, -22.084675542 ], [ -51.094976206, -22.084672164 ], [ -51.095048351, -22.084645654 ], [ -51.095057333, -22.084642256 ], [ -51.095084044, -22.084631539 ], [ -51.09509301, -22.084628103 ], [ -51.095111159, -22.08462175 ], [ -51.095120159, -22.084618393 ], [ -51.095125972825599, -22.084616171572829 ] ] ] } },
{ "type": "Feature", "properties": { "Field": "002", "Length": 521.30111756607062, "id": null }, "geometry": { "type": "MultiLineString", "coordinates": [ [ [ -51.095095189513508, -22.084616279429198 ], [ -51.095086924, -22.084619418 ], [ -51.094987368, -22.084655013 ], [ -51.094924635, -22.084679117 ], [ -51.094921282641799, -22.084680528840639 ] ] ] } },
{ "type": "Feature", "properties": { "Field": "002", "Length": 521.06897668740294, "id": null }, "geometry": { "type": "MultiLineString", "coordinates": [ [ [ -51.095065844077475, -22.084616382247642 ], [ -51.095048449, -22.084623147 ], [ -51.095039403, -22.084626392 ], [ -51.095003007, -22.084638852 ], [ -51.094985051, -22.084645664 ], [ -51.094922458, -22.084670083 ], [ -51.094921295467806, -22.08467058347011 ] ] ] } },
{ "type": "Feature", "properties": { "Field": "002", "Length": 520.60257611986071, "id": null }, "geometry": { "type": "MultiLineString", "coordinates": [ [ [ -51.095026949705506, -22.084616518522967 ], [ -51.095008525, -22.084623075 ], [ -51.094999524, -22.084626427999986 ], [ -51.094936837, -22.084650637 ], [ -51.094921312911168, -22.084657057770151 ] ] ] } },
{ "type": "Feature", "properties": { "Field": "002", "Length": 520.44078074973868, "id": null }, "geometry": { "type": "MultiLineString", "coordinates": [ [ [ -51.09499941913672, -22.084616614982608 ], [ -51.09495693, -22.084632607 ], [ -51.094921325185311, -22.084647540319182 ] ] ] } },
{ "type": "Feature", "properties": { "Field": "002", "Length": 520.09524305808782, "id": null }, "geometry": { "type": "MultiLineString", "coordinates": [ [ [ -51.094921342714635, -22.084633947965028 ], [ -51.094940307, -22.084625788 ], [ -51.094949175, -22.084622143 ], [ -51.094963808749021, -22.084616739751741 ] ] ] } },
{ "type": "Feature", "properties": { "Field": "002", "Length": 519.92354685881321, "id": null }, "geometry": { "type": "MultiLineString", "coordinates": [ [ [ -51.094921357024141, -22.084622852283317 ], [ -51.094936967227568, -22.084616833797146 ] ] ] } },
{ "type": "Feature", "properties": { "Field": "002", "Length": 245.90302485736316, "id": null }, "geometry": { "type": "MultiLineString", "coordinates": [ [ [ -51.093960160550388, -22.082599385533822 ], [ -51.093964061535424, -22.082597814204572 ] ] ] } },
{ "type": "Feature", "properties": { "Field": "002", "Length": 246.3357068134772, "id": null }, "geometry": { "type": "MultiLineString", "coordinates": [ [ [ -51.093928674899061, -22.082599426682016 ], [ -51.093964133103867, -22.082584196360223 ] ] ] } },
{ "type": "Feature", "properties": { "Field": "002", "Length": 246.59024020263564, "id": null }, "geometry": { "type": "MultiLineString", "coordinates": [ [ [ -51.093903955196318, -22.082599458987879 ], [ -51.093964182972549, -22.082574707487286 ] ] ] } },
{ "type": "Feature", "properties": { "Field": "002", "Length": 247.16836751245086, "id": null }, "geometry": { "type": "MultiLineString", "coordinates": [ [ [ -51.093872926096154, -22.082599499539413 ], [ -51.093879728, -22.082596859 ], [ -51.093906105, -22.082585452 ], [ -51.093964251698957, -22.082561630416944 ] ] ] } },
{ "type": "Feature", "properties": { "Field": "002", "Length": 247.5516814409294, "id": null }, "geometry": { "type": "MultiLineString", "coordinates": [ [ [ -51.093964301536801, -22.082552147411633 ], [ -51.093848867, -22.082599352 ], [ -51.093848469985062, -22.08259953150079 ] ] ] } },
{ "type": "Feature", "properties": { "Field": "002", "Length": 248.04820481045502, "id": null }, "geometry": { "type": "MultiLineString", "coordinates": [ [ [ -51.093821074634825, -22.082599567303422 ], [ -51.093826754, -22.082597191 ], [ -51.093896875, -22.082566325 ], [ -51.093905693, -22.082562572 ], [ -51.09393242, -22.082551892 ], [ -51.093964375368479, -22.082538098925603 ] ] ] } },
{ "type": "Feature", "properties": { "Field": "002", "Length": 248.41993929655959, "id": null }, "geometry": { "type": "MultiLineString", "coordinates": [ [ [ -51.093792332347959, -22.082599604866346 ], [ -51.093887455, -22.082560974 ], [ -51.093896313, -22.082557305 ], [ -51.093931484, -22.082542092 ], [ -51.093964425403989, -22.082528578307738 ] ] ] } },
{ "type": "Feature", "properties": { "Field": "002", "Length": 248.75407059064085, "id": null }, "geometry": { "type": "MultiLineString", "coordinates": [ [ [ -51.093762125964993, -22.082599644342682 ], [ -51.093771027, -22.082596006 ], [ -51.093938478, -22.082524529 ], [ -51.093964505602123, -22.082513318429552 ] ] ] } },
{ "type": "Feature", "properties": { "Field": "002", "Length": 249.03738571382269, "id": null }, "geometry": { "type": "MultiLineString", "coordinates": [ [ [ -51.093740101888969, -22.082599673125664 ], [ -51.093761058, -22.082589586 ], [ -51.09376983, -22.082585742 ], [ -51.09384926, -22.082552111 ], [ -51.093911507, -22.082526937 ], [ -51.09396455489567, -22.082503938991046 ] ] ] } },
{ "type": "Feature", "properties": { "Field": "002", "Length": 249.3958342911464, "id": null }, "geometry": { "type": "MultiLineString", "coordinates": [ [ [ -51.093708444694457, -22.082599714498045 ], [ -51.093716282, -22.082596775 ], [ -51.093742372, -22.082584807 ], [ -51.093786837, -22.082566833 ], [ -51.093901101, -22.082517307 ], [ -51.093964622291317, -22.082491115135184 ] ] ] } },
{ "type": "Feature", "properties": { "Field": "002", "Length": 249.70663570581502, "id": null }, "geometry": { "type": "MultiLineString", "coordinates": [ [ [ -51.093681295889887, -22.082599749978471 ], [ -51.093706438, -22.082589851 ], [ -51.0937153, -22.082586195 ], [ -51.093750106, -22.082570273 ], [ -51.093811989, -22.082544333 ], [ -51.093846919, -22.082528645 ], [ -51.093864519, -22.082521071 ], [ -51.093964682371734, -22.082479683200926 ] ] ] } },
{ "type": "Feature", "properties": { "Field": "002", "Length": 249.81648201417326, "id": null }, "geometry": { "type": "MultiLineString", "coordinates": [ [ [ -51.09365561543742, -22.082599783539923 ], [ -51.093674112, -22.082591688 ], [ -51.09368298, -22.082588042 ], [ -51.093718203, -22.082572933 ], [ -51.093822911, -22.082525711 ], [ -51.093867445, -22.082507885 ], [ -51.093893767, -22.082496362 ], [ -51.093938238, -22.082478401 ], [ -51.093964747589794, -22.08246727369065 ] ] ] } },
{ "type": "Feature", "properties": { "Field": "002", "Length": 250.01215696132579, "id": null }, "geometry": { "type": "MultiLineString", "coordinates": [ [ [ -51.093964801121587, -22.082457087810678 ], [ -51.093920794, -22.082474663 ], [ -51.093850226, -22.08250463 ], [ -51.093805666, -22.082522398 ], [ -51.093787948, -22.08252973 ], [ -51.09370096, -22.082569595 ], [ -51.093692241, -22.082573543 ], [ -51.093683432, -22.082577312 ], [ -51.093629818, -22.082598322 ], [ -51.093626229820039, -22.08259982194361 ] ] ] } },
{ "type": "Feature", "properties": { "Field": "002", "Length": 250.19947445661765, "id": null }, "geometry": { "type": "MultiLineString", "coordinates": [ [ [ -51.093596968499035, -22.082599860184857 ], [ -51.093602548, -22.082597964 ], [ -51.093611389, -22.082594259 ], [ -51.093619985, -22.082590084 ], [ -51.093628753, -22.082586231 ], [ -51.09365544, -22.082575463 ], [ -51.093664268, -22.082571731 ], [ -51.093725671, -22.082544815 ], [ -51.093751714, -22.082532757 ], [ -51.093760517, -22.082528974 ], [ -51.09376942, -22.0825254 ], [ -51.093778183, -22.082521538 ], [ -51.09380414, -22.082509318 ], [ -51.093812903, -22.082505454 ], [ -51.093821767, -22.082501798 ], [ -51.093866211, -22.082483778 ], [ -51.093875162, -22.082480309 ], [ -51.093911184, -22.082466936 ], [ -51.093920101, -22.082463394 ], [ -51.093964228, -22.082444709 ], [ -51.093964867482256, -22.082444460886791 ] ] ] } },
{ "type": "Feature", "properties": { "Field": "002", "Length": 250.38552179125386, "id": null }, "geometry": { "type": "MultiLineString", "coordinates": [ [ [ -51.093572013329847, -22.082599892798445 ], [ -51.093581604, -22.082595473 ], [ -51.093590482, -22.082591855 ], [ -51.093608449, -22.082585069 ], [ -51.093617335, -22.08258146 ], [ -51.093652636, -22.082566511 ], [ -51.093678729, -22.082554549 ], [ -51.093687546, -22.082550799 ], [ -51.093705335, -22.082543614 ], [ -51.093714081, -22.082539723 ], [ -51.093800643, -22.082499061 ], [ -51.093809452, -22.082495295 ], [ -51.093862822, -22.082473751 ], [ -51.093907877, -22.082457104 ], [ -51.093916777, -22.082453528 ], [ -51.093960916, -22.082434867 ], [ -51.093964925953244, -22.082433335189808 ] ] ] } },
{ "type": "Feature", "properties": { "Field": "002", "Length": 250.61600059238404, "id": null }, "geometry": { "type": "MultiLineString", "coordinates": [ [ [ -51.093542702121873, -22.082599931104888 ], [ -51.093586112, -22.082580164 ], [ -51.093674546, -22.082543166 ], [ -51.093726759, -22.082519284 ], [ -51.093735562, -22.082515502 ], [ -51.093753535, -22.08250873 ], [ -51.093762443, -22.082505166 ], [ -51.093779949, -22.082497402 ], [ -51.093797598, -22.082489925 ], [ -51.09381485, -22.082481683 ], [ -51.093868085, -22.082459852 ], [ -51.093911865, -22.082440472 ], [ -51.093947493, -22.082426213 ], [ -51.093956471, -22.082422806 ], [ -51.093964996771739, -22.082419860043881 ] ] ] } },
{ "type": "Feature", "properties": { "Field": "002", "Length": 250.80563117439053, "id": null }, "geometry": { "type": "MultiLineString", "coordinates": [ [ [ -51.093965046199727, -22.082410455023794 ], [ -51.093956868, -22.082413259 ], [ -51.093947829, -22.082416518 ], [ -51.093912167, -22.082430703 ], [ -51.093903307, -22.082434366 ], [ -51.093859551, -22.08245379 ], [ -51.093815073, -22.082471737 ], [ -51.093806298, -22.082475563 ], [ -51.093797777, -22.08247987 ], [ -51.093789125, -22.082483928 ], [ -51.09377137, -22.082491176 ], [ -51.093762693, -22.082495203 ], [ -51.093753901, -22.082498994 ], [ -51.093735856, -22.0825056 ], [ -51.093726939, -22.082509129 ], [ -51.09367475, -22.082533057 ], [ -51.093665992, -22.082536925 ], [ -51.093568316, -22.082576787 ], [ -51.09355949, -22.082580519 ], [ -51.093516513825342, -22.082599965330036 ] ] ] } },
{ "type": "Feature", "properties": { "Field": "002", "Length": 251.01313432142152, "id": null }, "geometry": { "type": "MultiLineString", "coordinates": [ [ [ -51.093965113851603, -22.08239758241448 ], [ -51.093954909, -22.082401385 ], [ -51.093919311, -22.082415708 ], [ -51.093875248, -22.08243452 ], [ -51.093848551, -22.082445265 ], [ -51.093813444, -22.082460603 ], [ -51.093786745, -22.082471344 ], [ -51.093777956, -22.082475153 ], [ -51.093769293, -22.082479204 ], [ -51.093760488, -22.082482977 ], [ -51.093742539, -22.082489799 ], [ -51.09369825400001, -22.082508156 ], [ -51.093689473, -22.082511981 ], [ -51.093672067, -22.082519938 ], [ -51.093557193, -22.082568222 ], [ -51.093504696, -22.082591555 ], [ -51.093484650797237, -22.082600006971418 ] ] ] } },
{ "type": "Feature", "properties": { "Field": "002", "Length": 251.17218667382755, "id": null }, "geometry": { "type": "MultiLineString", "coordinates": [ [ [ -51.093957127278991, -22.082391192788126 ], [ -51.093953211, -22.082392604 ], [ -51.093944269, -22.082396089 ], [ -51.093908616, -22.082410294 ], [ -51.093873357, -22.082425329 ], [ -51.093846524, -22.082435775 ], [ -51.093811384, -22.082451048 ], [ -51.093793508, -22.082458037 ], [ -51.09376733500001, -22.082469845 ], [ -51.093705325, -22.08249552 ], [ -51.093643963, -22.082522516 ], [ -51.093555454, -22.082559359 ], [ -51.093502991, -22.082582758 ], [ -51.093461909451442, -22.082600036691794 ] ] ] } },
{ "type": "Feature", "properties": { "Field": "002", "Length": 251.3829399677619, "id": null }, "geometry": { "type": "MultiLineString", "coordinates": [ [ [ -51.093917805374943, -22.082391244019028 ], [ -51.093913881, -22.082392781 ], [ -51.093807598, -22.082436841 ], [ -51.093772793, -22.082452759999988 ], [ -51.093728924, -22.082471966 ], [ -51.093640259, -22.082508478 ], [ -51.09356118, -22.082542818 ], [ -51.093552285, -22.082546405 ], [ -51.093525388, -22.082556709 ], [ -51.093516572, -22.082560455 ], [ -51.093464262, -22.082584151 ], [ -51.093442490135246, -22.082593684342076 ] ] ] } },
{ "type": "Feature", "properties": { "Field": "002", "Length": 251.5473865843353, "id": null }, "geometry": { "type": "MultiLineString", "coordinates": [ [ [ -51.093893472758765, -22.082391275721001 ], [ -51.093867435, -22.082402374 ], [ -51.093858561, -22.082406006 ], [ -51.093831666, -22.082416315 ], [ -51.093822811, -22.082419978 ], [ -51.093762056, -22.082448141 ], [ -51.093753282, -22.082451974 ], [ -51.093699752, -22.082473172 ], [ -51.093690902, -22.082476851 ], [ -51.093655949, -22.082492495 ], [ -51.093647133, -22.082496247 ], [ -51.093584582, -22.082520756 ], [ -51.093575705, -22.082524383 ], [ -51.093558138, -22.082532027 ], [ -51.093549276, -22.082535682 ], [ -51.093540296, -22.082539082 ], [ -51.093531486, -22.082542822 ], [ -51.093522946, -22.082547098 ], [ -51.09351429, -22.082551152 ], [ -51.093487821, -22.082562373 ], [ -51.093444393, -22.08258243 ], [ -51.093442401443383, -22.082583307685198 ] ] ] } },
{ "type": "Feature", "properties": { "Field": "002", "Length": 251.80375734580849, "id": null }, "geometry": { "type": "MultiLineString", "coordinates": [ [ [ -51.093442286404084, -22.082569848464249 ], [ -51.093477691, -22.082553467 ], [ -51.093486497, -22.082549691 ], [ -51.093504363, -22.082542681 ], [ -51.09352189, -22.082534959 ], [ -51.093530748, -22.082531292 ], [ -51.093548767, -22.082524626 ], [ -51.0935575, -22.082520713 ], [ -51.093591983, -22.082504189 ], [ -51.093600867, -22.082500583 ], [ -51.093645605, -22.082483204 ], [ -51.093662896, -22.082475041 ], [ -51.093680686, -22.082467866 ], [ -51.093706717, -22.082455789 ], [ -51.093733465, -22.082445159 ], [ -51.093777088, -22.082425477 ], [ -51.093794891, -22.082418326 ], [ -51.093829553, -22.082402136 ], [ -51.093838666, -22.082399089 ], [ -51.093847576, -22.082395544 ], [ -51.093857603734243, -22.082391322453287 ] ] ] } },
{ "type": "Feature", "properties": { "Field": "002", "Length": 251.91857471236719, "id": null }, "geometry": { "type": "MultiLineString", "coordinates": [ [ [ -51.093442210924799, -22.082561017636333 ], [ -51.093448933, -22.082558129 ], [ -51.09349213, -22.082537644 ], [ -51.093500886, -22.082533781 ], [ -51.093527828, -22.082523585 ], [ -51.093545492, -22.082516138 ], [ -51.093554271, -22.082512309 ], [ -51.09358894, -22.082496125999988 ], [ -51.093597701, -22.08249227 ], [ -51.09363354, -22.082478478 ], [ -51.093642395, -22.082474815 ], [ -51.093676895, -22.082458321 ], [ -51.093685627, -22.082454408 ], [ -51.093703534, -22.082447485 ], [ -51.09371236, -22.082443767 ], [ -51.093720907, -22.082439504 ], [ -51.093729582, -22.08243549 ], [ -51.093747491, -22.08242857 ], [ -51.09375636, -22.082424932 ], [ -51.093782394, -22.082412855 ], [ -51.093791168, -22.082409025 ], [ -51.093809119, -22.082402201 ], [ -51.093818014, -22.082398617 ], [ -51.093826732, -22.082394668 ], [ -51.093834815941818, -22.082391352142572 ] ] ] } },
{ "type": "Feature", "properties": { "Field": "002", "Length": 252.11677715650939, "id": null }, "geometry": { "type": "MultiLineString", "coordinates": [ [ [ -51.093802255078046, -22.082391394564791 ], [ -51.093798333, -22.082393013 ], [ -51.093772127, -22.08240476 ], [ -51.093754326, -22.082411916 ], [ -51.093701604, -22.082434805 ], [ -51.093692769, -22.082438517999982 ], [ -51.09367486, -22.082445436 ], [ -51.093666037, -22.082449179 ], [ -51.093551853, -22.082498864 ], [ -51.093489782, -22.082524411 ], [ -51.093442085852914, -22.082546384636366 ] ] ] } },
{ "type": "Feature", "properties": { "Field": "002", "Length": 252.30578643346433, "id": null }, "geometry": { "type": "MultiLineString", "coordinates": [ [ [ -51.093778058388835, -22.082391426089668 ], [ -51.093760772, -22.082397834 ], [ -51.093752056, -22.082401728 ], [ -51.093743577, -22.082406065 ], [ -51.093699009, -22.082423818 ], [ -51.093690161, -22.082427505 ], [ -51.093620163, -22.082458611 ], [ -51.093558216, -22.082484419 ], [ -51.09354069, -22.082492141 ], [ -51.093531836, -22.082495804 ], [ -51.093513812, -22.08250245 ], [ -51.093496134, -22.082509868 ], [ -51.093487355, -22.082513697 ], [ -51.093452625, -22.082529766 ], [ -51.093443885, -22.08253367 ], [ -51.093441984038485, -22.082534472682411 ] ] ] } },
{ "type": "Feature", "properties": { "Field": "002", "Length": 252.44802506389019, "id": null }, "geometry": { "type": "MultiLineString", "coordinates": [ [ [ -51.09344187325496, -22.082521511373354 ], [ -51.093488153, -22.082500264 ], [ -51.093505811, -22.082492807 ], [ -51.093532626, -22.082482325 ], [ -51.093559015, -22.082470939 ], [ -51.093612063, -22.082448714000012 ], [ -51.093629625, -22.082441061 ], [ -51.093682072, -22.08241763 ], [ -51.093690878, -22.082413853 ], [ -51.093726465, -22.082399508 ], [ -51.093735314, -22.082395822 ], [ -51.093744900634356, -22.082391469289554 ] ] ] } },
{ "type": "Feature", "properties": { "Field": "002", "Length": 252.56086238903484, "id": null }, "geometry": { "type": "MultiLineString", "coordinates": [ [ [ -51.093441785505185, -22.082511244937944 ], [ -51.093458645, -22.08250306 ], [ -51.093467362, -22.082499109 ], [ -51.093502905, -22.082484666 ], [ -51.093511732, -22.082480932 ], [ -51.093546694, -22.082465306 ], [ -51.093643558, -22.08242376 ], [ -51.093696866, -22.082402084 ], [ -51.093705686, -22.082398336 ], [ -51.09372072476247, -22.08239150078731 ] ] ] } },
{ "type": "Feature", "properties": { "Field": "002", "Length": 252.61719066553027, "id": null }, "geometry": { "type": "MultiLineString", "coordinates": [ [ [ -51.093690583125671, -22.082391540057618 ], [ -51.093690426, -22.082391607 ], [ -51.093637177, -22.082413408 ], [ -51.09354917, -22.082451282 ], [ -51.093505414, -22.082470709 ], [ -51.093461128, -22.082489058 ], [ -51.093443766, -22.082497097 ], [ -51.093441672413491, -22.082498013580448 ] ] ] } },
{ "type": "Feature", "properties": { "Field": "002", "Length": 252.7179470610227, "id": null }, "geometry": { "type": "MultiLineString", "coordinates": [ [ [ -51.093670639387717, -22.082391566041498 ], [ -51.093652657, -22.082399546 ], [ -51.093635258, -22.082407516 ], [ -51.09361796, -22.082415674 ], [ -51.093609209, -22.082419554 ], [ -51.093573776, -22.082434226 ], [ -51.093547655, -22.082446137 ], [ -51.093538825, -22.082449856 ], [ -51.093520882, -22.08245669 ], [ -51.093503243, -22.082464187 ], [ -51.093494338, -22.08246775 ], [ -51.093467132, -22.082477319 ], [ -51.093458211, -22.082480833 ], [ -51.093441592955969, -22.08248871731195 ] ] ] } },
{ "type": "Feature", "properties": { "Field": "002", "Length": 252.82315875815183, "id": null }, "geometry": { "type": "MultiLineString", "coordinates": [ [ [ -51.093640153084053, -22.082391605760858 ], [ -51.093613242, -22.082404038 ], [ -51.093604493, -22.082407928 ], [ -51.093569066, -22.082422614999988 ], [ -51.093542895, -22.082434431 ], [ -51.09353406000001, -22.082438148 ], [ -51.093516147, -22.082445059 ], [ -51.09349846, -22.082452458 ], [ -51.093489546, -22.082456007 ], [ -51.093462374, -22.082465664 ], [ -51.093453427, -22.082469141 ], [ -51.093441468412493, -22.082474146134082 ] ] ] } },
{ "type": "Feature", "properties": { "Field": "002", "Length": 252.95887028437272, "id": null }, "geometry": { "type": "MultiLineString", "coordinates": [ [ [ -51.093614337460011, -22.082391639394981 ], [ -51.093592295, -22.08240199 ], [ -51.09358356300001, -22.082405913 ], [ -51.093574631, -22.082409421 ], [ -51.093565522, -22.082412509 ], [ -51.093556514, -22.082415843 ], [ -51.093530448, -22.082427859 ], [ -51.093468503, -22.082453672 ], [ -51.093459701, -22.082457458 ], [ -51.093442285, -22.082465396 ], [ -51.093441396912603, -22.082465780881652 ] ] ] } },
{ "type": "Feature", "properties": { "Field": "002", "Length": 253.025759806694, "id": null }, "geometry": { "type": "MultiLineString", "coordinates": [ [ [ -51.093581769023324, -22.082391681827065 ], [ -51.093581536, -22.082391791 ], [ -51.093572699, -22.082395498 ], [ -51.093554658, -22.082402104 ], [ -51.093545819, -22.082405802 ], [ -51.093528458, -22.082413844 ], [ -51.093519698, -22.08241771 ], [ -51.09348435, -22.082432561 ], [ -51.093441272516358, -22.082451226929432 ] ] ] } },
{ "type": "Feature", "properties": { "Field": "002", "Length": 253.10386323846981, "id": null }, "geometry": { "type": "MultiLineString", "coordinates": [ [ [ -51.093441190954181, -22.082441684421973 ], [ -51.09346196, -22.082432385 ], [ -51.09355035, -22.082395295 ], [ -51.093558561976565, -22.082391712062581 ] ] ] } },
{ "type": "Feature", "properties": { "Field": "002", "Length": 253.24956784645136, "id": null }, "geometry": { "type": "MultiLineString", "coordinates": [ [ [ -51.093522945591843, -22.082391758465715 ], [ -51.093478328, -22.082410266 ], [ -51.093469566, -22.082414128 ], [ -51.093441067263917, -22.08242721306743 ] ] ] } },
{ "type": "Feature", "properties": { "Field": "002", "Length": 253.35238453459198, "id": null }, "geometry": { "type": "MultiLineString", "coordinates": [ [ [ -51.093501240916389, -22.082391786743848 ], [ -51.093459528, -22.082410548 ], [ -51.0934409924389, -22.082418458786059 ] ] ] } },
{ "type": "Feature", "properties": { "Field": "002", "Length": 253.4910027749518, "id": null }, "geometry": { "type": "MultiLineString", "coordinates": [ [ [ -51.093462298914218, -22.082391837479793 ], [ -51.093445753, -22.082399571 ], [ -51.093440851058176, -22.082401917705727 ] ] ] } },
{ "type": "Feature", "properties": { "Field": "002", "Length": 253.59213708172001, "id": null }, "geometry": { "type": "MultiLineString", "coordinates": [ [ [ -51.093445397100425, -22.082391859500476 ], [ -51.093444251, -22.082392253 ], [ -51.093440779887985, -22.082393591026413 ] ] ] } }
]
}
