{
"type": "FeatureCollection",
"name": "80379_LINHAS",
"crs": { "type": "name", "properties": { "name": "urn:ogc:def:crs:OGC:1.3:CRS84" } },
"xy_coordinate_resolution": 1e-15,
"features": [
{"type":"Feature","properties":{"Field":"002","Length":101.988379948068,"Image":"../input/80379/80379.gpkg","Farm":"80379"},"geometry":{"type":"MultiLineString","coordinates":[[[-51.038258743675264,-22.167967477192683],[-51.038274340298514,-22.16792081281196],[-51.038292443555065,-22.167859862052296],[-51.038307406918292,-22.167798177417151],[-51.038318232639028,-22.167744917836043],[-51.038322592296737,-22.1677195875697]]]}},
{"type":"Feature","properties":{"Field":"002","Length":101.988379948068,"Image":"../input/80379/80379.gpkg","Farm":"80379"},"geometry":{"type":"MultiLineString","coordinates":[[[-51.038312795180715,-22.167719032156988],[-51.038312433024714,-22.16772177743831],[-51.038306340798165,-22.167757465667325],[-51.038304688423501,-22.167766367814437],[-51.038294673944499,-22.167810564629455],[-51.038283103831638,-22.167854431642887],[-51.038280666669934,-22.167863175986472],[-51.038269624340934,-22.167897817730346],[-51.038254233547832,-22.167950093117263],[-51.038248209566952,-22.167967477192683]]]}},
{"type":"Feature","properties":{"Field":"002","Length":101.988379948068,"Image":"../input/80379/80379.gpkg","Farm":"80379"},"geometry":{"type":"MultiLineString","coordinates":[[[-51.038298371924505,-22.167888206397933],[-51.038287845535102,-22.167923033337562],[-51.038272759847743,-22.167967477192683]]]}},
{"type":"Feature","properties":{"Field":"002","Length":101.988379948068,"Image":"../input/80379/80379.gpkg","Farm":"80379"},"geometry":{"type":"MultiLineString","coordinates":[[[-51.03823259849991,-22.167967477192683],[-51.038237046971929,-22.167956038534285],[-51.038242519082615,-22.167938704048662],[-51.038249353561795,-22.167912359440145],[-51.038252082716518,-22.167903690066606],[-51.038263526680957,-22.16786916041794],[-51.038277954561181,-22.167816646884397],[-51.038284165655263,-22.167790168600067],[-51.038297189657527,-22.167718147457254]]]}},
{"type":"Feature","properties":{"Field":"002","Length":101.988379948068,"Image":"../input/80379/80379.gpkg","Farm":"80379"},"geometry":{"type":"MultiLineString","coordinates":[[[-51.038222864607683,-22.167967477192683],[-51.03822907008594,-22.167949717948829],[-51.038234519047194,-22.167932378807411],[-51.038237849974593,-22.167923899738277],[-51.038240823509781,-22.16791530160712],[-51.038245839304885,-22.167897848241932],[-51.038248051273257,-22.167889052005741],[-51.038252029208927,-22.167871367321005],[-51.038254201703673,-22.16786256254878],[-51.038263817661289,-22.167827552739165],[-51.038265974425727,-22.167818744647157],[-51.038267889423523,-22.167809888170186],[-51.03827713501579,-22.167765544761831],[-51.038278825928032,-22.167756648762456],[-51.038285449272138,-22.167717481877787]]]}},
{"type":"Feature","properties":{"Field":"002","Length":101.988379948068,"Image":"../input/80379/80379.gpkg","Farm":"80379"},"geometry":{"type":"MultiLineString","coordinates":[[[-51.038208515216077,-22.167967477192683],[-51.038225669707828,-22.167921404161216],[-51.038228643671935,-22.167912806555456],[-51.03823126928458,-22.167904111234893],[-51.038235950273929,-22.167886578799447],[-51.038239924339805,-22.167868893523554],[-51.03824205862044,-22.167860082009394],[-51.038251680892202,-22.167825073842991],[-51.038253883011016,-22.167816277485866],[-51.038255807942299,-22.167807423062435],[-51.038265059710952,-22.167763080752064],[-51.03826677808091,-22.167754190018105],[-51.038273112080539,-22.167716782464506]]]}},
{"type":"Feature","properties":{"Field":"002","Length":101.988379948068,"Image":"../input/80379/80379.gpkg","Farm":"80379"},"geometry":{"type":"MultiLineString","coordinates":[[[-51.038198710937685,-22.167967477192683],[-51.038208508629801,-22.16794087154214],[-51.038211990519756,-22.167932440593546],[-51.038219298010205,-22.167915703022373],[-51.038222206535636,-22.167907090618961],[-51.038227124505575,-22.167889613057113],[-51.038229257697957,-22.167880800764603],[-51.038233196437638,-22.167863108479644],[-51.038235444647839,-22.167854320971276],[-51.038245099140049,-22.167819320314074],[-51.038247163763259,-22.16781049418875],[-51.038256446894373,-22.167766157734448],[-51.038258287230335,-22.167757287464639],[-51.038259922856795,-22.167748382889361],[-51.038265334458551,-22.16771634153984]]]}},
{"type":"Feature","properties":{"Field":"002","Length":101.988379948068,"Image":"../input/80379/80379.gpkg","Farm":"80379"},"geometry":{"type":"MultiLineString","coordinates":[[[-51.038184389155177,-22.167967477192683],[-51.038199197311656,-22.167928630257062],[-51.038202149887425,-22.167920025004491],[-51.038213434149327,-22.167885449790699],[-51.038215547111811,-22.167876634438461],[-51.038217362568432,-22.167867759955087],[-51.038219691207388,-22.167858990959598],[-51.038222242554895,-22.167850274865309],[-51.038224293285239,-22.1678414458062],[-51.038226126660717,-22.167832574409825],[-51.038228589172896,-22.167823837741988],[-51.038231318354214,-22.167815168569895],[-51.038233629829385,-22.167806395267952],[-51.038237863483907,-22.167788762164921],[-51.038239630825387,-22.167779879487558],[-51.038247699960884,-22.167735337293504],[-51.038250514245654,-22.167715501360483]]]}},
{"type":"Feature","properties":{"Field":"002","Length":101.988379948068,"Image":"../input/80379/80379.gpkg","Farm":"80379"},"geometry":{"type":"MultiLineString","coordinates":[[[-51.038174190495155,-22.167967477192683],[-51.038184692674314,-22.167939896887628],[-51.038208261977566,-22.167871037866533],[-51.038210505255272,-22.167862256671807],[-51.038218503562163,-22.167826895402467],[-51.038225742888223,-22.167800646844469],[-51.038227796648613,-22.167791819971828],[-51.038237390765183,-22.167747540818713],[-51.038238819071239,-22.167738608828181],[-51.038242142099435,-22.167715026731379]]]}},
{"type":"Feature","properties":{"Field":"002","Length":101.988379948068,"Image":"../input/80379/80379.gpkg","Farm":"80379"},"geometry":{"type":"MultiLineString","coordinates":[[[-51.038159800115906,-22.167967477192683],[-51.038161654916536,-22.167962652671427],[-51.038171064678949,-22.167937005790971],[-51.038177184503724,-22.167919860191667],[-51.038191532799701,-22.167876710584437],[-51.038194119739678,-22.167868003459564],[-51.038203445444708,-22.167832925471792],[-51.038205362066904,-22.167824069227557],[-51.038206950355963,-22.167815156795513],[-51.038208894537846,-22.167806305764518],[-51.038215682322374,-22.167779950372552],[-51.038217677851243,-22.167771109261452],[-51.038222954823354,-22.167744455531174],[-51.038228283610017,-22.167714241073519]]]}},
{"type":"Feature","properties":{"Field":"002","Length":101.988379948068,"Image":"../input/80379/80379.gpkg","Farm":"80379"},"geometry":{"type":"MultiLineString","coordinates":[[[-51.038148986957609,-22.167967477192683],[-51.038159568184739,-22.167940136124912],[-51.038175141210708,-22.167897357089803],[-51.038186197454877,-22.167862718085342],[-51.038188756996163,-22.167854003955576],[-51.038199881149048,-22.167810037015176],[-51.03820981088527,-22.167765822151662],[-51.038211611737111,-22.167756944866429],[-51.038213158213075,-22.167748026057417],[-51.038218903604282,-22.167713709307396]]]}},
{"type":"Feature","properties":{"Field":"002","Length":101.988379948068,"Image":"../input/80379/80379.gpkg","Farm":"80379"},"geometry":{"type":"MultiLineString","coordinates":[[[-51.038135151316204,-22.167967477192683],[-51.038149924337404,-22.167929382751961],[-51.038167267511554,-22.167877639815121],[-51.038177385092702,-22.167842752959377],[-51.038185526791111,-22.167807420487492],[-51.038190522916544,-22.16778996153381],[-51.038192548619271,-22.16778112638087],[-51.038198211804861,-22.16775454154406],[-51.038202289527781,-22.167727706245532],[-51.038204911105531,-22.167712916052356]]]}},
{"type":"Feature","properties":{"Field":"002","Length":101.988379948068,"Image":"../input/80379/80379.gpkg","Farm":"80379"},"geometry":{"type":"MultiLineString","coordinates":[[[-51.038196682549128,-22.167712449563563],[-51.03819458280433,-22.167726164251519],[-51.038190150402791,-22.167752950934503],[-51.038188202645067,-22.167761798840747],[-51.038173611010464,-22.167823561781741],[-51.038171462774933,-22.167832371741998],[-51.038169015230636,-22.167841112729803],[-51.038161372963565,-22.16786726432241],[-51.038158603253528,-22.167875922089173],[-51.03814723084232,-22.167910472021298],[-51.038144009403403,-22.167918992248026],[-51.038125002142074,-22.167967477192683]]]}},
{"type":"Feature","properties":{"Field":"002","Length":101.988379948068,"Image":"../input/80379/80379.gpkg","Farm":"80379"},"geometry":{"type":"MultiLineString","coordinates":[[[-51.038111143434904,-22.167967477192683],[-51.03811982358706,-22.167946528909539],[-51.038135230512637,-22.167903697353051],[-51.03815163858463,-22.167851690797299],[-51.03816519928494,-22.167799906234123],[-51.038167610823578,-22.167790225685426],[-51.038180286198099,-22.167728097008947],[-51.038182952740996,-22.167711671200834]]]}},
{"type":"Feature","properties":{"Field":"002","Length":101.988379948068,"Image":"../input/80379/80379.gpkg","Farm":"80379"},"geometry":{"type":"MultiLineString","coordinates":[[[-51.038173953743119,-22.167711161034596],[-51.038170956037682,-22.167729604723743],[-51.038165640804209,-22.167756250917929],[-51.03816179684862,-22.167773960644141],[-51.038151514904527,-22.167818105661624],[-51.038149328297095,-22.167826906880492],[-51.038146823750417,-22.16783563324482],[-51.03813061626979,-22.167887693983559],[-51.038127552945461,-22.16789626471887],[-51.038108266161686,-22.167947407677858],[-51.038104957338973,-22.167955899774746],[-51.038101418943086,-22.167964310592232],[-51.038100035095781,-22.167967477192683]]]}},
{"type":"Feature","properties":{"Field":"002","Length":101.988379948068,"Image":"../input/80379/80379.gpkg","Farm":"80379"},"geometry":{"type":"MultiLineString","coordinates":[[[-51.038085867783586,-22.167967477192683],[-51.038087254902095,-22.167964227014291],[-51.038090594019607,-22.167955744863555],[-51.038093891272595,-22.167947248516359],[-51.03809698389361,-22.167938685670684],[-51.038102818224225,-22.167921454369083],[-51.038109451228593,-22.167904474742208],[-51.038112587149335,-22.167895925570143],[-51.038121113264701,-22.167870012083572],[-51.038123771114236,-22.167861323506671],[-51.03813822604441,-22.167808815980194],[-51.038140401149754,-22.167800011692588],[-51.038147782438067,-22.167764534292331],[-51.038149714506112,-22.167755680960397],[-51.038155929416952,-22.167729203243589],[-51.038157768352299,-22.167720332720464],[-51.03815941770798,-22.16771033696569]]]}},
{"type":"Feature","properties":{"Field":"002","Length":101.988379948068,"Image":"../input/80379/80379.gpkg","Farm":"80379"},"geometry":{"type":"MultiLineString","coordinates":[[[-51.038149990709819,-22.167709802535498],[-51.038148329551106,-22.167718202762817],[-51.038132393737108,-22.167788936724712],[-51.038130484331511,-22.167797793872122],[-51.038127268355069,-22.167815596178489],[-51.03812463494085,-22.167824285324748],[-51.038121759379138,-22.167832911879358],[-51.038116740635765,-22.167850364164991],[-51.038114082880448,-22.167859052557528],[-51.038097627877157,-22.167911046583061],[-51.038094594718814,-22.167919626119598],[-51.038091252136446,-22.167928106623403],[-51.038075067209476,-22.167967477192683]]]}},
{"type":"Feature","properties":{"Field":"002","Length":101.988379948068,"Image":"../input/80379/80379.gpkg","Farm":"80379"},"geometry":{"type":"MultiLineString","coordinates":[[[-51.03806024179319,-22.167967477192683],[-51.038071513008632,-22.167940340589805],[-51.038084333942813,-22.167906233812367],[-51.038104045462021,-22.167845717916382],[-51.038106471708474,-22.167836971663675],[-51.038120339860058,-22.167784326986787],[-51.038122276479235,-22.167775475385838],[-51.038135034154209,-22.167713361185637],[-51.038135773865548,-22.167708996561984]]]}},
{"type":"Feature","properties":{"Field":"002","Length":101.988379948068,"Image":"../input/80379/80379.gpkg","Farm":"80379"},"geometry":{"type":"MultiLineString","coordinates":[[[-51.038049621793945,-22.167967477192683],[-51.038069909952306,-22.167918197992634],[-51.038073179532347,-22.167909695831124],[-51.038090467461942,-22.16785793664625],[-51.038093211749697,-22.167849272747418],[-51.03810312217697,-22.16781433507057],[-51.038112090502963,-22.167779176296381],[-51.038114169020425,-22.167770353686095],[-51.038126533824098,-22.167708472730638]]]}},
{"type":"Feature","properties":{"Field":"002","Length":101.988379948068,"Image":"../input/80379/80379.gpkg","Farm":"80379"},"geometry":{"type":"MultiLineString","coordinates":[[[-51.038034870340127,-22.167967477192683],[-51.03804257930819,-22.167949521013625],[-51.038058616367593,-22.167906891182977],[-51.038081467495012,-22.167837821831917],[-51.038091422511229,-22.167802894824593],[-51.038105595352995,-22.167741048321588],[-51.038112035943016,-22.167707650824738]]]}},
{"type":"Feature","properties":{"Field":"002","Length":101.988379948068,"Image":"../input/80379/80379.gpkg","Farm":"80379"},"geometry":{"type":"MultiLineString","coordinates":[[[-51.038023207780974,-22.167967477192683],[-51.038033385913614,-22.167943613683921],[-51.038036912626936,-22.167935197719476],[-51.038043544845792,-22.167918218566868],[-51.038053194303053,-22.167892649403154],[-51.038056135294418,-22.167884041134389],[-51.038069933233359,-22.167840736269522],[-51.038075227572762,-22.167823353592173],[-51.038080197697965,-22.167805889010239],[-51.038091613629554,-22.167761986516947],[-51.038093676584417,-22.167753159704258],[-51.038096503088447,-22.167735289704101],[-51.038101492783866,-22.167708588715129],[-51.038101793208703,-22.16770707014928]]]}},
{"type":"Feature","properties":{"Field":"002","Length":101.988379948068,"Image":"../input/80379/80379.gpkg","Farm":"80379"},"geometry":{"type":"MultiLineString","coordinates":[[[-51.038009985218558,-22.167967477192683],[-51.038018095311998,-22.167949104223069],[-51.038034905692683,-22.167906733252217],[-51.038048289578136,-22.167863317328951],[-51.038068207942828,-22.167802859359885],[-51.038082793209277,-22.167741097187594],[-51.038089133690939,-22.167706352462865]]]}},
{"type":"Feature","properties":{"Field":"002","Length":101.988379948068,"Image":"../input/80379/80379.gpkg","Farm":"80379"},"geometry":{"type":"MultiLineString","coordinates":[[[-51.038000086424596,-22.167967477192683],[-51.03801038670489,-22.1679433975652],[-51.038013768018494,-22.167934930862145],[-51.038030052713211,-22.167892381922861],[-51.038032850801578,-22.167883735745846],[-51.038043072909524,-22.1678488750849],[-51.038059469064343,-22.167796865209297],[-51.038061763468413,-22.167788090064278],[-51.038072032306644,-22.167743942400563],[-51.038074053714638,-22.167735106411733],[-51.038075826959847,-22.167726225634574],[-51.038079546844138,-22.16770580897062]]]}},
{"type":"Feature","properties":{"Field":"002","Length":101.988379948068,"Image":"../input/80379/80379.gpkg","Farm":"80379"},"geometry":{"type":"MultiLineString","coordinates":[[[-51.037986154329488,-22.167967477192683],[-51.037990163598927,-22.167958779063749],[-51.038007172787673,-22.167916479344054],[-51.038019604652568,-22.167882248349105],[-51.038022134214174,-22.167873532153006],[-51.038029152106084,-22.167847229079236],[-51.038045178340347,-22.16779512019966],[-51.038047463022188,-22.167786342800529],[-51.038060351924869,-22.167733482637615],[-51.038062028961818,-22.167724587994062],[-51.038065357770442,-22.167705004571463]]]}},
{"type":"Feature","properties":{"Field":"002","Length":101.988379948068,"Image":"../input/80379/80379.gpkg","Farm":"80379"},"geometry":{"type":"MultiLineString","coordinates":[[[-51.037975617611465,-22.167967477192683],[-51.037991291798221,-22.167929577392901],[-51.038006674143482,-22.167886739820208],[-51.038019917456111,-22.167852773550027],[-51.038022359928476,-22.167844041196755],[-51.038031147752136,-22.167808842881911],[-51.038034151613751,-22.167800261907001],[-51.038039190973834,-22.167782819442198],[-51.038047429686628,-22.167747507659346],[-51.038055473692715,-22.167704444228765]]]}},
{"type":"Feature","properties":{"Field":"002","Length":101.988379948068,"Image":"../input/80379/80379.gpkg","Farm":"80379"},"geometry":{"type":"MultiLineString","coordinates":[[[-51.037959472293871,-22.167967477192683],[-51.037970516485728,-22.16794358807088],[-51.037974103215312,-22.167935194520144],[-51.038007074075935,-22.167850230905213],[-51.038009899898931,-22.167841589825173],[-51.038011499928395,-22.167832687316668],[-51.038013340310059,-22.167823817872609],[-51.038021358255591,-22.167797768941451],[-51.038026150543764,-22.167780260366644],[-51.038028130721365,-22.167771417225506],[-51.038031340120398,-22.167753598057661],[-51.038033271891841,-22.167744745348255],[-51.03803772080969,-22.167727158546562],[-51.038039547074177,-22.167718286726846],[-51.038041884440467,-22.167703673834353]]]}},
{"type":"Feature","properties":{"Field":"002","Length":101.988379948068,"Image":"../input/80379/80379.gpkg","Farm":"80379"},"geometry":{"type":"MultiLineString","coordinates":[[[-51.037949402503422,-22.167967477192683],[-51.037965736349868,-22.1679302492266],[-51.037999527838139,-22.167845565784145],[-51.038002342070293,-22.16783692250738],[-51.038005903442205,-22.167819167213548],[-51.038007939318113,-22.167810334861908],[-51.038018719792149,-22.167766293537341],[-51.038030632264473,-22.167713235084694],[-51.038032368928114,-22.167704347124918],[-51.038032582346695,-22.16770314648517]]]}},
{"type":"Feature","properties":{"Field":"002","Length":101.988379948068,"Image":"../input/80379/80379.gpkg","Farm":"80379"},"geometry":{"type":"MultiLineString","coordinates":[[[-51.037935096816696,-22.167967477192683],[-51.037956430077969,-22.167919639532474],[-51.037968675467823,-22.167885349526184],[-51.037981754880683,-22.167851327452578],[-51.037984333775,-22.167842618257392],[-51.038004077586329,-22.167772722001978],[-51.038007613873887,-22.16775495623461],[-51.03801815461,-22.167710864316017],[-51.038019639647558,-22.167702412744791]]]}},
{"type":"Feature","properties":{"Field":"002","Length":101.988379948068,"Image":"../input/80379/80379.gpkg","Farm":"80379"},"geometry":{"type":"MultiLineString","coordinates":[[[-51.038009387309828,-22.167701831524901],[-51.038000403563487,-22.167746386064085],[-51.037998352903898,-22.167755215707651],[-51.037989650835598,-22.167790432450879],[-51.037987303620731,-22.167799198058997],[-51.037975137454424,-22.167842925446759],[-51.037972160005502,-22.167851520953736],[-51.037946131025748,-22.167919608081935],[-51.03794255176458,-22.167928003819178],[-51.037924820118562,-22.167967477192683]]]}},
{"type":"Feature","properties":{"Field":"002","Length":101.988379948068,"Image":"../input/80379/80379.gpkg","Farm":"80379"},"geometry":{"type":"MultiLineString","coordinates":[[[-51.037826323722477,-22.169503106088051],[-51.03781517973497,-22.169478307623329],[-51.037794496236877,-22.169418076512802],[-51.037785801508761,-22.169382861522315],[-51.037778310847131,-22.169347404353086],[-51.037774141112678,-22.169320582159543],[-51.03776820062599,-22.169266659791425],[-51.03776760504789,-22.169259516641414]]]}},
{"type":"Feature","properties":{"Field":"002","Length":101.988379948068,"Image":"../input/80379/80379.gpkg","Farm":"80379"},"geometry":{"type":"MultiLineString","coordinates":[[[-51.037757729573478,-22.169259425131226],[-51.037757807798876,-22.169261163674364],[-51.037758387856158,-22.169270181610067],[-51.037764345963964,-22.169324101559027],[-51.037765686402246,-22.169333047721366],[-51.037772883928618,-22.169368556585354],[-51.037774909342112,-22.169377391210769],[-51.037786014938831,-22.169421362624266],[-51.037788556529115,-22.169430079850574],[-51.037799887073092,-22.169464641604712],[-51.037803072594549,-22.169473173005549],[-51.037806530524868,-22.169481613403395],[-51.037815669139313,-22.169503512120155]]]}},
{"type":"Feature","properties":{"Field":"002","Length":101.988379948068,"Image":"../input/80379/80379.gpkg","Farm":"80379"},"geometry":{"type":"MultiLineString","coordinates":[[[-51.037799698443315,-22.169504120742303],[-51.037792596707767,-22.169487884214604],[-51.03777653877048,-22.169445260454093],[-51.037774170154634,-22.169436499590397],[-51.03776729012786,-22.169410164930049],[-51.037757156183588,-22.169365990250736],[-51.037750588106341,-22.169330374389716],[-51.037745111173415,-22.169285491585725],[-51.037743734374409,-22.169259295445983]]]}},
{"type":"Feature","properties":{"Field":"002","Length":101.988379948068,"Image":"../input/80379/80379.gpkg","Farm":"80379"},"geometry":{"type":"MultiLineString","coordinates":[[[-51.037791433807755,-22.169504435696656],[-51.037788937890419,-22.169498478874424],[-51.037785216213926,-22.169490137283024],[-51.03778130392709,-22.169481870533541],[-51.037777801117365,-22.169473451728919],[-51.037771727395061,-22.169456292267736],[-51.037768382130118,-22.169447815673646],[-51.037764712343417,-22.169439453254011],[-51.037762218139484,-22.169430763777989],[-51.037758858966079,-22.169412968654431],[-51.037748768999961,-22.169368786320877],[-51.037746975184241,-22.169359908577196],[-51.037739789801634,-22.169315236425803],[-51.037738580154475,-22.169306273131355],[-51.037735830713679,-22.169279292044642],[-51.037734511178748,-22.169261266301923],[-51.03773439620867,-22.169259208914717]]]}},
{"type":"Feature","properties":{"Field":"002","Length":101.988379948068,"Image":"../input/80379/80379.gpkg","Farm":"80379"},"geometry":{"type":"MultiLineString","coordinates":[[[-51.037775949777682,-22.169505025772608],[-51.037765120515047,-22.16947962242357],[-51.03775134824869,-22.169436314246674],[-51.037737731478451,-22.169383613861566],[-51.037730373713948,-22.169348133113381],[-51.037724872016042,-22.169312361881605],[-51.037720671659386,-22.169259081737426]]]}},
{"type":"Feature","properties":{"Field":"002","Length":101.988379948068,"Image":"../input/80379/80379.gpkg","Farm":"80379"},"geometry":{"type":"MultiLineString","coordinates":[[[-51.037768148300842,-22.169505323076596],[-51.037758378810302,-22.169481816056919],[-51.037755281851751,-22.169473256408892],[-51.037743927408265,-22.169438701365777],[-51.037736381035025,-22.169412526828534],[-51.037734173183487,-22.169403730283417],[-51.037730071758787,-22.169386070087956],[-51.037728235226503,-22.169377199557317],[-51.037719711480349,-22.169332730892435],[-51.037718359785231,-22.169323785887944],[-51.037712727184747,-22.169278919895781],[-51.03771203366469,-22.169269910413416],[-51.037711524135432,-22.169258996972726]]]}},
{"type":"Feature","properties":{"Field":"002","Length":101.988379948068,"Image":"../input/80379/80379.gpkg","Farm":"80379"},"geometry":{"type":"MultiLineString","coordinates":[[[-51.037752837504819,-22.169505906550825],[-51.037752102299336,-22.16950381346512],[-51.037741543726987,-22.169478558736404],[-51.037730459635853,-22.169443929732605],[-51.037720668165747,-22.169408962336032],[-51.037711135700576,-22.16936467271632],[-51.037704752139526,-22.169329028039062],[-51.037699078489617,-22.169275081483885],[-51.037698162415751,-22.169258873157563]]]}},
{"type":"Feature","properties":{"Field":"002","Length":101.988379948068,"Image":"../input/80379/80379.gpkg","Farm":"80379"},"geometry":{"type":"MultiLineString","coordinates":[[[-51.037742917945444,-22.169506284572144],[-51.037736509506743,-22.169490083431093],[-51.037733588262014,-22.169481471903083],[-51.037719795731263,-22.169438165298384],[-51.037717419276788,-22.16942940878554],[-51.037708487986976,-22.169394241797985],[-51.037699131703064,-22.169349920229358],[-51.03769780126833,-22.169340975601457],[-51.037692127538641,-22.169296113901954],[-51.037691322631396,-22.169287112393825],[-51.037689181744987,-22.169258789938993]]]}},
{"type":"Feature","properties":{"Field":"002","Length":101.988379948068,"Image":"../input/80379/80379.gpkg","Farm":"80379"},"geometry":{"type":"MultiLineString","coordinates":[[[-51.037728280094825,-22.169506842401312],[-51.037720524271947,-22.169487496402166],[-51.037717355877106,-22.169478957614473],[-51.037709164545227,-22.169452951200935],[-51.037703939221359,-22.169435550807943],[-51.037692864436345,-22.169391573402766],[-51.037687109882576,-22.169365005679573],[-51.037685396804768,-22.169356113320234],[-51.037683985758164,-22.169347175050671],[-51.03767881844125,-22.169311359475678],[-51.037677729470097,-22.169302382214873],[-51.037676971524739,-22.169293375461081],[-51.037674554790087,-22.169258654399641]]]}},
{"type":"Feature","properties":{"Field":"002","Length":101.988379948068,"Image":"../input/80379/80379.gpkg","Farm":"80379"},"geometry":{"type":"MultiLineString","coordinates":[[[-51.03771775536223,-22.169507243484983],[-51.03770869162058,-22.16948247680952],[-51.037695614428557,-22.169438978340896],[-51.037693050233486,-22.169430265380587],[-51.03769073456764,-22.169421492244279],[-51.037681733212281,-22.169386340996553],[-51.037670612257592,-22.169323955189832],[-51.037666018358514,-22.169278986770038],[-51.037665193428637,-22.169269985149683],[-51.037664898715612,-22.169258564922504]]]}},
{"type":"Feature","properties":{"Field":"002","Length":101.988379948068,"Image":"../input/80379/80379.gpkg","Farm":"80379"},"geometry":{"type":"MultiLineString","coordinates":[[[-51.03746365815762,-22.165860824433523],[-51.037472751098754,-22.16586080972003],[-51.037482448936345,-22.165860653751661],[-51.037589115730739,-22.165858488867805],[-51.037647261331543,-22.165856242181789],[-51.037706539867351,-22.165853403078248]]]}},
{"type":"Feature","properties":{"Field":"002","Length":101.988379948068,"Image":"../input/80379/80379.gpkg","Farm":"80379"},"geometry":{"type":"MultiLineString","coordinates":[[[-51.037463635896941,-22.16587045217674],[-51.037570183295649,-22.165868675556528],[-51.037628351660089,-22.1658670145294],[-51.037657424236556,-22.165865891327421],[-51.037667109836342,-22.165865413942992],[-51.037706484072146,-22.165862966376192]]]}},
{"type":"Feature","properties":{"Field":"002","Length":101.988379948068,"Image":"../input/80379/80379.gpkg","Farm":"80379"},"geometry":{"type":"MultiLineString","coordinates":[[[-51.037706417444724,-22.165874386315497],[-51.03767202367753,-22.165876514142006],[-51.03754601355952,-22.165880711075051],[-51.037463610190336,-22.165881570281893]]]}},
{"type":"Feature","properties":{"Field":"002","Length":101.988379948068,"Image":"../input/80379/80379.gpkg","Farm":"80379"},"geometry":{"type":"MultiLineString","coordinates":[[[-51.037463587453587,-22.165891403928285],[-51.037465118485748,-22.165891400748087],[-51.037484514144239,-22.165891110863832],[-51.03760087076963,-22.165888460113699],[-51.037620252993335,-22.165887731635621],[-51.037706363525075,-22.165883628144353]]]}},
{"type":"Feature","properties":{"Field":"002","Length":101.988379948068,"Image":"../input/80379/80379.gpkg","Farm":"80379"},"geometry":{"type":"MultiLineString","coordinates":[[[-51.037463558255297,-22.165904032188454],[-51.037533801445264,-22.165903131616179],[-51.037630737559439,-22.165900063084333],[-51.037698544549961,-22.165896853803371],[-51.037706289604415,-22.165896298145629]]]}},
{"type":"Feature","properties":{"Field":"002","Length":101.988379948068,"Image":"../input/80379/80379.gpkg","Farm":"80379"},"geometry":{"type":"MultiLineString","coordinates":[[[-51.0374635371723,-22.165913150582142],[-51.037554047274398,-22.165911987916552],[-51.037641286140264,-22.16590912480801],[-51.037706233989617,-22.165905830521144]]]}},
{"type":"Feature","properties":{"Field":"002","Length":101.988379948068,"Image":"../input/80379/80379.gpkg","Farm":"80379"},"geometry":{"type":"MultiLineString","coordinates":[[[-51.037706150999391,-22.165920055046325],[-51.037618694990435,-22.165924166239122],[-51.037531433023979,-22.165926335161171],[-51.037463505524492,-22.165926838260891]]]}},
{"type":"Feature","properties":{"Field":"002","Length":101.988379948068,"Image":"../input/80379/80379.gpkg","Farm":"80379"},"geometry":{"type":"MultiLineString","coordinates":[[[-51.037706098423691,-22.165929066520999],[-51.037699485810812,-22.165929330794508],[-51.037612364351972,-22.16593443319028],[-51.037515408867996,-22.165936940358332],[-51.037463481799101,-22.165937099492723]]]}},
{"type":"Feature","properties":{"Field":"002","Length":101.988379948068,"Image":"../input/80379/80379.gpkg","Farm":"80379"},"geometry":{"type":"MultiLineString","coordinates":[[[-51.037706012106071,-22.165943861360748],[-51.037665703389997,-22.165946518575939],[-51.037626945030162,-22.165948130181064],[-51.037500861766752,-22.165949382664635],[-51.037463455063872,-22.16594866247965]]]}},
{"type":"Feature","properties":{"Field":"002","Length":101.988379948068,"Image":"../input/80379/80379.gpkg","Farm":"80379"},"geometry":{"type":"MultiLineString","coordinates":[[[-51.03746343176369,-22.16595873980658],[-51.03746938796511,-22.165958713353444],[-51.03750818016011,-22.165959281335727],[-51.037576059307298,-22.165957937453392],[-51.037605156984455,-22.165957956723172],[-51.037614851368005,-22.165957669506319],[-51.037663296958982,-22.165955601386649],[-51.037705958740595,-22.165953008203587]]]}},
{"type":"Feature","properties":{"Field":"002","Length":101.988379948068,"Image":"../input/80379/80379.gpkg","Farm":"80379"},"geometry":{"type":"MultiLineString","coordinates":[[[-51.037705885223126,-22.165965609097508],[-51.03768340315856,-22.16596690306055],[-51.037605874131188,-22.165969864494734],[-51.03749919085751,-22.165971132228755],[-51.037463403131895,-22.165971123059332]]]}},
{"type":"Feature","properties":{"Field":"002","Length":101.988379948068,"Image":"../input/80379/80379.gpkg","Farm":"80379"},"geometry":{"type":"MultiLineString","coordinates":[[[-51.037705826644981,-22.165975649391974],[-51.037668016528826,-22.165977462455334],[-51.037580780934114,-22.16598041432443],[-51.037483801199521,-22.165981903255965],[-51.037463378178572,-22.165981915370679]]]}},
{"type":"Feature","properties":{"Field":"002","Length":101.988379948068,"Image":"../input/80379/80379.gpkg","Farm":"80379"},"geometry":{"type":"MultiLineString","coordinates":[[[-51.037703436725025,-22.16950778914935],[-51.037693038879226,-22.169480115992108],[-51.037690132664444,-22.169471496681908],[-51.037677124678211,-22.169427980005558],[-51.037675065738526,-22.169419151530956],[-51.0376735313382,-22.169410230920008],[-51.037671622431859,-22.169401373237676],[-51.037667017831183,-22.169383820888584],[-51.037665298987626,-22.169374929517684],[-51.037664152233361,-22.169365958506535],[-51.037662739260981,-22.169357020506887],[-51.037661046295533,-22.169348124812444],[-51.03765963054375,-22.169339187194055],[-51.037652836081385,-22.169285351648099],[-51.037652247821562,-22.169276333901692],[-51.037651426311527,-22.169258440081695]]]}},
{"type":"Feature","properties":{"Field":"002","Length":101.988379948068,"Image":"../input/80379/80379.gpkg","Farm":"80379"},"geometry":{"type":"MultiLineString","coordinates":[[[-51.037641909907549,-22.169258351898801],[-51.037645450674347,-22.169301426551467],[-51.037646333896447,-22.169310423178217],[-51.037647520374797,-22.169319388846287],[-51.037650398474902,-22.169337257039786],[-51.037661341193406,-22.169399670681955],[-51.037663163767249,-22.169408543722266],[-51.037665236305536,-22.169417368927952],[-51.037670065581423,-22.169434867507952],[-51.037672751710687,-22.16944354816177],[-51.037681301254672,-22.169469454867958],[-51.037683664847918,-22.169478213712825],[-51.037686264240591,-22.169486915987601],[-51.03768935462184,-22.169495477332376],[-51.037694212172646,-22.169508140684869]]]}},
{"type":"Feature","properties":{"Field":"002","Length":101.988379948068,"Image":"../input/80379/80379.gpkg","Farm":"80379"},"geometry":{"type":"MultiLineString","coordinates":[[[-51.0376796135468,-22.169508697019232],[-51.037678705366645,-22.169506095869096],[-51.037666893452567,-22.169471673814723],[-51.037664136079648,-22.169463012189642],[-51.037654311085909,-22.169428052651156],[-51.037652087760669,-22.169419258828139],[-51.037640812480149,-22.169366079742723],[-51.037639206919124,-22.169357170012958],[-51.037632032998658,-22.169303377296888],[-51.037631074156067,-22.169294387182486],[-51.037628615439154,-22.169258228706816]]]}},
{"type":"Feature","properties":{"Field":"002","Length":101.988379948068,"Image":"../input/80379/80379.gpkg","Farm":"80379"},"geometry":{"type":"MultiLineString","coordinates":[[[-51.03761848921318,-22.169258134873061],[-51.037618604184559,-22.169269228920726],[-51.037619454372042,-22.169278209760979],[-51.037620784486279,-22.169287158011077],[-51.037621830805897,-22.169296138832809],[-51.037624572082784,-22.169323121433568],[-51.037627752113956,-22.169350061621859],[-51.037629001173848,-22.169359020163153],[-51.037630880190079,-22.169367873914307],[-51.037635201361432,-22.169385487244437],[-51.03763915283254,-22.169403177183142],[-51.03764136093703,-22.169411972451936],[-51.037646254997334,-22.169429455070997],[-51.037650553095716,-22.169447074464003],[-51.037652902872722,-22.169455837825662],[-51.037658260778507,-22.169473203217027],[-51.037661133572385,-22.169481831373776],[-51.037671011120594,-22.169509024846345]]]}},
{"type":"Feature","properties":{"Field":"002","Length":101.988379948068,"Image":"../input/80379/80379.gpkg","Farm":"80379"},"geometry":{"type":"MultiLineString","coordinates":[[[-51.03765551651194,-22.169509615325431],[-51.037654723995246,-22.16950756401457],[-51.037651630252824,-22.169499001511241],[-51.037643186539519,-22.169473064605903],[-51.037640535979328,-22.16946437409106],[-51.037633269448811,-22.169438129687741],[-51.037631015959448,-22.169429342515812],[-51.037628976306614,-22.16942051014188],[-51.037618968851476,-22.169376310419011],[-51.037617241858463,-22.169367420395048],[-51.037609460639658,-22.16931370100713],[-51.03760838703424,-22.169304722140833],[-51.037604662928985,-22.1692596837233],[-51.037604567174114,-22.16925800586575]]]}},
{"type":"Feature","properties":{"Field":"002","Length":101.988379948068,"Image":"../input/80379/80379.gpkg","Farm":"80379"},"geometry":{"type":"MultiLineString","coordinates":[[[-51.037594685511614,-22.169257914298221],[-51.037596139601263,-22.169275357851745],[-51.037597921733443,-22.169293349434277],[-51.037602151177239,-22.169329271569339],[-51.037603291306596,-22.169338243012721],[-51.037606042586027,-22.16935612846612],[-51.037609043042728,-22.169373979206586],[-51.037610781124187,-22.169382866999161],[-51.037620168100368,-22.169427184631498],[-51.037622268710052,-22.169436002109645],[-51.037624789071053,-22.169444725028555],[-51.037641020404955,-22.169496780362877],[-51.03764386535871,-22.169505416518554],[-51.037645513501801,-22.169509996526948]]]}},
{"type":"Feature","properties":{"Field":"002","Length":101.988379948068,"Image":"../input/80379/80379.gpkg","Farm":"80379"},"geometry":{"type":"MultiLineString","coordinates":[[[-51.03763024419618,-22.169510578420034],[-51.037629882807984,-22.169509613976064],[-51.037616219443258,-22.1694662728761],[-51.037613556786795,-22.169457585594238],[-51.037602656424326,-22.169413570832024],[-51.037595081346694,-22.16937812930815],[-51.037585601664297,-22.169315509416659],[-51.037583582761634,-22.169297539337119],[-51.037580782265117,-22.169257785465049]]]}},
{"type":"Feature","properties":{"Field":"002","Length":101.988379948068,"Image":"../input/80379/80379.gpkg","Farm":"80379"},"geometry":{"type":"MultiLineString","coordinates":[[[-51.037619780560505,-22.169510977175381],[-51.037617655914524,-22.169504835805895],[-51.037611917438568,-22.169487576701066],[-51.037604109094922,-22.169461467783453],[-51.037601682529008,-22.169452721962998],[-51.037599591165304,-22.169443901344039],[-51.037586426379349,-22.169381860871155],[-51.037584724479004,-22.169372968149002],[-51.037578855725521,-22.169337246485874],[-51.037577599340295,-22.169328290291521],[-51.037574663977665,-22.169301325425661],[-51.037573838138421,-22.169292324935064],[-51.037571532091661,-22.169257699749156]]]}},
{"type":"Feature","properties":{"Field":"002","Length":101.988379948068,"Image":"../input/80379/80379.gpkg","Farm":"80379"},"geometry":{"type":"MultiLineString","coordinates":[[[-51.03760613123962,-22.169511497332987],[-51.037600067031832,-22.1694936364587],[-51.037589729578876,-22.169458805816667],[-51.037577027367945,-22.169405907463666],[-51.03756650719901,-22.16935259479266],[-51.037562769279802,-22.169325717378563],[-51.037560107958114,-22.169298728374891],[-51.037557253785423,-22.169257567440525]]]}},
{"type":"Feature","properties":{"Field":"002","Length":101.988379948068,"Image":"../input/80379/80379.gpkg","Farm":"80379"},"geometry":{"type":"MultiLineString","coordinates":[[[-51.037597171817715,-22.169511838764731],[-51.037591743278384,-22.169496819836755],[-51.037586132548419,-22.169479524232916],[-51.037581007456659,-22.169462099034558],[-51.037574090514596,-22.169435773098776],[-51.037571995636419,-22.169426952327026],[-51.037562151167954,-22.169382720940749],[-51.037560349202209,-22.169373844322589],[-51.037559055447339,-22.169364894312537],[-51.0375570740973,-22.169346922540136],[-51.037550587272577,-22.169302157793421],[-51.037549793582095,-22.169293156010038],[-51.037547961407888,-22.169257481333553]]]}},
{"type":"Feature","properties":{"Field":"002","Length":101.988379948068,"Image":"../input/80379/80379.gpkg","Farm":"80379"},"geometry":{"type":"MultiLineString","coordinates":[[[-51.037582285953505,-22.169512406045371],[-51.037571166229334,-22.169476665106387],[-51.037559516931097,-22.169432816208328],[-51.037552054797381,-22.169397354127202],[-51.037545691024668,-22.169361706282473],[-51.037539938419947,-22.169325968273455],[-51.037536918099505,-22.169299012152631],[-51.037534458931859,-22.169262947784674],[-51.037534374741107,-22.169257355433938]]]}},
{"type":"Feature","properties":{"Field":"002","Length":101.988379948068,"Image":"../input/80379/80379.gpkg","Farm":"80379"},"geometry":{"type":"MultiLineString","coordinates":[[[-51.03757233961511,-22.169512785087203],[-51.037564661373317,-22.16948854426845],[-51.03756210456347,-22.169479829679737],[-51.037554944861618,-22.169453560081347],[-51.037548595708166,-22.169427111052421],[-51.037544710444244,-22.169409409108948],[-51.037541321176931,-22.169391618795693],[-51.037538648149493,-22.169373723679623],[-51.037535572544442,-22.169355885105034],[-51.037528385517099,-22.169302094975187],[-51.03752732250009,-22.169293115350413],[-51.037526619198303,-22.169284106290419],[-51.037526248433586,-22.169275079071451],[-51.037525727123985,-22.169257275301579]]]}},
{"type":"Feature","properties":{"Field":"002","Length":101.988379948068,"Image":"../input/80379/80379.gpkg","Farm":"80379"},"geometry":{"type":"MultiLineString","coordinates":[[[-51.037557221550308,-22.169513361216701],[-51.03755708724686,-22.169513000147042],[-51.03755437905383,-22.169504327794623],[-51.037549253750917,-22.169486901117235],[-51.037537746284606,-22.169443020131684],[-51.037530107621841,-22.169407591475412],[-51.037525328785101,-22.169380857229029],[-51.037522404899178,-22.169362995941864],[-51.03751451593493,-22.169309290433276],[-51.037513810314188,-22.169300284112381],[-51.037511293044055,-22.169257141549487]]]}},
{"type":"Feature","properties":{"Field":"002","Length":101.988379948068,"Image":"../input/80379/80379.gpkg","Farm":"80379"},"geometry":{"type":"MultiLineString","coordinates":[[[-51.037547405825215,-22.169513735281029],[-51.037543622244492,-22.169500289925729],[-51.037535827888213,-22.169474178782405],[-51.037526835223758,-22.169439026036308],[-51.037524874006877,-22.169430179069767],[-51.037511318359563,-22.169359015987649],[-51.037510023953168,-22.169350063983185],[-51.037507888953222,-22.169332105287065],[-51.037506391932006,-22.169323181301543],[-51.037504730808777,-22.169305187523754],[-51.03750359628043,-22.169296215796546],[-51.037502849757935,-22.169287210712689],[-51.037501501736848,-22.169257050819226]]]}},
{"type":"Feature","properties":{"Field":"002","Length":101.988379948068,"Image":"../input/80379/80379.gpkg","Farm":"80379"},"geometry":{"type":"MultiLineString","coordinates":[[[-51.037533374927946,-22.169514269980009],[-51.037530736597681,-22.169506487078781],[-51.037522989782083,-22.169480362687874],[-51.03750809979384,-22.169418662569921],[-51.037494121671806,-22.169338403923508],[-51.037487773508602,-22.169275442292879],[-51.037487131964248,-22.169256917663034]]]}},
{"type":"Feature","properties":{"Field":"002","Length":101.988379948068,"Image":"../input/80379/80379.gpkg","Farm":"80379"},"geometry":{"type":"MultiLineString","coordinates":[[[-51.037524299322534,-22.169514615839354],[-51.037522743179061,-22.169510180985093],[-51.03751479770213,-22.169484108575972],[-51.037512223985146,-22.169475398074617],[-51.037503100564557,-22.169440275088682],[-51.037488125883812,-22.169360172572585],[-51.037486594161614,-22.169351251666974],[-51.037482517452744,-22.169315316476052],[-51.037481071491833,-22.169306383835778],[-51.037477634512399,-22.169270391057282],[-51.037477350734029,-22.169261362438629],[-51.03747745540732,-22.169256827996097]]]}},
{"type":"Feature","properties":{"Field":"002","Length":101.988379948068,"Image":"../input/80379/80379.gpkg","Farm":"80379"},"geometry":{"type":"MultiLineString","coordinates":[[[-51.037510549679723,-22.169515139820096],[-51.037504840608122,-22.169499364756152],[-51.037502171878437,-22.169490679066627],[-51.037492538109646,-22.169455673319614],[-51.03749055428802,-22.169446829920201],[-51.03747656337211,-22.169375739412359],[-51.037472174769704,-22.169348946781739],[-51.037471156445278,-22.169339962330323],[-51.037465596544351,-22.169276934066012],[-51.037464871782348,-22.169267924942908],[-51.037464498461219,-22.169258897257816],[-51.037464451712253,-22.169256707498537]]]}},
{"type":"Feature","properties":{"Field":"002","Length":101.988379948068,"Image":"../input/80379/80379.gpkg","Farm":"80379"},"geometry":{"type":"MultiLineString","coordinates":[[[-51.037455104265483,-22.169256620881267],[-51.037455245772513,-22.169259119400049],[-51.037460887857961,-22.169331202993263],[-51.037461986623285,-22.169340177993536],[-51.037469877041872,-22.169393883575562],[-51.037471559904944,-22.169402779852646],[-51.037480972818351,-22.169447092598816],[-51.037483234663696,-22.16945587671368],[-51.03749309794744,-22.169490826817395],[-51.037495836659552,-22.169499492956685],[-51.03750119209446,-22.169515496425323]]]}},
{"type":"Feature","properties":{"Field":"002","Length":101.988379948068,"Image":"../input/80379/80379.gpkg","Farm":"80379"},"geometry":{"type":"MultiLineString","coordinates":[[[-51.037486409841236,-22.169516059757484],[-51.037478628485573,-22.169493124459049],[-51.037469069131262,-22.169458102010125],[-51.037458260934351,-22.169404839891286],[-51.037450511759438,-22.169360248569621],[-51.037443715058487,-22.16929732665206],[-51.0374409008258,-22.169261284549755],[-51.037440834893943,-22.169256488655432]]]}},
{"type":"Feature","properties":{"Field":"002","Length":101.988379948068,"Image":"../input/80379/80379.gpkg","Farm":"80379"},"geometry":{"type":"MultiLineString","coordinates":[[[-51.037431064896104,-22.169256398122634],[-51.03743126470237,-22.169264905167367],[-51.037431642561799,-22.169273932630777],[-51.037432703635965,-22.169291974118828],[-51.037433535632424,-22.169300975000073],[-51.037441031104073,-22.169363828434584],[-51.037446927803828,-22.1693995458931],[-51.037452244821445,-22.169426192402138],[-51.037462785217301,-22.169470283878056],[-51.037476394721658,-22.169516441420473]]]}},
{"type":"Feature","properties":{"Field":"002","Length":101.988379948068,"Image":"../input/80379/80379.gpkg","Farm":"80379"},"geometry":{"type":"MultiLineString","coordinates":[[[-51.037417629567116,-22.169256273625376],[-51.037424723551979,-22.169335587667202],[-51.037429248490966,-22.169371477940469],[-51.037436528982276,-22.169416137591263],[-51.037448728725458,-22.169469139234042],[-51.03746252911521,-22.169516969820439]]]}},
{"type":"Feature","properties":{"Field":"002","Length":101.988379948068,"Image":"../input/80379/80379.gpkg","Farm":"80379"},"geometry":{"type":"MultiLineString","coordinates":[[[-51.03740847892437,-22.169256188831774],[-51.037409999154306,-22.169281634461008],[-51.037411387541518,-22.169299656080817],[-51.037415588091392,-22.169344657088931],[-51.037419279142213,-22.169371540889482],[-51.037420642848488,-22.169380484751269],[-51.037427394288727,-22.169416070447088],[-51.037429271202448,-22.16942493200305],[-51.037433883709639,-22.169442481410371],[-51.037442116331398,-22.169477793608358],[-51.037444604981758,-22.169486525274927],[-51.037453848546932,-22.16951730062544]]]}},
{"type":"Feature","properties":{"Field":"002","Length":101.988379948068,"Image":"../input/80379/80379.gpkg","Farm":"80379"},"geometry":{"type":"MultiLineString","coordinates":[[[-51.037437461397097,-22.169517925118093],[-51.037429763002777,-22.169490423169545],[-51.037411917659838,-22.169410831719432],[-51.037403170245767,-22.169357242406711],[-51.037397658144663,-22.169303280985858],[-51.037395385015294,-22.169256067498253]]]}},
{"type":"Feature","properties":{"Field":"002","Length":101.988379948068,"Image":"../input/80379/80379.gpkg","Farm":"80379"},"geometry":{"type":"MultiLineString","coordinates":[[[-51.037385307469549,-22.169255974115593],[-51.037385617904263,-22.169266593798646],[-51.037387645419415,-22.169302681260497],[-51.037390250527743,-22.169329675249067],[-51.037392420363282,-22.169347629862621],[-51.037397569552063,-22.169383447231173],[-51.037407539798281,-22.169436851683223],[-51.037409383365912,-22.169445721374352],[-51.037411526549214,-22.169454532454669],[-51.037427534786396,-22.169515990231204],[-51.03742815571114,-22.169518279745503]]]}},
{"type":"Feature","properties":{"Field":"002","Length":101.988379948068,"Image":"../input/80379/80379.gpkg","Farm":"80379"},"geometry":{"type":"MultiLineString","coordinates":[[[-51.037413787196115,-22.16951882731065],[-51.037397549158968,-22.169456415928838],[-51.037392149766021,-22.169429886100747]]]}},
{"type":"Feature","properties":{"Field":"002","Length":101.988379948068,"Image":"../input/80379/80379.gpkg","Farm":"80379"},"geometry":{"type":"MultiLineString","coordinates":[[[-51.037404715524488,-22.169519173020085],[-51.037402937434685,-22.169513386499602],[-51.037400418485362,-22.169504662181943],[-51.037399422627999,-22.169500826311889]]]}},
{"type":"Feature","properties":{"Field":"002","Length":101.988379948068,"Image":"../input/80379/80379.gpkg","Farm":"80379"},"geometry":{"type":"MultiLineString","coordinates":[[[-51.036674426207071,-22.165304805100646],[-51.036679772672947,-22.165305177723564],[-51.036786275383207,-22.165311089714727],[-51.036863820203102,-22.165313631017874],[-51.036931633265077,-22.165316721825697],[-51.03694132724101,-22.165316980936041],[-51.037028616594334,-22.165317741175837],[-51.037086769180156,-22.165319760330974],[-51.037125559128633,-22.165320446848476],[-51.037144945094873,-22.165320952544977],[-51.037149910961034,-22.165320886618066]]]}},
{"type":"Feature","properties":{"Field":"002","Length":101.988379948068,"Image":"../input/80379/80379.gpkg","Farm":"80379"},"geometry":{"type":"MultiLineString","coordinates":[[[-51.037149875808161,-22.165310903202631],[-51.037118271027317,-22.165310836942087],[-51.037040712159573,-22.165308676573396],[-51.036943728145559,-22.165307496140123],[-51.036866249576001,-22.165303571825408],[-51.036788690176294,-22.165301425654725],[-51.036720895222054,-22.16529800439087],[-51.036673894847112,-22.165294732877459]]]}},
{"type":"Feature","properties":{"Field":"002","Length":101.988379948068,"Image":"../input/80379/80379.gpkg","Farm":"80379"},"geometry":{"type":"MultiLineString","coordinates":[[[-51.037149820407166,-22.165295169318931],[-51.037024137386659,-22.165293913664076],[-51.036907783151726,-22.165291194959778],[-51.036781805683837,-22.1652862331619],[-51.036704390412957,-22.165281335109551],[-51.036673057979229,-22.165278869581723]]]}},
{"type":"Feature","properties":{"Field":"002","Length":101.988379948068,"Image":"../input/80379/80379.gpkg","Farm":"80379"},"geometry":{"type":"MultiLineString","coordinates":[[[-51.037149787380734,-22.165285789813126],[-51.036990801700327,-22.165283988393352],[-51.03693262453001,-22.16528263239076],[-51.03677757608007,-22.165276509033198],[-51.036729146995242,-22.165274133943495],[-51.036672573349563,-22.165269683157248]]]}},
{"type":"Feature","properties":{"Field":"002","Length":101.988379948068,"Image":"../input/80379/80379.gpkg","Farm":"80379"},"geometry":{"type":"MultiLineString","coordinates":[[[-51.037149748928627,-22.165274869414194],[-51.037121621572595,-22.165274762449997],[-51.03706344451065,-22.165273495405309],[-51.037044060577024,-22.165273843651391],[-51.036937414611756,-22.165270937533897],[-51.036753294603166,-22.165263665395127],[-51.036733930634519,-22.165262610989192],[-51.036671963281059,-22.16525811896976]]]}},
{"type":"Feature","properties":{"Field":"002","Length":101.988379948068,"Image":"../input/80379/80379.gpkg","Farm":"80379"},"geometry":{"type":"MultiLineString","coordinates":[[[-51.037149714003945,-22.165264950805199],[-51.037011373420285,-22.165263597396887],[-51.036943504307949,-22.165261862007132],[-51.036769105077795,-22.16525433520701],[-51.036720684967307,-22.165251805939413],[-51.036682044398674,-22.16524856488607],[-51.036671423771722,-22.165247892270667]]]}},
{"type":"Feature","properties":{"Field":"002","Length":101.988379948068,"Image":"../input/80379/80379.gpkg","Farm":"80379"},"geometry":{"type":"MultiLineString","coordinates":[[[-51.037149664239557,-22.165250817718661],[-51.036986320157276,-22.165249470495677],[-51.036966928026203,-22.165249059350653],[-51.036908783361866,-22.165246797529804],[-51.036821638155281,-22.165242072443476],[-51.036753793332359,-22.165239668815051],[-51.036686062902497,-22.165235288919877],[-51.036670721046121,-22.165234571716496]]]}},
{"type":"Feature","properties":{"Field":"002","Length":101.988379948068,"Image":"../input/80379/80379.gpkg","Farm":"80379"},"geometry":{"type":"MultiLineString","coordinates":[[[-51.03667020006916,-22.165224696308659],[-51.036733496244999,-22.16522839146851],[-51.036917534090513,-22.165237287724068],[-51.036965994313576,-22.165239022291342],[-51.037053266327085,-22.165240801348716],[-51.037149631272626,-22.165241455111438]]]}},
{"type":"Feature","properties":{"Field":"002","Length":101.988379948068,"Image":"../input/80379/80379.gpkg","Farm":"80379"},"geometry":{"type":"MultiLineString","coordinates":[[[-51.037149574116278,-22.165225222706944],[-51.036935106823378,-22.165222903824059],[-51.036818755511348,-22.165220105172683],[-51.036731558500179,-22.165216290501021],[-51.036669551443268,-22.165212401244634]]]}},
{"type":"Feature","properties":{"Field":"002","Length":101.988379948068,"Image":"../input/80379/80379.gpkg","Farm":"80379"},"geometry":{"type":"MultiLineString","coordinates":[[[-51.036668945836624,-22.165200921634167],[-51.036736560338824,-22.165204726156809],[-51.036872273354547,-22.165208956537075],[-51.037056518721641,-22.165212536523683],[-51.037149533542042,-22.165213699624534]]]}},
{"type":"Feature","properties":{"Field":"002","Length":101.988379948068,"Image":"../input/80379/80379.gpkg","Farm":"80379"},"geometry":{"type":"MultiLineString","coordinates":[[[-51.037149497903471,-22.165203578270745],[-51.037043003947069,-22.165202846877776],[-51.036781221223691,-22.165196218637899],[-51.036771530402966,-22.165195864292571],[-51.03666839179693,-22.165190419503968]]]}},
{"type":"Feature","properties":{"Field":"002","Length":101.988379948068,"Image":"../input/80379/80379.gpkg","Farm":"80379"},"geometry":{"type":"MultiLineString","coordinates":[[[-51.037149455566144,-22.165191554470656],[-51.0371071783348,-22.165191552157253],[-51.037000499305684,-22.165190034182896],[-51.0369423501798,-22.165187875815043],[-51.036835680480927,-22.165185866449729],[-51.036777520155766,-22.165183988090408],[-51.03676783696136,-22.165183469081569],[-51.036667719364978,-22.165177673182747]]]}},
{"type":"Feature","properties":{"Field":"002","Length":101.988379948068,"Image":"../input/80379/80379.gpkg","Farm":"80379"},"geometry":{"type":"MultiLineString","coordinates":[[[-51.037149424030446,-22.165182598332461],[-51.037142727104495,-22.165182604527335],[-51.037036045411654,-22.165181254977934],[-51.036803345401069,-22.16517551410568],[-51.036754978123632,-22.165172232189292],[-51.036677458911591,-22.165169068469822],[-51.036667237391121,-22.16516853710058]]]}},
{"type":"Feature","properties":{"Field":"002","Length":101.988379948068,"Image":"../input/80379/80379.gpkg","Farm":"80379"},"geometry":{"type":"MultiLineString","coordinates":[[[-51.037149376625258,-22.165169135258665],[-51.037148706339636,-22.165169135526007],[-51.037129309002239,-22.16516898901213],[-51.037022631456679,-22.165167377270055],[-51.036906295401174,-22.165164054137275],[-51.036780234599419,-22.165161526601189],[-51.036702707371944,-22.165158536848729],[-51.036673697408816,-22.165156439572158],[-51.036666580910264,-22.165156093141157]]]}},
{"type":"Feature","properties":{"Field":"002","Length":101.988379948068,"Image":"../input/80379/80379.gpkg","Farm":"80379"},"geometry":{"type":"MultiLineString","coordinates":[[[-51.037149343539568,-22.165159738922128],[-51.037136565028298,-22.165159687903039],[-51.036952308550596,-22.165156667512242],[-51.036806883920704,-22.165152679889484],[-51.036666086243109,-22.165146716450433]]]}},
{"type":"Feature","properties":{"Field":"002","Length":101.988379948068,"Image":"../input/80379/80379.gpkg","Farm":"80379"},"geometry":{"type":"MultiLineString","coordinates":[[[-51.036665387367819,-22.165133468881031],[-51.036711622832392,-22.165136153331019],[-51.036769788757702,-22.165137841993907],[-51.03680851444151,-22.16514000669407],[-51.036866699771458,-22.165140947097306],[-51.036934532649326,-22.165143635831079],[-51.037070251596859,-22.165147687380767],[-51.037149301339007,-22.16514775396227]]]}},
{"type":"Feature","properties":{"Field":"002","Length":101.988379948068,"Image":"../input/80379/80379.gpkg","Farm":"80379"},"geometry":{"type":"MultiLineString","coordinates":[[[-51.037149268564015,-22.165138445865647],[-51.037115390506791,-22.165138274540826],[-51.036931142550628,-22.165134831293507],[-51.036766348036629,-22.165129719157413],[-51.036664933710945,-22.165124869563027]]]}},
{"type":"Feature","properties":{"Field":"002","Length":101.988379948068,"Image":"../input/80379/80379.gpkg","Farm":"80379"},"geometry":{"type":"MultiLineString","coordinates":[[[-51.036664254004812,-22.165111985355605],[-51.036709405982059,-22.165114032779112],[-51.036786844685331,-22.165118591283782],[-51.0367965312834,-22.165119001481447],[-51.03680622646948,-22.1651192395104],[-51.036893446427598,-22.165122566972251],[-51.036903136438731,-22.165122600647155],[-51.036912826160744,-22.165122206611716],[-51.036922520510181,-22.165122118590592],[-51.03694191250667,-22.165122578738483],[-51.036961307822303,-22.165122682305732],[-51.037077645685613,-22.165125949316586],[-51.037135837851288,-22.165126439361938],[-51.037149227519713,-22.165126789284471]]]}},
{"type":"Feature","properties":{"Field":"002","Length":101.988379948068,"Image":"../input/80379/80379.gpkg","Farm":"80379"},"geometry":{"type":"MultiLineString","coordinates":[[[-51.037149193521742,-22.165117133860498],[-51.037138910644039,-22.165117124438222],[-51.036877081697384,-22.16511234289646],[-51.036770468552753,-22.165108533757508],[-51.036702746307668,-22.165104030216714],[-51.03666374578377,-22.165102351743464]]]}},
{"type":"Feature","properties":{"Field":"002","Length":101.988379948068,"Image":"../input/80379/80379.gpkg","Farm":"80379"},"geometry":{"type":"MultiLineString","coordinates":[[[-51.037149145698756,-22.165103552132337],[-51.037126216927042,-22.165103464784949],[-51.037009849308625,-22.16510130742142],[-51.03698075309002,-22.165101091858741],[-51.036796530440633,-22.165096623721332],[-51.036786836205877,-22.165096335069428],[-51.036748081194858,-22.165094659510022],[-51.036738412219805,-22.165093961205677],[-51.036728778710696,-22.165092920906979],[-51.036719103946794,-22.165092348792399],[-51.036663089075553,-22.165089903474321]]]}},
{"type":"Feature","properties":{"Field":"002","Length":101.988379948068,"Image":"../input/80379/80379.gpkg","Farm":"80379"},"geometry":{"type":"MultiLineString","coordinates":[[[-51.036662606442874,-22.16508075490383],[-51.036755534275166,-22.165085909907823],[-51.036765223154156,-22.165086307948606],[-51.036891248288633,-22.165090074510655],[-51.037056091469353,-22.165093604653716],[-51.037149112697513,-22.165094179778983]]]}},
{"type":"Feature","properties":{"Field":"002","Length":101.988379948068,"Image":"../input/80379/80379.gpkg","Farm":"80379"},"geometry":{"type":"MultiLineString","coordinates":[[[-51.036662002638842,-22.165069309462922],[-51.036667892727884,-22.165069569620758],[-51.03669689395015,-22.165071771221264],[-51.036706572832749,-22.165072354110933],[-51.036716270429146,-22.16507239783197],[-51.036725963121484,-22.165072714636256],[-51.036803464065223,-22.165076249217574],[-51.036861621227196,-22.165078208285959],[-51.036977997214372,-22.165079886936443],[-51.037113723932947,-22.165083723404301],[-51.037123422574545,-22.165083689381373],[-51.037149073091413,-22.165082931646772]]]}},
{"type":"Feature","properties":{"Field":"002","Length":101.988379948068,"Image":"../input/80379/80379.gpkg","Farm":"80379"},"geometry":{"type":"MultiLineString","coordinates":[[[-51.037149040841207,-22.165073772588972],[-51.037135761501936,-22.165073692567091],[-51.037067872983933,-22.165072846698912],[-51.037000015868983,-22.165070748458771],[-51.036825463718046,-22.165067543088522],[-51.03670918950349,-22.165062696675459],[-51.03666148801134,-22.165059554412778]]]}},
{"type":"Feature","properties":{"Field":"002","Length":101.988379948068,"Image":"../input/80379/80379.gpkg","Farm":"80379"},"geometry":{"type":"MultiLineString","coordinates":[[[-51.036629783837597,-22.162786069405275],[-51.036641445078452,-22.16280416390439],[-51.036668940936899,-22.162851938104811],[-51.03667347973866,-22.162859922229938],[-51.036694571450347,-22.162900597969998],[-51.036709740571332,-22.162933858630719],[-51.036731710390107,-22.162987684977203]]]}},
{"type":"Feature","properties":{"Field":"002","Length":101.988379948068,"Image":"../input/80379/80379.gpkg","Farm":"80379"},"geometry":{"type":"MultiLineString","coordinates":[[[-51.036647352813077,-22.162786132466927],[-51.036652745131732,-22.162794356423266],[-51.036657537409383,-22.162802210982957],[-51.036688933257913,-22.162858283795888],[-51.036693172452928,-22.162866409562724],[-51.036708989901371,-22.162899407252009],[-51.036713238961326,-22.162907528547638],[-51.036717168475448,-22.162915788265686],[-51.036720329226881,-22.162924329470428],[-51.03673043748595,-22.162947588496241]]]}},
{"type":"Feature","properties":{"Field":"002","Length":101.988379948068,"Image":"../input/80379/80379.gpkg","Farm":"80379"},"geometry":{"type":"MultiLineString","coordinates":[[[-51.036729662409329,-22.162923173582691],[-51.036716021667594,-22.162891960959389],[-51.036690726806249,-22.162843144800963],[-51.036676506663333,-22.162819500430231],[-51.036658954119581,-22.16278727376389],[-51.036658265291976,-22.162786171635908]]]}},
{"type":"Feature","properties":{"Field":"002","Length":101.988379948068,"Image":"../input/80379/80379.gpkg","Farm":"80379"},"geometry":{"type":"MultiLineString","coordinates":[[[-51.036674256200016,-22.162786229033284],[-51.036706219223987,-22.162841896054964],[-51.036722958674311,-22.162874496717606],[-51.036728503894892,-22.162886680377774]]]}},
{"type":"Feature","properties":{"Field":"002","Length":101.988379948068,"Image":"../input/80379/80379.gpkg","Farm":"80379"},"geometry":{"type":"MultiLineString","coordinates":[[[-51.036727817432862,-22.162865056823851],[-51.036725089637081,-22.162859467677951],[-51.036707551426183,-22.162827235976],[-51.036682507097552,-22.16278625864885]]]}},
{"type":"Feature","properties":{"Field":"002","Length":101.988379948068,"Image":"../input/80379/80379.gpkg","Farm":"80379"},"geometry":{"type":"MultiLineString","coordinates":[[[-51.036698755921812,-22.162786316971982],[-51.036703239649128,-22.162792771905153],[-51.036707856122419,-22.162800682845432],[-51.036712238520899,-22.16280873851408],[-51.03671703974495,-22.162816586364283],[-51.036721652911254,-22.162824529408365],[-51.03672682983008,-22.162833947336328]]]}},
{"type":"Feature","properties":{"Field":"002","Length":101.988379948068,"Image":"../input/80379/80379.gpkg","Farm":"80379"},"geometry":{"type":"MultiLineString","coordinates":[[[-51.036726199437723,-22.162814089976994],[-51.036709498391424,-22.162786355530738]]]}},
{"type":"Feature","properties":{"Field":"002","Length":101.988379948068,"Image":"../input/80379/80379.gpkg","Farm":"80379"},"geometry":{"type":"MultiLineString","coordinates":[[[-51.03659207539107,-22.162785934055503],[-51.036600031208408,-22.162797380322171],[-51.036605520665027,-22.162804828457723],[-51.03660986715235,-22.162812904894455],[-51.036624462872979,-22.162836351043147],[-51.03664710762208,-22.162876295298236],[-51.036663613799611,-22.162908998570579],[-51.036686727552365,-22.162958745676722],[-51.036708435168222,-22.163009039049932],[-51.036717855895731,-22.163034682098072],[-51.036726110413056,-22.163054593212866]]]}},
{"type":"Feature","properties":{"Field":"002","Length":101.988379948068,"Image":"../input/80379/80379.gpkg","Farm":"80379"},"geometry":{"type":"MultiLineString","coordinates":[[[-51.036712335268938,-22.163054435602522],[-51.036705879135539,-22.163040856759938],[-51.036696087838038,-22.163015335972087],[-51.036681595011025,-22.162981815777417],[-51.036675202645583,-22.162964758109212],[-51.03666330371756,-22.162940027776472],[-51.036656453838447,-22.1629231249293],[-51.036644083295798,-22.162898594841007],[-51.036639859148622,-22.162890462313047],[-51.036635348755105,-22.162882464625998],[-51.036608161401659,-22.162834537478073],[-51.036603489887518,-22.162826620148277],[-51.036575965443404,-22.162785876230853]]]}},
{"type":"Feature","properties":{"Field":"002","Length":101.988379948068,"Image":"../input/80379/80379.gpkg","Farm":"80379"},"geometry":{"type":"MultiLineString","coordinates":[[[-51.036565847343596,-22.162785839913195],[-51.036576436585179,-22.162801135565044],[-51.036581401544922,-22.162808893373686],[-51.036610064919948,-22.162856068418673],[-51.036614778061264,-22.16286396427974],[-51.036619298033521,-22.162871956825111],[-51.036632492687495,-22.162896112398673],[-51.036648708541513,-22.162928940708664],[-51.036652622545965,-22.162937206392552],[-51.036681186260836,-22.163004404218622],[-51.036692405971969,-22.163029410815657],[-51.036702678255239,-22.163054325110373]]]}},
{"type":"Feature","properties":{"Field":"002","Length":101.988379948068,"Image":"../input/80379/80379.gpkg","Farm":"80379"},"geometry":{"type":"MultiLineString","coordinates":[[[-51.036685136181966,-22.163054124400155],[-51.036644587905364,-22.162954888533385],[-51.036640761396605,-22.162946587397933],[-51.036612170970699,-22.162889227548529],[-51.036607728820933,-22.162881196827005],[-51.036589051218293,-22.162849522923839],[-51.0365647611725,-22.162810425883929],[-51.036547655140652,-22.162785774614548]]]}},
{"type":"Feature","properties":{"Field":"002","Length":101.988379948068,"Image":"../input/80379/80379.gpkg","Farm":"80379"},"geometry":{"type":"MultiLineString","coordinates":[[[-51.036536103347558,-22.162785733150827],[-51.036547558278038,-22.162802202192609],[-51.036561968760843,-22.162825747861788],[-51.036577415271388,-22.162848716617056],[-51.036609816646155,-22.162904290686967],[-51.036636932658737,-22.162962268182653],[-51.036674624645009,-22.163054004130853]]]}},
{"type":"Feature","properties":{"Field":"002","Length":101.988379948068,"Image":"../input/80379/80379.gpkg","Farm":"80379"},"geometry":{"type":"MultiLineString","coordinates":[[[-51.036674511018816,-22.171159639366689],[-51.036651860586666,-22.171138876031883],[-51.036631829346689,-22.17111921718304],[-51.036526962952507,-22.171006937651278]]]}},
{"type":"Feature","properties":{"Field":"002","Length":101.988379948068,"Image":"../input/80379/80379.gpkg","Farm":"80379"},"geometry":{"type":"MultiLineString","coordinates":[[[-51.036516601200084,-22.171010931534287],[-51.036566912851647,-22.171064355305379],[-51.036592171111643,-22.171091785420082],[-51.036598658832034,-22.171098501295539],[-51.036618459102861,-22.171118362308597],[-51.036631912345484,-22.171131379185006],[-51.036669120131371,-22.17116588086547]]]}},
{"type":"Feature","properties":{"Field":"002","Length":101.988379948068,"Image":"../input/80379/80379.gpkg","Farm":"80379"},"geometry":{"type":"MultiLineString","coordinates":[[[-51.036659949445799,-22.163053836222392],[-51.0366428419633,-22.163013924839554],[-51.036633148005663,-22.162988371417732],[-51.036618336134723,-22.162954973836193],[-51.036589744728275,-22.162897615657904],[-51.036585230335973,-22.162889621986228],[-51.036566821515223,-22.162857811698547],[-51.036532587743253,-22.162803199924081],[-51.036527180770662,-22.162795703908252],[-51.036519742863952,-22.162785674426907]]]}},
{"type":"Feature","properties":{"Field":"002","Length":101.988379948068,"Image":"../input/80379/80379.gpkg","Farm":"80379"},"geometry":{"type":"MultiLineString","coordinates":[[[-51.036659154001399,-22.171177419520053],[-51.036609751644946,-22.171130329754146],[-51.036603100007447,-22.171123754756191],[-51.036538447079863,-22.171056407609875],[-51.03650144625054,-22.171016772929931]]]}},
{"type":"Feature","properties":{"Field":"002","Length":101.988379948068,"Image":"../input/80379/80379.gpkg","Farm":"80379"},"geometry":{"type":"MultiLineString","coordinates":[[[-51.036653863901563,-22.171183544328262],[-51.036581785308272,-22.171114649192361],[-51.036562371095414,-22.171094461484369],[-51.036543151635684,-22.171074111456321],[-51.036493856263171,-22.171019698450671]]]}},
{"type":"Feature","properties":{"Field":"002","Length":101.988379948068,"Image":"../input/80379/80379.gpkg","Farm":"80379"},"geometry":{"type":"MultiLineString","coordinates":[[[-51.036650512130748,-22.163053728243963],[-51.036647775750666,-22.163047368963706],[-51.036619952364575,-22.162979900497163],[-51.036596955976911,-22.162930107325597],[-51.036593087272962,-22.162921822747357],[-51.036580423121208,-22.162897422930389],[-51.036562143164453,-22.162865549557466],[-51.036527335870694,-22.162811254120694],[-51.03650903990323,-22.162785636009964]]]}},
{"type":"Feature","properties":{"Field":"002","Length":101.988379948068,"Image":"../input/80379/80379.gpkg","Farm":"80379"},"geometry":{"type":"MultiLineString","coordinates":[[[-51.036644782711193,-22.171194058411373],[-51.036635171204061,-22.171185471941932],[-51.036607741490023,-22.1711599141783],[-51.03657462411114,-22.171126913785148],[-51.036503610520278,-22.171052744262568],[-51.03647904986218,-22.17102540550011]]]}},
{"type":"Feature","properties":{"Field":"002","Length":101.988379948068,"Image":"../input/80379/80379.gpkg","Farm":"80379"},"geometry":{"type":"MultiLineString","coordinates":[[[-51.036470941046588,-22.171028531000459],[-51.036477673673964,-22.171035768087773],[-51.036489457137982,-22.171050121591652],[-51.036566794217798,-22.171131143514057],[-51.03660670108227,-22.171170598890349],[-51.036639313093652,-22.171200391062825]]]}},
{"type":"Feature","properties":{"Field":"002","Length":101.988379948068,"Image":"../input/80379/80379.gpkg","Farm":"80379"},"geometry":{"type":"MultiLineString","coordinates":[[[-51.036635084596405,-22.16305355172755],[-51.036631761663564,-22.16304612527971],[-51.036611094717472,-22.162995452410904],[-51.036607544151423,-22.162987046158822],[-51.03660006605066,-22.162970374001983],[-51.036596256061472,-22.162962066314112],[-51.036580511799265,-22.162929038268214],[-51.036576455471696,-22.162920833330229],[-51.036567915626783,-22.162904609737208],[-51.036563501324295,-22.162896567447341],[-51.036535477856823,-22.162849059979873],[-51.036530598915355,-22.162841256813099],[-51.03649902656354,-22.162795722936657],[-51.036491567949732,-22.16278557329656]]]}},
{"type":"Feature","properties":{"Field":"002","Length":101.988379948068,"Image":"../input/80379/80379.gpkg","Farm":"80379"},"geometry":{"type":"MultiLineString","coordinates":[[[-51.036630203307944,-22.171210938253253],[-51.036620592812277,-22.171202221523149],[-51.036600057403071,-22.17118301898094],[-51.036560318449581,-22.171143417095308],[-51.036457193205884,-22.171033830033398]]]}},
{"type":"Feature","properties":{"Field":"002","Length":101.988379948068,"Image":"../input/80379/80379.gpkg","Farm":"80379"},"geometry":{"type":"MultiLineString","coordinates":[[[-51.036625751479939,-22.163053444941319],[-51.036608599868117,-22.163012367641414],[-51.036605006823436,-22.163003976048703],[-51.036578983973143,-22.162945565150618],[-51.036575088748044,-22.16293729141951],[-51.036558368725828,-22.162904682147857],[-51.036553955090582,-22.162896637494914],[-51.036525243210733,-22.162849488070272],[-51.036520246708001,-22.16284174482621],[-51.036480463887884,-22.162785533439916]]]}},
{"type":"Feature","properties":{"Field":"002","Length":101.988379948068,"Image":"../input/80379/80379.gpkg","Farm":"80379"},"geometry":{"type":"MultiLineString","coordinates":[[[-51.036448887646422,-22.171037031367639],[-51.036533300886518,-22.171127642064924],[-51.036552957907645,-22.171147625470311],[-51.036566223987634,-22.171160808341973],[-51.036593026167118,-22.17118693731847],[-51.036606630353404,-22.171199816778799],[-51.036625158870628,-22.171216778636619]]]}},
{"type":"Feature","properties":{"Field":"002","Length":101.988379948068,"Image":"../input/80379/80379.gpkg","Farm":"80379"},"geometry":{"type":"MultiLineString","coordinates":[[[-51.036615987174748,-22.17122739750582],[-51.036599422405054,-22.171212253565685],[-51.036572572980162,-22.171186167056593],[-51.036475244039799,-22.171085437865614],[-51.036434960917134,-22.171042399352242]]]}},
{"type":"Feature","properties":{"Field":"002","Length":101.988379948068,"Image":"../input/80379/80379.gpkg","Farm":"80379"},"geometry":{"type":"MultiLineString","coordinates":[[[-51.036610788730137,-22.171233416196813],[-51.036578126976529,-22.171202968367805],[-51.03656478006252,-22.17118985643571],[-51.036539216337772,-22.171162673329821],[-51.03651197416027,-22.171136945354736],[-51.036505397756848,-22.1711303057428],[-51.036499117291434,-22.171123422061186],[-51.03649300602055,-22.17111640665102],[-51.03647503483667,-22.171095090559419],[-51.036468648428659,-22.171088292845493],[-51.036455274766318,-22.171075205480861],[-51.036426852111575,-22.171045524848726]]]}},
{"type":"Feature","properties":{"Field":"002","Length":101.988379948068,"Image":"../input/80379/80379.gpkg","Farm":"80379"},"geometry":{"type":"MultiLineString","coordinates":[[[-51.036608782562958,-22.163053250788952],[-51.036605310610177,-22.163045171141235],[-51.036599147667069,-22.163028039548021],[-51.036588682105716,-22.163002750434938],[-51.036566546018257,-22.162952620735943],[-51.036541120340054,-22.162903864678196],[-51.036507054528272,-22.162849161929298],[-51.03647033537969,-22.162795969020056],[-51.03646251163147,-22.162785469002525]]]}},
{"type":"Feature","properties":{"Field":"002","Length":101.988379948068,"Image":"../input/80379/80379.gpkg","Farm":"80379"},"geometry":{"type":"MultiLineString","coordinates":[[[-51.036601645934709,-22.171244001605455],[-51.03657782778378,-22.171222408392598],[-51.03654463510393,-22.171189474884589],[-51.036519261171271,-22.171162137729866],[-51.03649873214507,-22.171142932464438],[-51.036492323054986,-22.171136153819319],[-51.036486081959382,-22.171129238167662],[-51.036462010006503,-22.171100898414142],[-51.036435039475585,-22.17107492584487],[-51.036412243823278,-22.17105115553667]]]}},
{"type":"Feature","properties":{"Field":"002","Length":101.988379948068,"Image":"../input/80379/80379.gpkg","Farm":"80379"},"geometry":{"type":"MultiLineString","coordinates":[[[-51.036451615981782,-22.162785429893948],[-51.036473056053708,-22.162814067596699],[-51.036488639842133,-22.1628369558555],[-51.036499442688886,-22.162851962668629],[-51.036509520495692,-22.162867401515832],[-51.036517897323698,-22.162883698606361],[-51.036532460718192,-22.162907162645702],[-51.036550311836983,-22.162939247494531],[-51.036562432042238,-22.16296388739228],[-51.036583979759719,-22.163014240927811],[-51.036599486357588,-22.163053144425046]]]}},
{"type":"Feature","properties":{"Field":"002","Length":101.988379948068,"Image":"../input/80379/80379.gpkg","Farm":"80379"},"geometry":{"type":"MultiLineString","coordinates":[[[-51.036404240493262,-22.171054240378155],[-51.036418050432182,-22.171068912030147],[-51.036424253388525,-22.171075857550996],[-51.036448647998419,-22.171103958022442],[-51.03646748272029,-22.171124617514682],[-51.036480299976574,-22.171138179894349],[-51.036500363359785,-22.171157809982059],[-51.036527652860435,-22.171183496517852],[-51.036567558623439,-22.171222952873858],[-51.036580965627557,-22.171236011733839],[-51.036596173096569,-22.171250337985679]]]}},
{"type":"Feature","properties":{"Field":"002","Length":101.988379948068,"Image":"../input/80379/80379.gpkg","Farm":"80379"},"geometry":{"type":"MultiLineString","coordinates":[[[-51.036389919193603,-22.171059760447836],[-51.036426585448382,-22.171099791935781],[-51.036438990610904,-22.171113683486652],[-51.036458042805613,-22.171134169448443],[-51.036470988372997,-22.171147625347757],[-51.036491251809096,-22.171167076567894],[-51.036550454936609,-22.171226830107639],[-51.036557119163248,-22.171233394488183],[-51.036587027331947,-22.171260926832019]]]}},
{"type":"Feature","properties":{"Field":"002","Length":101.988379948068,"Image":"../input/80379/80379.gpkg","Farm":"80379"},"geometry":{"type":"MultiLineString","coordinates":[[[-51.036583404821293,-22.163052960425773],[-51.036574198784493,-22.163027210885435],[-51.03655319790542,-22.162976658486073],[-51.036533052067163,-22.162935570448962],[-51.036485311682021,-22.162856932363287],[-51.036459267149453,-22.162818829077722],[-51.036434578666821,-22.162785368740629]]]}},
{"type":"Feature","properties":{"Field":"002","Length":101.988379948068,"Image":"../input/80379/80379.gpkg","Farm":"80379"},"geometry":{"type":"MultiLineString","coordinates":[[[-51.036380510170716,-22.171063387106255],[-51.036396048169365,-22.171079368406307],[-51.03640244245733,-22.171086161731246],[-51.036426908153331,-22.171114207748122],[-51.036459024569353,-22.171148054679108],[-51.036465682806252,-22.171154624343004],[-51.036486286073448,-22.171173763735165],[-51.036493000484306,-22.171180283614259],[-51.036551808467728,-22.171240374932012],[-51.036558488978514,-22.171246924954811],[-51.036580945909868,-22.171267967822747]]]}},
{"type":"Feature","properties":{"Field":"002","Length":101.988379948068,"Image":"../input/80379/80379.gpkg","Farm":"80379"},"geometry":{"type":"MultiLineString","coordinates":[[[-51.036423731707686,-22.16278532980682],[-51.036430138799552,-22.162793594553747],[-51.036435744218359,-22.162800966647719],[-51.036452026488632,-22.162823426937127],[-51.036488042120013,-22.162877036231929],[-51.036493048306731,-22.162884771884041],[-51.036511910410674,-22.162916349964977],[-51.036525433256173,-22.162940348287524],[-51.03652977094702,-22.162948425828773],[-51.036541787377061,-22.162973109827064],[-51.036545634558607,-22.162981400696566],[-51.036549174068618,-22.16298981201761],[-51.036557063329425,-22.163006274323966],[-51.036562827611391,-22.163023526889127],[-51.036565880872836,-22.163032100290547],[-51.036574002503123,-22.163052852847763]]]}},
{"type":"Feature","properties":{"Field":"002","Length":101.988379948068,"Image":"../input/80379/80379.gpkg","Farm":"80379"},"geometry":{"type":"MultiLineString","coordinates":[[[-51.036572494475507,-22.171277752782611],[-51.036549612251427,-22.17125788843034],[-51.036496670290461,-22.171205048029169],[-51.036451605623817,-22.171157745005516],[-51.0364187120148,-22.171124551036652],[-51.036405844783097,-22.171111028975517],[-51.036368780573703,-22.17106923737995],[-51.036367806211864,-22.171068283780421]]]}},
{"type":"Feature","properties":{"Field":"002","Length":101.988379948068,"Image":"../input/80379/80379.gpkg","Farm":"80379"},"geometry":{"type":"MultiLineString","coordinates":[[[-51.036357401643862,-22.171072294166471],[-51.036374942195394,-22.171090078013059],[-51.036381413285355,-22.171096807954054],[-51.036451388092836,-22.171171829125743],[-51.036457817607122,-22.171178593550909],[-51.036490427094165,-22.171212029522422],[-51.036556823656404,-22.171277889158652],[-51.036563699872787,-22.171284261063526],[-51.036565525552369,-22.171285821310416]]]}},
{"type":"Feature","properties":{"Field":"002","Length":101.988379948068,"Image":"../input/80379/80379.gpkg","Farm":"80379"},"geometry":{"type":"MultiLineString","coordinates":[[[-51.036559933170224,-22.163052691871414],[-51.036553032885223,-22.163034272737708],[-51.036531430177988,-22.162983940415064],[-51.036523629638502,-22.162967397419138],[-51.036497740871098,-22.162918851507335],[-51.036463510509577,-22.162864238524325],[-51.036442656298831,-22.162833766346822],[-51.036409995991107,-22.162788902286337],[-51.03640708752863,-22.162785270064614]]]}},
{"type":"Feature","properties":{"Field":"002","Length":101.988379948068,"Image":"../input/80379/80379.gpkg","Farm":"80379"},"geometry":{"type":"MultiLineString","coordinates":[[[-51.036558073657275,-22.171294449016834],[-51.036535084578205,-22.171274636639843],[-51.036494728831585,-22.171235580411505],[-51.036397402027042,-22.171134849365195],[-51.03635360950797,-22.17108652119131],[-51.036344475918085,-22.171077276319533]]]}},
{"type":"Feature","properties":{"Field":"002","Length":101.988379948068,"Image":"../input/80379/80379.gpkg","Farm":"80379"},"geometry":{"type":"MultiLineString","coordinates":[[[-51.036551533896095,-22.171302020666559],[-51.036539906566063,-22.17129179261455],[-51.03651277377466,-22.171265961968956],[-51.036421081087965,-22.171172668673226],[-51.03635818438336,-22.171103893800218],[-51.036335928494942,-22.171080570878857]]]}},
{"type":"Feature","properties":{"Field":"002","Length":101.988379948068,"Image":"../input/80379/80379.gpkg","Farm":"80379"},"geometry":{"type":"MultiLineString","coordinates":[[[-51.036551329291171,-22.163052593428862],[-51.036550640258746,-22.163050783073729],[-51.036528892026588,-22.163000504469522],[-51.036525105480436,-22.162992188025548],[-51.036513365181378,-22.162967389014732],[-51.036509305818591,-22.162959184830402],[-51.036500959227659,-22.162942874215926],[-51.036492005362796,-22.162926848533012],[-51.036478288686638,-22.162902945845222],[-51.036473451137013,-22.162895118834353],[-51.03644313060974,-22.162848851394298],[-51.036437859051439,-22.162841270411779],[-51.036416074966091,-22.162811367436063],[-51.036399054658339,-22.16278938689868],[-51.036396110161313,-22.16278523066272]]]}},
{"type":"Feature","properties":{"Field":"002","Length":101.988379948068,"Image":"../input/80379/80379.gpkg","Farm":"80379"},"geometry":{"type":"MultiLineString","coordinates":[[[-51.036543218359817,-22.171311648285403],[-51.036534676320088,-22.171304191609622],[-51.036480002509855,-22.171252904549828],[-51.036414812817242,-22.171186008270144],[-51.036321418950855,-22.171086163506363]]]}},
{"type":"Feature","properties":{"Field":"002","Length":101.988379948068,"Image":"../input/80379/80379.gpkg","Farm":"80379"},"geometry":{"type":"MultiLineString","coordinates":[[[-51.03631271175216,-22.171089519650334],[-51.036348564244847,-22.171127681468157],[-51.036368170992198,-22.171147707424137],[-51.036374548272377,-22.171154512670313],[-51.036405847688286,-22.171189018034156],[-51.036412247839159,-22.171195805437275],[-51.036470673291028,-22.171256219637854],[-51.036477363429881,-22.171262758619541],[-51.03653191374616,-22.171314160364744],[-51.03653709492032,-22.171318737923347]]]}},
{"type":"Feature","properties":{"Field":"002","Length":101.988379948068,"Image":"../input/80379/80379.gpkg","Farm":"80379"},"geometry":{"type":"MultiLineString","coordinates":[[[-51.036536063208437,-22.163052418759722],[-51.036534803685655,-22.163049115661842],[-51.036522955115089,-22.16302436462032],[-51.036509036193749,-22.162990635032891],[-51.036479492779172,-22.162933699119179],[-51.036450636744796,-22.16288662822836],[-51.036430017745367,-22.162856017742783],[-51.036397433661442,-22.162811105842437],[-51.036376968717363,-22.16278516195689]]]}},
{"type":"Feature","properties":{"Field":"002","Length":101.988379948068,"Image":"../input/80379/80379.gpkg","Farm":"80379"},"geometry":{"type":"MultiLineString","coordinates":[[[-51.036363993175186,-22.1627851153828],[-51.036385136204345,-22.162810049328215],[-51.036390704814828,-22.162817445941577],[-51.036423251570334,-22.162862381819739],[-51.036444027970539,-22.162892900281175],[-51.036468290557686,-22.16293201211743],[-51.036473003924328,-22.162939907957025],[-51.036497743548686,-22.162988971381917],[-51.036501758074891,-22.162997195532899],[-51.036525241126746,-22.16305229493728]]]}},
{"type":"Feature","properties":{"Field":"002","Length":101.988379948068,"Image":"../input/80379/80379.gpkg","Farm":"80379"},"geometry":{"type":"MultiLineString","coordinates":[[[-51.036455554948752,-22.161267594744672],[-51.036488599114939,-22.16126513747087],[-51.036519080590331,-22.161263266756272]]]}},
{"type":"Feature","properties":{"Field":"002","Length":101.988379948068,"Image":"../input/80379/80379.gpkg","Farm":"80379"},"geometry":{"type":"MultiLineString","coordinates":[[[-51.036382068982988,-22.161267778001445],[-51.0364291182279,-22.161260776240113],[-51.036438742951667,-22.161259662994432],[-51.036519036612262,-22.161253899427674]]]}},
{"type":"Feature","properties":{"Field":"002","Length":101.988379948068,"Image":"../input/80379/80379.gpkg","Farm":"80379"},"geometry":{"type":"MultiLineString","coordinates":[[[-51.036518968588915,-22.16123941045463],[-51.036490947148287,-22.161240508060491],[-51.036442662335887,-22.16124470664132],[-51.036375332267021,-22.161252831008031],[-51.036337098417761,-22.161258959361909],[-51.036299123337699,-22.161266353167697],[-51.03629186173012,-22.161268002957186]]]}},
{"type":"Feature","properties":{"Field":"002","Length":101.988379948068,"Image":"../input/80379/80379.gpkg","Farm":"80379"},"geometry":{"type":"MultiLineString","coordinates":[[[-51.036247721952513,-22.161268113031444],[-51.036254950071196,-22.161266470406325],[-51.036311657233377,-22.161254296254878],[-51.03632115597923,-22.161252470943005],[-51.036387983719031,-22.161241314444108],[-51.03639757387527,-22.16123996668982],[-51.036445739174262,-22.161234718256409],[-51.036484375080434,-22.161231440734653],[-51.036494048122968,-22.161230782093778],[-51.036518922262097,-22.161229542842189]]]}},
{"type":"Feature","properties":{"Field":"002","Length":101.988379948068,"Image":"../input/80379/80379.gpkg","Farm":"80379"},"geometry":{"type":"MultiLineString","coordinates":[[[-51.036199539468512,-22.161268233187265],[-51.036244471906848,-22.161256671927969],[-51.036253848993688,-22.161254364323522],[-51.036263298222586,-22.161252331575124],[-51.03633920306703,-22.16123734545917],[-51.036348754802496,-22.161235781163651],[-51.03638705519797,-22.161230024519138],[-51.036396644247482,-22.161228668857554],[-51.036406266560235,-22.161227540214938],[-51.036483377552919,-22.161219507975122],[-51.036493028930494,-22.16121861537442],[-51.036502700935266,-22.161217950258351],[-51.036518864798609,-22.161217303119763]]]}},
{"type":"Feature","properties":{"Field":"002","Length":101.988379948068,"Image":"../input/80379/80379.gpkg","Farm":"80379"},"geometry":{"type":"MultiLineString","coordinates":[[[-51.036518826535755,-22.16120915313163],[-51.036511749408504,-22.161209283261641],[-51.036502056030464,-22.161209573686165],[-51.036492379273021,-22.161210150611581],[-51.036434428033367,-22.161215092863369],[-51.036376633575507,-22.161221424954988],[-51.036367019513733,-22.161222610268553],[-51.036357469575627,-22.161224166763283],[-51.036328983676782,-22.161229687987696],[-51.036300416398667,-22.161234832153426],[-51.036243693877985,-22.16124694003798],[-51.036234254169145,-22.161249014655752],[-51.036224871207864,-22.161251293223206],[-51.036206310452251,-22.161256530111203],[-51.036159292062599,-22.161268333554862]]]}},
{"type":"Feature","properties":{"Field":"002","Length":101.988379948068,"Image":"../input/80379/80379.gpkg","Farm":"80379"},"geometry":{"type":"MultiLineString","coordinates":[[[-51.036518773645618,-22.161197887532794],[-51.036486936314709,-22.161198983259499],[-51.036477251537583,-22.161199422039637],[-51.036390387618184,-22.161207429858877],[-51.036380704699816,-22.16120763672221],[-51.036361378110406,-22.161206256315786],[-51.036351688759957,-22.161206658160914],[-51.036342022238578,-22.1612072819104],[-51.036294185410107,-22.161214687161841],[-51.036265752335488,-22.161220430283826],[-51.036200324174651,-22.16123731425666],[-51.036144025512442,-22.161251029279285],[-51.03610696249941,-22.161261704318189],[-51.036086293247315,-22.161268515596795]]]}},
{"type":"Feature","properties":{"Field":"002","Length":101.988379948068,"Image":"../input/80379/80379.gpkg","Farm":"80379"},"geometry":{"type":"MultiLineString","coordinates":[[[-51.036518734902195,-22.161189635182883],[-51.036478988273949,-22.161190941414564],[-51.036469314210628,-22.161191539110977],[-51.036430699085891,-22.161195023188142],[-51.036421026050064,-22.161195645292413],[-51.036382281174156,-22.16119731253773],[-51.036375371020462,-22.1611970623498]]]}},
{"type":"Feature","properties":{"Field":"002","Length":101.988379948068,"Image":"../input/80379/80379.gpkg","Farm":"80379"},"geometry":{"type":"MultiLineString","coordinates":[[[-51.036047571163301,-22.161268612160594],[-51.036057030502256,-22.161264711805742],[-51.036121061824012,-22.161243688291318],[-51.036167471046667,-22.161230583556641],[-51.03620496506376,-22.161221300782092],[-51.036270965278838,-22.161206473085958],[-51.036280446873654,-22.161204571118308],[-51.03638537724887,-22.161186603767515],[-51.036423848193714,-22.161181939505884],[-51.036472135324274,-22.161177765539659],[-51.036518670882266,-22.161175998938131]]]}},
{"type":"Feature","properties":{"Field":"002","Length":101.988379948068,"Image":"../input/80379/80379.gpkg","Farm":"80379"},"geometry":{"type":"MultiLineString","coordinates":[[[-51.036518625236489,-22.161166276387338],[-51.03646983534766,-22.161168144530272],[-51.036431231037888,-22.161171723967158],[-51.03633620991021,-22.161184586821619],[-51.036325703536292,-22.161186312451523],[-51.036278052693113,-22.161194703096935],[-51.036230731219895,-22.161204578345906],[-51.03617454680758,-22.161218698083076],[-51.036100451628727,-22.161240148844357],[-51.036031221717614,-22.161263853543225]]]}},
{"type":"Feature","properties":{"Field":"002","Length":101.988379948068,"Image":"../input/80379/80379.gpkg","Farm":"80379"},"geometry":{"type":"MultiLineString","coordinates":[[[-51.036031208876999,-22.161252618003122],[-51.036077315881975,-22.161235690768411],[-51.036086393846958,-22.161232512956438],[-51.036095593741898,-22.16122965982311],[-51.036160548486912,-22.161211259401437],[-51.03616990114584,-22.161208869230041],[-51.036198071427172,-22.161202084662612],[-51.036216944435957,-22.161197911359892],[-51.036273629525716,-22.161185648996614],[-51.036302076550676,-22.161179953982792],[-51.036321092850507,-22.161176390780913],[-51.036359251110184,-22.16116987336191],[-51.036368874011323,-22.161168805790727],[-51.036378551043406,-22.161168206834297],[-51.036388182084828,-22.161167248352125],[-51.036416864913626,-22.161162706723513],[-51.036455298984649,-22.161157784143491],[-51.036464930082374,-22.161156730273927],[-51.036474602070172,-22.161156117005639],[-51.036518570677757,-22.161154655377469]]]}},
{"type":"Feature","properties":{"Field":"002","Length":101.988379948068,"Image":"../input/80379/80379.gpkg","Farm":"80379"},"geometry":{"type":"MultiLineString","coordinates":[[[-51.036518527348463,-22.16114542623902],[-51.036481775571147,-22.161146777314322],[-51.036472101048538,-22.161147409482219],[-51.036462462401119,-22.161148404354524],[-51.03641431008505,-22.161153762944437],[-51.036404706471423,-22.161155024369354],[-51.036385560338196,-22.16115792020009],[-51.036347100089529,-22.161162655210326],[-51.036318376576546,-22.161166981157017],[-51.036308830346123,-22.161168577048457],[-51.036289834819385,-22.161172235716251],[-51.036280380056134,-22.161174249018721],[-51.036261595890423,-22.161178756040613],[-51.036252161170196,-22.161180849042424],[-51.036233161763704,-22.16118448936723],[-51.036223695806164,-22.161186456389803],[-51.036176729569753,-22.161197705635768],[-51.036158001239059,-22.16120240918255],[-51.036102384841172,-22.161218360875026],[-51.036083929859871,-22.161223921995138],[-51.036031197011575,-22.161242235762451]]]}},
{"type":"Feature","properties":{"Field":"002","Length":101.988379948068,"Image":"../input/80379/80379.gpkg","Farm":"80379"},"geometry":{"type":"MultiLineString","coordinates":[[[-51.036518474841259,-22.1611342422033],[-51.036517896591519,-22.161134250725777],[-51.036479132921563,-22.161135718598924],[-51.036469458991839,-22.161136365868146],[-51.036450186047091,-22.161138412938307],[-51.036411706926664,-22.161143018608573],[-51.036392406097981,-22.161144818715687],[-51.036363582411155,-22.161148523981979],[-51.036353992279345,-22.161149872348332],[-51.0363444958221,-22.161151708418181],[-51.036335069786588,-22.161153835824308],[-51.03632553577485,-22.161155494197782],[-51.036306339204842,-22.161158089734911],[-51.036287237934225,-22.161161232245774],[-51.03622113517077,-22.161175657561262],[-51.036211723036352,-22.161177837848232],[-51.036193114923186,-22.161182940637282],[-51.03614598600781,-22.161193585671771],[-51.036136591787084,-22.16119583186773],[-51.036071852360749,-22.161214877819312],[-51.036035719131476,-22.161228034444719],[-51.036031182738327,-22.161229746665462]]]}},
{"type":"Feature","properties":{"Field":"002","Length":101.988379948068,"Image":"../input/80379/80379.gpkg","Farm":"80379"},"geometry":{"type":"MultiLineString","coordinates":[[[-51.036518431894542,-22.1611250945538],[-51.03651244452832,-22.161125373907439],[-51.036454417826867,-22.16112947703677],[-51.036444775438383,-22.161130411201455],[-51.036425583530693,-22.161133036135766],[-51.036415962363613,-22.161134149051833],[-51.036396651543029,-22.161135835543259],[-51.036377410031541,-22.161138124751922],[-51.036367813659432,-22.161139425765331],[-51.036300896873101,-22.161150109501826],[-51.03629137916024,-22.161151833748281],[-51.03626302614277,-22.161157922350146],[-51.036234524520566,-22.161163341126311],[-51.036196916918875,-22.161172215546884],[-51.036131399823219,-22.161188795654482],[-51.036122086462214,-22.161191312948397],[-51.036103590105355,-22.161196757257411],[-51.036094288670441,-22.161199308057181],[-51.036075573147727,-22.161204042966318],[-51.03606643028013,-22.161207038670284],[-51.036031172278705,-22.161220594499078]]]}},
{"type":"Feature","properties":{"Field":"002","Length":101.988379948068,"Image":"../input/80379/80379.gpkg","Farm":"80379"},"geometry":{"type":"MultiLineString","coordinates":[[[-51.036518363584904,-22.161110544600295],[-51.036514901966079,-22.161110773216347],[-51.036505263164884,-22.161111777870619],[-51.036476506816747,-22.161115912174623],[-51.036466854984482,-22.1611168016621],[-51.036457156037734,-22.16111678835966],[-51.036440688148637,-22.161116030063429],[-51.036436809678072,-22.161116089078277],[-51.036433911497369,-22.16111631714978],[-51.036428139771537,-22.161117007665219],[-51.036418776457616,-22.16111936360327],[-51.036409266540744,-22.161121138355579],[-51.036399651478106,-22.161122323876469],[-51.036389988058374,-22.161123096127639],[-51.036370599020138,-22.161123641242444],[-51.036360941032726,-22.161124469553034],[-51.036341887970863,-22.161127861283454],[-51.036313150288933,-22.161132094528114],[-51.036284606431018,-22.161137349742528],[-51.036275206894537,-22.161139577146777],[-51.036265716246966,-22.161141439306668],[-51.036256126813107,-22.161142793087762],[-51.036246593358499,-22.161144454775297],[-51.036218323476206,-22.161150870292186],[-51.036208971264486,-22.161153264336093],[-51.036190397877895,-22.161158473718189],[-51.036152884808622,-22.161167688628947],[-51.036106226218322,-22.16118000111285],[-51.036096937964004,-22.161182602278036],[-51.036078486490645,-22.161188177242128],[-51.036069339723831,-22.161191182079925],[-51.036060300246042,-22.161194456563127],[-51.036042244963511,-22.161201061860904],[-51.036033321780728,-22.161204602268224],[-51.036031155053969,-22.161205522857017]]]}},
{"type":"Feature","properties":{"Field":"002","Length":101.988379948068,"Image":"../input/80379/80379.gpkg","Farm":"80379"},"geometry":{"type":"MultiLineString","coordinates":[[[-51.036518319817247,-22.161101222088771],[-51.036440587137292,-22.161104691612035],[-51.036430931071962,-22.161105539370485],[-51.036421380670227,-22.161107114497799],[-51.03641179456487,-22.161108488527233],[-51.036382885222949,-22.161111560676542],[-51.036373268961768,-22.161112737833434],[-51.036334968769332,-22.161118495824496],[-51.036325419090637,-22.161120074738491],[-51.036239912374654,-22.161136428904992],[-51.036230449913852,-22.161138411788297],[-51.036173922606046,-22.161151290999978],[-51.03616551953656,-22.161153492327799],[-51.036118260753859,-22.161167097465015],[-51.036099544015499,-22.161171842715206],[-51.036071842506502,-22.161180132906292],[-51.036044576465123,-22.161189594282938],[-51.036031142777368,-22.161194780829845]]]}},
{"type":"Feature","properties":{"Field":"002","Length":101.988379948068,"Image":"../input/80379/80379.gpkg","Farm":"80379"},"geometry":{"type":"MultiLineString","coordinates":[[[-51.036518264107919,-22.161089356001874],[-51.036480900619487,-22.161091244804986],[-51.036461596941329,-22.161093021945245],[-51.036451898387995,-22.161093099708292],[-51.03644221884521,-22.161093670362984],[-51.036432588177263,-22.161094740489482],[-51.036394187385717,-22.161099884232701],[-51.036365311743907,-22.161103218850904],[-51.03635571690355,-22.161104539004366],[-51.03630799115308,-22.161112549032488],[-51.036279564980831,-22.161118330524769],[-51.03624141162846,-22.161124878607911],[-51.036231960490845,-22.161126907811806],[-51.03614719954745,-22.161146340556101],[-51.036137880593728,-22.161148844639715],[-51.036091510609467,-22.161162068551299],[-51.036073171536287,-22.161167954826656],[-51.036054915732194,-22.161174063288392],[-51.036045858141065,-22.161177294040865],[-51.036031129064511,-22.161182782078782]]]}},
{"type":"Feature","properties":{"Field":"002","Length":101.988379948068,"Image":"../input/80379/80379.gpkg","Farm":"80379"},"geometry":{"type":"MultiLineString","coordinates":[[[-51.036518220920001,-22.161080156975277],[-51.036473861614425,-22.161083093699048],[-51.036444802806457,-22.161084472299699],[-51.036435140780277,-22.161085221762054],[-51.036415999550883,-22.161088102471471],[-51.036406388429256,-22.161089303498322],[-51.0363678618316,-22.161093553467115],[-51.036358249407662,-22.161094752756458],[-51.036348682256133,-22.161096229098458],[-51.036310501160735,-22.161102636717352],[-51.036300984961571,-22.161104378722985],[-51.036282078971126,-22.16110841293137],[-51.036243924336119,-22.161114944259655],[-51.036234408315693,-22.161116687012719],[-51.036224958829187,-22.161118716499793],[-51.036168481820845,-22.16113178131727],[-51.03609414464033,-22.161152488814754],[-51.03608489251053,-22.161155197965595],[-51.036075717376683,-22.161158124147711],[-51.036031117748102,-22.161172880223159]]]}},
{"type":"Feature","properties":{"Field":"002","Length":101.988379948068,"Image":"../input/80379/80379.gpkg","Farm":"80379"},"geometry":{"type":"MultiLineString","coordinates":[[[-51.036031102325062,-22.161159385059189],[-51.036093012153707,-22.161139472596012],[-51.036102225642679,-22.161136651439922],[-51.036120766192504,-22.161131338960292],[-51.036139376321607,-22.161126248666172],[-51.036167588872061,-22.161119617801212],[-51.036233594859695,-22.161104817784441],[-51.036300168553439,-22.161092414240997],[-51.036347910453088,-22.161084499402005],[-51.036424910805756,-22.161075608101942],[-51.036444037495144,-22.161072597168825],[-51.036453627040785,-22.161071330811993],[-51.036518169911886,-22.161069292247827]]]}},
{"type":"Feature","properties":{"Field":"002","Length":101.988379948068,"Image":"../input/80379/80379.gpkg","Farm":"80379"},"geometry":{"type":"MultiLineString","coordinates":[[[-51.036031090733367,-22.161149242328523],[-51.03604856216031,-22.161144038561485],[-51.036094369415224,-22.161129212145521],[-51.036178552801793,-22.161107715934797],[-51.036225761140834,-22.161097383598744],[-51.0362638960788,-22.16109074489767],[-51.036301802582429,-22.161083055601775],[-51.036330552667486,-22.161078889342676],[-51.03635916767071,-22.161073981129377],[-51.036397675265235,-22.161069592877105],[-51.036416850897034,-22.16106686766458],[-51.036474736945131,-22.161061307636036],[-51.03648439927305,-22.16106052393749],[-51.036494090509876,-22.161060181993268],[-51.036518124269897,-22.161059570504328]]]}},
{"type":"Feature","properties":{"Field":"002","Length":101.988379948068,"Image":"../input/80379/80379.gpkg","Farm":"80379"},"geometry":{"type":"MultiLineString","coordinates":[[[-51.036031076910071,-22.161137146941869],[-51.03604225242632,-22.161133710516339],[-51.036069562512587,-22.161124360310751],[-51.03607872380438,-22.161121395227475],[-51.036106384835648,-22.161112989797413],[-51.036115696234269,-22.161110463637172],[-51.036153150778453,-22.16110104386523],[-51.036162559362246,-22.161098859329734],[-51.036181558048234,-22.16109522298526],[-51.036190999780196,-22.161093158648093],[-51.036219211846188,-22.161086525769566],[-51.036228656824584,-22.161084483574733],[-51.036266812567064,-22.161077960529358],[-51.03629523315918,-22.16107216079919],[-51.036343002263585,-22.161064379223202],[-51.036352582256235,-22.161062978892033],[-51.036381458547666,-22.161059664483236],[-51.036410177701043,-22.161055314841807],[-51.036419791117723,-22.161054210283204],[-51.036439132136344,-22.161052852313635],[-51.036458401857629,-22.161050785613249],[-51.036468051864126,-22.161049965679585],[-51.036477745034524,-22.161049655650647],[-51.036497106773574,-22.161048621299511],[-51.03650679773019,-22.161048268739204],[-51.036518069979017,-22.161048006545698]]]}},
{"type":"Feature","properties":{"Field":"002","Length":101.988379948068,"Image":"../input/80379/80379.gpkg","Farm":"80379"},"geometry":{"type":"MultiLineString","coordinates":[[[-51.036031066154713,-22.161127736007913],[-51.03606502312627,-22.161116610229939],[-51.036111072718278,-22.161102447601429],[-51.036167279220528,-22.161088403065868],[-51.036252554984202,-22.161071034286358],[-51.036328853292709,-22.161057893223244],[-51.036405526878347,-22.161046808370205],[-51.036434464383404,-22.161043975923494],[-51.036518026188872,-22.161038679245213]]]}},
{"type":"Feature","properties":{"Field":"002","Length":101.988379948068,"Image":"../input/80379/80379.gpkg","Farm":"80379"},"geometry":{"type":"MultiLineString","coordinates":[[[-51.03651796792618,-22.161026269292158],[-51.036488316913278,-22.161027155816914],[-51.036411030291063,-22.161033552853787],[-51.036362949081976,-22.161039438681417],[-51.036353344489292,-22.161040695829993],[-51.036343797453448,-22.161042288578535],[-51.036257994230688,-22.161057233639994],[-51.036135120361529,-22.161083574266161],[-51.036088603118436,-22.161096340493888],[-51.036031051544157,-22.161114951768486]]]}},
{"type":"Feature","properties":{"Field":"002","Length":101.988379948068,"Image":"../input/80379/80379.gpkg","Farm":"80379"},"geometry":{"type":"MultiLineString","coordinates":[[[-51.036517923778398,-22.161016865814272],[-51.036483373333816,-22.16101831633847],[-51.036473703356044,-22.161018981477007],[-51.036415785723378,-22.161024255298997],[-51.036358008657984,-22.161030722137276],[-51.036348421290874,-22.161032072247902],[-51.036271998144187,-22.161044568061676],[-51.036262478809114,-22.161046293400052],[-51.036234006389591,-22.161051878284969],[-51.036224576474361,-22.161053981656416],[-51.03620581832061,-22.161058583814839],[-51.036196375884622,-22.1610606373015],[-51.036186883213347,-22.161062490661667],[-51.036177468107411,-22.161064645161659],[-51.036149421657669,-22.161071861828482],[-51.03614002318006,-22.161074088048011],[-51.036111708206391,-22.16108032893699],[-51.036102393576456,-22.161082822469908],[-51.036031039928474,-22.161104788048654]]]}},
{"type":"Feature","properties":{"Field":"002","Length":101.988379948068,"Image":"../input/80379/80379.gpkg","Farm":"80379"},"geometry":{"type":"MultiLineString","coordinates":[[[-51.036509920338553,-22.16305211964222],[-51.036507860181651,-22.163047475552052],[-51.036490235498341,-22.16300539240364],[-51.036486569195738,-22.162997032684398],[-51.036465719434403,-22.162956248708202],[-51.036461407559756,-22.162948161048362],[-51.036422768340238,-22.16288548800123],[-51.036406912708806,-22.162862763098893],[-51.036368405577576,-22.162810681523943],[-51.036347134852058,-22.162785054871946]]]}},
{"type":"Feature","properties":{"Field":"002","Length":101.988379948068,"Image":"../input/80379/80379.gpkg","Farm":"80379"},"geometry":{"type":"MultiLineString","coordinates":[[[-51.036499898988986,-22.16305200498147],[-51.036497520615576,-22.163046798394685],[-51.036480053585059,-22.163004658525793],[-51.036476147007313,-22.162996389373365],[-51.036451937910861,-22.162947096254175],[-51.036447148073982,-22.1629392404041],[-51.036412188459785,-22.16288502800127],[-51.03639065623517,-22.162854967651167],[-51.036345551654328,-22.162796158436336],[-51.036335976504589,-22.162785014820447]]]}},
{"type":"Feature","properties":{"Field":"002","Length":101.988379948068,"Image":"../input/80379/80379.gpkg","Farm":"80379"},"geometry":{"type":"MultiLineString","coordinates":[[[-51.036484098136889,-22.163051824193687],[-51.036466835365182,-22.163011342075858],[-51.036463061176669,-22.163003020021378],[-51.036451148527405,-22.162978292621329],[-51.036446851862202,-22.162970193868123],[-51.036423824729177,-22.162930439639272],[-51.036418972456708,-22.1629226175952],[-51.036403798031905,-22.162899492172858],[-51.036377511990288,-22.162861532172734],[-51.036338450832083,-22.162809807348474],[-51.036317074906577,-22.162784946975517]]]}},
{"type":"Feature","properties":{"Field":"002","Length":101.988379948068,"Image":"../input/80379/80379.gpkg","Farm":"80379"},"geometry":{"type":"MultiLineString","coordinates":[[[-51.036473803070777,-22.16305170640117],[-51.036463099563356,-22.163027349309935],[-51.036452333977493,-22.163002171589053],[-51.036440428519981,-22.162977442857407],[-51.036431717688124,-22.162961301570363],[-51.036403118199466,-22.162914092875322],[-51.036398152070625,-22.162906337264829],[-51.036354901651933,-22.162846331795663],[-51.036349307467347,-22.162838952293125],[-51.036320471849606,-22.162802634322915],[-51.036314437869343,-22.162795561740104],[-51.036304971709143,-22.162784903532597]]]}},
{"type":"Feature","properties":{"Field":"002","Length":101.988379948068,"Image":"../input/80379/80379.gpkg","Farm":"80379"},"geometry":{"type":"MultiLineString","coordinates":[[[-51.036459193192719,-22.16100759527389],[-51.036408491354315,-22.161011839935796],[-51.036398840656481,-22.161012739998547],[-51.036379583870989,-22.161014915522379],[-51.036369972792926,-22.161016128892303],[-51.036312555575314,-22.161024954438609],[-51.036303023212689,-22.16102662169277],[-51.036284139664161,-22.161030755020271],[-51.036274657009564,-22.161032652347693],[-51.036245991753461,-22.161037303244672],[-51.036236497356832,-22.161039148920501],[-51.03620843895478,-22.161046322643763],[-51.036104513637319,-22.161068793600421],[-51.036095150093992,-22.161071148935548],[-51.036067626864721,-22.161079939626713],[-51.036039773054405,-22.16108777696769],[-51.036031023509118,-22.16109042111092]]]}},
{"type":"Feature","properties":{"Field":"002","Length":101.988379948068,"Image":"../input/80379/80379.gpkg","Farm":"80379"},"geometry":{"type":"MultiLineString","coordinates":[[[-51.036446389467557,-22.160233942979399],[-51.036379035300236,-22.160242952599898],[-51.036374270738158,-22.160243781662601]]]}},
{"type":"Feature","properties":{"Field":"002","Length":101.988379948068,"Image":"../input/80379/80379.gpkg","Farm":"80379"},"geometry":{"type":"MultiLineString","coordinates":[[[-51.036446352053439,-22.160225025946549],[-51.036404608172141,-22.160230609246309],[-51.036366349354545,-22.160236598014219],[-51.036309241289771,-22.160247016209315],[-51.036296907660656,-22.160250138931929]]]}},
{"type":"Feature","properties":{"Field":"002","Length":101.988379948068,"Image":"../input/80379/80379.gpkg","Farm":"80379"},"geometry":{"type":"MultiLineString","coordinates":[[[-51.036446294474921,-22.160211303067285],[-51.036360795163318,-22.160224331421972],[-51.036351251081079,-22.160225935668638],[-51.036313365823382,-22.160233710557918],[-51.036294470146395,-22.160237791128203],[-51.036238376752976,-22.160252216629683],[-51.036229090457013,-22.160254820071064],[-51.036225318979454,-22.160256021693343]]]}},
{"type":"Feature","properties":{"Field":"002","Length":101.988379948068,"Image":"../input/80379/80379.gpkg","Farm":"80379"},"geometry":{"type":"MultiLineString","coordinates":[[[-51.036187467828235,-22.160259132091355],[-51.036224924362251,-22.160246253483702],[-51.036234159524135,-22.160243498630681],[-51.036243509198897,-22.160241101176759],[-51.036299831409131,-22.160227466041405],[-51.036309266125599,-22.160225373740062],[-51.036375760180789,-22.160212608755106],[-51.036385291435366,-22.160210938176736],[-51.036423592595376,-22.160205191952429],[-51.036446256966826,-22.160202363637758]]]}},
{"type":"Feature","properties":{"Field":"002","Length":101.988379948068,"Image":"../input/80379/80379.gpkg","Farm":"80379"},"geometry":{"type":"MultiLineString","coordinates":[[[-51.036446210206499,-22.16019121909445],[-51.036409026412379,-22.160197169095582],[-51.036399440542752,-22.160198516504298],[-51.036380168815555,-22.160200568787815],[-51.036370574359346,-22.160201876512907],[-51.036332381496479,-22.160208216567526],[-51.036322913935393,-22.160210165622608],[-51.036266448079814,-22.160223271318102],[-51.036238453250917,-22.160230654816228],[-51.03618313957579,-22.160247492381771],[-51.036164835944341,-22.160253469989119],[-51.036136732180175,-22.160263301265974]]]}},
{"type":"Feature","properties":{"Field":"002","Length":101.988379948068,"Image":"../input/80379/80379.gpkg","Farm":"80379"},"geometry":{"type":"MultiLineString","coordinates":[[[-51.036446169296575,-22.160181468894457],[-51.036424846649837,-22.160185225228584],[-51.036415217385859,-22.160186305842803],[-51.036405648141795,-22.16018777809796],[-51.03639603589459,-22.160188983016639],[-51.036376768080238,-22.160191069446451],[-51.036367183269128,-22.160192451049312],[-51.036348305313666,-22.160196603765868],[-51.036291317395111,-22.160207579621098],[-51.036281928987236,-22.160209847245593],[-51.036225968402903,-22.160224718365978],[-51.036179798254643,-22.160238534030807],[-51.036170693715036,-22.160241648035168],[-51.036103261406261,-22.160266051708838]]]}},
{"type":"Feature","properties":{"Field":"002","Length":101.988379948068,"Image":"../input/80379/80379.gpkg","Farm":"80379"},"geometry":{"type":"MultiLineString","coordinates":[[[-51.036377955175617,-22.160180416836468],[-51.036387328834984,-22.160178096883165],[-51.036396842515792,-22.160176339749103],[-51.0364255004311,-22.160171652169144],[-51.036435079993247,-22.160170239340648],[-51.036446116359883,-22.16016885231657]]]}},
{"type":"Feature","properties":{"Field":"002","Length":101.988379948068,"Image":"../input/80379/80379.gpkg","Farm":"80379"},"geometry":{"type":"MultiLineString","coordinates":[[[-51.036446073352224,-22.160158602157427],[-51.03642495684133,-22.160160838045407],[-51.03640576320246,-22.160163451452885],[-51.036386536006638,-22.160165842046815],[-51.036348794145646,-22.160174197465395],[-51.036310676670347,-22.160180922153671],[-51.036282261476764,-22.160186752409661],[-51.036207471924001,-22.160205996347241],[-51.036170591558552,-22.160217209138143],[-51.036134116839435,-22.160229520042368],[-51.036107101374355,-22.160239585634748],[-51.036062540248686,-22.160257406065224],[-51.036035392717814,-22.160267158101636],[-51.036022061546312,-22.160272724263702]]]}},
{"type":"Feature","properties":{"Field":"002","Length":101.988379948068,"Image":"../input/80379/80379.gpkg","Farm":"80379"},"geometry":{"type":"MultiLineString","coordinates":[[[-51.035984959622347,-22.160275773094369],[-51.035994147963876,-22.160271801204686],[-51.036002555274585,-22.160267309419847],[-51.036011273813315,-22.160263364450234],[-51.036020116904318,-22.160259654243664],[-51.03611848663158,-22.160221184814709],[-51.036127579485651,-22.160218045366069],[-51.036145860954591,-22.160212004269844],[-51.036155077206367,-22.160209191255579],[-51.036238247707075,-22.160184507402768],[-51.036247626454035,-22.160182213724077],[-51.036313588867579,-22.160167242829303],[-51.036351655854112,-22.160160280201595],[-51.036370853983627,-22.160157706734715],[-51.036380341466177,-22.160155850659422],[-51.036399575917947,-22.160153560364972],[-51.036428382057743,-22.160149750270676],[-51.036446029007465,-22.160148033323971]]]}},
{"type":"Feature","properties":{"Field":"002","Length":101.988379948068,"Image":"../input/80379/80379.gpkg","Farm":"80379"},"geometry":{"type":"MultiLineString","coordinates":[[[-51.035965412316386,-22.16027392356251],[-51.036013254567557,-22.160252701442396],[-51.036022096986336,-22.160248990008],[-51.036111477828122,-22.160213915185874],[-51.036120534971538,-22.160210685129357],[-51.036203234136295,-22.160184665423611],[-51.03621248750013,-22.160181959497216],[-51.036268434834717,-22.160167046100366],[-51.036277817852977,-22.160164760298517],[-51.036296706233188,-22.160160647881263],[-51.036306195248883,-22.160158779648761],[-51.036363402986503,-22.160148846666051],[-51.036372996592732,-22.160147524163779],[-51.03639228863414,-22.160145647408161],[-51.036401912715469,-22.160144529673211],[-51.036421092415814,-22.160141829735913],[-51.03643072092521,-22.160140747797087],[-51.036440383622796,-22.160139973956888],[-51.036445992634285,-22.160139364382594]]]}},
{"type":"Feature","properties":{"Field":"002","Length":101.988379948068,"Image":"../input/80379/80379.gpkg","Farm":"80379"},"geometry":{"type":"MultiLineString","coordinates":[[[-51.036445934248391,-22.160125449078624],[-51.036381367813874,-22.160132957575524],[-51.036342995817918,-22.160138280482197],[-51.036333548532831,-22.160140324903931],[-51.03632415930457,-22.160142589542886],[-51.036258123735479,-22.160157278117431],[-51.036248711092831,-22.160159456740939],[-51.036239387127779,-22.160161944363118],[-51.036193046743207,-22.160175257640784],[-51.036101172299567,-22.160204205023135],[-51.036092166941941,-22.160207559913211],[-51.036038662487329,-22.160228877372298],[-51.03602092914506,-22.16023619858688],[-51.035994560614249,-22.160247656813457],[-51.035985845759356,-22.160251621915968],[-51.035966122728077,-22.16026079786069]]]}},
{"type":"Feature","properties":{"Field":"002","Length":101.988379948068,"Image":"../input/80379/80379.gpkg","Farm":"80379"},"geometry":{"type":"MultiLineString","coordinates":[[[-51.036445897264713,-22.160116634635219],[-51.036425579580346,-22.160119147331603],[-51.036387020292558,-22.160123129489509],[-51.036377426641593,-22.160124456672751],[-51.036358367910623,-22.160127820166796],[-51.036339207700642,-22.160130632682975],[-51.036329669019416,-22.160132267868889],[-51.036282362086851,-22.160142203202707],[-51.036272943757105,-22.160144360442001],[-51.036244840305287,-22.160151381421937],[-51.036235514124414,-22.16015386183112],[-51.036170565020861,-22.160172280096713],[-51.036161340222272,-22.160175070129128],[-51.036106359719845,-22.160192832253276],[-51.03609728421899,-22.160196018912778],[-51.036061428096758,-22.160209816395032],[-51.036008075214937,-22.160231460941279],[-51.035999280236965,-22.160235269423534],[-51.035966687436243,-22.160250364205101]]]}},
{"type":"Feature","properties":{"Field":"002","Length":101.988379948068,"Image":"../input/80379/80379.gpkg","Farm":"80379"},"geometry":{"type":"MultiLineString","coordinates":[[[-51.036445841256352,-22.160103285975378],[-51.036411461295167,-22.160107898451429],[-51.036382559887677,-22.160111017522734],[-51.036372990369379,-22.160112486359075],[-51.036334832458998,-22.160119006379944],[-51.036325345099762,-22.160120879882797],[-51.036306507406657,-22.160125187385447],[-51.036297034651206,-22.160127119604791],[-51.036287498889692,-22.160128764701138],[-51.036278038614732,-22.160130749362875],[-51.036221832220875,-22.160144791719848],[-51.036203221237237,-22.160149883582573],[-51.036175412715188,-22.160157858623446],[-51.036166170428032,-22.160160596628501],[-51.036156995437111,-22.16016352544564],[-51.036083871942388,-22.16018769314859],[-51.036047920814056,-22.160201273912005],[-51.036030101789237,-22.160208410833171],[-51.035977104803827,-22.160230799429101],[-51.035967505717679,-22.160235245481459]]]}},
{"type":"Feature","properties":{"Field":"002","Length":101.988379948068,"Image":"../input/80379/80379.gpkg","Farm":"80379"},"geometry":{"type":"MultiLineString","coordinates":[[[-51.035968052995997,-22.16022513386293],[-51.035987805947329,-22.160216174438055],[-51.035996562239859,-22.160212290930684],[-51.036023048013583,-22.160201069671448],[-51.036031947392523,-22.160197485617655],[-51.036104277097529,-22.160171324265825],[-51.036113363777787,-22.160168170062537],[-51.036168456577336,-22.160150715525063],[-51.036205487854389,-22.160139941624109],[-51.036214788300875,-22.160137386696874],[-51.036280489201324,-22.160121449101993],[-51.03628991396937,-22.160119328203702],[-51.036356432975673,-22.16010667314664],[-51.036365969938316,-22.160105050398062],[-51.036445805043698,-22.160094655292422]]]}},
{"type":"Feature","properties":{"Field":"002","Length":101.988379948068,"Image":"../input/80379/80379.gpkg","Farm":"80379"},"geometry":{"type":"MultiLineString","coordinates":[[[-51.035968882411296,-22.160209809427972],[-51.035982678998373,-22.160203540920097],[-51.036027012116925,-22.160185238017434],[-51.036072137367562,-22.160168697694942],[-51.036126739404409,-22.160149952413398],[-51.036172747845143,-22.160135678681353],[-51.036200638200434,-22.160127959492304],[-51.036275648865711,-22.160109476733421],[-51.036294505851345,-22.160105248697899],[-51.036322946553348,-22.160099529343867],[-51.036361111052607,-22.160093047294446],[-51.03641871842995,-22.160085380939726],[-51.036445749447694,-22.160081404911622]]]}},
{"type":"Feature","properties":{"Field":"002","Length":101.988379948068,"Image":"../input/80379/80379.gpkg","Farm":"80379"},"geometry":{"type":"MultiLineString","coordinates":[[[-51.035969420869456,-22.160199860772387],[-51.035990198788788,-22.160190455839203],[-51.036043879114494,-22.16016952579923],[-51.036125312877608,-22.1601402455188],[-51.036134407758581,-22.160137107136993],[-51.03620878430889,-22.160116519151025],[-51.036218096040542,-22.160113992071459],[-51.036227474336805,-22.160111688450879],[-51.036274385763427,-22.160100241860839],[-51.036331258474505,-22.160088759298677],[-51.036340754224376,-22.160086919958651],[-51.036388600225372,-22.160079557942996],[-51.0364269984073,-22.160074398976146],[-51.036436603724965,-22.16007314707938],[-51.036445710578278,-22.160072141034668]]]}},
{"type":"Feature","properties":{"Field":"002","Length":101.988379948068,"Image":"../input/80379/80379.gpkg","Farm":"80379"},"geometry":{"type":"MultiLineString","coordinates":[[[-51.036445655986718,-22.16005913004614],[-51.036403836467684,-22.160064190763688],[-51.036375287661237,-22.160069419297866],[-51.036336833075787,-22.160074191321534],[-51.036298794914934,-22.160081290771416],[-51.036251667986541,-22.1600919406571],[-51.036204896671563,-22.160103874260692],[-51.036130732451063,-22.160125115553679],[-51.036040038557843,-22.160157129863041],[-51.035986442711497,-22.160178246132446],[-51.03597020714794,-22.160185333341445]]]}},
{"type":"Feature","properties":{"Field":"002","Length":101.988379948068,"Image":"../input/80379/80379.gpkg","Farm":"80379"},"geometry":{"type":"MultiLineString","coordinates":[[[-51.036445616592481,-22.160049741086731],[-51.036380803793712,-22.160058039257958],[-51.036314006399294,-22.160069350302585],[-51.036304500612992,-22.160071144090125],[-51.036266617809197,-22.160078936727505],[-51.03625724143248,-22.160081247108241],[-51.03614525149387,-22.160110763695716],[-51.036063103030635,-22.160138256519922],[-51.036000378861097,-22.160162457626427],[-51.035970768459372,-22.160174962444515]]]}},
{"type":"Feature","properties":{"Field":"002","Length":101.988379948068,"Image":"../input/80379/80379.gpkg","Farm":"80379"},"geometry":{"type":"MultiLineString","coordinates":[[[-51.035971521652549,-22.160161046303834],[-51.03598146473734,-22.160156743369797],[-51.036043914879372,-22.1601319376128],[-51.036052961502293,-22.160128685505139],[-51.036116681764661,-22.160106858425429],[-51.036162816316796,-22.160092945017162],[-51.036172101494024,-22.160090336266208],[-51.036246571218719,-22.160070042704735],[-51.036265325694302,-22.160065433342425],[-51.036274753397151,-22.160063312357817],[-51.036284236105445,-22.160061419446539],[-51.036331789455687,-22.160052563965735],[-51.036389100794857,-22.160043166998133],[-51.036398706319503,-22.160041923856294],[-51.036445561247653,-22.160036550568861]]]}},
{"type":"Feature","properties":{"Field":"002","Length":101.988379948068,"Image":"../input/80379/80379.gpkg","Farm":"80379"},"geometry":{"type":"MultiLineString","coordinates":[[[-51.035972083142667,-22.160150672105491],[-51.036030546743561,-22.160127255807851],[-51.036039512220356,-22.160123809494397],[-51.036075827746792,-22.160111096224046],[-51.036102843715192,-22.160101037132247],[-51.03616748562407,-22.160081705446053],[-51.03622346328396,-22.160066891613635],[-51.036279881607697,-22.160053605773026],[-51.036289316108089,-22.160051510772568],[-51.036327302347523,-22.160044167997789],[-51.036336824759928,-22.160042452476688],[-51.036394273845268,-22.160033813589202],[-51.036445524090752,-22.160027694841212]]]}},
{"type":"Feature","properties":{"Field":"002","Length":101.988379948068,"Image":"../input/80379/80379.gpkg","Farm":"80379"},"geometry":{"type":"MultiLineString","coordinates":[[[-51.036381515160457,-22.160023251604787],[-51.036366942989844,-22.160025980486193],[-51.036338232708623,-22.160030382086941],[-51.036328694171118,-22.16003201688169],[-51.036300331827313,-22.160038064821784],[-51.036271793944643,-22.160043346712431],[-51.036252962937724,-22.160047682026786],[-51.036243567058584,-22.160049922463649],[-51.036150082650451,-22.160073988307442],[-51.036140763100796,-22.160076490005935],[-51.036103817849742,-22.160087515068188],[-51.036049106768552,-22.160105984577967],[-51.036040051088527,-22.160109219282202],[-51.035977812322848,-22.1601344841078],[-51.03597284643616,-22.16013656934955]]]}},
{"type":"Feature","properties":{"Field":"002","Length":101.988379948068,"Image":"../input/80379/80379.gpkg","Farm":"80379"},"geometry":{"type":"MultiLineString","coordinates":[[[-51.036031012082326,-22.161080422667929],[-51.036097652622196,-22.161060683136181],[-51.036106932111338,-22.161058055186157],[-51.036210573797462,-22.161034480708999],[-51.036296050158995,-22.161017992056927],[-51.036324728588795,-22.161013415459401],[-51.036363195721918,-22.161008725372501],[-51.03637758449176,-22.16100662677588]]]}},
{"type":"Feature","properties":{"Field":"002","Length":101.988379948068,"Image":"../input/80379/80379.gpkg","Farm":"80379"},"geometry":{"type":"MultiLineString","coordinates":[[[-51.036052936640282,-22.160270187119444],[-51.036060877295505,-22.160266661633845],[-51.036069820924162,-22.160263177944969],[-51.036132904686802,-22.160239801532377],[-51.036206245445769,-22.160216214348956],[-51.03622480633635,-22.160210968652159],[-51.036234147098774,-22.160208537594006],[-51.036280916319235,-22.160196595892611],[-51.03629034534859,-22.160194484124013],[-51.036318693220316,-22.160188374913844],[-51.036328213668426,-22.160186657235169],[-51.036347296542125,-22.160183414819652],[-51.036358917479916,-22.160182462414681]]]}},
{"type":"Feature","properties":{"Field":"002","Length":101.988379948068,"Image":"../input/80379/80379.gpkg","Farm":"80379"},"geometry":{"type":"MultiLineString","coordinates":[[[-51.036117201334825,-22.161268438519269],[-51.036128487565961,-22.161264952263021],[-51.036137782572553,-22.161262380163933],[-51.036231410135045,-22.161238799270411],[-51.036278472380438,-22.161227904548451],[-51.036287955802052,-22.161226027108633],[-51.036335674458314,-22.161217977595214],[-51.036354657274906,-22.161214366336981]]]}},
{"type":"Feature","properties":{"Field":"002","Length":101.988379948068,"Image":"../input/80379/80379.gpkg","Farm":"80379"},"geometry":{"type":"MultiLineString","coordinates":[[[-51.036310502978516,-22.160026439529673],[-51.036258764139987,-22.160036687860199],[-51.036249309200095,-22.160038701352679],[-51.036230488766023,-22.160043076834782],[-51.036221154632798,-22.160045531143936],[-51.036211931900375,-22.160048327091822],[-51.036202581327821,-22.16005072649223],[-51.036193094654045,-22.160052606018599],[-51.036183684292176,-22.160054793222269],[-51.036127917789656,-22.160070283917552],[-51.036118674850272,-22.160073021360308],[-51.036082023625653,-22.160084868026171],[-51.036045667392195,-22.16009747971836],[-51.036036678291701,-22.160100872238221],[-51.035974401491217,-22.160126056076873],[-51.03597339249302,-22.160126480299049]]]}},
{"type":"Feature","properties":{"Field":"002","Length":101.988379948068,"Image":"../input/80379/80379.gpkg","Farm":"80379"},"geometry":{"type":"MultiLineString","coordinates":[[[-51.036297733441884,-22.161005679136935],[-51.036225704409901,-22.161018953569574],[-51.036188056900265,-22.161027680297124],[-51.036103010063165,-22.161045988984942],[-51.036030997014784,-22.161067238566911]]]}},
{"type":"Feature","properties":{"Field":"002","Length":101.988379948068,"Image":"../input/80379/80379.gpkg","Farm":"80379"},"geometry":{"type":"MultiLineString","coordinates":[[[-51.036246525139262,-22.161005071418167],[-51.036201736410192,-22.16101372379093],[-51.036098282699555,-22.161038009528816],[-51.03607986177353,-22.161043671538508],[-51.036030985211937,-22.16105691108061]]]}},
{"type":"Feature","properties":{"Field":"002","Length":101.988379948068,"Image":"../input/80379/80379.gpkg","Farm":"80379"},"geometry":{"type":"MultiLineString","coordinates":[[[-51.036231707350623,-22.160029976874064],[-51.036197637730623,-22.160037872925294],[-51.036188293084209,-22.160040291025563],[-51.036132735357086,-22.16005641832529],[-51.036086684692819,-22.160070575806888],[-51.036077543214915,-22.160073593888036],[-51.03603221577243,-22.1600896499268],[-51.036023285368721,-22.160093172772211],[-51.036005751418855,-22.160100899532132],[-51.035996913550939,-22.160104620464939],[-51.035974085434013,-22.160113677389205]]]}},
{"type":"Feature","properties":{"Field":"002","Length":101.988379948068,"Image":"../input/80379/80379.gpkg","Farm":"80379"},"geometry":{"type":"MultiLineString","coordinates":[[[-51.036030970227095,-22.161043799339765],[-51.036086459119822,-22.161026793449157],[-51.036095778649909,-22.161024292653412],[-51.036152578290007,-22.161012501142743],[-51.036188458269237,-22.161004382304782]]]}},
{"type":"Feature","properties":{"Field":"002","Length":101.988379948068,"Image":"../input/80379/80379.gpkg","Farm":"80379"},"geometry":{"type":"MultiLineString","coordinates":[[[-51.035974640552553,-22.160103420913408],[-51.036004023599851,-22.160092218603381],[-51.036021590979267,-22.160084561139559],[-51.036057731713768,-22.160071424889122],[-51.036112544213616,-22.160053219790029],[-51.036184471989678,-22.160032097394495]]]}},
{"type":"Feature","properties":{"Field":"002","Length":101.988379948068,"Image":"../input/80379/80379.gpkg","Farm":"80379"},"geometry":{"type":"MultiLineString","coordinates":[[[-51.036146192517037,-22.161003880712467],[-51.0360826775091,-22.161018327925945],[-51.03603095913676,-22.161034095299929]]]}},
{"type":"Feature","properties":{"Field":"002","Length":101.988379948068,"Image":"../input/80379/80379.gpkg","Farm":"80379"},"geometry":{"type":"MultiLineString","coordinates":[[[-51.035975404431191,-22.160089307346148],[-51.036005050246011,-22.160077211073538],[-51.03606832904498,-22.160054296789202],[-51.036130302693302,-22.160034529197652]]]}},
{"type":"Feature","properties":{"Field":"002","Length":101.988379948068,"Image":"../input/80379/80379.gpkg","Farm":"80379"},"geometry":{"type":"MultiLineString","coordinates":[[[-51.036030944608129,-22.161021382745215],[-51.036034081083798,-22.161020375359154],[-51.036043312301203,-22.161017606739556],[-51.036061867531267,-22.161012339111078],[-51.03607120504811,-22.161009899820055],[-51.036098021401884,-22.161003309037774]]]}},
{"type":"Feature","properties":{"Field":"002","Length":101.988379948068,"Image":"../input/80379/80379.gpkg","Farm":"80379"},"geometry":{"type":"MultiLineString","coordinates":[[[-51.036097764207057,-22.160035989936461],[-51.036075060162688,-22.160042787807729],[-51.036047664994683,-22.160051918852126],[-51.035975958546402,-22.160079069407931]]]}},
{"type":"Feature","properties":{"Field":"002","Length":101.988379948068,"Image":"../input/80379/80379.gpkg","Farm":"80379"},"geometry":{"type":"MultiLineString","coordinates":[[[-51.036064207411506,-22.161002907747445],[-51.036030934478866,-22.161012519643723]]]}},
{"type":"Feature","properties":{"Field":"002","Length":101.988379948068,"Image":"../input/80379/80379.gpkg","Farm":"80379"},"geometry":{"type":"MultiLineString","coordinates":[[[-51.036048053162254,-22.160038221596896],[-51.036042663731564,-22.160039972363176],[-51.036006511266677,-22.160053082516544],[-51.035976723616855,-22.160064933820532]]]}},
{"type":"Feature","properties":{"Field":"002","Length":101.988379948068,"Image":"../input/80379/80379.gpkg","Farm":"80379"},"geometry":{"type":"MultiLineString","coordinates":[[[-51.03601667348314,-22.160039630313786],[-51.036012087621074,-22.16004125641491],[-51.035977248581133,-22.160055234480478]]]}},
{"type":"Feature","properties":{"Field":"002","Length":101.988379948068,"Image":"../input/80379/80379.gpkg","Farm":"80379"},"geometry":{"type":"MultiLineString","coordinates":[[[-51.035023436702765,-22.157475640027027],[-51.03504953068142,-22.157474151696459],[-51.035107323767313,-22.157467819087987],[-51.035164826294142,-22.157459499838286],[-51.035230848406243,-22.157444769563913],[-51.035258585847075,-22.157436587546218],[-51.035277363539684,-22.157432059309048],[-51.035299729057428,-22.15742573957526]]]}},
{"type":"Feature","properties":{"Field":"002","Length":101.988379948068,"Image":"../input/80379/80379.gpkg","Farm":"80379"},"geometry":{"type":"MultiLineString","coordinates":[[[-51.035295413451472,-22.157416710382385],[-51.035289751817523,-22.157418400000161],[-51.03523388627373,-22.157433574548794],[-51.035224504673678,-22.157435865828525],[-51.035177428195261,-22.157446706038744],[-51.035148964671819,-22.157452324437624],[-51.03513940514361,-22.157453849446263],[-51.035110642530896,-22.157457941256297],[-51.03510101763797,-22.157459053730602],[-51.035062452783556,-22.157462982643221],[-51.035052786592246,-22.157463721775617],[-51.035019353471576,-22.157465842800494]]]}},
{"type":"Feature","properties":{"Field":"002","Length":101.988379948068,"Image":"../input/80379/80379.gpkg","Farm":"80379"},"geometry":{"type":"MultiLineString","coordinates":[[[-51.035290192955195,-22.157405787960776],[-51.035258112358889,-22.157414822817486],[-51.035220733866858,-22.157424498204424],[-51.035164309740743,-22.157437758784333],[-51.035145219358178,-22.157440960894558],[-51.035048973099769,-22.157452105852546],[-51.035014606648964,-22.157454453365432]]]}},
{"type":"Feature","properties":{"Field":"002","Length":101.988379948068,"Image":"../input/80379/80379.gpkg","Farm":"80379"},"geometry":{"type":"MultiLineString","coordinates":[[[-51.035285777591127,-22.157396550052102],[-51.035236548175497,-22.157410630691263],[-51.035227236577597,-22.157413157615387],[-51.035180155460722,-22.157423980332108],[-51.035170708470922,-22.157426025223664],[-51.035132605349403,-22.157432818841322],[-51.035123051905323,-22.157434376537296],[-51.035065333959317,-22.157441283184987],[-51.035055698017665,-22.157442309243851],[-51.035010817239765,-22.157445361129732]]]}},
{"type":"Feature","properties":{"Field":"002","Length":101.988379948068,"Image":"../input/80379/80379.gpkg","Farm":"80379"},"geometry":{"type":"MultiLineString","coordinates":[[[-51.035280522669581,-22.157385555605288],[-51.035232844752414,-22.157399208131192],[-51.035223522881481,-22.157401701214241],[-51.035167033696226,-22.157414716349415],[-51.035157565667035,-22.157416673390276],[-51.035119339242073,-22.157422830165562],[-51.035109751285319,-22.157424190062741],[-51.035071206546469,-22.15742828040354],[-51.035061555488547,-22.157429173683585],[-51.035005614237122,-22.157432877145066]]]}},
{"type":"Feature","properties":{"Field":"002","Length":101.988379948068,"Image":"../input/80379/80379.gpkg","Farm":"80379"},"geometry":{"type":"MultiLineString","coordinates":[[[-51.03527612499645,-22.157376354709918],[-51.035248504867724,-22.157384673664303],[-51.035220601601537,-22.1573923542004],[-51.035183081336896,-22.157401540460636],[-51.035135492362166,-22.157410220956496],[-51.035097169158362,-22.157415837260739],[-51.035068280663658,-22.157419067559683],[-51.035001728039624,-22.157423552677393]]]}},
{"type":"Feature","properties":{"Field":"002","Length":101.988379948068,"Image":"../input/80379/80379.gpkg","Farm":"80379"},"geometry":{"type":"MultiLineString","coordinates":[[[-51.034997064740509,-22.157412363647008],[-51.035045726883496,-22.157408905403379],[-51.035093940634482,-22.157404063921373],[-51.035151375816817,-22.157395356330294],[-51.035160842076174,-22.157393397011287],[-51.03517974884911,-22.157389358827231],[-51.035235819538165,-22.157374858995531],[-51.035270492663912,-22.157364570636659]]]}},
{"type":"Feature","properties":{"Field":"002","Length":101.988379948068,"Image":"../input/80379/80379.gpkg","Farm":"80379"},"geometry":{"type":"MultiLineString","coordinates":[[[-51.035266251400557,-22.157355696984801],[-51.035241474140086,-22.157362669672331],[-51.035213791686502,-22.157371009700746],[-51.035185677743826,-22.157377992184941],[-51.035176252710322,-22.157380122990386],[-51.035128697644247,-22.157388966674272],[-51.03511915517327,-22.157390581562488],[-51.035080784953365,-22.157395913338892],[-51.035071160590221,-22.157397029286084],[-51.035003485508753,-22.157402068022385],[-51.034993807568036,-22.157402658528198],[-51.034993031777276,-22.157402687032441]]]}},
{"type":"Feature","properties":{"Field":"002","Length":101.988379948068,"Image":"../input/80379/80379.gpkg","Farm":"80379"},"geometry":{"type":"MultiLineString","coordinates":[[[-51.034988295919504,-22.1573913239062],[-51.034996112345567,-22.157391014624231],[-51.035054151879464,-22.15738710143965],[-51.035102258946189,-22.157381427433041],[-51.035159506634855,-22.157371711741927],[-51.035169036848934,-22.15737003521588],[-51.035178500054244,-22.157368061791509],[-51.035187929708222,-22.157365948894242],[-51.035252782212609,-22.157347253769387],[-51.035261187415188,-22.157345102018283]]]}},
{"type":"Feature","properties":{"Field":"002","Length":101.988379948068,"Image":"../input/80379/80379.gpkg","Farm":"80379"},"geometry":{"type":"MultiLineString","coordinates":[[[-51.034984319523382,-22.15738178301768],[-51.035063221092507,-22.157376355928928],[-51.035092116120815,-22.157373180550707],[-51.035120807182665,-22.157368678703069],[-51.035149275923636,-22.157363083433893],[-51.035178044035504,-22.157359033310129],[-51.035257224822757,-22.157336811407038]]]}},
{"type":"Feature","properties":{"Field":"002","Length":101.988379948068,"Image":"../input/80379/80379.gpkg","Farm":"80379"},"geometry":{"type":"MultiLineString","coordinates":[[[-51.034979639457916,-22.15737055375843],[-51.035052798264175,-22.157365454065641],[-51.035100900954021,-22.157359744734194],[-51.035158287890653,-22.157350758154809],[-51.035167781840165,-22.157348982395629],[-51.035251513970181,-22.157324863052651]]]}},
{"type":"Feature","properties":{"Field":"002","Length":101.988379948068,"Image":"../input/80379/80379.gpkg","Farm":"80379"},"geometry":{"type":"MultiLineString","coordinates":[[[-51.034976053942707,-22.157361950742061],[-51.035042609687942,-22.157356963637042],[-51.035052265058539,-22.157356124318209],[-51.035090770523944,-22.157351719005515],[-51.035100374344495,-22.157350473201308],[-51.035119474754453,-22.157347323465022],[-51.035128985914852,-22.157345571546365],[-51.035138404864611,-22.15734341733857],[-51.035147886574372,-22.157341559374739],[-51.035157502080295,-22.157340378596704],[-51.035167071404615,-22.157338946950947],[-51.035176478809831,-22.157336763286189],[-51.035247695055908,-22.157316873047574]]]}},
{"type":"Feature","properties":{"Field":"002","Length":101.988379948068,"Image":"../input/80379/80379.gpkg","Farm":"80379"},"geometry":{"type":"MultiLineString","coordinates":[[[-51.034970836999449,-22.157349433308557],[-51.035032250764559,-22.157345596260537],[-51.035041905689681,-22.157344741714869],[-51.035061211545489,-22.157342988355442],[-51.035109274181565,-22.157336983494815],[-51.035147278323208,-22.157329732646165],[-51.035175583227051,-22.157323456506543],[-51.035222155120152,-22.157310869222542],[-51.035240550155272,-22.15730513769785],[-51.035241929884151,-22.157304811045567]]]}},
{"type":"Feature","properties":{"Field":"002","Length":101.988379948068,"Image":"../input/80379/80379.gpkg","Farm":"80379"},"geometry":{"type":"MultiLineString","coordinates":[[[-51.035238691145203,-22.15729803489435],[-51.035186486954423,-22.157311861229889],[-51.035129728914924,-22.15732382067436],[-51.035072296989078,-22.157332553156639],[-51.035043358843495,-22.157335372459407],[-51.034967254514456,-22.157340837562831]]]}},
{"type":"Feature","properties":{"Field":"002","Length":101.988379948068,"Image":"../input/80379/80379.gpkg","Farm":"80379"},"geometry":{"type":"MultiLineString","coordinates":[[[-51.035233006359796,-22.157286141078192],[-51.035174546037638,-22.15730155371746],[-51.035108254921077,-22.15731519933291],[-51.03505053442381,-22.157322085238103],[-51.034962143781833,-22.157328574969078]]]}},
{"type":"Feature","properties":{"Field":"002","Length":101.988379948068,"Image":"../input/80379/80379.gpkg","Farm":"80379"},"geometry":{"type":"MultiLineString","coordinates":[[[-51.035229418141952,-22.157278633740564],[-51.035183868216706,-22.157290699479226],[-51.035117541956978,-22.157304198220626],[-51.035059959988018,-22.157312027688935],[-51.03499234806587,-22.15731775474157],[-51.034958266817519,-22.157319272655311]]]}},
{"type":"Feature","properties":{"Field":"002","Length":101.988379948068,"Image":"../input/80379/80379.gpkg","Farm":"80379"},"geometry":{"type":"MultiLineString","coordinates":[[[-51.034953448640024,-22.157307712012727],[-51.034971516490764,-22.157306854634527],[-51.035048861172328,-22.157301120393988],[-51.035087333160774,-22.157296476278955],[-51.035134978255229,-22.157288071060748],[-51.035210340625241,-22.157270883188712],[-51.03522398595382,-22.157267268413246]]]}},
{"type":"Feature","properties":{"Field":"002","Length":101.988379948068,"Image":"../input/80379/80379.gpkg","Farm":"80379"},"geometry":{"type":"MultiLineString","coordinates":[[[-51.035219799940506,-22.15725851035657],[-51.035166816169067,-22.157272260229512],[-51.035138407695769,-22.157278117675002],[-51.035061931039117,-22.157290315116946],[-51.034994374242117,-22.157296581164918],[-51.034949437585432,-22.157298087965334]]]}},
{"type":"Feature","properties":{"Field":"002","Length":101.988379948068,"Image":"../input/80379/80379.gpkg","Farm":"80379"},"geometry":{"type":"MultiLineString","coordinates":[[[-51.034944220963467,-22.157285571302722],[-51.034999785332602,-22.15728339627465],[-51.035038404234442,-22.15727997140252],[-51.035048017020472,-22.157278776142721],[-51.035096057774169,-22.157272618125834],[-51.035124643607013,-22.157267570421684],[-51.035162430940098,-22.15725939129911],[-51.035213861692775,-22.15724608624172]]]}},
{"type":"Feature","properties":{"Field":"002","Length":101.988379948068,"Image":"../input/80379/80379.gpkg","Farm":"80379"},"geometry":{"type":"MultiLineString","coordinates":[[[-51.03494054973887,-22.157276762636897],[-51.034941362815736,-22.1572767538646],[-51.034989834862039,-22.15727541114077],[-51.03499950744952,-22.157274823671774],[-51.035047734524063,-22.157270095306085],[-51.035057354498221,-22.157268961083883],[-51.035105306825699,-22.157262231572837],[-51.035114831464305,-22.157260557866376],[-51.035171518776146,-22.15724831020016],[-51.03518091157823,-22.157246067908329],[-51.035210155989255,-22.157238333098327]]]}},
{"type":"Feature","properties":{"Field":"002","Length":101.988379948068,"Image":"../input/80379/80379.gpkg","Farm":"80379"},"geometry":{"type":"MultiLineString","coordinates":[[[-51.034935320366195,-22.157264215380472],[-51.034970015647417,-22.157262850461272],[-51.035037718211093,-22.157258146618723],[-51.03510507588301,-22.157250241028049],[-51.03513352355791,-22.157244556207406],[-51.035161657941302,-22.157237646841899],[-51.035204343845976,-22.157226172821613]]]}},
{"type":"Feature","properties":{"Field":"002","Length":101.988379948068,"Image":"../input/80379/80379.gpkg","Farm":"80379"},"geometry":{"type":"MultiLineString","coordinates":[[[-51.034931121584052,-22.157254140903195],[-51.034969798871053,-22.15725317086634],[-51.034979484697331,-22.157252705692379],[-51.035056808044082,-22.157246723905597],[-51.035066456438003,-22.15724580501281],[-51.035085699963354,-22.157243533734718],[-51.035095293880737,-22.157242209380623],[-51.03510484662263,-22.157240647974795],[-51.035114352237862,-22.157238854302829],[-51.035152099724428,-22.157230514280293],[-51.035161474659908,-22.157228199522372],[-51.035198654085946,-22.157217881628377],[-51.035200193189283,-22.157217488738734]]]}},
{"type":"Feature","properties":{"Field":"002","Length":101.988379948068,"Image":"../input/80379/80379.gpkg","Farm":"80379"},"geometry":{"type":"MultiLineString","coordinates":[[[-51.034880452358884,-22.15626166308736],[-51.03489379915127,-22.156255936554466],[-51.034911618404124,-22.156248808431663],[-51.034920419015677,-22.156245012887684],[-51.034929143712191,-22.156241067743803],[-51.034937633489598,-22.156236712495847],[-51.034953959735056,-22.156226961373974],[-51.034961949403211,-22.156221842711904],[-51.034969758701031,-22.156216486676655],[-51.034977403200529,-22.156210928197307],[-51.034999808417865,-22.156193637785925],[-51.035014423114895,-22.156181759766771],[-51.035041388698275,-22.156159131116233]]]}},
{"type":"Feature","properties":{"Field":"002","Length":101.988379948068,"Image":"../input/80379/80379.gpkg","Farm":"80379"},"geometry":{"type":"MultiLineString","coordinates":[[[-51.035034511820626,-22.156153002015575],[-51.03498416349494,-22.156193149539565],[-51.03494532450582,-22.156220196809219],[-51.03492900661189,-22.156229964752661],[-51.034903255963584,-22.156242581591844],[-51.034879554640746,-22.156252259489889]]]}},
{"type":"Feature","properties":{"Field":"002","Length":101.988379948068,"Image":"../input/80379/80379.gpkg","Farm":"80379"},"geometry":{"type":"MultiLineString","coordinates":[[[-51.035025077233854,-22.156144593325614],[-51.035007385676437,-22.15615783411608],[-51.034999935947297,-22.156163617156412],[-51.034970472887963,-22.156187126377432],[-51.034962876520829,-22.15619273526541],[-51.034939560632552,-22.156208948375863],[-51.034931512194085,-22.156213973632486],[-51.034923252698988,-22.156218709166296],[-51.034914779477987,-22.156223090577267],[-51.034906097879642,-22.15622711717165],[-51.034878357989051,-22.15623972456341]]]}},
{"type":"Feature","properties":{"Field":"002","Length":101.988379948068,"Image":"../input/80379/80379.gpkg","Farm":"80379"},"geometry":{"type":"MultiLineString","coordinates":[[[-51.035017735956473,-22.156138050323055],[-51.034967610475732,-22.156177452330542],[-51.034936586228916,-22.156199148348442],[-51.034920385165556,-22.156209083936041],[-51.03490338949117,-22.156217791464574],[-51.034877333049209,-22.156228988318574]]]}},
{"type":"Feature","properties":{"Field":"002","Length":101.988379948068,"Image":"../input/80379/80379.gpkg","Farm":"80379"},"geometry":{"type":"MultiLineString","coordinates":[[[-51.035007574971033,-22.156128994221469],[-51.03500708631087,-22.156129391903768],[-51.034962349476181,-22.156164057354861],[-51.034954808657872,-22.156169738767382],[-51.034923484669285,-22.156191057613331],[-51.034915386404194,-22.156196028905679],[-51.03490715580773,-22.156200807898319],[-51.034876047342365,-22.156215520539362]]]}},
{"type":"Feature","properties":{"Field":"002","Length":101.988379948068,"Image":"../input/80379/80379.gpkg","Farm":"80379"},"geometry":{"type":"MultiLineString","coordinates":[[[-51.034875110479035,-22.156205706895957],[-51.034891108634902,-22.156198712576654],[-51.034916302729833,-22.156185162541924],[-51.034924136222038,-22.156179846280196],[-51.034932231735354,-22.156174874976617],[-51.03494011051194,-22.156169608796429],[-51.034984856959781,-22.156134957622101],[-51.034992172711846,-22.156129026771715],[-51.035000095005827,-22.156122327611705]]]}},
{"type":"Feature","properties":{"Field":"002","Length":101.988379948068,"Image":"../input/80379/80379.gpkg","Farm":"80379"},"geometry":{"type":"MultiLineString","coordinates":[[[-51.034991538365126,-22.15611470140183],[-51.034991360874194,-22.156114851308683],[-51.034984081172531,-22.1561208195359],[-51.034947170296995,-22.156150116587156],[-51.034932098806216,-22.156161488236229],[-51.034924261465015,-22.15616679649774],[-51.034908052255268,-22.156176721132343],[-51.03489973900539,-22.156181364461908],[-51.034891205137569,-22.15618565714454],[-51.034882515841353,-22.156189661593334],[-51.034871559226794,-22.156194232133753]]]}},
{"type":"Feature","properties":{"Field":"002","Length":101.988379948068,"Image":"../input/80379/80379.gpkg","Farm":"80379"},"geometry":{"type":"MultiLineString","coordinates":[[[-51.034984236914688,-22.15610819389552],[-51.034950680560073,-22.156135373156406],[-51.034943264460175,-22.156141195275573],[-51.034920485721962,-22.156158057928689],[-51.034912674619093,-22.156163413108288],[-51.034904485386861,-22.156168253365713],[-51.034896142138848,-22.156172859737353],[-51.034878921993972,-22.156181176826717],[-51.034870242562889,-22.156185208321972],[-51.034868354377927,-22.156186021616186]]]}},
{"type":"Feature","properties":{"Field":"002","Length":101.988379948068,"Image":"../input/80379/80379.gpkg","Farm":"80379"},"geometry":{"type":"MultiLineString","coordinates":[[[-51.034975158163718,-22.156100102348539],[-51.034967528979301,-22.156106339664973],[-51.034952336689798,-22.156117571699184],[-51.03491581405035,-22.156147285969311],[-51.034907716652206,-22.156152238838402],[-51.034883117148063,-22.156166712803692],[-51.034865783111186,-22.156174810433665],[-51.034864215276563,-22.156175417632692]]]}},
{"type":"Feature","properties":{"Field":"002","Length":101.988379948068,"Image":"../input/80379/80379.gpkg","Farm":"80379"},"geometry":{"type":"MultiLineString","coordinates":[[[-51.034958681937816,-22.156100614568263],[-51.034956276068094,-22.156102624596254],[-51.034941076553864,-22.156113850272636],[-51.034919181634528,-22.156131699848757],[-51.034895975119575,-22.15614804830021],[-51.034862118868581,-22.156165691964013],[-51.034860644620636,-22.156166269952262]]]}}
]
}
