{
"type": "FeatureCollection",
"name": "LINHAS_6",
"crs": { "type": "name", "properties": { "name": "urn:ogc:def:crs:OGC:1.3:CRS84" } },
"xy_coordinate_resolution": 1e-15,
"features": [
{"type":"Feature","properties":{"FID_ROI":3,"id":0,"FID_LINHAS":1,"Shape_Leng":0.00026691388},"geometry":{"type":"MultiLineString","coordinates":[[[-52.937156831449464,-22.946769428872642,0.0],[-52.937151073370053,-22.94672285882449,0.0],[-52.937145537161804,-22.946683160124696,0.0],[-52.93713830346492,-22.946634809423877,0.0],[-52.937132051251524,-22.946593645757734,0.0],[-52.93712414515668,-22.946542680810538,0.0]]]}},
{"type":"Feature","properties":{"FID_ROI":3,"id":0,"FID_LINHAS":2,"Shape_Leng":0.00026854008},"geometry":{"type":"MultiLineString","coordinates":[[[-52.937185535934027,-22.946769510111746,0.0],[-52.937178950985306,-22.946714599076163,0.0],[-52.937174043422289,-22.946675022833968,0.0],[-52.937168618262056,-22.946632477706633,0.0],[-52.937163474873941,-22.946594151146684,0.0],[-52.937156182449939,-22.946542989157841,0.0]]]}},
{"type":"Feature","properties":{"FID_ROI":3,"id":0,"FID_LINHAS":3,"Shape_Leng":0.00028331943},"geometry":{"type":"MultiLineString","coordinates":[[[-52.937141376903995,-22.946769385133319,0.0],[-52.937137787086883,-22.946741979167555,0.0],[-52.93713311640014,-22.946706193785786,0.0],[-52.937126168238045,-22.946652893666091,0.0],[-52.937119276120924,-22.9466053165186,0.0],[-52.937109022012699,-22.946542535255681,0.0]]]}},
{"type":"Feature","properties":{"FID_ROI":3,"id":0,"FID_LINHAS":4,"Shape_Leng":0.00026890997},"geometry":{"type":"MultiLineString","coordinates":[[[-52.93723187905448,-22.946769641271541,0.0],[-52.937221983584237,-22.946690118145789,0.0],[-52.937215877185892,-22.946642814064557,0.0],[-52.93721026136938,-22.94660122131927,0.0],[-52.93720601616586,-22.946571175532231,0.0],[-52.937201704280071,-22.946543427289061,0.0]]]}},
{"type":"Feature","properties":{"FID_ROI":3,"id":0,"FID_LINHAS":5,"Shape_Leng":0.00025872912},"geometry":{"type":"MultiLineString","coordinates":[[[-52.93725520879795,-22.946769707299079,0.0],[-52.93724666131363,-22.946694560666163,0.0],[-52.937239367658464,-22.946638049205273,0.0],[-52.937226034177279,-22.946543661455525,0.0]]]}},
{"type":"Feature","properties":{"FID_ROI":3,"id":0,"FID_LINHAS":6,"Shape_Leng":0.00025729416},"geometry":{"type":"MultiLineString","coordinates":[[[-52.937348235737439,-22.946769970582874,0.0],[-52.937339213959774,-22.946702487685936,0.0],[-52.937331773114749,-22.946646132825137,0.0],[-52.937318472357319,-22.946544551139674,0.0]]]}},
{"type":"Feature","properties":{"FID_ROI":3,"id":0,"FID_LINHAS":7,"Shape_Leng":0.00025535788},"geometry":{"type":"MultiLineString","coordinates":[[[-52.9372770574317,-22.94676976913486,0.0],[-52.937268970247104,-22.946700715347038,0.0],[-52.937261876964456,-22.946644242927032,0.0],[-52.937248684301096,-22.946543879454833,0.0]]]}},
{"type":"Feature","properties":{"FID_ROI":3,"id":0,"FID_LINHAS":8,"Shape_Leng":0.0002586973},"geometry":{"type":"MultiLineString","coordinates":[[[-52.937440420387126,-22.946770231482798,0.0],[-52.937435214475499,-22.946723968017142,0.0],[-52.937429814659126,-22.946679993386958,0.0],[-52.93742248563413,-22.946622886437034,0.0],[-52.937417075292579,-22.946582112158659,0.0],[-52.937411837805406,-22.946545449748417,0.0]]]}},
{"type":"Feature","properties":{"FID_ROI":3,"id":0,"FID_LINHAS":9,"Shape_Leng":0.00026649634},"geometry":{"type":"MultiLineString","coordinates":[[[-52.937210428117012,-22.946769580561348,0.0],[-52.937202343887591,-22.946708948261769,0.0],[-52.937196079960088,-22.946662039996141,0.0],[-52.937188941591337,-22.946608644997937,0.0],[-52.937183938911005,-22.946572264352419,0.0],[-52.937179638423103,-22.946543214913167,0.0]]]}},
{"type":"Feature","properties":{"FID_ROI":3,"id":0,"FID_LINHAS":10,"Shape_Leng":0.00025248366},"geometry":{"type":"MultiLineString","coordinates":[[[-52.937371099300215,-22.946770035291113,0.0],[-52.937363060857365,-22.946699220438198,0.0],[-52.937355997480083,-22.946642908046716,0.0],[-52.937342845791079,-22.94654478572518,0.0]]]}},
{"type":"Feature","properties":{"FID_ROI":3,"id":0,"FID_LINHAS":11,"Shape_Leng":0.00016176875},"geometry":{"type":"MultiLineString","coordinates":[[[-52.937087348295918,-22.946769232222213,0.0],[-52.937081592040116,-22.946728235271777,0.0],[-52.937078364778571,-22.946704795420008,0.0],[-52.937074439249734,-22.94667547281513,0.0]]]}},
{"type":"Feature","properties":{"FID_ROI":3,"id":0,"FID_LINHAS":12,"Shape_Leng":0.00020826695},"geometry":{"type":"MultiLineString","coordinates":[[[-52.937095117244603,-22.94676925420978,0.0],[-52.937089459685453,-22.946722065798667,0.0],[-52.937085432096943,-22.946689680209502,0.0],[-52.937081148626035,-22.946656367971912,0.0],[-52.937077787027015,-22.946632125980386,0.0],[-52.937074127436311,-22.946609368362196,0.0]]]}},
{"type":"Feature","properties":{"FID_ROI":3,"id":0,"FID_LINHAS":13,"Shape_Leng":0.00025274455},"geometry":{"type":"MultiLineString","coordinates":[[[-52.937299872010371,-22.946769833704366,0.0],[-52.93729451810718,-22.946717292280088,0.0],[-52.937289783021996,-22.946677982727721,0.0],[-52.937283882120404,-22.946634391239169,0.0],[-52.937278502143208,-22.946595470693893,0.0],[-52.937271213563996,-22.946544096290893,0.0]]]}},
{"type":"Feature","properties":{"FID_ROI":3,"id":0,"FID_LINHAS":14,"Shape_Leng":0.00026247821},"geometry":{"type":"MultiLineString","coordinates":[[[-52.937119392612722,-22.946769322913667,0.0],[-52.93711144652773,-22.946711268177381,0.0],[-52.937105990149291,-22.946672071933531,0.0],[-52.93710037478241,-22.946632382603354,0.0],[-52.937094942996858,-22.946594984449224,0.0],[-52.937087070690517,-22.946542323982104,0.0]]]}},
{"type":"Feature","properties":{"FID_ROI":3,"id":0,"FID_LINHAS":15,"Shape_Leng":0.00024335389},"geometry":{"type":"MultiLineString","coordinates":[[[-52.937415930005585,-22.94677016217042,0.0],[-52.937409103998021,-22.946705248387737,0.0],[-52.937402283467122,-22.94664901448358,0.0],[-52.937388647882003,-22.946545226553798,0.0]]]}},
{"type":"Feature","properties":{"FID_ROI":3,"id":0,"FID_LINHAS":16,"Shape_Leng":0.00024761016},"geometry":{"type":"MultiLineString","coordinates":[[[-52.937323776089706,-22.946769901357449,0.0],[-52.937312968848005,-22.94667591564783,0.0],[-52.937305749989562,-22.946619521376114,0.0],[-52.937294900655928,-22.946544324270572,0.0]]]}},
{"type":"Feature","properties":{"FID_ROI":3,"id":0,"FID_LINHAS":17,"Shape_Leng":0.00025285318},"geometry":{"type":"MultiLineString","coordinates":[[[-52.937392381987202,-22.946770095525064,0.0],[-52.937380945282953,-22.946672680764941,0.0],[-52.937373659668552,-22.946616402385562,0.0],[-52.937363239529603,-22.946544982007548,0.0]]]}},
{"type":"Feature","properties":{"FID_ROI":3,"id":0,"FID_LINHAS":18,"Shape_Leng":0.00014289479},"geometry":{"type":"MultiLineString","coordinates":[[[-52.937448018242719,-22.946634052456343,0.0],[-52.937443680788988,-22.946603691541295,0.0],[-52.937440488757169,-22.946581597198072,0.0],[-52.937435250115449,-22.946545675083456,0.0]]]}},
{"type":"Feature","properties":{"FID_ROI":3,"id":0,"FID_LINHAS":20,"Shape_Leng":0.00025920233},"geometry":{"type":"MultiLineString","coordinates":[[[-52.937426081577257,-22.946545586839555,0.0],[-52.93743477020567,-22.946599992128426,0.0],[-52.937441270850556,-22.946648748740621,0.0],[-52.93745208415681,-22.946740613288323,0.0]]]}},
{"type":"Feature","properties":{"FID_ROI":3,"id":0,"FID_LINHAS":21,"Shape_Leng":0.00025338534},"geometry":{"type":"MultiLineString","coordinates":[[[-52.937217527227197,-22.946543579579242,0.0],[-52.937226533367834,-22.946606619688907,0.0],[-52.937231914796001,-22.946643385134085,0.0],[-52.937236673558587,-22.946674889284662,0.0],[-52.937241323392556,-22.946710402839514,0.0],[-52.937248134750561,-22.946769687278206,0.0]]]}},
{"type":"Feature","properties":{"FID_ROI":3,"id":0,"FID_LINHAS":22,"Shape_Leng":0.00026306678},"geometry":{"type":"MultiLineString","coordinates":[[[-52.937380120442711,-22.94654514448025,0.0],[-52.93738944405419,-22.946608019279019,0.0],[-52.937396477808107,-22.946664268271459,0.0],[-52.937408255458365,-22.946770140450017,0.0]]]}},
{"type":"Feature","properties":{"FID_ROI":3,"id":0,"FID_LINHAS":23,"Shape_Leng":0.000272998},"geometry":{"type":"MultiLineString","coordinates":[[[-52.937308889562317,-22.94654445890874,0.0],[-52.937316528352255,-22.946592000707504,0.0],[-52.937323792239567,-22.946648371344931,0.0],[-52.937337945111572,-22.946769941458438,0.0]]]}},
{"type":"Feature","properties":{"FID_ROI":3,"id":0,"FID_LINHAS":24,"Shape_Leng":0.00028415927},"geometry":{"type":"MultiLineString","coordinates":[[[-52.937133965682314,-22.946542775329508,0.0],[-52.937141502209116,-22.946593955371846,0.0],[-52.937148297405969,-22.946643138045314,0.0],[-52.937156863448465,-22.946707383364021,0.0],[-52.937162111773034,-22.946746992520755,0.0],[-52.937165007683021,-22.946769452012887,0.0]]]}},
{"type":"Feature","properties":{"FID_ROI":3,"id":0,"FID_LINHAS":25,"Shape_Leng":0.00027741202},"geometry":{"type":"MultiLineString","coordinates":[[[-52.937078780092442,-22.946542244188066,0.0],[-52.937086874117625,-22.946593394284356,0.0],[-52.937093950250571,-22.946642614639881,0.0],[-52.937102706499672,-22.946706955286736,0.0],[-52.937107807570484,-22.946746668273637,0.0],[-52.937109976409261,-22.946769296264051,0.0]]]}},
{"type":"Feature","properties":{"FID_ROI":3,"id":0,"FID_LINHAS":26,"Shape_Leng":0.00027324027},"geometry":{"type":"MultiLineString","coordinates":[[[-52.937333431128074,-22.946544695112419,0.0],[-52.937339938146337,-22.946582637111696,0.0],[-52.937347127981219,-22.946638965852944,0.0],[-52.93736219046761,-22.946770010077415,0.0]]]}},
{"type":"Feature","properties":{"FID_ROI":3,"id":0,"FID_LINHAS":27,"Shape_Leng":0.00027500765},"geometry":{"type":"MultiLineString","coordinates":[[[-52.9371003176933,-22.946542451479761,0.0],[-52.937111246803518,-22.946604724280277,0.0],[-52.937119207648792,-22.946661451173039,0.0],[-52.937132161074388,-22.946769359050805,0.0]]]}},
{"type":"Feature","properties":{"FID_ROI":3,"id":0,"FID_LINHAS":28,"Shape_Leng":0.000270772},"geometry":{"type":"MultiLineString","coordinates":[[[-52.937263467779538,-22.946544021740483,0.0],[-52.937270569467373,-22.946592167956961,0.0],[-52.937275839708192,-22.946629203499882,0.0],[-52.937281645731289,-22.946671177108076,0.0],[-52.93728637931261,-22.946711575699148,0.0],[-52.937291871021962,-22.946769811060079,0.0]]]}},
{"type":"Feature","properties":{"FID_ROI":3,"id":0,"FID_LINHAS":29,"Shape_Leng":0.00028342703},"geometry":{"type":"MultiLineString","coordinates":[[[-52.937239413092499,-22.946543790222744,0.0],[-52.937249136919107,-22.946607386636281,0.0],[-52.937254662472654,-22.946646716897394,0.0],[-52.937259231028676,-22.9466829798106,0.0],[-52.937263439918958,-22.946718270184334,0.0],[-52.937269213755769,-22.946769746935729,0.0]]]}},
{"type":"Feature","properties":{"FID_ROI":3,"id":0,"FID_LINHAS":30,"Shape_Leng":0.00027381978},"geometry":{"type":"MultiLineString","coordinates":[[[-52.937146590380671,-22.946542896837645,0.0],[-52.937154937634688,-22.946596555561641,0.0],[-52.937162977377753,-22.946653204078341,0.0],[-52.937178749352952,-22.946769490904444,0.0]]]}},
{"type":"Feature","properties":{"FID_ROI":3,"id":0,"FID_LINHAS":31,"Shape_Leng":0.00027259681},"geometry":{"type":"MultiLineString","coordinates":[[[-52.937403639795669,-22.946545370845488,0.0],[-52.937409457862557,-22.946589944188904,0.0],[-52.937413776824329,-22.946621172778908,0.0],[-52.937418536036596,-22.946653914396634,0.0],[-52.937423593403324,-22.946695265552869,0.0],[-52.937431626685097,-22.946770206594973,0.0]]]}},
{"type":"Feature","properties":{"FID_ROI":3,"id":0,"FID_LINHAS":32,"Shape_Leng":0.00029094959},"geometry":{"type":"MultiLineString","coordinates":[[[-52.937169255390181,-22.946543114980216,0.0],[-52.937178488030106,-22.946598508790956,0.0],[-52.93718480156231,-22.94664300472083,0.0],[-52.937191273533443,-22.946695067373419,0.0],[-52.937196151661034,-22.946733212549525,0.0],[-52.937201078087107,-22.94676955409896,0.0]]]}},
{"type":"Feature","properties":{"FID_ROI":3,"id":0,"FID_LINHAS":33,"Shape_Leng":0.00028356865},"geometry":{"type":"MultiLineString","coordinates":[[[-52.937354763288383,-22.946544900426762,0.0],[-52.937361974969306,-22.946594680899771,0.0],[-52.937367329538581,-22.946633450997926,0.0],[-52.937373230889847,-22.946677804212229,0.0],[-52.937378192889817,-22.946717503725683,0.0],[-52.937384226862804,-22.946770072444593,0.0]]]}},
{"type":"Feature","properties":{"FID_ROI":3,"id":0,"FID_LINHAS":34,"Shape_Leng":0.00029660274},"geometry":{"type":"MultiLineString","coordinates":[[[-52.937286272287686,-22.946544241225624,0.0],[-52.937293455964209,-22.94658951946618,0.0],[-52.937300971505913,-22.946645929233839,0.0],[-52.937316334454486,-22.946769880296252,0.0]]]}},
{"type":"Feature","properties":{"FID_ROI":3,"id":0,"FID_LINHAS":35,"Shape_Leng":0.00030202401},"geometry":{"type":"MultiLineString","coordinates":[[[-52.937191837617029,-22.946543332326002,0.0],[-52.937201550981676,-22.94659485140054,0.0],[-52.937207786884777,-22.946637484457337,0.0],[-52.937213783114558,-22.946688404521236,0.0],[-52.937218417723898,-22.946727802681949,0.0],[-52.937223327207249,-22.946769617068234,0.0]]]}},
{"type":"Feature","properties":{"FID_ROI":2,"id":0,"FID_LINHAS":36,"Shape_Leng":0.00037294896},"geometry":{"type":"MultiLineString","coordinates":[[[-52.922531285692045,-22.945081217404066,0.0],[-52.922546227027155,-22.945039344235269,0.0],[-52.92255292315383,-22.945021162396699,0.0],[-52.922556354517098,-22.945012714165429,0.0],[-52.922559733045205,-22.945004915019812,0.0],[-52.92256305873812,-22.944997764959844,0.0],[-52.922566797669532,-22.944990339707367,0.0],[-52.922570949839432,-22.944982639262371,0.0],[-52.922575721417388,-22.944974307268431,0.0],[-52.9225811124034,-22.944965343725549,0.0],[-52.922589867977997,-22.944951311828483,0.0],[-52.922601988141189,-22.944932211577232,0.0],[-52.922611032173336,-22.944918343581637,0.0],[-52.922617000074432,-22.944909707841692,0.0],[-52.922622913566549,-22.94490179493183,0.0],[-52.922628772649688,-22.944894604852056,0.0],[-52.922639373633132,-22.944882508296054,0.0],[-52.922654716516888,-22.944865505263827,0.0],[-52.922665164165927,-22.944854081850366,0.0],[-52.922670716580235,-22.944848238055673,0.0],[-52.922676121505745,-22.944842824586622,0.0],[-52.922681378942457,-22.944837841443217,0.0],[-52.922687599103398,-22.944832297122812,0.0],[-52.922694781988568,-22.944826191625417,0.0],[-52.922702300770538,-22.944820124124384,0.0],[-52.922710155449316,-22.944814094619705,0.0],[-52.922718482272145,-22.944807965290284,0.0],[-52.922727281239034,-22.944801736136114,0.0],[-52.922735798448571,-22.944795863387228,0.0],[-52.922748151626855,-22.944787588871822,0.0]]]}},
{"type":"Feature","properties":{"FID_ROI":2,"id":0,"FID_LINHAS":37,"Shape_Leng":0.00038117473},"geometry":{"type":"MultiLineString","coordinates":[[[-52.9225550107044,-22.945080692088986,0.0],[-52.922567831440077,-22.945047252845612,0.0],[-52.922575566284351,-22.945027902365769,0.0],[-52.922582488815792,-22.945011494235004,0.0],[-52.922588360039761,-22.944997990914477,0.0],[-52.922593179956266,-22.944987392404187,0.0],[-52.922597623056824,-22.944978103981267,0.0],[-52.92260168934142,-22.944970125645717,0.0],[-52.922605776310448,-22.944962592249766,0.0],[-52.922609883963915,-22.944955503793413,0.0],[-52.922613994090511,-22.944948861850463,0.0],[-52.922618106690237,-22.944942666420914,0.0],[-52.922622748091328,-22.944936100245823,0.0],[-52.922627918293756,-22.944929163325185,0.0],[-52.922634983817417,-22.944920183369714,0.0],[-52.922643944662283,-22.944909160379417,0.0],[-52.922652886171726,-22.944898615828428,0.0],[-52.922661808345751,-22.944888549716751,0.0],[-52.922670699268323,-22.944878963843056,0.0],[-52.922679558939457,-22.944869858207344,0.0],[-52.922688652659147,-22.944860954919083,0.0],[-52.922697980427387,-22.944852253978269,0.0],[-52.922707069650471,-22.944844151761128,0.0],[-52.9227159203284,-22.944836648267657,0.0],[-52.922724957615657,-22.944829344423681,0.0],[-52.922734181512233,-22.944822240229207,0.0],[-52.922742249105497,-22.944816252767858,0.0],[-52.922749160395433,-22.944811382039639,0.0],[-52.922760598153289,-22.944803607225644,0.0],[-52.922784544491932,-22.944787588875997,0.0]]]}},
{"type":"Feature","properties":{"FID_ROI":2,"id":0,"FID_LINHAS":38,"Shape_Leng":0.00039395874},"geometry":{"type":"MultiLineString","coordinates":[[[-52.922577770751936,-22.945080187801263,0.0],[-52.922589232383238,-22.945050458087373,0.0],[-52.92259519196449,-22.945035607532255,0.0],[-52.922599470039458,-22.945025726231275,0.0],[-52.922603758906291,-22.94501631572539,0.0],[-52.922608058565018,-22.945007376014594,0.0],[-52.922614234209526,-22.944995238764257,0.0],[-52.922622285839822,-22.944979903974378,0.0],[-52.922628994107782,-22.94496751716218,0.0],[-52.922634359013408,-22.944958078327662,0.0],[-52.922639442206432,-22.944949735541869,0.0],[-52.922644243686847,-22.944942488804791,0.0],[-52.922649514388524,-22.944935281188243,0.0],[-52.922655254311465,-22.944928112692224,0.0],[-52.922662649436646,-22.944919689417102,0.0],[-52.922671699764052,-22.944910011362879,0.0],[-52.922683784628902,-22.944897709536608,0.0],[-52.922698904031165,-22.944882783938297,0.0],[-52.922711554344737,-22.944870709640512,0.0],[-52.922721735569624,-22.944861486643255,0.0],[-52.922731997283812,-22.944852646982032,0.0],[-52.922742339487307,-22.944844190656838,0.0],[-52.922753635421849,-22.944835463410865,0.0],[-52.922765885087443,-22.944826465244123,0.0],[-52.922778919636372,-22.944817367927133,0.0],[-52.922792739068633,-22.944808171459901,0.0],[-52.922805622531442,-22.94479997458912,0.0],[-52.922817570024797,-22.944792777314785,0.0],[-52.922824270593736,-22.944788781222194,0.0],[-52.922826451060544,-22.944787588855924,0.0]]]}},
{"type":"Feature","properties":{"FID_ROI":2,"id":0,"FID_LINHAS":39,"Shape_Leng":0.00041240449},"geometry":{"type":"MultiLineString","coordinates":[[[-52.922605985174464,-22.945079563311204,0.0],[-52.922609617314059,-22.945068804616604,0.0],[-52.922613332863989,-22.945058785984145,0.0],[-52.922618342537461,-22.945045921182299,0.0],[-52.922623887532367,-22.945032830425752,0.0],[-52.922629967848721,-22.945019513714509,0.0],[-52.922636603271599,-22.945005997578633,0.0],[-52.922643793801001,-22.94499228201812,0.0],[-52.922650031498719,-22.944980967872301,0.0],[-52.922655316364725,-22.944972055141172,0.0],[-52.922660552442522,-22.944963808358025,0.0],[-52.922665739732103,-22.944956227522866,0.0],[-52.922676753279532,-22.944941651985644,0.0],[-52.922693593084816,-22.944920081746361,0.0],[-52.922704743329192,-22.944906066037099,0.0],[-52.922710204012652,-22.944899604857866,0.0],[-52.922715817356043,-22.94489354410177,0.0],[-52.922721583359362,-22.944887883768807,0.0],[-52.922728138967415,-22.944882116191682,0.0],[-52.922735484180208,-22.944876241370388,0.0],[-52.92274975484726,-22.944865838462608,0.0],[-52.922770950968562,-22.944850907468343,0.0],[-52.922789212602034,-22.944838254681656,0.0],[-52.922804539747673,-22.944827880102551,0.0],[-52.922816064784527,-22.944820306461946,0.0],[-52.922823787712602,-22.944815533759851,0.0],[-52.922831273669303,-22.94481114709173,0.0],[-52.922838522654622,-22.944807146457595,0.0],[-52.922846973583887,-22.944802729437356,0.0],[-52.922856626457111,-22.944797896031016,0.0],[-52.922865638274978,-22.944793506714127,0.0],[-52.922878194418765,-22.944787588872977,0.0]]]}},
{"type":"Feature","properties":{"FID_ROI":2,"id":0,"FID_LINHAS":40,"Shape_Leng":0.00043477717},"geometry":{"type":"MultiLineString","coordinates":[[[-52.922627941226018,-22.945079076919566,0.0],[-52.922632952023925,-22.945064051959825,0.0],[-52.922636796176121,-22.94505363399298,0.0],[-52.922641143948582,-22.945042814699114,0.0],[-52.92264590226155,-22.945032148964486,0.0],[-52.922651071115027,-22.945021636789093,0.0],[-52.922659093292509,-22.945006358206847,0.0],[-52.922669968793983,-22.944986313217754,0.0],[-52.922677520401187,-22.944972904326047,0.0],[-52.922681748114123,-22.944966131531721,0.0],[-52.922686174802067,-22.944959698456294,0.0],[-52.922690800465034,-22.944953605099766,0.0],[-52.922696203142223,-22.944947104575181,0.0],[-52.922702382833663,-22.944940196882538,0.0],[-52.922709705788257,-22.944932484071838,0.0],[-52.922718172006029,-22.944923966143076,0.0],[-52.922727138471657,-22.944915389533541,0.0],[-52.922736605185158,-22.944906754243238,0.0],[-52.922749657720473,-22.944895384789103,0.0],[-52.922766296077626,-22.944881281171142,0.0],[-52.922779515437206,-22.944870340243956,0.0],[-52.922789315799236,-22.944862562007543,0.0],[-52.922797929056145,-22.944856111170502,0.0],[-52.922805355207927,-22.944850987732828,0.0],[-52.92281979000127,-22.944842134356975,0.0],[-52.922841233436159,-22.94482955104294,0.0],[-52.92285490740305,-22.944821664887922,0.0],[-52.922860811901941,-22.944818475891921,0.0],[-52.922867177753034,-22.944815286446278,0.0],[-52.922874004956327,-22.944812096550997,0.0],[-52.922886746326242,-22.944806487254571,0.0],[-52.922905401862778,-22.944798458556996,0.0],[-52.922918431850377,-22.94479273037431,0.0],[-52.92292953850837,-22.944787588872622,0.0]]]}},
{"type":"Feature","properties":{"FID_ROI":2,"id":0,"FID_LINHAS":41,"Shape_Leng":0.00046586139},"geometry":{"type":"MultiLineString","coordinates":[[[-52.922652436957684,-22.945078534526591,0.0],[-52.922659787568406,-22.945060198564242,0.0],[-52.92266625099662,-22.945045840243289,0.0],[-52.922674277445907,-22.945029347576277,0.0],[-52.922681529129221,-22.945015017553953,0.0],[-52.922688006046585,-22.945002850176316,0.0],[-52.922694710942089,-22.9449913444749,0.0],[-52.922701643815742,-22.944980500449709,0.0],[-52.922708501371176,-22.944970573508151,0.0],[-52.92271528360839,-22.944961563650232,0.0],[-52.922722454352744,-22.94495282538756,0.0],[-52.922730013604237,-22.94494435872015,0.0],[-52.922737530587561,-22.944936509212503,0.0],[-52.922745005302716,-22.944929276864627,0.0],[-52.922757245525418,-22.944917997792352,0.0],[-52.922774251255667,-22.944902671995674,0.0],[-52.922784869101406,-22.944893328938925,0.0],[-52.922789099062634,-22.9448899686221,0.0],[-52.922793692349984,-22.944886506007393,0.0],[-52.92279864896345,-22.944882941094807,0.0],[-52.922812185783719,-22.944873808254613,0.0],[-52.92283430281077,-22.944859107486806,0.0],[-52.922850629328018,-22.944848597334882,0.0],[-52.922861165335469,-22.944842277798831,0.0],[-52.922872049605353,-22.94483617140213,0.0],[-52.922883282137676,-22.944830278144785,0.0],[-52.92289484921784,-22.944824630627174,0.0],[-52.922906750845833,-22.944819228849305,0.0],[-52.92292453493932,-22.944811752110631,0.0],[-52.922948201498301,-22.944802200411157,0.0],[-52.922965467357415,-22.944795687296065,0.0],[-52.922976332516676,-22.944792212765357,0.0],[-52.922984578508562,-22.944789753838982,0.0],[-52.922993018745345,-22.944787588855924,0.0]]]}},
{"type":"Feature","properties":{"FID_ROI":2,"id":0,"FID_LINHAS":42,"Shape_Leng":0.00044335227},"geometry":{"type":"MultiLineString","coordinates":[[[-52.922676834667314,-22.94507799411825,0.0],[-52.922683837913567,-22.9450595117281,0.0],[-52.92268855058613,-22.945048298315278,0.0],[-52.922693307100424,-22.945038193083072,0.0],[-52.92269902858726,-22.945027426624371,0.0],[-52.922705715046646,-22.945015998939169,0.0],[-52.92271327812022,-22.945004103831316,0.0],[-52.92272171780796,-22.944991741300807,0.0],[-52.922727870519751,-22.944983050702213,0.0],[-52.922731736255571,-22.944978032035529,0.0],[-52.922735714181826,-22.94497309160986,0.0],[-52.922739804298516,-22.944968229425207,0.0],[-52.922748342911689,-22.944958762037199,0.0],[-52.922761330021338,-22.944944689445837,0.0],[-52.922771170403152,-22.944934561730616,0.0],[-52.922777864057153,-22.944928378891532,0.0],[-52.922787010612019,-22.94492056985338,0.0],[-52.922798610067773,-22.94491113461617,0.0],[-52.922807889947123,-22.944903693175906,0.0],[-52.922814850250077,-22.944898245532592,0.0],[-52.922821224644736,-22.944893419320827,0.0],[-52.922827013131091,-22.944889214540613,0.0],[-52.922833041061956,-22.944885031119291,0.0],[-52.922839308437332,-22.944880869056867,0.0],[-52.922845953303096,-22.944876637746631,0.0],[-52.922852975659261,-22.944872337188585,0.0],[-52.9228631110187,-22.944866529366806,0.0],[-52.922876359381419,-22.944859214281294,0.0],[-52.922893984969363,-22.94485016710151,0.0],[-52.922915987782531,-22.944839387827457,0.0],[-52.922931433189021,-22.944832081060667,0.0],[-52.922940321188833,-22.944828246801134,0.0],[-52.922953913767074,-22.944823030058785,0.0],[-52.922972210923746,-22.944816430833619,0.0],[-52.922986009221894,-22.944811688033976,0.0],[-52.922995308661513,-22.94480880165986,0.0],[-52.923001390770196,-22.944806975361502,0.0],[-52.923005687936822,-22.944805826027608,0.0]]]}},
{"type":"Feature","properties":{"FID_ROI":2,"id":0,"FID_LINHAS":43,"Shape_Leng":0.00040334579},"geometry":{"type":"MultiLineString","coordinates":[[[-52.922704241507489,-22.945077387114114,0.0],[-52.922711870006786,-22.94505996769394,0.0],[-52.922716911156506,-22.945049262838182,0.0],[-52.92272190778975,-22.945039466073453,0.0],[-52.92272739837567,-22.945029699660864,0.0],[-52.922733382914267,-22.945019963600412,0.0],[-52.922740524430644,-22.945009167014412,0.0],[-52.92274882292481,-22.944997309902853,0.0],[-52.922755928917958,-22.944987558778742,0.0],[-52.92276184241009,-22.944979913642086,0.0],[-52.922767687328907,-22.944972911520651,0.0],[-52.922773463674403,-22.944966552414428,0.0],[-52.922780986053652,-22.94495896146185,0.0],[-52.922790254466669,-22.944950138662918,0.0],[-52.922799588755012,-22.944941646140009,0.0],[-52.922808988918675,-22.944933483893131,0.0],[-52.922818965322961,-22.944925378978038,0.0],[-52.922829517967855,-22.944917331394723,0.0],[-52.922840501612825,-22.944909504145276,0.0],[-52.922851916257869,-22.944901897229691,0.0],[-52.922864698097285,-22.944893904729827,0.0],[-52.922878847131045,-22.944885526645692,0.0],[-52.92289369111591,-22.944877164299676,0.0],[-52.922909230051872,-22.944868817691781,0.0],[-52.922923399770028,-22.944861538803956,0.0],[-52.922936200270378,-22.944855327636198,0.0],[-52.922947745092323,-22.944850032427972,0.0],[-52.922958034235855,-22.944845653179275,0.0],[-52.922968291003805,-22.944841680199307,0.0],[-52.92297851539616,-22.944838113488068,0.0],[-52.922989037278192,-22.944834724393619,0.0],[-52.923005266335757,-22.944829907177127,0.0]]]}},
{"type":"Feature","properties":{"FID_ROI":2,"id":0,"FID_LINHAS":44,"Shape_Leng":0.00036777619},"geometry":{"type":"MultiLineString","coordinates":[[[-52.922729427918405,-22.945076829428839,0.0],[-52.922739038750002,-22.945057122887043,0.0],[-52.922745117493136,-22.945045022309881,0.0],[-52.922750867758324,-22.945033958850082,0.0],[-52.922755774909078,-22.94502500542464,0.0],[-52.922759838945389,-22.945018162033541,0.0],[-52.922764184919167,-22.945011471302351,0.0],[-52.922768812830427,-22.945004933231068,0.0],[-52.922773949308294,-22.944998267456047,0.0],[-52.922779594352761,-22.944991473977289,0.0],[-52.922785750886646,-22.94498459933472,0.0],[-52.922792418909935,-22.944977643528347,0.0],[-52.922800705263271,-22.944969549629953,0.0],[-52.922810609946659,-22.944960317639534,0.0],[-52.922821827640206,-22.944950176659326,0.0],[-52.922834358343934,-22.944939126689313,0.0],[-52.92284279960549,-22.944931964263706,0.0],[-52.922847151424875,-22.9449286893825,0.0],[-52.922851797097721,-22.944925468685433,0.0],[-52.922856736624027,-22.944922302172515,0.0],[-52.922865389001416,-22.944917226398893,0.0],[-52.922877754229901,-22.94491024136456,0.0],[-52.922889687109326,-22.944903339292669,0.0],[-52.922901187639667,-22.944896520183217,0.0],[-52.922910251232082,-22.944891360997449,0.0],[-52.92291687788655,-22.944887861735367,0.0],[-52.922925801634378,-22.944883607267613,0.0],[-52.922937022475573,-22.94487859759418,0.0],[-52.922954309243941,-22.944871584231201,0.0],[-52.922977661939498,-22.944862567178674,0.0],[-52.922993225391977,-22.944856445718514,0.0],[-52.923004886706096,-22.944851606916821,0.0]]]}},
{"type":"Feature","properties":{"FID_ROI":2,"id":0,"FID_LINHAS":45,"Shape_Leng":0.00033282743},"geometry":{"type":"MultiLineString","coordinates":[[[-52.922753099873908,-22.945076305150884,0.0],[-52.922762225071175,-22.945057197537459,0.0],[-52.92276661488733,-22.945048225919813,0.0],[-52.922769311054793,-22.945043021093461,0.0],[-52.922772478017379,-22.945037473850242,0.0],[-52.922776115775072,-22.945031584190151,0.0],[-52.922780200495808,-22.945025542094992,0.0],[-52.922784732179593,-22.94501934756477,0.0],[-52.922790468730099,-22.945012068901811,0.0],[-52.922797410147311,-22.945003706106107,0.0],[-52.922804134603084,-22.944996072435767,0.0],[-52.92281064209741,-22.944989167890789,0.0],[-52.922817675470291,-22.94498225142976,0.0],[-52.922825234721742,-22.944975323052692,0.0],[-52.922833684976524,-22.944968025054262,0.0],[-52.922843026234645,-22.944960357434478,0.0],[-52.922852420327928,-22.944953018516916,0.0],[-52.922861867256366,-22.944946008301574,0.0],[-52.922871367244788,-22.944939349496313,0.0],[-52.922880920293181,-22.944933042101127,0.0],[-52.922891425498818,-22.944926517294853,0.0],[-52.922902882861706,-22.944919775077491,0.0],[-52.922914966152717,-22.944913001159019,0.0],[-52.922927675371852,-22.944906195539446,0.0],[-52.922939068882854,-22.944900354442748,0.0],[-52.922949146685717,-22.944895477868936,0.0],[-52.922959177274166,-22.944890899420407,0.0],[-52.922969160648201,-22.944886619097151,0.0],[-52.922979417191307,-22.944882495480748,0.0],[-52.922989946903478,-22.944878528571195,0.0],[-52.922997535330808,-22.944875752138287,0.0],[-52.923004506044549,-22.944873373203905,0.0]]]}},
{"type":"Feature","properties":{"FID_ROI":2,"id":0,"FID_LINHAS":46,"Shape_Leng":0.00031096625},"geometry":{"type":"MultiLineString","coordinates":[[[-52.922766921560729,-22.945075998765301,0.0],[-52.922770722317104,-22.945068510405171,0.0],[-52.922773967969228,-22.945062545375144,0.0],[-52.922777925435895,-22.945055607555183,0.0],[-52.922782853495853,-22.945047550304139,0.0],[-52.92278875214911,-22.945038373622012,0.0],[-52.922794417428335,-22.945029990816408,0.0],[-52.922799849333522,-22.945022401887321,0.0],[-52.922805035274109,-22.945015612455524,0.0],[-52.92280997525009,-22.945009622521024,0.0],[-52.922815231562609,-22.945003664287626,0.0],[-52.922820804211668,-22.944997737755337,0.0],[-52.922826682180578,-22.944991859561629,0.0],[-52.922832865469346,-22.944986029706499,0.0],[-52.922839339463934,-22.944980258981754,0.0],[-52.922846104164336,-22.944974547387403,0.0],[-52.922853148104238,-22.944968895597988,0.0],[-52.922860471283634,-22.944963303613513,0.0],[-52.922868193537205,-22.94495767048506,0.0],[-52.922876314864936,-22.94495199621263,0.0],[-52.922884412135836,-22.94494655801223,0.0],[-52.922892485349898,-22.944941355883856,0.0],[-52.92289997692739,-22.944936768217254,0.0],[-52.922906886868311,-22.944932795012424,0.0],[-52.922915573644765,-22.944928214315578,0.0],[-52.922926037256751,-22.944923026126723,0.0],[-52.922942598272222,-22.94491544461706,0.0],[-52.922965256691178,-22.944905469786583,0.0],[-52.922983503884893,-22.944897248874454,0.0],[-52.923004257837583,-22.944887548383779,0.0]]]}},
{"type":"Feature","properties":{"FID_ROI":2,"id":0,"FID_LINHAS":47,"Shape_Leng":0.00029716755},"geometry":{"type":"MultiLineString","coordinates":[[[-52.922776040680588,-22.945075797063001,0.0],[-52.922778940994981,-22.945069684856193,0.0],[-52.922781684826809,-22.94506445126337,0.0],[-52.92278523894754,-22.945058058882253,0.0],[-52.922789055445477,-22.945051798926322,0.0],[-52.922793134320621,-22.945045671395576,0.0],[-52.922799039269172,-22.945037309274355,0.0],[-52.922806770291132,-22.945026712562672,0.0],[-52.92281264983383,-22.945018928930356,0.0],[-52.922816677897266,-22.945013958377409,0.0],[-52.922820788023863,-22.945009257171428,0.0],[-52.922824980213612,-22.945004825312413,0.0],[-52.922829584967317,-22.945000295427278,0.0],[-52.922834602285,-22.944995667516029,0.0],[-52.922840141883952,-22.944990841753906,0.0],[-52.922846203764195,-22.944985818140907,0.0],[-52.922855598981627,-22.944978359388692,0.0],[-52.922868327536236,-22.944968465497254,0.0],[-52.922878288876895,-22.944960869148773,0.0],[-52.922885483003618,-22.944955570343243,0.0],[-52.922892672633708,-22.944950536163237,0.0],[-52.92289985776717,-22.944945766608754,0.0],[-52.922907189040473,-22.944941194005814,0.0],[-52.9229146664536,-22.944936818354414,0.0],[-52.922922270895988,-22.944932643926322,0.0],[-52.922930002367629,-22.944928670721538,0.0],[-52.922938312328192,-22.94492466604046,0.0],[-52.922947200777685,-22.944920629883097,0.0],[-52.922957774106983,-22.944916064474711,0.0],[-52.922970032316101,-22.944910969815304,0.0],[-52.922983142414665,-22.944905666063669,0.0],[-52.923004085396677,-22.944897396797863,0.0]]]}},
{"type":"Feature","properties":{"FID_ROI":2,"id":0,"FID_LINHAS":48,"Shape_Leng":0.00027179488},"geometry":{"type":"MultiLineString","coordinates":[[[-52.922796322196966,-22.94507534765005,0.0],[-52.922799623829668,-22.945069054493455,0.0],[-52.92280263453393,-22.945063665255912,0.0],[-52.92280645485399,-22.945057082218547,0.0],[-52.922810381294056,-22.945050751441002,0.0],[-52.922814413854113,-22.94504467292327,0.0],[-52.922818637969748,-22.94503870839462,0.0],[-52.922823053640954,-22.945032857855058,0.0],[-52.922828095914824,-22.945026589580401,0.0],[-52.922833764791342,-22.945019903570653,0.0],[-52.922839501341869,-22.945013494327252,0.0],[-52.922845305566391,-22.945007361850195,0.0],[-52.922851159478434,-22.945001505914679,0.0],[-52.922857063077998,-22.944995926520711,0.0],[-52.922863399925959,-22.944990270684379,0.0],[-52.922870170022307,-22.944984538405681,0.0],[-52.922877230599674,-22.944978852217226,0.0],[-52.92288458165806,-22.94497321211902,0.0],[-52.922891912032057,-22.944967824055801,0.0],[-52.922899221721664,-22.944962688027573,0.0],[-52.92290634974821,-22.944957904533595,0.0],[-52.922913296111695,-22.944953473573864,0.0],[-52.922920512496631,-22.944949115459238,0.0],[-52.922927998903013,-22.944944830189719,0.0],[-52.922935749260418,-22.944940618439748,0.0],[-52.922943763568831,-22.944936480209329,0.0],[-52.922952354792343,-22.944932252946053,0.0],[-52.922961522930947,-22.944927936649933,0.0],[-52.922975547387225,-22.944921781695765,0.0],[-52.923003868548179,-22.944909791277439,0.0]]]}},
{"type":"Feature","properties":{"FID_ROI":2,"id":0,"FID_LINHAS":49,"Shape_Leng":0.00025938223},"geometry":{"type":"MultiLineString","coordinates":[[[-52.922804657111058,-22.945075163174948,0.0],[-52.922806286681194,-22.945071823027856,0.0],[-52.922808363440161,-22.945067934787325,0.0],[-52.922811430577994,-22.945062385070994,0.0],[-52.922814711529668,-22.94505694642093,0.0],[-52.922818206295169,-22.945051618837134,0.0],[-52.922822016273017,-22.945046254381122,0.0],[-52.92282614146319,-22.945040853052895,0.0],[-52.922831042768337,-22.945034842434005,0.0],[-52.922836720188428,-22.945028222524449,0.0],[-52.922842707424955,-22.945021610259115,0.0],[-52.922849004477925,-22.945015005637998,0.0],[-52.922855482744289,-22.945008556599582,0.0],[-52.922862142224062,-22.94500226314387,0.0],[-52.922869117815523,-22.944996003637602,0.0],[-52.922876409518672,-22.944989778080775,0.0],[-52.922883397700637,-22.944984065137479,0.0],[-52.92289008236142,-22.944978864807712,0.0],[-52.922896879662275,-22.944973794879679,0.0],[-52.922903789603204,-22.94496885535338,0.0],[-52.922910324751669,-22.94496437942755,0.0],[-52.922916485107677,-22.94496036710219,0.0],[-52.922922750909194,-22.944956504064322,0.0],[-52.922929122156233,-22.944952790313948,0.0],[-52.922935933396559,-22.944949037443067,0.0],[-52.922943184630185,-22.944945245451681,0.0],[-52.922951039308934,-22.944941323283423,0.0],[-52.922959497432814,-22.944937270938297,0.0],[-52.922973727678887,-22.944930839887185,0.0],[-52.923003731231269,-22.944917625251531,0.0]]]}},
{"type":"Feature","properties":{"FID_ROI":2,"id":0,"FID_LINHAS":50,"Shape_Leng":0.00023389457},"geometry":{"type":"MultiLineString","coordinates":[[[-52.922823732633461,-22.945074740606124,0.0],[-52.922831533124779,-22.945061600012579,0.0],[-52.922837700449456,-22.945052264550263,0.0],[-52.922844834771254,-22.945042354021332,0.0],[-52.922850261505317,-22.945035136961916,0.0],[-52.922853980651645,-22.945030613372012,0.0],[-52.922857623580427,-22.945026402746208,0.0],[-52.922861190291655,-22.945022505084506,0.0],[-52.922864666845854,-22.945018920611673,0.0],[-52.922868053243022,-22.945015649327718,0.0],[-52.922871666943827,-22.945012392657762,0.0],[-52.922875507948277,-22.945009150601805,0.0],[-52.922886469335026,-22.945000750034566,0.0],[-52.922904551104089,-22.944987190956038,0.0],[-52.922917196921034,-22.944978014948351,0.0],[-52.922924406785882,-22.944973222011505,0.0],[-52.922931976604367,-22.944968405692293,0.0],[-52.922939906376484,-22.944963565990722,0.0],[-52.922947794330156,-22.944958929985589,0.0],[-52.922955640465368,-22.944954497676886,0.0],[-52.922963184203532,-22.944950439935809,0.0],[-52.922970425544662,-22.944946756762356,0.0],[-52.922977626865958,-22.944943314157555,0.0],[-52.922984788167412,-22.944940112121408,0.0],[-52.922992144822302,-22.944936985178238,0.0],[-52.923003472834765,-22.944932407402945,0.0]]]}},
{"type":"Feature","properties":{"FID_ROI":2,"id":0,"FID_LINHAS":51,"Shape_Leng":0.00022180883},"geometry":{"type":"MultiLineString","coordinates":[[[-52.922832624225812,-22.94507378442681,0.0],[-52.922836595632283,-22.945066029798205,0.0],[-52.922839288877071,-22.945061212804688,0.0],[-52.922842027762321,-22.94505674857006,0.0],[-52.922844905368031,-22.945052360552957,0.0],[-52.922847921694199,-22.945048048753371,0.0],[-52.922851078989069,-22.945043826661184,0.0],[-52.922854377252641,-22.945039694276396,0.0],[-52.922857926427085,-22.945035538284401,0.0],[-52.922861726512394,-22.945031358685199,0.0],[-52.922865661720842,-22.945027287454316,0.0],[-52.922869732052426,-22.945023324591745,0.0],[-52.922874049023093,-22.945019362403634,0.0],[-52.922878612632857,-22.945015400889982,0.0],[-52.922884789851167,-22.945010474403809,0.0],[-52.922892580678038,-22.94500458294511,0.0],[-52.92290274773859,-22.944997352395859,0.0],[-52.922915291032808,-22.944988782756063,0.0],[-52.922926223641255,-22.944981161226547,0.0],[-52.922935545563909,-22.944974487807304,0.0],[-52.922942336794328,-22.944969778057761,0.0],[-52.922946597332526,-22.94496703197791,0.0],[-52.922951396789465,-22.944964165164055,0.0],[-52.922956735165158,-22.9449611776162,0.0],[-52.92296290698755,-22.944957918248271,0.0],[-52.922969912256626,-22.94495438706026,0.0],[-52.92298090124936,-22.944949176612322,0.0],[-52.92300336032396,-22.944938842050515,0.0]]]}},
{"type":"Feature","properties":{"FID_ROI":2,"id":0,"FID_LINHAS":52,"Shape_Leng":0.00035487578},"geometry":{"type":"MultiLineString","coordinates":[[[-52.922526673128111,-22.945067242758359,0.0],[-52.92252871207053,-22.94506043174334,0.0],[-52.922531179570221,-22.945053150832223,0.0],[-52.922534755274668,-22.945043129686663,0.0],[-52.922538756583286,-22.945033023779995,0.0],[-52.922543183496074,-22.945022833112223,0.0],[-52.922549118347106,-22.945010011252982,0.0],[-52.922556561136382,-22.944994558202275,0.0],[-52.92256307177832,-22.9449815106132,0.0],[-52.922568650272915,-22.944970868485754,0.0],[-52.92257416851298,-22.944960912765858,0.0],[-52.922579626498518,-22.944951643453518,0.0],[-52.922586015956831,-22.944941400625066,0.0],[-52.922593336887935,-22.944930184280501,0.0],[-52.92260098921922,-22.944918909030349,0.0],[-52.92260897295067,-22.944907574874602,0.0],[-52.922615533280172,-22.944898678780941,0.0],[-52.922620670207721,-22.94489222074936,0.0],[-52.922626723094758,-22.944885079907486,0.0],[-52.922633691941279,-22.944877256255321,0.0],[-52.922644193324821,-22.944865822724488,0.0],[-52.922658227245378,-22.94485077931499,0.0],[-52.922669494851291,-22.944839134218633,0.0],[-52.922677996142561,-22.944830887435423,0.0],[-52.922685785170785,-22.944823769751089,0.0],[-52.922692861935957,-22.944817781165646,0.0],[-52.922700283366318,-22.944811835522778,0.0],[-52.922708049461868,-22.94480593282249,0.0],[-52.92271649566969,-22.944799812036635,0.0],[-52.922725621989784,-22.944793473165209,0.0],[-52.922731223820989,-22.944789625012611,0.0],[-52.922734339834435,-22.944787588861963,0.0]]]}},
{"type":"Feature","properties":{"FID_ROI":2,"id":0,"FID_LINHAS":53,"Shape_Leng":0.00016224554},"geometry":{"type":"MultiLineString","coordinates":[[[-52.922869301179198,-22.945056720480377,0.0],[-52.922872461920001,-22.94505303386763,0.0],[-52.922876740019476,-22.94504848065278,0.0],[-52.922883189057892,-22.945041831964911,0.0],[-52.922889524332064,-22.945035836409659,0.0],[-52.922895745841991,-22.945030493987023,0.0],[-52.922902823731334,-22.945024957985343,0.0],[-52.922910758000086,-22.945019228404622,0.0],[-52.922920923037168,-22.945012393107426,0.0],[-52.922933318842574,-22.945004452093755,0.0],[-52.922945916770608,-22.944996793467201,0.0],[-52.92295871682127,-22.94498941722776,0.0],[-52.922971528563131,-22.944982416005626,0.0],[-52.922984351996206,-22.944975789800797,0.0],[-52.922993790872198,-22.944971033961696,0.0],[-52.923002872350565,-22.944966705751639,0.0]]]}},
{"type":"Feature","properties":{"FID_ROI":2,"id":0,"FID_LINHAS":54,"Shape_Leng":0.00031331275},"geometry":{"type":"MultiLineString","coordinates":[[[-52.922526353040865,-22.945037001255102,0.0],[-52.922531028517135,-22.945022980600665,0.0],[-52.922533798396039,-22.945015306236343,0.0],[-52.922536221169665,-22.945009304610657,0.0],[-52.922538797727327,-22.945003359192611,0.0],[-52.922541528069011,-22.944997469982201,0.0],[-52.922551308421077,-22.944978453367874,0.0],[-52.922568138783511,-22.944946309349628,0.0],[-52.922578745837384,-22.94492654067724,0.0],[-52.922583129582719,-22.94491914735071,0.0],[-52.922587739282719,-22.944911877680955,0.0],[-52.922592574937383,-22.944904731667975,0.0],[-52.922597389008303,-22.944898061171532,0.0],[-52.922602181495478,-22.944891866191622,0.0],[-52.922607426341628,-22.94488548527687,0.0],[-52.922613123546782,-22.944878918427275,0.0],[-52.922622353738596,-22.944868804201882,0.0],[-52.922635116917064,-22.944855142600698,0.0],[-52.922645855946456,-22.944843849588949,0.0],[-52.922654570826786,-22.944834925166639,0.0],[-52.922662094105362,-22.944827438535437,0.0],[-52.922668425782192,-22.944821389695338,0.0],[-52.922674867176326,-22.944815442028979,0.0],[-52.922681418287752,-22.944809595536359,0.0],[-52.922690545020792,-22.944801901431518,0.0],[-52.922708098552754,-22.944787588855924,0.0]]]}},
{"type":"Feature","properties":{"FID_ROI":2,"id":0,"FID_LINHAS":55,"Shape_Leng":0.00024273689},"geometry":{"type":"MultiLineString","coordinates":[[[-52.922525726101476,-22.944977744926636,0.0],[-52.922533474645149,-22.944960886010971,0.0],[-52.922539986181391,-22.944947558283161,0.0],[-52.9225478435581,-22.944932142104651,0.0],[-52.922555224743789,-22.944918601237426,0.0],[-52.922562129738452,-22.944906935681477,0.0],[-52.922569744073371,-22.944895178619532,0.0],[-52.922578067748546,-22.944883330051582,0.0],[-52.922586920000278,-22.944871566469565,0.0],[-52.922596300828559,-22.944859887873477,0.0],[-52.922603292607803,-22.944851496074641,0.0],[-52.922607895338011,-22.944846391073064,0.0],[-52.922612605312395,-22.94484137195672,0.0],[-52.922617422530976,-22.944836438725609,0.0],[-52.922625856822791,-22.944828375853792,0.0],[-52.922637908187852,-22.944817183341275,0.0],[-52.922650950795628,-22.944805587531452,0.0],[-52.92267200157135,-22.944787588870756,0.0]]]}},
{"type":"Feature","properties":{"FID_ROI":2,"id":0,"FID_LINHAS":56,"Shape_Leng":0.00018336522},"geometry":{"type":"MultiLineString","coordinates":[[[-52.923003012579642,-22.944958696388422,0.0],[-52.922964232613403,-22.944978603330252,0.0],[-52.922948150686594,-22.944987045490688,0.0],[-52.922941840143785,-22.94499065851701,0.0],[-52.922935664499278,-22.944994453206398,0.0],[-52.922929623753078,-22.944998429558844,0.0],[-52.922918498914534,-22.945006067276168,0.0],[-52.922902289983668,-22.945017366358371,0.0],[-52.922892522671773,-22.945024329808966,0.0],[-52.922889196978851,-22.945026957627952,0.0],[-52.922885687374553,-22.945030090641133,0.0],[-52.922881993858887,-22.945033728848511,0.0],[-52.922876365451856,-22.945039780386558,0.0],[-52.922868802153467,-22.945048245255276,0.0],[-52.922862425512498,-22.94505524355888,0.0],[-52.922854640537167,-22.945063541166615,0.0]]]}},
{"type":"Feature","properties":{"FID_ROI":2,"id":0,"FID_LINHAS":57,"Shape_Leng":0.00018274731},"geometry":{"type":"MultiLineString","coordinates":[[[-52.922525217051962,-22.944929636593496,0.0],[-52.922532591277793,-22.944916802368482,0.0],[-52.922538557833178,-22.944906827313165,0.0],[-52.922545574793389,-22.944895433352546,0.0],[-52.922552597149568,-22.9448845677436,0.0],[-52.922559624901737,-22.944874230486327,0.0],[-52.922566779907946,-22.944864239243206,0.0],[-52.922574062168202,-22.944854594014235,0.0],[-52.922581600285582,-22.944845123253771,0.0],[-52.922589394260065,-22.94483582696181,0.0],[-52.922597137872543,-22.944827083078394,0.0],[-52.922604831123039,-22.944818891603518,0.0],[-52.922612774834676,-22.944810917539755,0.0],[-52.922620969007482,-22.944803160887098,0.0],[-52.92262841221212,-22.944796359137847,0.0],[-52.922638450566794,-22.944787588869069,0.0]]]}},
{"type":"Feature","properties":{"FID_ROI":2,"id":0,"FID_LINHAS":58,"Shape_Leng":0.00013153708},"geometry":{"type":"MultiLineString","coordinates":[[[-52.922524791470437,-22.94488940002795,0.0],[-52.922542289965826,-22.944862445321082,0.0],[-52.922550733979179,-22.944849807147818,0.0],[-52.9225559563423,-22.944842500605873,0.0],[-52.922560978156596,-22.94483575861333,0.0],[-52.922565799422074,-22.944829581170193,0.0],[-52.922570523111119,-22.944823819663501,0.0],[-52.922575149223718,-22.944818474093246,0.0],[-52.922579790624809,-22.944813394272682,0.0],[-52.922584447314364,-22.944808580201808,0.0],[-52.922589512071291,-22.94480359436038,0.0],[-52.922594984895582,-22.944798436748396,0.0],[-52.922600057937366,-22.944793790674403,0.0],[-52.922607067826299,-22.944787588870401,0.0]]]}},
{"type":"Feature","properties":{"FID_ROI":2,"id":0,"FID_LINHAS":59,"Shape_Leng":0.00034674876},"geometry":{"type":"MultiLineString","coordinates":[[[-52.923004682665663,-22.94486326033363,0.0],[-52.92295936144675,-22.944882122487538,0.0],[-52.92294080592341,-22.944889986158874,0.0],[-52.922933909022674,-22.944893138732276,0.0],[-52.922927569251918,-22.944896215762661,0.0],[-52.922921786611155,-22.944899217250029,0.0],[-52.922907766854934,-22.944907444248113,0.0],[-52.922885509983253,-22.944920896756908,0.0],[-52.922871374214502,-22.944929561050323,0.0],[-52.922865359548666,-22.944933437128363,0.0],[-52.922858667468489,-22.944938092244122,0.0],[-52.922851297973963,-22.944943526397601,0.0],[-52.922840451025934,-22.944951967209498,0.0],[-52.9228261266244,-22.944963414679801,0.0],[-52.922816683742923,-22.944971140530647,0.0],[-52.922812122381501,-22.94497514476204,0.0],[-52.922807906584588,-22.944979224536517,0.0],[-52.92280403635219,-22.944983379854072,0.0],[-52.92279606453674,-22.944993007546252,0.0],[-52.922783991138239,-22.945008107613042,0.0],[-52.922775506034732,-22.945019015040472,0.0],[-52.922770609226205,-22.945025729828529,0.0],[-52.922766843539975,-22.945031187364354,0.0],[-52.922764208976041,-22.945035387647945,0.0],[-52.92276173381692,-22.94503966459876,0.0],[-52.922759418062611,-22.945044018216802,0.0],[-52.922754850629786,-22.945053769521387,0.0],[-52.922744621962735,-22.945076493008081,0.0]]]}},
{"type":"Feature","properties":{"FID_ROI":2,"id":0,"FID_LINHAS":60,"Shape_Leng":7.918485e-05},"geometry":{"type":"MultiLineString","coordinates":[[[-52.922524359084491,-22.944848557315272,0.0],[-52.92252976852712,-22.944840108634114,0.0],[-52.922535234838193,-22.944832307015297,0.0],[-52.922542561165244,-22.944822336231766,0.0],[-52.92254807895565,-22.944815142779557,0.0],[-52.92255178820939,-22.944810726658663,0.0],[-52.922555603807986,-22.944806392376066,0.0],[-52.922559525751424,-22.94480213993176,0.0],[-52.922564728298212,-22.944796907496183,0.0],[-52.922574453023444,-22.944787588855924,0.0]]]}},
{"type":"Feature","properties":{"FID_ROI":2,"id":0,"FID_LINHAS":61,"Shape_Leng":0.000380523},"geometry":{"type":"MultiLineString","coordinates":[[[-52.923005043173553,-22.944842666756031,0.0],[-52.922992105057908,-22.944847173708176,0.0],[-52.922981672691002,-22.944850998299909,0.0],[-52.922969433367633,-22.944855642848609,0.0],[-52.922958068185281,-22.944860208481813,0.0],[-52.922947577143951,-22.944864695199524,0.0],[-52.922937215604989,-22.944869432828057,0.0],[-52.922926983568402,-22.944874421367416,0.0],[-52.922913083871677,-22.944881599531147,0.0],[-52.922895516514814,-22.944890967319246,0.0],[-52.922880959413689,-22.944899010181132,0.0],[-52.922869412568303,-22.944905728116808,0.0],[-52.922857939242476,-22.944912886720296,0.0],[-52.922846539436222,-22.944920485991595,0.0],[-52.922834851172425,-22.944928690506643,0.0],[-52.922822874451072,-22.944937500265432,0.0],[-52.922813329946194,-22.94494510133536,0.0],[-52.922806217657794,-22.944951493716431,0.0],[-52.922799126728279,-22.944958451771097,0.0],[-52.922792057157672,-22.944965975499358,0.0],[-52.92278424407256,-22.94497491498533,0.0],[-52.922775687472949,-22.944985270229019,0.0],[-52.922767428099291,-22.944995808259911,0.0],[-52.9227594659516,-22.945006529078007,0.0],[-52.922753565050009,-22.945014839937855,0.0],[-52.922749725394524,-22.945020740839446,0.0],[-52.922746013442762,-22.945026925252314,0.0],[-52.922742429194706,-22.945033393176466,0.0],[-52.922735901241374,-22.945046720480594,0.0],[-52.922721693753452,-22.945077000506746,0.0]]]}},
{"type":"Feature","properties":{"FID_ROI":2,"id":0,"FID_LINHAS":62,"Shape_Leng":0.00041734336},"geometry":{"type":"MultiLineString","coordinates":[[[-52.923005406643433,-22.944821888821991,0.0],[-52.92298406223199,-22.944828309979197,0.0],[-52.922971109703937,-22.944832519929808,0.0],[-52.922959434255475,-22.944836659059558,0.0],[-52.922947189311323,-22.944841483922332,0.0],[-52.922934374871502,-22.944846994518137,0.0],[-52.922920285867491,-22.944853512804315,0.0],[-52.922904922299296,-22.944861038780864,0.0],[-52.922891340962572,-22.94486804764724,0.0],[-52.922879541857327,-22.944874539403443,0.0],[-52.922868292687511,-22.944881128511234,0.0],[-52.922857593453116,-22.94488781497062,0.0],[-52.922843345269108,-22.944897322603282,0.0],[-52.922825548135478,-22.944909651409212,0.0],[-52.922811510842507,-22.944919741577756,0.0],[-52.922801233390196,-22.944927593108915,0.0],[-52.922792482537041,-22.944934779141725,0.0],[-52.922785258283042,-22.944941299676199,0.0],[-52.922777931506332,-22.944948510440362,0.0],[-52.92277050220688,-22.944956411434219,0.0],[-52.922762889220934,-22.944965130586283,0.0],[-52.922755092548471,-22.94497466789656,0.0],[-52.922747089931235,-22.944984995710939,0.0],[-52.922738881369227,-22.944996114029429,0.0],[-52.922732878844215,-22.945004753591498,0.0],[-52.922729082356199,-22.945010914397137,0.0],[-52.922724346301479,-22.945019372071322,0.0],[-52.922718670680041,-22.945030126614046,0.0],[-52.922713144795736,-22.945040318630788,0.0],[-52.92270776864855,-22.945049948121547,0.0],[-52.922703524747831,-22.945058006946375,0.0],[-52.92270041309358,-22.945064495105278,0.0],[-52.922697802135659,-22.945070204398515,0.0],[-52.922694636743309,-22.94507760003988,0.0]]]}},
{"type":"Feature","properties":{"FID_ROI":2,"id":0,"FID_LINHAS":63,"Shape_Leng":3.274398e-05},"geometry":{"type":"MultiLineString","coordinates":[[[-52.922523973087387,-22.94481206282855,0.0],[-52.922545725997793,-22.944787588866404,0.0]]]}},
{"type":"Feature","properties":{"FID_ROI":2,"id":0,"FID_LINHAS":64,"Shape_Leng":0.00045607129},"geometry":{"type":"MultiLineString","coordinates":[[[-52.923005829891537,-22.944797722234238,0.0],[-52.922994192337214,-22.944801041409175,0.0],[-52.922982106613922,-22.94480489860214,0.0],[-52.922965693536895,-22.944810400204776,0.0],[-52.922949289453115,-22.944816411947837,0.0],[-52.922932894362582,-22.944822933831315,0.0],[-52.922915790381417,-22.944830247792684,0.0],[-52.922897977509621,-22.944838353831948,0.0],[-52.922883039095936,-22.944845585280497,0.0],[-52.92287097514037,-22.944851942138339,0.0],[-52.922859500690379,-22.944858481108927,0.0],[-52.92284861574597,-22.944865202192258,0.0],[-52.922835259914244,-22.944874105705363,0.0],[-52.922819433195187,-22.94488519164824,0.0],[-52.922805106995007,-22.944895655934744,0.0],[-52.922792281313697,-22.944905498564875,0.0],[-52.922782086823823,-22.944913672727779,0.0],[-52.922774523525383,-22.944920178423448,0.0],[-52.922767748033081,-22.944926367782607,0.0],[-52.922761760346923,-22.944932240805251,0.0],[-52.922750432036786,-22.944944528692027,0.0],[-52.922733763102684,-22.944963231442934,0.0],[-52.922723370537113,-22.944975269093341,0.0],[-52.922719254340088,-22.944980641643259,0.0],[-52.922711246102082,-22.944992887037071,0.0],[-52.922699345823105,-22.945012005274769,0.0],[-52.92269205254614,-22.94502401639518,0.0],[-52.922689366271207,-22.945028920398297,0.0],[-52.922685745600646,-22.945036668057721,0.0],[-52.922681190534448,-22.945047259373457,0.0],[-52.922676479437044,-22.94505895713111,0.0],[-52.92266917874413,-22.945078163430459,0.0]]]}},
{"type":"Feature","properties":{"FID_ROI":2,"id":0,"FID_LINHAS":65,"Shape_Leng":0.0004451889},"geometry":{"type":"MultiLineString","coordinates":[[[-52.922960237686148,-22.944787588855924,0.0],[-52.922955515824711,-22.944789260785655,0.0],[-52.922947327582072,-22.944792608017387,0.0],[-52.922934099004415,-22.944798187861039,0.0],[-52.922914117642364,-22.944807268090919,0.0],[-52.922887383495912,-22.944819848707027,0.0],[-52.922867797385912,-22.94482961399547,0.0],[-52.922855359312365,-22.944836563956255,0.0],[-52.922841344277586,-22.944845029274656,0.0],[-52.922825752281575,-22.944855009950675,0.0],[-52.922809689040839,-22.944865767865814,0.0],[-52.922793154555372,-22.944877303020064,0.0],[-52.92278180960777,-22.944885389274262,0.0],[-52.922775654198027,-22.944890026628414,0.0],[-52.922769928439401,-22.944894496708653,0.0],[-52.922764632331905,-22.944898799514981,0.0],[-52.922757617170276,-22.944904972686334,0.0],[-52.922748882954515,-22.944913016222706,0.0],[-52.922737707304293,-22.944924004589101,0.0],[-52.922724090219589,-22.944937937785518,0.0],[-52.922714787182684,-22.94494775388565,0.0],[-52.922709798193608,-22.9449534528895,0.0],[-52.92270524312741,-22.944959193711806,0.0],[-52.922701121984119,-22.944964976352569,0.0],[-52.922696732842873,-22.944971808951813,0.0],[-52.922692075703665,-22.944979691509531,0.0],[-52.922683930768734,-22.944994167671666,0.0],[-52.922672298038087,-22.94501523743822,0.0],[-52.922664968563417,-22.945028714678408,0.0],[-52.922661942344718,-22.94503459939224,0.0],[-52.922658276708056,-22.945042664287502,0.0],[-52.922653971653439,-22.9450529093642,0.0],[-52.922650065222591,-22.945063199824393,0.0],[-52.922644803511986,-22.945078703589932,0.0]]]}},
{"type":"Feature","properties":{"FID_ROI":2,"id":0,"FID_LINHAS":66,"Shape_Leng":0.00042621137},"geometry":{"type":"MultiLineString","coordinates":[[[-52.922908638248622,-22.944787588870046,0.0],[-52.922901446351013,-22.94479073185525,0.0],[-52.922891223601027,-22.944795420871937,0.0],[-52.922875572699482,-22.944802703581839,0.0],[-52.922861470430483,-22.944809579123707,0.0],[-52.922848916794038,-22.944816047497547,0.0],[-52.92283655965948,-22.944822824338836,0.0],[-52.922824399026801,-22.944829909647574,0.0],[-52.922811352112213,-22.944838019508957,0.0],[-52.9227974189157,-22.944847153922979,0.0],[-52.922783934256117,-22.944856494056914,0.0],[-52.922770898133443,-22.944866039910753,0.0],[-52.92275833325548,-22.944875774622233,0.0],[-52.922746239622228,-22.944885698191356,0.0],[-52.922734294152306,-22.944896076142943,0.0],[-52.922722496845708,-22.944906908476995,0.0],[-52.922712033908191,-22.944916925125952,0.0],[-52.922702905339762,-22.944926126089808,0.0],[-52.922695068647442,-22.944934428406107,0.0],[-52.922688523831241,-22.944941832074857,0.0],[-52.922682701845147,-22.944948951782656,0.0],[-52.922677602689163,-22.944955787529516,0.0],[-52.922672485771564,-22.944963358247321,0.0],[-52.922667351092343,-22.94497166393608,0.0],[-52.922662974991262,-22.944979165406103,0.0],[-52.922659357468319,-22.94498586265739,0.0],[-52.922655584362673,-22.944993179316736,0.0],[-52.922651655674308,-22.945001115384137,0.0],[-52.922643904642428,-22.945017715969801,0.0],[-52.92263233126701,-22.945042981073719,0.0],[-52.922625127472585,-22.945059334345789,0.0],[-52.922622293259153,-22.94506677578601,0.0],[-52.922620232913104,-22.945072694932982,0.0],[-52.922618303195115,-22.94507929021357,0.0]]]}},
{"type":"Feature","properties":{"FID_ROI":2,"id":0,"FID_LINHAS":67,"Shape_Leng":0.00040334978},"geometry":{"type":"MultiLineString","coordinates":[[[-52.922857474053522,-22.94478758886223,0.0],[-52.922851712726441,-22.944790470825097,0.0],[-52.92284593464214,-22.944793487104747,0.0],[-52.922838219358255,-22.944797598355464,0.0],[-52.922831109767806,-22.944801547953048,0.0],[-52.922824605870794,-22.944805335897492,0.0],[-52.922817853311237,-22.944809460862885,0.0],[-52.922810852089142,-22.944813922849221,0.0],[-52.922787192050279,-22.94483002700909,0.0],[-52.922746873194647,-22.944857773342505,0.0],[-52.922724119897197,-22.944873726641099,0.0],[-52.922718932157949,-22.94487788690487,0.0],[-52.92271415158676,-22.944882169251638,0.0],[-52.922709778183659,-22.944886573681394,0.0],[-52.922702321679751,-22.944895201777118,0.0],[-52.922691782075049,-22.944908053538821,0.0],[-52.922680704001259,-22.944922150187047,0.0],[-52.922669087458374,-22.944937491721799,0.0],[-52.922660667555711,-22.944949170767551,0.0],[-52.92265544429327,-22.944957187324306,0.0],[-52.92264862720733,-22.944968473141497,0.0],[-52.922640216297886,-22.944983028219127,0.0],[-52.922633638656436,-22.944994657352495,0.0],[-52.922628894282965,-22.945003360541598,0.0],[-52.922624826649354,-22.945011314595437,0.0],[-52.922621435755616,-22.945018519514008,0.0],[-52.9226141737307,-22.945036529364152,0.0],[-52.922597473996568,-22.945079751536728,0.0]]]}},
{"type":"Feature","properties":{"FID_ROI":2,"id":0,"FID_LINHAS":68,"Shape_Leng":0.00038847376},"geometry":{"type":"MultiLineString","coordinates":[[[-52.922809646346124,-22.944787588873954,0.0],[-52.922793423627027,-22.944797221813733,0.0],[-52.922782477129537,-22.944804059084994,0.0],[-52.922771399280634,-22.94481131166766,0.0],[-52.92276071758306,-22.944818702745899,0.0],[-52.922750432036828,-22.944826232319709,0.0],[-52.922740209892787,-22.944834160742872,0.0],[-52.922730051150936,-22.944842488015386,0.0],[-52.922719795282319,-22.944851330149767,0.0],[-52.922709442286923,-22.944860687146011,0.0],[-52.922694976017318,-22.944874516245942,0.0],[-52.922676396473506,-22.944892817449563,0.0],[-52.92266337586409,-22.944905902585315,0.0],[-52.922655914189079,-22.944913771653201,0.0],[-52.922649800597803,-22.944920749942614,0.0],[-52.922645035090255,-22.944926837453554,0.0],[-52.922640226415261,-22.944933664656869,0.0],[-52.922635374572828,-22.944941231552555,0.0],[-52.922628988037324,-22.944952082097863,0.0],[-52.922621066808759,-22.944966216292787,0.0],[-52.922612709633832,-22.944981543888069,0.0],[-52.922603916512536,-22.944998064883709,0.0],[-52.922597602147619,-22.945010345351086,0.0],[-52.922593766539073,-22.945018385290201,0.0],[-52.922590026483498,-22.945026690079658,0.0],[-52.922586381980885,-22.945035259719454,0.0],[-52.922580739633247,-22.94504975246894,0.0],[-52.922569279344266,-22.945080376257714,0.0]]]}},
{"type":"Feature","properties":{"FID_ROI":2,"id":0,"FID_LINHAS":69,"Shape_Leng":0.00037820973},"geometry":{"type":"MultiLineString","coordinates":[[[-52.922770680534484,-22.944787588868536,0.0],[-52.922761360551299,-22.944793532343716,0.0],[-52.922753140794754,-22.944798992304623,0.0],[-52.922742914603795,-22.944805949909643,0.0],[-52.922733359756727,-22.944812753505754,0.0],[-52.922724476253542,-22.944819403092946,0.0],[-52.922715784305964,-22.944826261772526,0.0],[-52.922707283913972,-22.944833329544494,0.0],[-52.922697944679364,-22.944841571606215,0.0],[-52.922687766602138,-22.944850987957693,0.0],[-52.922677099743368,-22.944861331510197,0.0],[-52.922665944103045,-22.944872602263725,0.0],[-52.922655584812375,-22.944883473493441,0.0],[-52.922646021871358,-22.944893945199347,0.0],[-52.922637123979023,-22.944904157226013,0.0],[-52.922628891135375,-22.94491410957345,0.0],[-52.92262181054808,-22.944923143488246,0.0],[-52.922615882217137,-22.944931258970392,0.0],[-52.922610212216469,-22.944939527112453,0.0],[-52.922604800546068,-22.944947947914422,0.0],[-52.922599550753624,-22.944956675160395,0.0],[-52.922594462839136,-22.944965708850365,0.0],[-52.922589336478644,-22.944975380159654,0.0],[-52.922584171672149,-22.944985689088256,0.0],[-52.922578885906816,-22.944996804483903,0.0],[-52.922573479182638,-22.9450087263466,0.0],[-52.922568215900363,-22.945020912834817,0.0],[-52.922563096059989,-22.945033363948557,0.0],[-52.922558562352734,-22.945044968125732,0.0],[-52.922554614778598,-22.945055725366341,0.0],[-52.922550998829593,-22.945066050487767,0.0],[-52.922546072343771,-22.945080889991125,0.0]]]}},
{"type":"Feature","properties":{"FID_ROI":2,"id":0,"FID_LINHAS":70,"Shape_Leng":0.0002867942},"geometry":{"type":"MultiLineString","coordinates":[[[-52.922696413651884,-22.944787588855924,0.0],[-52.92269139217985,-22.944791433997395,0.0],[-52.9226860574406,-22.9447956630144,0.0],[-52.922678735610113,-22.944801557620757,0.0],[-52.922671869061453,-22.94480728135591,0.0],[-52.922665457794608,-22.944812834219857,0.0],[-52.922658996390552,-22.944818648786551,0.0],[-52.922652484849287,-22.944824725055994,0.0],[-52.922645465191053,-22.944831532474225,0.0],[-52.922637937415857,-22.944839071041237,0.0],[-52.922630401321925,-22.944846890871244,0.0],[-52.922622856909278,-22.944854991964242,0.0],[-52.922615452341205,-22.944863213341552,0.0],[-52.922608187617712,-22.944871555003182,0.0],[-52.922601659214166,-22.944879341108631,0.0],[-52.922595867130553,-22.9448865716579,0.0],[-52.922589838300382,-22.944894677022681,0.0],[-52.922583572723653,-22.944903657202968,0.0],[-52.922577520286282,-22.944913248922251,0.0],[-52.922571680988263,-22.944923452180539,0.0],[-52.922561914350851,-22.944941651311119,0.0],[-52.922548220374054,-22.944967846313993,0.0],[-52.92253755670302,-22.944989137987839,0.0],[-52.922526106655113,-22.945013720505063,0.0]]]}},
{"type":"Feature","properties":{"FID_ROI":2,"id":0,"FID_LINHAS":71,"Shape_Leng":0.00021900482},"geometry":{"type":"MultiLineString","coordinates":[[[-52.922659331914822,-22.94478758886747,0.0],[-52.922648820075025,-22.944796116320546,0.0],[-52.92263976146581,-22.94480378007038,0.0],[-52.922628652140574,-22.944813422601335,0.0],[-52.922618385704915,-22.944822780496882,0.0],[-52.922608962158833,-22.944831853757023,0.0],[-52.922600727291687,-22.944840365615352,0.0],[-52.922593681103486,-22.944848316071869,0.0],[-52.922588029538915,-22.94485509718492,0.0],[-52.922583772597974,-22.944860708954501,0.0],[-52.922578488181628,-22.944867983795387,0.0],[-52.922572176289862,-22.944876921707575,0.0],[-52.922564970022322,-22.944887582046274,0.0],[-52.922556869379015,-22.944899964811487,0.0],[-52.922549516072294,-22.944912082726383,0.0],[-52.922542910102166,-22.944923935790953,0.0],[-52.922536084483049,-22.944936883555169,0.0],[-52.922525516580897,-22.944957947250959,0.0]]]}},
{"type":"Feature","properties":{"FID_ROI":2,"id":0,"FID_LINHAS":72,"Shape_Leng":0.00016135543},"geometry":{"type":"MultiLineString","coordinates":[[[-52.922625751241739,-22.944787588855924,0.0],[-52.922622030848075,-22.944790878216374,0.0],[-52.92261694071918,-22.944795621870423,0.0],[-52.92260924072383,-22.944802916271549,0.0],[-52.922601874152122,-22.944810259011234,0.0],[-52.922594841004056,-22.944817650089472,0.0],[-52.922587893516429,-22.944825340866778,0.0],[-52.922581031689226,-22.944833331343141,0.0],[-52.922574144006518,-22.944841742927061,0.0],[-52.922567230468289,-22.944850575618531,0.0],[-52.92256031175895,-22.944859832565182,0.0],[-52.922553387878501,-22.944869513767024,0.0],[-52.922546349109666,-22.944879754572007,0.0],[-52.922539195452444,-22.944890554980127,0.0],[-52.922532973720358,-22.94490016985689,0.0],[-52.92252503900994,-22.944912813874989,0.0]]]}},
{"type":"Feature","properties":{"FID_ROI":2,"id":0,"FID_LINHAS":73,"Shape_Leng":0.00010997825},"geometry":{"type":"MultiLineString","coordinates":[[[-52.922593828893682,-22.944787588865516,0.0],[-52.922587750487168,-22.944792499696391,0.0],[-52.92258360509927,-22.944796087494385,0.0],[-52.922579366594483,-22.944799989203116,0.0],[-52.922575521992734,-22.944803808174189,0.0],[-52.922572071294027,-22.944807544407603,0.0],[-52.92256724395812,-22.944813437889792,0.0],[-52.922561039985005,-22.944821488620764,0.0],[-52.922551934798953,-22.944833877456453,0.0],[-52.922539928399971,-22.944850604396862,0.0],[-52.922531596818523,-22.944862329758077,0.0],[-52.922524611672664,-22.94487241543111,0.0]]]}},
{"type":"Feature","properties":{"FID_ROI":2,"id":0,"FID_LINHAS":74,"Shape_Leng":5.850754e-05},"geometry":{"type":"MultiLineString","coordinates":[[[-52.922562297800035,-22.944787588855924,0.0],[-52.922554663988585,-22.944795785142304,0.0],[-52.922548341557672,-22.944802918519841,0.0],[-52.922540785903479,-22.944811721083983,0.0],[-52.922533801941853,-22.944820079608434,0.0],[-52.922524183538243,-22.944831951335569,0.0]]]}},
{"type":"Feature","properties":{"FID_ROI":2,"id":0,"FID_LINHAS":75,"Shape_Leng":1.388033e-05},"geometry":{"type":"MultiLineString","coordinates":[[[-52.92253368136317,-22.944787588855924,0.0],[-52.922523817019254,-22.944797353512918,0.0]]]}},
{"type":"Feature","properties":{"FID_ROI":0,"id":0,"FID_LINHAS":76,"Shape_Leng":0.00040862095},"geometry":{"type":"MultiLineString","coordinates":[[[-52.924159059084296,-22.94426955480187,0.0],[-52.924211087644288,-22.944261431296404,0.0],[-52.924253557555588,-22.944255475334856,0.0],[-52.924303811671521,-22.944248979082076,0.0],[-52.924352923648456,-22.944242411782838,0.0],[-52.924400893486379,-22.944235773437143,0.0],[-52.924438911871903,-22.944230917592307,0.0],[-52.924481012271606,-22.944226307576336,0.0]]]}},
{"type":"Feature","properties":{"FID_ROI":0,"id":0,"FID_LINHAS":77,"Shape_Leng":0.00049192937},"geometry":{"type":"MultiLineString","coordinates":[[[-52.924041199089025,-22.944269934995347,0.0],[-52.924093638597228,-22.944259909588578,0.0],[-52.924136055284656,-22.944252284765092,0.0],[-52.924185928987377,-22.944243718722639,0.0],[-52.924249365590697,-22.944234343739986,0.0],[-52.924326365094629,-22.944224159817118,0.0],[-52.924383329277177,-22.944216497818108,0.0],[-52.924420258138355,-22.944211357742944,0.0],[-52.924449249592811,-22.944207937386587,0.0],[-52.924480830664436,-22.944205386430276,0.0]]]}},
{"type":"Feature","properties":{"FID_ROI":0,"id":0,"FID_LINHAS":78,"Shape_Leng":0.00022415155},"geometry":{"type":"MultiLineString","coordinates":[[[-52.924311039255237,-22.944269064543192,0.0],[-52.924380999741309,-22.944260665941311,0.0],[-52.924423543807606,-22.944255830266894,0.0],[-52.924481215520402,-22.944249721845527,0.0]]]}},
{"type":"Feature","properties":{"FID_ROI":0,"id":0,"FID_LINHAS":79,"Shape_Leng":0.00012195948},"geometry":{"type":"MultiLineString","coordinates":[[[-52.924481350181843,-22.944265234840948,0.0],[-52.924434183913526,-22.944268667302374,0.0]]]}},
{"type":"Feature","properties":{"FID_ROI":0,"id":0,"FID_LINHAS":80,"Shape_Leng":0.00052958503},"geometry":{"type":"MultiLineString","coordinates":[[[-52.923999581673996,-22.944257441397458,0.0],[-52.924069924502028,-22.944242928760563,0.0],[-52.924116690857552,-22.944234105644437,0.0],[-52.924163328349906,-22.944226134503445,0.0],[-52.924231916269889,-22.944215486305591,0.0],[-52.924322454617517,-22.944202161050868,0.0],[-52.924387949319332,-22.944193356912869,0.0],[-52.924428400375348,-22.9441890738916,0.0],[-52.92445663103009,-22.944186239375199,0.0],[-52.924480646410309,-22.94418416035791,0.0]]]}},
{"type":"Feature","properties":{"FID_ROI":0,"id":0,"FID_LINHAS":81,"Shape_Leng":0.00028593938},"geometry":{"type":"MultiLineString","coordinates":[[[-52.924481155152961,-22.944242767512151,0.0],[-52.924414855429113,-22.944248952058093,0.0],[-52.924354275556794,-22.944255584544564,0.0],[-52.924238835663687,-22.944269297458035,0.0]]]}},
{"type":"Feature","properties":{"FID_ROI":null,"id":null,"FID_LINHAS":null,"Shape_Leng":null},"geometry":{"type":"MultiLineString","coordinates":[[[-52.924479557883501,-22.944165316511736,0.0],[-52.924372727294475,-22.94417468248119,0.0],[-52.924270433346898,-22.944189316808451,0.0],[-52.924171358951341,-22.944205268225168,0.0],[-52.92404550373687,-22.94422707337279,0.0],[-52.923999551949265,-22.944235561282603,0.0]]]}},
{"type":"Feature","properties":{"FID_ROI":0,"id":0,"FID_LINHAS":83,"Shape_Leng":0.00051350547},"geometry":{"type":"MultiLineString","coordinates":[[[-52.923999504400612,-22.944212777347932,0.0],[-52.9240542003228,-22.944201959665182,0.0],[-52.924085400520781,-22.944196093324969,0.0],[-52.924111336968615,-22.944191572433041,0.0],[-52.92416648114817,-22.944182887455217,0.0],[-52.924250833059446,-22.944170038391491,0.0],[-52.924308475330804,-22.944161650864441,0.0],[-52.924339407962243,-22.944157724874064,0.0],[-52.924379382827198,-22.944153382497561,0.0],[-52.92442839992566,-22.944148623734932,0.0],[-52.924459755638352,-22.944145664045884,0.0],[-52.924480297128731,-22.944143923122677,0.0]]]}},
{"type":"Feature","properties":{"FID_ROI":0,"id":0,"FID_LINHAS":84,"Shape_Leng":0.00046253618},"geometry":{"type":"MultiLineString","coordinates":[[[-52.9244809478745,-22.944218889032779,0.0],[-52.924422513047787,-22.944225100993126,0.0],[-52.924380763061748,-22.944230348276889,0.0],[-52.924336219640786,-22.944236701537516,0.0],[-52.924278291609816,-22.944244803529838,0.0],[-52.924206978968826,-22.944254654253854,0.0],[-52.924156911227044,-22.944262110010843,0.0],[-52.924113676963216,-22.94426970119579,0.0]]]}},
{"type":"Feature","properties":{"FID_ROI":0,"id":0,"FID_LINHAS":85,"Shape_Leng":0.00051878639},"geometry":{"type":"MultiLineString","coordinates":[[[-52.923999470433913,-22.944193144606366,0.0],[-52.92407850725094,-22.944177769115818,0.0],[-52.924113704433864,-22.944171073511193,0.0],[-52.924131407588362,-22.944167932628972,0.0],[-52.924160817667584,-22.944162983434918,0.0],[-52.924201934671515,-22.944156225929028,0.0],[-52.924246906394572,-22.944149373095041,0.0],[-52.924295732836754,-22.944142424932949,0.0],[-52.924347509954565,-22.944135857633711,0.0],[-52.924402237748012,-22.944129671197327,0.0],[-52.924442229211849,-22.94412558005639,0.0],[-52.924480111913155,-22.944122586288156,0.0]]]}},
{"type":"Feature","properties":{"FID_ROI":0,"id":0,"FID_LINHAS":86,"Shape_Leng":0.00057389711},"geometry":{"type":"MultiLineString","coordinates":[[[-52.924482192062356,-22.94419663397208,0.0],[-52.924468289451454,-22.944197365688442,0.0],[-52.924453508780921,-22.94419824374808,0.0],[-52.924440630572931,-22.944199121807713,0.0],[-52.924425557215848,-22.944201170613535,0.0],[-52.924408586660348,-22.944203732723558,0.0],[-52.924387219892687,-22.944207267059202,0.0],[-52.924369506697325,-22.944209820576749,0.0],[-52.924350362828946,-22.944213070951452,0.0],[-52.924340032316628,-22.944214676690947,0.0],[-52.924328929961128,-22.944216180807047,0.0],[-52.924317055762437,-22.944217583299746,0.0],[-52.924296598209359,-22.944219678720117,0.0],[-52.92426755730191,-22.944222467068158,0.0],[-52.924244897309158,-22.944224970555908,0.0],[-52.924228618231119,-22.944227189183369,0.0],[-52.924203310409418,-22.944231248048592,0.0],[-52.92416897384404,-22.944237147151572,0.0],[-52.924114233436121,-22.944247588277783,0.0],[-52.924001517060425,-22.94427006300193,0.0]]]}},
{"type":"Feature","properties":{"FID_ROI":0,"id":0,"FID_LINHAS":87,"Shape_Leng":0.00056528054},"geometry":{"type":"MultiLineString","coordinates":[[[-52.924480595932913,-22.944178345359383,0.0],[-52.924395406280517,-22.94418549991213,0.0],[-52.924327094220018,-22.944193714393361,0.0],[-52.92424726320062,-22.944205373653986,0.0],[-52.924188550061515,-22.944214356082586,0.0],[-52.924150954802698,-22.944220661679164,0.0],[-52.924107113302597,-22.944228157078776,0.0],[-52.924057025561225,-22.944236842281423,0.0],[-52.924023877619057,-22.944242898078887,0.0],[-52.923999565404614,-22.944248037667307,0.0]]]}},
{"type":"Feature","properties":{"FID_ROI":0,"id":0,"FID_LINHAS":88,"Shape_Leng":0.00048571198},"geometry":{"type":"MultiLineString","coordinates":[[[-52.924004088590692,-22.944168389720474,0.0],[-52.924033796275033,-22.944162243303023,0.0],[-52.924070528436459,-22.944155657855756,0.0],[-52.924116480224058,-22.944147023602667,0.0],[-52.92415994417604,-22.944139706439032,0.0],[-52.924211603351281,-22.9441307794994,0.0],[-52.924236920737442,-22.944127559947411,0.0],[-52.924257555138873,-22.944125218455042,0.0],[-52.92427467730176,-22.944123462335771,0.0],[-52.924302189837015,-22.9441200964405,0.0],[-52.92433365364063,-22.944115998828867,0.0],[-52.924380044458061,-22.944109852411422,0.0],[-52.924412971694402,-22.944106047486336,0.0],[-52.924438614875108,-22.944103046768131,0.0],[-52.924462537063583,-22.944100617699316,0.0],[-52.924479902514257,-22.944098463373468,0.0]]]}},
{"type":"Feature","properties":{"FID_ROI":null,"id":null,"FID_LINHAS":null,"Shape_Leng":null},"geometry":{"type":"MultiLineString","coordinates":[[[-52.923999844635809,-22.944226780686247,0.0],[-52.924098040971742,-22.944208926806983,0.0],[-52.924225066932387,-22.944188438748817,0.0],[-52.924301750807246,-22.94417687763028,0.0],[-52.924402434978809,-22.944164877481924,0.0],[-52.924478240794038,-22.94415741397502,0.0]]]}},
{"type":"Feature","properties":{"FID_ROI":0,"id":0,"FID_LINHAS":90,"Shape_Leng":0.0005222399},"geometry":{"type":"MultiLineString","coordinates":[[[-52.923999392043996,-22.944147835246635,0.0],[-52.924114036729804,-22.944126609678335,0.0],[-52.924167908597063,-22.944116821908761,0.0],[-52.924199222541041,-22.944111396748482,0.0],[-52.924233915013112,-22.944106304787056,0.0],[-52.924271986013281,-22.944101546024466,0.0],[-52.924317814340597,-22.944096215967537,0.0],[-52.924371399995046,-22.944090314616268,0.0],[-52.924418580334304,-22.94408554109733,0.0],[-52.924479742870403,-22.944080072567434,0.0]]]}},
{"type":"Feature","properties":{"FID_ROI":0,"id":0,"FID_LINHAS":91,"Shape_Leng":0.00055862065},"geometry":{"type":"MultiLineString","coordinates":[[[-52.924480225215234,-22.944135638684298,0.0],[-52.924425294749788,-22.944141272685432,0.0],[-52.924379739858082,-22.94414612496865,0.0],[-52.924325250384975,-22.944152073534333,0.0],[-52.924245181494904,-22.944163257053646,0.0],[-52.924139533187862,-22.944179675526581,0.0],[-52.924075466159778,-22.944189966693589,0.0],[-52.924052980410657,-22.944194130554667,0.0],[-52.924031175423821,-22.94419814088025,0.0],[-52.923999489086995,-22.944203926065381,0.0]]]}},
{"type":"Feature","properties":{"FID_ROI":0,"id":0,"FID_LINHAS":92,"Shape_Leng":0.00053970709},"geometry":{"type":"MultiLineString","coordinates":[[[-52.923999355423071,-22.944126668318692,0.0],[-52.924077336584062,-22.944110039098888,0.0],[-52.924128314594988,-22.944100974505325,0.0],[-52.924178283176175,-22.944093931464728,0.0],[-52.924225301306564,-22.944087602260993,0.0],[-52.924269368986153,-22.944081986894112,0.0],[-52.924314531140659,-22.944076418966482,0.0],[-52.924360787770077,-22.944070898478103,0.0],[-52.924407825020126,-22.944065619742076,0.0],[-52.924479551826153,-22.944058064266564,0.0]]]}},
{"type":"Feature","properties":{"FID_ROI":0,"id":0,"FID_LINHAS":93,"Shape_Leng":0.0005551488},"geometry":{"type":"MultiLineString","coordinates":[[[-52.924480025949826,-22.94411268331416,0.0],[-52.924424076039593,-22.944119249593747,0.0],[-52.924370448062689,-22.944125483279358,0.0],[-52.924300492049035,-22.944133573130859,0.0],[-52.924229203464932,-22.944143804717793,0.0],[-52.924156582310381,-22.94415617804016,0.0],[-52.924101569207018,-22.944165505583584,0.0],[-52.924064164154849,-22.944171787348072,0.0],[-52.924033959695052,-22.944177092291824,0.0],[-52.923999453893899,-22.944183584476345,0.0]]]}},
{"type":"Feature","properties":{"FID_ROI":0,"id":0,"FID_LINHAS":94,"Shape_Leng":0.00048543838},"geometry":{"type":"MultiLineString","coordinates":[[[-52.924479835065185,-22.944090693230983,0.0],[-52.924448972139473,-22.944094486367796,0.0],[-52.924421605947494,-22.944097998606338,0.0],[-52.924402581322056,-22.944099608382338,0.0],[-52.9243579466239,-22.944105023083424,0.0],[-52.924260628347596,-22.944116876888504,0.0],[-52.924195944621111,-22.944125803828136,0.0],[-52.924173261413841,-22.944129023380139,0.0],[-52.924138285371683,-22.944134291737953,0.0],[-52.924113407015341,-22.944139413752495,0.0],[-52.924087943285897,-22.944143365020853,0.0],[-52.92405765022847,-22.944148487035395,0.0],[-52.924030576723034,-22.944153755393213,0.0],[-52.923999410634551,-22.944158548878484,0.0]]]}},
{"type":"Feature","properties":{"FID_ROI":0,"id":0,"FID_LINHAS":95,"Shape_Leng":0.00053683929},"geometry":{"type":"MultiLineString","coordinates":[[[-52.923999263313902,-22.944073429216854,0.0],[-52.924073601155385,-22.944060466635047,0.0],[-52.924121937277555,-22.944052481486771,0.0],[-52.924169050960913,-22.944045152911421,0.0],[-52.924227109843216,-22.944036967507003,0.0],[-52.924296113924463,-22.94402792527351,0.0],[-52.924353601512443,-22.944020643912573,0.0],[-52.92439957260715,-22.944015123424194,0.0],[-52.924436694147929,-22.944010837148902,0.0],[-52.924479102128188,-22.944006259055598,0.0]]]}},
{"type":"Feature","properties":{"FID_ROI":0,"id":0,"FID_LINHAS":96,"Shape_Leng":0.0005396058},"geometry":{"type":"MultiLineString","coordinates":[[[-52.924479663128146,-22.944070886257855,0.0],[-52.924401856615908,-22.944078819180973,0.0],[-52.924344274193857,-22.944085270543749,0.0],[-52.924280980357906,-22.944092884653891,0.0],[-52.924222921475575,-22.944101069833494,0.0],[-52.924170097546892,-22.944109826082553,0.0],[-52.92411617891846,-22.944119296393332,0.0],[-52.924061165590302,-22.944129480765834,0.0],[-52.924025089178997,-22.944136139109244,0.0],[-52.923999379937328,-22.944140837580722,0.0]]]}},
{"type":"Feature","properties":{"FID_ROI":0,"id":0,"FID_LINHAS":97,"Shape_Leng":0.00051903705},"geometry":{"type":"MultiLineString","coordinates":[[[-52.923999224883843,-22.944051216647914,0.0],[-52.924073580081512,-22.944039444029499,0.0],[-52.924135770199612,-22.944029856792429,0.0],[-52.924210580304035,-22.944018530730563,0.0],[-52.924280346111075,-22.944008632117637,0.0],[-52.924345067620735,-22.944000160953642,0.0],[-52.92440280149571,-22.943993288158911,0.0],[-52.924478920856124,-22.943985376520697,0.0]]]}},
{"type":"Feature","properties":{"FID_ROI":0,"id":0,"FID_LINHAS":98,"Shape_Leng":0.00053044899},"geometry":{"type":"MultiLineString","coordinates":[[[-52.924479471816824,-22.944048847189329,0.0],[-52.924411516744719,-22.944056462638798,0.0],[-52.924358979008623,-22.944062617970399,0.0],[-52.924299206917837,-22.944069851667287,0.0],[-52.924242242735289,-22.944077227906707,0.0],[-52.924188086460973,-22.944084746688656,0.0],[-52.924137689577663,-22.944092408462829,0.0],[-52.924091052085359,-22.944100213229216,0.0],[-52.924050635155041,-22.944107612228649,0.0],[-52.92399934060257,-22.944118102077375,0.0]]]}},
{"type":"Feature","properties":{"FID_ROI":0,"id":0,"FID_LINHAS":99,"Shape_Leng":0.00050362893},"geometry":{"type":"MultiLineString","coordinates":[[[-52.923999192478213,-22.94403248618833,0.0],[-52.924094844094107,-22.944014488222546,0.0],[-52.924162324706472,-22.944003254171811,0.0],[-52.924233518187272,-22.943992784714201,0.0],[-52.92430033354352,-22.943983695266272,0.0],[-52.924362770775218,-22.943975985828029,0.0],[-52.92439873140389,-22.943971647429766,0.0],[-52.924412957442371,-22.943970196392343,0.0]]]}},
{"type":"Feature","properties":{"FID_ROI":0,"id":0,"FID_LINHAS":100,"Shape_Leng":0.0005677162},"geometry":{"type":"MultiLineString","coordinates":[[[-52.924479374791233,-22.944037669843524,0.0],[-52.924389363770061,-22.944046387166257,0.0],[-52.924321907380062,-22.944054099367158,0.0],[-52.924247001947492,-22.944063712220469,0.0],[-52.924172953119204,-22.94407446743763,0.0],[-52.924099760895189,-22.944086365018642,0.0],[-52.924047202595695,-22.94409521060404,0.0],[-52.923999316033246,-22.944103900988715,0.0]]]}},
{"type":"Feature","properties":{"FID_ROI":0,"id":0,"FID_LINHAS":101,"Shape_Leng":0.00048514138},"geometry":{"type":"MultiLineString","coordinates":[[[-52.924475899301633,-22.944028046522014,0.0],[-52.924407996023135,-22.944034924655828,0.0],[-52.924378727368619,-22.944038144207823,0.0],[-52.924358092967182,-22.94404092473,0.0],[-52.924327653566472,-22.94404472965509,0.0],[-52.924300872747587,-22.944047071147455,0.0],[-52.924236429967202,-22.944055535359659,0.0],[-52.92413810169198,-22.944070344046114,0.0],[-52.924077756283381,-22.944079778608845,0.0],[-52.924055393741391,-22.944083839047849,0.0],[-52.924032984529106,-22.94408816905851,0.0],[-52.923999300705241,-22.944095068431984,0.0]]]}},
{"type":"Feature","properties":{"FID_ROI":0,"id":0,"FID_LINHAS":102,"Shape_Leng":0.00029357096},"geometry":{"type":"MultiLineString","coordinates":[[[-52.923999151763134,-22.94400895290865,0.0],[-52.924066422982925,-22.943997183737412,0.0],[-52.924113878677524,-22.943989453400466,0.0],[-52.924163942586858,-22.943981838840724,0.0],[-52.924201933276429,-22.943976119244972,0.0],[-52.924240809481148,-22.943970382297323,0.0]]]}},
{"type":"Feature","properties":{"FID_ROI":0,"id":0,"FID_LINHAS":103,"Shape_Leng":0.00055685882},"geometry":{"type":"MultiLineString","coordinates":[[[-52.924479179222338,-22.944015140298184,0.0],[-52.924397595610408,-22.944023337384991,0.0],[-52.924340134164808,-22.944029686370861,0.0],[-52.924279600348221,-22.944036919618068,0.0],[-52.9242173058839,-22.944045723531243,0.0],[-52.924153250771838,-22.944056098110394,0.0],[-52.924090736577639,-22.94406625032466,0.0],[-52.923999276663139,-22.944081145098743,0.0]]]}},
{"type":"Feature","properties":{"FID_ROI":0,"id":0,"FID_LINHAS":104,"Shape_Leng":0.00018310725},"geometry":{"type":"MultiLineString","coordinates":[[[-52.923999130080126,-22.943996420107453,0.0],[-52.924039720512738,-22.943989339213783,0.0],[-52.924077419436145,-22.943982854297868,0.0],[-52.924149925773747,-22.943970480443792,0.0]]]}},
{"type":"Feature","properties":{"FID_ROI":0,"id":0,"FID_LINHAS":105,"Shape_Leng":0.00055617135},"geometry":{"type":"MultiLineString","coordinates":[[[-52.924478995932247,-22.943994025285956,0.0],[-52.924420808954011,-22.943999733371427,0.0],[-52.924361819067698,-22.944006585485482,0.0],[-52.924282630613909,-22.944016484323278,0.0],[-52.924196493997982,-22.944028809981592,0.0],[-52.92410340921991,-22.944043562460429,0.0],[-52.924042460304442,-22.944053297248473,0.0],[-52.923999240725131,-22.944060372894342,0.0]]]}},
{"type":"Feature","properties":{"FID_ROI":0,"id":0,"FID_LINHAS":106,"Shape_Leng":0.00055476804},"geometry":{"type":"MultiLineString","coordinates":[[[-52.924478816433428,-22.943973347025697,0.0],[-52.924385785622775,-22.943981571750463,0.0],[-52.924316370928736,-22.943989357847563,0.0],[-52.924239562081098,-22.943999446891922,0.0],[-52.924163990475748,-22.944010440204604,0.0],[-52.924089656112685,-22.944022337785611,0.0],[-52.924039167092118,-22.944030650967555,0.0],[-52.923999201575022,-22.94403774414187,0.0]]]}},
{"type":"Feature","properties":{"FID_ROI":0,"id":0,"FID_LINHAS":107,"Shape_Leng":0.00037144667},"geometry":{"type":"MultiLineString","coordinates":[[[-52.924295641423072,-22.943970323083533,0.0],[-52.92420950271444,-22.943982528973365,0.0],[-52.924135383944048,-22.94399429300416,0.0],[-52.923999166341517,-22.944017379206709,0.0]]]}},
{"type":"Feature","properties":{"FID_ROI":0,"id":0,"FID_LINHAS":108,"Shape_Leng":0.000118366},"geometry":{"type":"MultiLineString","coordinates":[[[-52.924017278918377,-22.943970623690984,0.0],[-52.923999091105522,-22.943973892810625,0.0]]]}},
{"type":"Feature","properties":{"FID_ROI":0,"id":0,"FID_LINHAS":109,"Shape_Leng":0.00021399442},"geometry":{"type":"MultiLineString","coordinates":[[[-52.924098425415188,-22.943970536059748,0.0],[-52.924061546231613,-22.943976585987709,0.0],[-52.92403671896448,-22.943981072512283,0.0],[-52.923999116346664,-22.943988482158044,0.0]]]}},
{"type":"Feature","properties":{"FID_ROI":1,"id":0,"FID_LINHAS":110,"Shape_Leng":5.58403e-06},"geometry":{"type":"MultiLineString","coordinates":[[[-52.925538334426591,-22.942894160686294,0.0],[-52.925542299595499,-22.942890228700712,0.0]]]}},
{"type":"Feature","properties":{"FID_ROI":1,"id":0,"FID_LINHAS":111,"Shape_Leng":4.634212e-05},"geometry":{"type":"MultiLineString","coordinates":[[[-52.925508369015994,-22.942894160693754,0.0],[-52.92551899293214,-22.94288369381659,0.0],[-52.925526436845537,-22.942876637696635,0.0],[-52.925534242061566,-22.942869503374833,0.0],[-52.92553914743165,-22.942865067019085,0.0],[-52.925542155717878,-22.942862459434537,0.0]]]}},
{"type":"Feature","properties":{"FID_ROI":1,"id":0,"FID_LINHAS":112,"Shape_Leng":9.379418e-05},"geometry":{"type":"MultiLineString","coordinates":[[[-52.925473962753088,-22.942894160701481,0.0],[-52.925474459178858,-22.942893714064756,0.0],[-52.925478824038422,-22.942890221506467,0.0],[-52.925487222807035,-22.942883534147711,0.0],[-52.925494604892073,-22.942877248336263,0.0],[-52.925500970293513,-22.942871364072118,0.0],[-52.925510045577106,-22.942862524635736,0.0],[-52.925521830742845,-22.942850730027114,0.0],[-52.925531289099276,-22.94284106571461,0.0],[-52.925541986419965,-22.942829764690025,0.0]]]}},
{"type":"Feature","properties":{"FID_ROI":1,"id":0,"FID_LINHAS":113,"Shape_Leng":0.00013896866},"geometry":{"type":"MultiLineString","coordinates":[[[-52.925442345287998,-22.942894160707787,0.0],[-52.925447247492443,-22.942889871488077,0.0],[-52.925454296603448,-22.942883434772671,0.0],[-52.925465126689168,-22.942873420821666,0.0],[-52.925488360666044,-22.942850600524793,0.0],[-52.925541817468094,-22.942797160560673,0.0]]]}},
{"type":"Feature","properties":{"FID_ROI":1,"id":0,"FID_LINHAS":114,"Shape_Leng":0.0001813317},"geometry":{"type":"MultiLineString","coordinates":[[[-52.925410503891634,-22.942894160713649,0.0],[-52.925425136985439,-22.942881150988484,0.0],[-52.925436527123978,-22.942870769620274,0.0],[-52.925449552005198,-22.942858680033964,0.0],[-52.925477466230376,-22.942831725590555,0.0],[-52.925541671584078,-22.942768996639789,0.0]]]}},
{"type":"Feature","properties":{"FID_ROI":1,"id":0,"FID_LINHAS":115,"Shape_Leng":0.00022008312},"geometry":{"type":"MultiLineString","coordinates":[[[-52.925379433214225,-22.942894160718801,0.0],[-52.925397935866037,-22.942878175807607,0.0],[-52.9254098963996,-22.942867585570585,0.0],[-52.925421482365522,-22.942857061704007,0.0],[-52.925438944501678,-22.942840328468364,0.0],[-52.925462282808077,-22.942817385863663,0.0],[-52.925483505234538,-22.942796931008541,0.0],[-52.925502611781056,-22.942778963903002,0.0],[-52.92551899135831,-22.942763277028536,0.0],[-52.92553947027028,-22.942743167063444,0.0]]]}},
{"type":"Feature","properties":{"FID_ROI":1,"id":0,"FID_LINHAS":116,"Shape_Leng":0.00019760331},"geometry":{"type":"MultiLineString","coordinates":[[[-52.925333243134645,-22.942894160725729,0.0],[-52.925395132454376,-22.942837869544213,0.0],[-52.92543133241503,-22.942804258909383,0.0],[-52.925478042977247,-22.942759718186405,0.0]]]}},
{"type":"Feature","properties":{"FID_ROI":1,"id":0,"FID_LINHAS":117,"Shape_Leng":0.00018400798},"geometry":{"type":"MultiLineString","coordinates":[[[-52.925299132748748,-22.942894160730258,0.0],[-52.925309378275173,-22.94288576249129,0.0],[-52.925318109118422,-22.942878350455526,0.0],[-52.925328740453963,-22.942869125209981,0.0],[-52.925338172093923,-22.942860691592642,0.0],[-52.925346404038294,-22.94285304960351,0.0],[-52.925361457565188,-22.942838740490416,0.0],[-52.925383332674606,-22.942817764253359,0.0],[-52.925404487876754,-22.942798032453187,0.0],[-52.925435140819069,-22.94277030140826,0.0]]]}},
{"type":"Feature","properties":{"FID_ROI":1,"id":0,"FID_LINHAS":118,"Shape_Leng":0.0002106416},"geometry":{"type":"MultiLineString","coordinates":[[[-52.925264206991798,-22.942894160833376,0.0],[-52.925302317551441,-22.942863243942661,0.0],[-52.925315323468361,-22.942852657499117,0.0],[-52.925315928262442,-22.942852095872507,0.0],[-52.925326680331985,-22.942841633159809,0.0],[-52.925347579677002,-22.94282126936103,0.0],[-52.92536295268804,-22.942806653579133,0.0],[-52.925372799365114,-22.942797785814122,0.0],[-52.925384411411393,-22.942787555576199,0.0],[-52.92540447753462,-22.942770166509945,0.0]]]}},
{"type":"Feature","properties":{"FID_ROI":1,"id":0,"FID_LINHAS":119,"Shape_Leng":0.0001778402},"geometry":{"type":"MultiLineString","coordinates":[[[-52.925244214748645,-22.942894160730702,0.0],[-52.925256672607333,-22.942883852331303,0.0],[-52.925266034100176,-22.942875932852964,0.0],[-52.925276451846756,-22.942866966162548,0.0],[-52.925305572344257,-22.942840920896781,0.0],[-52.925377307216891,-22.942776235135103,0.0]]]}},
{"type":"Feature","properties":{"FID_ROI":1,"id":0,"FID_LINHAS":120,"Shape_Leng":0.00016619545},"geometry":{"type":"MultiLineString","coordinates":[[[-52.925195401346613,-22.9428941607196,0.0],[-52.925209947431085,-22.942882710414363,0.0],[-52.925219831205212,-22.942874770254388,0.0],[-52.925229901363842,-22.942866523471267,0.0],[-52.925248305315023,-22.942850658306241,0.0],[-52.925275043058775,-22.942827174759312,0.0],[-52.925296873202115,-22.942808284050049,0.0],[-52.925322257016497,-22.94278683724265,0.0]]]}},
{"type":"Feature","properties":{"FID_ROI":1,"id":0,"FID_LINHAS":121,"Shape_Leng":0.00015830494},"geometry":{"type":"MultiLineString","coordinates":[[[-52.925162433099814,-22.942894160710718,0.0],[-52.92517749247223,-22.942882510762647,0.0],[-52.925189793623993,-22.942872635488669,0.0],[-52.925204356345915,-22.942860651572765,0.0],[-52.925222276237022,-22.942845514184089,0.0],[-52.925243553297307,-22.942827223322642,0.0],[-52.925261360773156,-22.942811439096584,0.0],[-52.925282867610271,-22.942791522710575,0.0]]]}},
{"type":"Feature","properties":{"FID_ROI":1,"id":0,"FID_LINHAS":122,"Shape_Leng":0.00014207082},"geometry":{"type":"MultiLineString","coordinates":[[[-52.925126300138572,-22.942894160699172,0.0],[-52.925147814395082,-22.942878170406747,0.0],[-52.925161709595187,-22.942867449772923,0.0],[-52.925175157157717,-22.942856668700223,0.0],[-52.925187658633483,-22.94284612527338,0.0],[-52.925199214022484,-22.942835819492394,0.0],[-52.925212304779023,-22.942823523286897,0.0],[-52.925234243965157,-22.942802093341879,0.0]]]}},
{"type":"Feature","properties":{"FID_ROI":1,"id":0,"FID_LINHAS":123,"Shape_Leng":0.00013929649},"geometry":{"type":"MultiLineString","coordinates":[[[-52.925090159064439,-22.942892994114921,0.0],[-52.925102517112691,-22.942884774762192,0.0],[-52.925110977714439,-22.942878745932376,0.0],[-52.92511966021911,-22.942872167841237,0.0],[-52.925136382887722,-22.942858751080447,0.0],[-52.925161145720253,-22.942838495650001,0.0],[-52.925176271867414,-22.942825940664573,0.0],[-52.925181761329192,-22.942821086124159,0.0],[-52.925187966651315,-22.942815375429177,0.0],[-52.92519834842502,-22.942805525154846,0.0]]]}},
{"type":"Feature","properties":{"FID_ROI":1,"id":0,"FID_LINHAS":124,"Shape_Leng":2.080723e-05},"geometry":{"type":"MultiLineString","coordinates":[[[-52.925542243688753,-22.942879421608779,0.0],[-52.925527556951145,-22.942894160689047,0.0]]]}},
{"type":"Feature","properties":{"FID_ROI":1,"id":0,"FID_LINHAS":125,"Shape_Leng":8.726072e-05},"geometry":{"type":"MultiLineString","coordinates":[[[-52.925092134094264,-22.942866197923966,0.0],[-52.925100549650516,-22.94286048834762,0.0],[-52.925108278624137,-22.942854943800555,0.0],[-52.92511812620053,-22.942847661090653,0.0],[-52.925127018022408,-22.942840664814806,0.0],[-52.925134954089778,-22.942833954973011,0.0],[-52.92514408243337,-22.942825716058906,0.0],[-52.925159563363103,-22.942811064079276,0.0]]]}},
{"type":"Feature","properties":{"FID_ROI":1,"id":0,"FID_LINHAS":126,"Shape_Leng":6.222288e-05},"geometry":{"type":"MultiLineString","coordinates":[[[-52.925542100937342,-22.94285189509802,0.0],[-52.92553601084078,-22.942857950683653,0.0],[-52.925529363014711,-22.942864274042002,0.0],[-52.92552012742695,-22.942872883701607,0.0],[-52.925510745249696,-22.942881431572687,0.0],[-52.925496452099566,-22.942894160696508,0.0]]]}},
{"type":"Feature","properties":{"FID_ROI":1,"id":0,"FID_LINHAS":127,"Shape_Leng":4.893789e-05},"geometry":{"type":"MultiLineString","coordinates":[[[-52.925093661885313,-22.942845473035849,0.0],[-52.925097106556798,-22.942843255985373,0.0],[-52.925100645403433,-22.942840798813776,0.0],[-52.925105426649054,-22.942837362504221,0.0],[-52.925110419909885,-22.942833509358909,0.0],[-52.92511562518591,-22.942829239377829,0.0],[-52.925121618717696,-22.942824057484206,0.0],[-52.925131791398996,-22.94281491677495,0.0]]]}},
{"type":"Feature","properties":{"FID_ROI":1,"id":0,"FID_LINHAS":128,"Shape_Leng":0.00010963518},"geometry":{"type":"MultiLineString","coordinates":[[[-52.925541919075258,-22.942816773908596,0.0],[-52.925521059112299,-22.942838240925425,0.0],[-52.925501646808513,-22.942857587624136,0.0],[-52.925464269860115,-22.942894160703435,0.0]]]}},
{"type":"Feature","properties":{"FID_ROI":1,"id":0,"FID_LINHAS":129,"Shape_Leng":3.201511e-05},"geometry":{"type":"MultiLineString","coordinates":[[[-52.925119778255095,-22.942814956345075,0.0],[-52.925111610162624,-22.942821830762842,0.0],[-52.925106852749003,-22.942825672441796,0.0],[-52.925102783316753,-22.942828772854522,0.0],[-52.925099178853671,-22.942831370547694,0.0],[-52.925094469612802,-22.942834513008119,0.0]]]}},
{"type":"Feature","properties":{"FID_ROI":1,"id":0,"FID_LINHAS":130,"Shape_Leng":0.00010259966},"geometry":{"type":"MultiLineString","coordinates":[[[-52.925170200544279,-22.94281092288573,0.0],[-52.925151770063074,-22.942829275800385,0.0],[-52.925141261709797,-22.942839215557292,0.0],[-52.92513253199072,-22.942846859794667,0.0],[-52.925123062579246,-22.942854414999196,0.0],[-52.925112853475369,-22.942861881170877,0.0],[-52.925103662842062,-22.942868234880279,0.0],[-52.925091404597978,-22.942876096750968,0.0]]]}},
{"type":"Feature","properties":{"FID_ROI":1,"id":0,"FID_LINHAS":131,"Shape_Leng":0.00013146356},"geometry":{"type":"MultiLineString","coordinates":[[[-52.925239872821827,-22.94280856756135,0.0],[-52.925216952924984,-22.942830624783468,0.0],[-52.925203253552255,-22.942843387062609,0.0],[-52.925191134738036,-22.942854206806153,0.0],[-52.925179490091345,-22.942864126103494,0.0],[-52.925168319612183,-22.942873144954625,0.0],[-52.925157127998965,-22.942881780961116,0.0],[-52.925140308878071,-22.942894160703879,0.0]]]}},
{"type":"Feature","properties":{"FID_ROI":1,"id":0,"FID_LINHAS":132,"Shape_Leng":0.00013756683},"geometry":{"type":"MultiLineString","coordinates":[[[-52.925207836272591,-22.942807152028415,0.0],[-52.925194873894291,-22.942820788898246,0.0],[-52.925185765560606,-22.94282945971176,0.0],[-52.925176190478759,-22.942837710092228,0.0],[-52.925161328957103,-22.942849811819336,0.0],[-52.925141180995631,-22.942865764893089,0.0],[-52.925127121219596,-22.942876581488974,0.0],[-52.925119149629012,-22.942882261606993,0.0],[-52.925111797896122,-22.942887366422006,0.0],[-52.925101700083331,-22.942894160690024,0.0]]]}},
{"type":"Feature","properties":{"FID_ROI":1,"id":0,"FID_LINHAS":133,"Shape_Leng":0.00047230948},"geometry":{"type":"MultiLineString","coordinates":[[[-52.925096297600781,-22.942809714377681,0.0],[-52.925129890168442,-22.942806082779661,0.0],[-52.925155929427547,-22.942802671156276,0.0],[-52.925185612900648,-22.942798268974855,0.0],[-52.925219787812878,-22.942793004343613,0.0],[-52.925258454164251,-22.942786877262549,0.0],[-52.92530092757066,-22.942779857829159,0.0],[-52.925347208032129,-22.942771946043443,0.0],[-52.925390871241625,-22.942763647774083,0.0],[-52.925431917199134,-22.942754963021077,0.0],[-52.925474692965309,-22.942744583720682,0.0],[-52.925541451327554,-22.942726472948998,0.0]],[[-52.925096497335232,-22.942807005426396,0.0],[-52.925097200283005,-22.942806933265189,0.0],[-52.925097194966256,-22.942807005200798,0.0],[-52.925096476068248,-22.942807293168848,0.0]]]}},
{"type":"Feature","properties":{"FID_ROI":1,"id":0,"FID_LINHAS":134,"Shape_Leng":0.00015650916},"geometry":{"type":"MultiLineString","coordinates":[[[-52.92529412532361,-22.942791388711541,0.0],[-52.925279075393973,-22.942805835645725,0.0],[-52.925270106904868,-22.942814209008482,0.0],[-52.92526220321308,-22.942821324444544,0.0],[-52.925237726364955,-22.942842201800591,0.0],[-52.925176151358258,-22.942894160714626,0.0]]]}},
{"type":"Feature","properties":{"FID_ROI":1,"id":0,"FID_LINHAS":135,"Shape_Leng":0.00016514671},"geometry":{"type":"MultiLineString","coordinates":[[[-52.92533440685736,-22.942786073718295,0.0],[-52.925314377831256,-22.942803641524772,0.0],[-52.925295893165924,-22.942819487579218,0.0],[-52.925272276519337,-22.942839467817127,0.0],[-52.925251551417944,-22.942857696625346,0.0],[-52.925233717861751,-22.942874174003872,0.0],[-52.925222231720582,-22.942884466295027,0.0],[-52.925217092994423,-22.942888573498802,0.0],[-52.92521329987887,-22.942891510506286,0.0],[-52.925209628621438,-22.942894160723064,0.0]]]}},
{"type":"Feature","properties":{"FID_ROI":1,"id":0,"FID_LINHAS":136,"Shape_Leng":0.00045161279},"geometry":{"type":"MultiLineString","coordinates":[[[-52.925098054265199,-22.942785882165211,0.0],[-52.925107389202957,-22.942785047817285,0.0],[-52.925114898533693,-22.94278421976588,0.0],[-52.925123693903316,-22.942783119895019,0.0],[-52.925170848730652,-22.942775943080278,0.0],[-52.925256363015684,-22.942762689321654,0.0],[-52.92531321927958,-22.942753679688572,0.0],[-52.925341417522347,-22.942748914181028,0.0],[-52.925368190789328,-22.942744007030253,0.0],[-52.925393539080524,-22.942738958236248,0.0],[-52.925421118364895,-22.942733015965814,0.0],[-52.925450928642427,-22.942726180218958,0.0],[-52.925477006733466,-22.942719875072108,0.0],[-52.92549935263802,-22.942714100525269,0.0],[-52.925518225529579,-22.942708951007546,0.0],[-52.925541325347439,-22.942702164274635,0.0]]]}},
{"type":"Feature","properties":{"FID_ROI":1,"id":0,"FID_LINHAS":137,"Shape_Leng":0.00015591815},"geometry":{"type":"MultiLineString","coordinates":[[[-52.92554175813067,-22.942785713999196,0.0],[-52.925522601233332,-22.942805472546929,0.0],[-52.925508378458908,-22.942819838764521,0.0],[-52.92549270417495,-22.942835398834553,0.0],[-52.925477021122603,-22.942850583662462,0.0],[-52.925461329301875,-22.94286539324824,0.0],[-52.925447561355853,-22.942878138708394,0.0],[-52.92542979524886,-22.942894160710186,0.0]]]}},
{"type":"Feature","properties":{"FID_ROI":1,"id":0,"FID_LINHAS":138,"Shape_Leng":0.00017855954},"geometry":{"type":"MultiLineString","coordinates":[[[-52.925365872337096,-22.942776082250376,0.0],[-52.925313220853454,-22.942823159061493,0.0],[-52.925286423304783,-22.942847307432242,0.0],[-52.925267929196544,-22.942864219632987,0.0],[-52.925254544586522,-22.942876091133662,0.0],[-52.925246269474727,-22.942882921934252,0.0],[-52.925239597404456,-22.942888293182943,0.0],[-52.925231993861324,-22.942894160728127,0.0]]]}},
{"type":"Feature","properties":{"FID_ROI":1,"id":0,"FID_LINHAS":139,"Shape_Leng":0.00018227283},"geometry":{"type":"MultiLineString","coordinates":[[[-52.925413281897463,-22.942771897704866,0.0],[-52.925383348637595,-22.942798312142372,0.0],[-52.925358738464958,-22.942820998665141,0.0],[-52.92532947362627,-22.942848762085681,0.0],[-52.9253100365789,-22.94286685307279,0.0],[-52.925300427322838,-22.942875271626466,0.0],[-52.925291256261438,-22.942883150860709,0.0],[-52.925278156961333,-22.942894160732923,0.0]]]}},
{"type":"Feature","properties":{"FID_ROI":1,"id":0,"FID_LINHAS":140,"Shape_Leng":0.00018572261},"geometry":{"type":"MultiLineString","coordinates":[[[-52.925449165746421,-22.942769514501453,0.0],[-52.925378794021107,-22.942833888648,0.0],[-52.925344375392584,-22.942865050204801,0.0],[-52.925311491232321,-22.94289416072866,0.0]]]}},
{"type":"Feature","properties":{"FID_ROI":1,"id":0,"FID_LINHAS":141,"Shape_Leng":0.00045045853},"geometry":{"type":"MultiLineString","coordinates":[[[-52.925099617869108,-22.942764670732068,0.0],[-52.925154135209155,-22.942757967650842,0.0],[-52.925187162432557,-22.942753638769389,0.0],[-52.925216871985988,-22.942749449727302,0.0],[-52.925238465157975,-22.942746227006744,0.0],[-52.925251941948503,-22.942743970607719,0.0],[-52.925277055741482,-22.942739807870787,0.0],[-52.925313806536913,-22.942733738795944,0.0],[-52.925346250928705,-22.942727814062309,0.0],[-52.925374388916872,-22.942722033669877,0.0],[-52.925389832749531,-22.94271890312983,0.0],[-52.925392582426674,-22.942718422442155,0.0],[-52.925399440206952,-22.942717002637483,0.0],[-52.925410406090364,-22.942714643715803,0.0],[-52.925421687635769,-22.942712006453906,0.0],[-52.92543328484318,-22.942709090851793,0.0],[-52.925464614123527,-22.942700526158038,0.0],[-52.925541206153447,-22.942679205479948,0.0]]]}},
{"type":"Feature","properties":{"FID_ROI":1,"id":0,"FID_LINHAS":142,"Shape_Leng":0.00020007586},"geometry":{"type":"MultiLineString","coordinates":[[[-52.92549275948322,-22.942758130882961,0.0],[-52.925418586998134,-22.942828529587892,0.0],[-52.925387403455851,-22.942857804768792,0.0],[-52.925374484694679,-22.942869422660642,0.0],[-52.925362540124098,-22.942879963885893,0.0],[-52.925346084554128,-22.942894160723863,0.0]]]}},
{"type":"Feature","properties":{"FID_ROI":1,"id":0,"FID_LINHAS":143,"Shape_Leng":0.00019930513},"geometry":{"type":"MultiLineString","coordinates":[[[-52.925541605117864,-22.942756174057415,0.0],[-52.925516533700261,-22.942782243755346,0.0],[-52.925500383485868,-22.94279865455924,0.0],[-52.9254847973355,-22.942814096368409,0.0],[-52.925470339384624,-22.942828030464174,0.0],[-52.92545700963322,-22.94284045684654,0.0],[-52.925437233541437,-22.942858542707238,0.0],[-52.92539789989317,-22.942894160715781,0.0]]]}},
{"type":"Feature","properties":{"FID_ROI":1,"id":0,"FID_LINHAS":144,"Shape_Leng":0.00022297095},"geometry":{"type":"MultiLineString","coordinates":[[[-52.925528585775552,-22.942742545631916,0.0],[-52.925506900198215,-22.942761226349489,0.0],[-52.925494364773051,-22.942772333876079,0.0],[-52.92548375097428,-22.942782095117533,0.0],[-52.925474757304158,-22.942790678696802,0.0],[-52.925467383762694,-22.942798084613884,0.0],[-52.925455426151949,-22.942810573274325,0.0],[-52.925438884471923,-22.942828144678121,0.0],[-52.925426159964303,-22.942841254770066,0.0],[-52.925417252629067,-22.942849903550162,0.0],[-52.925406619944511,-22.942859630842243,0.0],[-52.92539426191064,-22.942870436646317,0.0],[-52.925382418288955,-22.942880419841501,0.0],[-52.925365424474727,-22.942894160720932,0.0]]]}},
{"type":"Feature","properties":{"FID_ROI":1,"id":0,"FID_LINHAS":145,"Shape_Leng":0.00054027112},"geometry":{"type":"MultiLineString","coordinates":[[[-52.92510111598763,-22.94274434492845,0.0],[-52.925119512396563,-22.942742216418345,0.0],[-52.925150215135311,-22.942738375925266,0.0],[-52.925199356340194,-22.942732113945844,0.0],[-52.92523186143621,-22.942727882185945,0.0],[-52.925247730423351,-22.942725680645573,0.0],[-52.925270727437045,-22.942721989378239,0.0],[-52.925300852477285,-22.942716808383938,0.0],[-52.925335551919119,-22.942710499864631,0.0],[-52.925374825762539,-22.942703063820318,0.0],[-52.925402123559095,-22.942697713078978,0.0],[-52.925417445308781,-22.942694447640616,0.0],[-52.925431961715596,-22.942691210081239,0.0],[-52.925445672779524,-22.94268800040085,0.0],[-52.925458581198527,-22.942684836136223,0.0],[-52.925470686972602,-22.942681717287353,0.0],[-52.925482746881251,-22.942678455671132,0.0],[-52.925494760924479,-22.942675051287559,0.0],[-52.925510853447946,-22.942670165967655,0.0],[-52.925541109953514,-22.942660616583304,0.0]],[[-52.925101886242956,-22.942738948343759,0.0],[-52.925101507268323,-22.942739036553466,0.0]]]}},
{"type":"Feature","properties":{"FID_ROI":1,"id":0,"FID_LINHAS":146,"Shape_Leng":0.00050092232},"geometry":{"type":"MultiLineString","coordinates":[[[-52.925102832111669,-22.942721062845699,0.0],[-52.925151457719011,-22.942715239796186,0.0],[-52.925189188380315,-22.942710336188025,0.0],[-52.925232232631366,-22.942704411004705,0.0],[-52.925269423420083,-22.942698843077075,0.0],[-52.925300760746467,-22.942693632405135,0.0],[-52.925339737588793,-22.942686213672751,0.0],[-52.925386353947083,-22.942676586879919,0.0],[-52.925427399679734,-22.942667985089397,0.0],[-52.925462874786767,-22.94266040830118,0.0],[-52.925495708992372,-22.942652261799573,0.0],[-52.92554099894862,-22.942639187477081,0.0]]]}},
{"type":"Feature","properties":{"FID_ROI":1,"id":0,"FID_LINHAS":147,"Shape_Leng":0.00050524217},"geometry":{"type":"MultiLineString","coordinates":[[[-52.925541410100706,-22.942718544965306,0.0],[-52.925494634118223,-22.9427308770384,0.0],[-52.925455592526525,-22.94274030564554,0.0],[-52.92540869333147,-22.942750941477758,0.0],[-52.925360937532176,-22.942760649659238,0.0],[-52.925312325128644,-22.942769430189983,0.0],[-52.925273599422027,-22.942776176004624,0.0],[-52.925244760412319,-22.942780887103158,0.0],[-52.925208925801243,-22.942786490554017,0.0],[-52.9251660955888,-22.942792986357201,0.0],[-52.925132751319254,-22.942797344663294,0.0],[-52.925096963829276,-22.9428006758768,0.0]]]}},
{"type":"Feature","properties":{"FID_ROI":1,"id":0,"FID_LINHAS":148,"Shape_Leng":0.00045537618},"geometry":{"type":"MultiLineString","coordinates":[[[-52.925104153058932,-22.942703141995473,0.0],[-52.925146609884258,-22.942697642072289,0.0],[-52.925173882368711,-22.942693954137663,0.0],[-52.925200122787388,-22.94269024488387,0.0],[-52.925225785841292,-22.942686320467281,0.0],[-52.925250871530423,-22.942682180887889,0.0],[-52.925276947597972,-22.942677578832132,0.0],[-52.925304014043945,-22.942672514300003,0.0],[-52.925336730705496,-22.942666023443127,0.0],[-52.925375097582638,-22.942658106261511,0.0],[-52.925409763974393,-22.942650672465486,0.0],[-52.925440729880776,-22.94264372205506,0.0],[-52.925467998224534,-22.94263729190245,0.0],[-52.925491569005679,-22.942631382007654,0.0],[-52.925512738150672,-22.942625833402566,0.0],[-52.925540889413924,-22.942618052429502,0.0]]]}},
{"type":"Feature","properties":{"FID_ROI":1,"id":0,"FID_LINHAS":149,"Shape_Leng":0.000450892},"geometry":{"type":"MultiLineString","coordinates":[[[-52.925541280691959,-22.942693578445432,0.0],[-52.925452665929363,-22.942715628248482,0.0],[-52.925415449713185,-22.942724703981849,0.0],[-52.925400093789236,-22.942728155579875,0.0],[-52.925384352955462,-22.942731481497638,0.0],[-52.925368227211877,-22.942734681735139,0.0],[-52.925345312036498,-22.942738905625951,0.0],[-52.925315607429326,-22.942744153170082,0.0],[-52.925274713906894,-22.942751099083907,0.0],[-52.92522263146919,-22.942759743367418,0.0],[-52.925182671218217,-22.942766075718772,0.0],[-52.925154833153968,-22.94277009613797,0.0],[-52.925130351782592,-22.942773479835203,0.0],[-52.925098664764846,-22.942777600298108,0.0]]]}},
{"type":"Feature","properties":{"FID_ROI":1,"id":0,"FID_LINHAS":150,"Shape_Leng":0.00044996408},"geometry":{"type":"MultiLineString","coordinates":[[[-52.92554115841164,-22.942669982932689,0.0],[-52.925509770862682,-22.942678709504619,0.0],[-52.925485857411346,-22.942685187995963,0.0],[-52.925458955541323,-22.94269232726403,0.0],[-52.925434030830807,-22.942698682772949,0.0],[-52.925411083279798,-22.94270425452272,0.0],[-52.925388646318879,-22.942709394148224,0.0],[-52.92536671994808,-22.942714101649457,0.0],[-52.925329839875126,-22.942721396500225,0.0],[-52.925278006100029,-22.942731278700528,0.0],[-52.925244019370936,-22.942737634209426,0.0],[-52.925227879687831,-22.942740463026915,0.0],[-52.925214393679276,-22.942742605886515,0.0],[-52.92520356134527,-22.942744062788229,0.0],[-52.925183647657214,-22.942746397428266,0.0],[-52.925154652615113,-22.942749609806626,0.0],[-52.925130172591928,-22.94275252001075,0.0],[-52.925100225085522,-22.942756432055571,0.0]]]}},
{"type":"Feature","properties":{"FID_ROI":1,"id":0,"FID_LINHAS":151,"Shape_Leng":0.00057204063},"geometry":{"type":"MultiLineString","coordinates":[[[-52.92554106087757,-22.94265114492287,0.0],[-52.925454357908833,-22.942674265751855,0.0],[-52.925411822522548,-22.94268514932514,0.0],[-52.925384553729145,-22.942691502585724,0.0],[-52.925367277078152,-22.942695332573496,0.0],[-52.925359992569554,-22.942696639288457,0.0],[-52.925339883278937,-22.94270066645257,0.0],[-52.925306949206316,-22.942707414065836,0.0],[-52.92527616968448,-22.942712965131157,0.0],[-52.925247544713415,-22.942717319648523,0.0],[-52.925221062601956,-22.942720936946628,0.0],[-52.925196723350105,-22.942723817025474,0.0],[-52.92516383870236,-22.942728069836864,0.0],[-52.925101693636933,-22.942736508152777,0.0]]]}},
{"type":"Feature","properties":{"FID_ROI":1,"id":0,"FID_LINHAS":152,"Shape_Leng":0.00049406728},"geometry":{"type":"MultiLineString","coordinates":[[[-52.925540968299266,-22.94263327729869,0.0],[-52.925528787837827,-22.942637185831117,0.0],[-52.925504918766954,-22.942643271269894,0.0],[-52.925465300932828,-22.94265283645916,0.0],[-52.925427003528313,-22.94266161654031,0.0],[-52.925390026553409,-22.942669611513349,0.0],[-52.925345375888334,-22.94267842734255,0.0],[-52.925293051533089,-22.942688064027909,0.0],[-52.925233874343824,-22.942697308384034,0.0],[-52.925167844320555,-22.942706160410925,0.0],[-52.925126960321542,-22.942711437631008,0.0],[-52.925103353359425,-22.942713991250923,0.0]]]}},
{"type":"Feature","properties":{"FID_ROI":1,"id":0,"FID_LINHAS":153,"Shape_Leng":0.00045320895},"geometry":{"type":"MultiLineString","coordinates":[[[-52.925540850623001,-22.942610565779802,0.0],[-52.925512683262028,-22.942618002607421,0.0],[-52.925494446836232,-22.942622545044404,0.0],[-52.9254767522253,-22.942626672033288,0.0],[-52.925429599196598,-22.942637222429866,0.0],[-52.925352987750117,-22.942654196234141,0.0],[-52.925303726485716,-22.942664810032912,0.0],[-52.925281815403395,-22.942669063826187,0.0],[-52.925257813172479,-22.94267342891057,0.0],[-52.925231719792976,-22.942677905286061,0.0],[-52.925203954798633,-22.942682441691289,0.0],[-52.925174518189429,-22.942687038126259,0.0],[-52.925146012390087,-22.942691102617445,0.0],[-52.925104649905855,-22.94269640143856,0.0]]]}}
]
}
