{
"type": "FeatureCollection",
"name": "linhas",
"crs": { "type": "name", "properties": { "name": "urn:ogc:def:crs:OGC:1.3:CRS84" } },
"features": [
{ "type": "Feature", "properties": { "Id": 0 }, "geometry": { "type": "LineString", "coordinates": [ [ -53.100039863249037, -22.694640735281666, 0.0 ], [ -53.10004028772903, -22.694639543679955, 0.0 ], [ -53.100040743685327, -22.694638266642642, 0.0 ], [ -53.100041199641623, -22.694636988706009, 0.0 ], [ -53.100041655597863, -22.694635711668695, 0.0 ], [ -53.10004211155416, -22.694634434631382, 0.0 ], [ -53.100042568409776, -22.694633157594126, 0.0 ], [ -53.100043024366016, -22.694631879657493, 0.0 ], [ -53.100043482120952, -22.69463060262018, 0.0 ], [ -53.100043938976569, -22.694629326482186, 0.0 ], [ -53.100044396731505, -22.694628049444873, 0.0 ], [ -53.100044854486384, -22.69462677240756, 0.0 ], [ -53.100045312241321, -22.694625495370246, 0.0 ], [ -53.100045770895576, -22.69462421923231, 0.0 ], [ -53.100046229549832, -22.694622943094316, 0.0 ], [ -53.100046689103351, -22.694621666057003, 0.0 ], [ -53.100047148656927, -22.69462038991901, 0.0 ], [ -53.100047608210502, -22.694619113781016, 0.0 ], [ -53.100048068663398, -22.694617837643023, 0.0 ], [ -53.100048529116293, -22.694616562404406, 0.0 ], [ -53.100048990468508, -22.694615286266412, 0.0 ], [ -53.100049451820723, -22.694614011027738, 0.0 ], [ -53.100049914072258, -22.694612734889745, 0.0 ], [ -53.100050376323793, -22.694611459651071, 0.0 ], [ -53.100050839474648, -22.694610184412454, 0.0 ], [ -53.100051302625502, -22.6946089100731, 0.0 ], [ -53.100051766675676, -22.694607634834426, 0.0 ], [ -53.100052230725851, -22.694606360495072, 0.0 ], [ -53.100052695675345, -22.694605085256455, 0.0 ], [ -53.100053161524158, -22.694603810917101, 0.0 ], [ -53.100053627372972, -22.694602536577747, 0.0 ], [ -53.100054094121106, -22.694601263137713, 0.0 ], [ -53.100054560869239, -22.694599988798416, 0.0 ], [ -53.100055028516692, -22.694598715358381, 0.0 ], [ -53.100055497063522, -22.694597441918347, 0.0 ], [ -53.100055965610295, -22.69459616847837, 0.0 ], [ -53.100056435056388, -22.694594895038335, 0.0 ], [ -53.1000569054018, -22.694593622497621, 0.0 ], [ -53.100057375747269, -22.694592349956963, 0.0 ], [ -53.100057846992001, -22.694591077416248, 0.0 ], [ -53.100058318236734, -22.694589804875534, 0.0 ], [ -53.100058790380842, -22.694588532334876, 0.0 ], [ -53.100059262524894, -22.694587259794162, 0.0 ], [ -53.100059734669003, -22.694585988152767, 0.0 ], [ -53.100060207712374, -22.694584715612109, 0.0 ], [ -53.100060681655066, -22.694583443970714, 0.0 ], [ -53.100061154698494, -22.694582172329319, 0.0 ], [ -53.100061628641186, -22.694580900687981, 0.0 ], [ -53.100062102583934, -22.694579629046586, 0.0 ], [ -53.100062577425945, -22.694578357405248, 0.0 ], [ -53.100063051368693, -22.694577085763854, 0.0 ], [ -53.100063526210704, -22.694575814122459, 0.0 ], [ -53.100064001052772, -22.694574542481121, 0.0 ], [ -53.100064474995463, -22.694573270839726, 0.0 ], [ -53.100064949837531, -22.694572000097708, 0.0 ], [ -53.100065424679542, -22.694570728456313, 0.0 ], [ -53.10006589952161, -22.694569456814918, 0.0 ], [ -53.100066374363621, -22.69456818517358, 0.0 ], [ -53.100066849205689, -22.694566913532185, 0.0 ], [ -53.10006732314838, -22.69456564189079, 0.0 ], [ -53.100067797990448, -22.694564370249452, 0.0 ], [ -53.100068271933139, -22.694563098608057, 0.0 ], [ -53.100068745875888, -22.694561826966719, 0.0 ], [ -53.100069218919259, -22.694560555325324, 0.0 ], [ -53.100069692862007, -22.69455928368393, 0.0 ], [ -53.100070165905379, -22.694558011143272, 0.0 ], [ -53.100070638049488, -22.694556739501877, 0.0 ], [ -53.100071111092859, -22.694555466961162, 0.0 ], [ -53.100071583236911, -22.694554195319824, 0.0 ], [ -53.1000720544817, -22.69455292277911, 0.0 ], [ -53.100072525726432, -22.694551650238395, 0.0 ], [ -53.100072996071844, -22.694550376798418, 0.0 ], [ -53.100073466417314, -22.694549104257703, 0.0 ], [ -53.100073935863406, -22.694547830817669, 0.0 ], [ -53.100074404410179, -22.694546557377691, 0.0 ], [ -53.100074872956952, -22.694545283937657, 0.0 ], [ -53.100075340604462, -22.694544010497623, 0.0 ], [ -53.100075807352596, -22.694542736158326, 0.0 ], [ -53.100076274100729, -22.694541462718291, 0.0 ], [ -53.100076739949543, -22.694540188378937, 0.0 ], [ -53.100077203999717, -22.694538913140264, 0.0 ], [ -53.100077668049892, -22.694537638800966, 0.0 ], [ -53.100078131200746, -22.694536363562293, 0.0 ], [ -53.100078594351601, -22.694535088323619, 0.0 ], [ -53.100079055703816, -22.694533812185625, 0.0 ], [ -53.100079516156711, -22.694532536047632, 0.0 ], [ -53.100079975710287, -22.694531259909695, 0.0 ], [ -53.100080434364486, -22.694529983771702, 0.0 ], [ -53.100080892119422, -22.694528706734388, 0.0 ], [ -53.100081348975039, -22.694527429697075, 0.0 ], [ -53.100081804931335, -22.694526152659762, 0.0 ], [ -53.100082260887575, -22.694524874723129, 0.0 ], [ -53.100082715045232, -22.694523596786496, 0.0 ], [ -53.100083168303513, -22.694522318849863, 0.0 ], [ -53.100083620662531, -22.694521040013967, 0.0 ], [ -53.100084072122172, -22.694519761178015, 0.0 ], [ -53.10008452358187, -22.694518482342062, 0.0 ], [ -53.100084973242872, -22.694517202606789, 0.0 ], [ -53.100085422004554, -22.694515923770837, 0.0 ], [ -53.100085869866973, -22.694514643136245, 0.0 ], [ -53.100086317729335, -22.694513363400972, 0.0 ], [ -53.100086763793058, -22.69451208276638, 0.0 ], [ -53.100087208957461, -22.694510802131788, 0.0 ], [ -53.100087654121921, -22.694509521497196, 0.0 ], [ -53.100088097487685, -22.694508239963284, 0.0 ], [ -53.100088540853449, -22.694506959328692, 0.0 ], [ -53.100088982420573, -22.694505676895403, 0.0 ], [ -53.100089423088377, -22.694504395361491, 0.0 ], [ -53.100089863756182, -22.69450311292826, 0.0 ], [ -53.100090303524667, -22.694501830495028, 0.0 ], [ -53.100090741494455, -22.694500548061797, 0.0 ], [ -53.1000911794643, -22.694499264729245, 0.0 ], [ -53.100091615635506, -22.694497981396694, 0.0 ], [ -53.100092051806712, -22.694496698064142, 0.0 ], [ -53.100092487078598, -22.694495414731534, 0.0 ], [ -53.100092920551788, -22.694494130499663, 0.0 ], [ -53.100093354025034, -22.694492846267792, 0.0 ], [ -53.100093786598904, -22.694491561136601, 0.0 ], [ -53.100094218273512, -22.69449027690473, 0.0 ], [ -53.100094649048799, -22.694488991773483, 0.0 ], [ -53.10009507802539, -22.694487706642292, 0.0 ], [ -53.100095507001981, -22.694486420611781, 0.0 ], [ -53.10009593507931, -22.694485135480591, 0.0 ], [ -53.100096362257261, -22.694483849450023, 0.0 ], [ -53.100096788535893, -22.694482563419513, 0.0 ], [ -53.100097214814582, -22.694481276489682, 0.0 ], [ -53.100097639294574, -22.694479989559852, 0.0 ], [ -53.100098062875247, -22.694478702629965, 0.0 ], [ -53.1000984855566, -22.694477415700135, 0.0 ], [ -53.100098907338634, -22.694476127870985, 0.0 ], [ -53.100099329120724, -22.694474840041778, 0.0 ], [ -53.100099749104118, -22.694473552212628, 0.0 ], [ -53.100100169087511, -22.694472264383478, 0.0 ], [ -53.100100587272266, -22.694470975654951, 0.0 ], [ -53.10010100545702, -22.694469686926482, 0.0 ], [ -53.100101421843078, -22.694468398197955, 0.0 ], [ -53.100101838229193, -22.694467109469485, 0.0 ], [ -53.100102253715988, -22.694465819841639, 0.0 ], [ -53.100102668303464, -22.69446453021385, 0.0 ], [ -53.1001030810923, -22.69446324058606, 0.0 ], [ -53.100103493881079, -22.694461950958214, 0.0 ], [ -53.100103905770595, -22.694460660431105, 0.0 ], [ -53.100104316760792, -22.694459369903939, 0.0 ], [ -53.100104726851612, -22.69445807937683, 0.0 ], [ -53.100105136043169, -22.694456787950344, 0.0 ], [ -53.100105545234669, -22.694455497423235, 0.0 ], [ -53.100105952627587, -22.694454205996749, 0.0 ], [ -53.100106359121128, -22.69445291457032, 0.0 ], [ -53.100106765614726, -22.694451622244515, 0.0 ], [ -53.100107170309627, -22.694450330818086, 0.0 ], [ -53.100107575004529, -22.69444903849228, 0.0 ], [ -53.100107978800168, -22.694447745267212, 0.0 ], [ -53.10010838079711, -22.694446452941406, 0.0 ], [ -53.100108782794052, -22.694445160615601, 0.0 ], [ -53.100109184790995, -22.694443867390532, 0.0 ], [ -53.100109584989298, -22.694442574165407, 0.0 ], [ -53.100109984288281, -22.694441280041019, 0.0 ], [ -53.100110383587264, -22.694439986815894, 0.0 ], [ -53.100110781986984, -22.694438692691449, 0.0 ], [ -53.100111179487328, -22.694437399466381, 0.0 ], [ -53.100111576987672, -22.694436104442616, 0.0 ], [ -53.100111972689319, -22.694434810318171, 0.0 ], [ -53.100112368391024, -22.694433516193783, 0.0 ], [ -53.100112763193408, -22.694432221170018, 0.0 ], [ -53.100113157995793, -22.694430926146254, 0.0 ], [ -53.100113551898858, -22.694429631122546, 0.0 ], [ -53.100131890874025, -22.694372592521063, 0.0 ], [ -53.100162108994084, -22.694271459260392, 0.0 ], [ -53.100166236882274, -22.694258359735443, 0.0 ], [ -53.100193977370111, -22.694163657526701, 0.0 ] ] } },
{ "type": "Feature", "properties": { "Id": 0 }, "geometry": { "type": "LineString", "coordinates": [ [ -53.100031358360468, -22.694638622774164, 0.0 ], [ -53.10003141861506, -22.694638464493494, 0.0 ], [ -53.10003196630214, -22.694637035470748, 0.0 ], [ -53.100032513089957, -22.69463560644806, 0.0 ], [ -53.100033059877774, -22.694634177425314, 0.0 ], [ -53.100033605766271, -22.694632748402569, 0.0 ], [ -53.100034152554031, -22.694631318480504, 0.0 ], [ -53.100034698442528, -22.694629889457815, 0.0 ], [ -53.100035243431705, -22.69462845953575, 0.0 ], [ -53.100035789320202, -22.694627030513004, 0.0 ], [ -53.100036334309323, -22.694625600590939, 0.0 ], [ -53.1000368792985, -22.694624170668874, 0.0 ], [ -53.100037423388358, -22.694622740746865, 0.0 ], [ -53.100037967478158, -22.6946213108248, 0.0 ], [ -53.100038510668696, -22.694619880902735, 0.0 ], [ -53.100039053859234, -22.69461845008135, 0.0 ], [ -53.100039597049715, -22.694617020159285, 0.0 ], [ -53.100040139340933, -22.694615589337957, 0.0 ], [ -53.100040681632095, -22.694614158516572, 0.0 ], [ -53.100041223023993, -22.694612727695187, 0.0 ], [ -53.100041763516515, -22.694611296873802, 0.0 ], [ -53.100042304009094, -22.694609866052417, 0.0 ], [ -53.100042843602296, -22.694608434331712, 0.0 ], [ -53.100043383195555, -22.694607002611065, 0.0 ], [ -53.100043921889437, -22.69460557089036, 0.0 ], [ -53.10004446058332, -22.694604139169655, 0.0 ], [ -53.100044997478619, -22.694602707448951, 0.0 ], [ -53.100045535273182, -22.694601274828926, 0.0 ], [ -53.100046071269105, -22.694599842208902, 0.0 ], [ -53.100046607265085, -22.694598409588878, 0.0 ], [ -53.100047141462369, -22.694596976968853, 0.0 ], [ -53.100047676558972, -22.694595543449509, 0.0 ], [ -53.100048209856936, -22.694594109930165, 0.0 ], [ -53.100048742255638, -22.694592676410821, 0.0 ], [ -53.100049274654282, -22.694591242891477, 0.0 ], [ -53.100049806153606, -22.694589808472813, 0.0 ], [ -53.100050336753611, -22.694588374054149, 0.0 ], [ -53.100050866454296, -22.694586939635485, 0.0 ], [ -53.100051395255662, -22.694585505216821, 0.0 ], [ -53.100051923157707, -22.694584069898838, 0.0 ], [ -53.100052450160433, -22.694582634580854, 0.0 ], [ -53.100052977163102, -22.694581198363551, 0.0 ], [ -53.100053502367189, -22.694579763045567, 0.0 ], [ -53.100054026671955, -22.694578326828264, 0.0 ], [ -53.100054550976722, -22.694576889711641, 0.0 ], [ -53.100055073482793, -22.694575452595018, 0.0 ], [ -53.1000555950896, -22.694574015478395, 0.0 ], [ -53.100056116696408, -22.694572578361772, 0.0 ], [ -53.100056636504519, -22.694571141245149, 0.0 ], [ -53.100057155413367, -22.694569703229149, 0.0 ], [ -53.100057674322159, -22.694568264313887, 0.0 ], [ -53.100058191432367, -22.694566826297944, 0.0 ], [ -53.1000587076432, -22.694565387382681, 0.0 ], [ -53.100059223854032, -22.694563948467419, 0.0 ], [ -53.100059738266282, -22.69456250865278, 0.0 ], [ -53.100060251779155, -22.694561068838198, 0.0 ], [ -53.100060765292028, -22.694559629023615, 0.0 ], [ -53.100061277006262, -22.694558189209033, 0.0 ], [ -53.100061787821232, -22.694556748495074, 0.0 ], [ -53.100062298636146, -22.694555307781172, 0.0 ], [ -53.100062807652421, -22.69455386706727, 0.0 ], [ -53.100063315769376, -22.694552425454049, 0.0 ], [ -53.100063822987011, -22.69455098384077, 0.0 ], [ -53.100064330204646, -22.694549542227548, 0.0 ], [ -53.100064835623641, -22.694548099715007, 0.0 ], [ -53.100099616004456, -22.694447606771575, 0.0 ], [ -53.100135676120487, -22.694326867390998, 0.0 ], [ -53.100170971812872, -22.694213525833504, 0.0 ], [ -53.100171391796266, -22.694212060837913, 0.0 ], [ -53.10017180998102, -22.694210594942945, 0.0 ], [ -53.100172226367135, -22.694209128148714, 0.0 ], [ -53.100172640954554, -22.694207661354426, 0.0 ], [ -53.10017305374339, -22.694206194560195, 0.0 ], [ -53.100173464733587, -22.694204726866587, 0.0 ], [ -53.100173873925087, -22.694203258273717, 0.0 ], [ -53.100174282217324, -22.694201790580109, 0.0 ], [ -53.100174687811545, -22.694200321087919, 0.0 ], [ -53.100175092506447, -22.694198851595672, 0.0 ], [ -53.100175496302086, -22.694197382103482, 0.0 ], [ -53.100175897399708, -22.694195912611235, 0.0 ], [ -53.100176298497331, -22.694194442219668, 0.0 ], [ -53.100176696896995, -22.694192970928839, 0.0 ], [ -53.100177095296658, -22.694191500537272, 0.0 ], [ -53.100177490998362, -22.694190029246386, 0.0 ], [ -53.100177886700067, -22.694188557056236, 0.0 ], [ -53.100178280603131, -22.69418708486603, 0.0 ], [ -53.100178673606877, -22.694185612675824, 0.0 ], [ -53.100179064811925, -22.694184140485675, 0.0 ], [ -53.100179455117711, -22.694182667396149, 0.0 ], [ -53.100179845423497, -22.694181194306623, 0.0 ], [ -53.100180233930587, -22.694179721217097, 0.0 ], [ -53.100180621538414, -22.694178248127628, 0.0 ], [ -53.100181008246864, -22.694176774138782, 0.0 ], [ -53.100181393156731, -22.694175300149936, 0.0 ], [ -53.100181778066542, -22.694173826161091, 0.0 ], [ -53.100182162976409, -22.694172351272925, 0.0 ], [ -53.100182546087581, -22.694170877284137, 0.0 ], [ -53.100182928299432, -22.694169402395971, 0.0 ], [ -53.100183310511341, -22.694167927507806, 0.0 ], [ -53.100183691823872, -22.69416645261964, 0.0 ], [ -53.100184072237084, -22.694164977731475, 0.0 ], [ -53.100184452650353, -22.69416350284331, 0.0 ], [ -53.100184820473032, -22.694162073820621, 0.0 ] ] } },
{ "type": "Feature", "properties": { "Id": 0 }, "geometry": { "type": "LineString", "coordinates": [ [ -53.100018302002979, -22.694635380718182, 0.0 ], [ -53.10001836855281, -22.69463520714902, 0.0 ], [ -53.100018864978608, -22.694633912125312, 0.0 ], [ -53.10001936050503, -22.694632617101547, 0.0 ], [ -53.100019855132189, -22.694631322077782, 0.0 ], [ -53.100020349759291, -22.694630026154755, 0.0 ], [ -53.100020843487073, -22.69462873023167, 0.0 ], [ -53.100021335416272, -22.694627434308586, 0.0 ], [ -53.100021827345415, -22.694626137486239, 0.0 ], [ -53.100022318375238, -22.694624840663835, 0.0 ], [ -53.100022809405061, -22.694623543841431, 0.0 ], [ -53.100023298636302, -22.694622247019026, 0.0 ], [ -53.100023786968165, -22.694620949297303, 0.0 ], [ -53.10002427440071, -22.694619651575636, 0.0 ], [ -53.100024760933934, -22.694618353853912, 0.0 ], [ -53.100025246567839, -22.694617055232868, 0.0 ], [ -53.100025731302424, -22.694615756611825, 0.0 ], [ -53.100026214238369, -22.694614457990781, 0.0 ], [ -53.100026697174314, -22.694613158470418, 0.0 ], [ -53.100027178311564, -22.694611858950111, 0.0 ], [ -53.10002765854955, -22.694610558530428, 0.0 ], [ -53.100028137888216, -22.694609258110745, 0.0 ], [ -53.100028615428243, -22.694607957691062, 0.0 ], [ -53.100029092068894, -22.694606657271379, 0.0 ], [ -53.100029567810282, -22.694605355053056, 0.0 ], [ -53.100030041752973, -22.694604053734054, 0.0 ], [ -53.100030514796401, -22.694602751515731, 0.0 ], [ -53.100030986041133, -22.694601449297409, 0.0 ], [ -53.100031456386546, -22.694600146179766, 0.0 ], [ -53.100031925832695, -22.694598842162804, 0.0 ], [ -53.100032393480149, -22.694597539045162, 0.0 ], [ -53.100032859328962, -22.69459623412888, 0.0 ], [ -53.100033323379137, -22.694594930111919, 0.0 ], [ -53.100033786529991, -22.69459362429626, 0.0 ], [ -53.100034248781526, -22.694592318480659, 0.0 ], [ -53.100034708335102, -22.694591012665057, 0.0 ], [ -53.100035166989301, -22.694589705950136, 0.0 ], [ -53.100035623844917, -22.694588399235215, 0.0 ], [ -53.100036079801214, -22.694587091620917, 0.0 ], [ -53.100036533958814, -22.694585784006676, 0.0 ], [ -53.100036986317832, -22.694584475493116, 0.0 ], [ -53.100037437777473, -22.694583166979555, 0.0 ], [ -53.100037887438532, -22.694581857566618, 0.0 ], [ -53.100038336200214, -22.694580548153738, 0.0 ], [ -53.100038783163257, -22.694579237841481, 0.0 ], [ -53.100039229226979, -22.694577927529281, 0.0 ], [ -53.100039674391439, -22.694576616317761, 0.0 ], [ -53.100040117757203, -22.694575306005504, 0.0 ], [ -53.100040560223647, -22.694573993894664, 0.0 ], [ -53.100041002690091, -22.694572682683088, 0.0 ], [ -53.100041442458576, -22.694571370572248, 0.0 ], [ -53.10004188222706, -22.694570058461409, 0.0 ], [ -53.100042321096225, -22.694568745451193, 0.0 ], [ -53.100042759066014, -22.694567432441033, 0.0 ], [ -53.100043196136539, -22.694566119430817, 0.0 ], [ -53.100043632307745, -22.694564806420658, 0.0 ], [ -53.100044067579631, -22.694563492511122, 0.0 ], [ -53.10004450285146, -22.694562178601643, 0.0 ], [ -53.100044936324707, -22.694560864692107, 0.0 ], [ -53.100045369797954, -22.694559550782571, 0.0 ], [ -53.100045803271144, -22.694558235973773, 0.0 ], [ -53.100046234945751, -22.694556921164917, 0.0 ], [ -53.100046666620301, -22.694555607255438, 0.0 ], [ -53.100047098294908, -22.694554292446583, 0.0 ], [ -53.100047529070196, -22.694552976738464, 0.0 ], [ -53.100047959845426, -22.694551661929609, 0.0 ], [ -53.100048389721394, -22.694550346221433, 0.0 ], [ -53.100048819597305, -22.694549031412635, 0.0 ], [ -53.100049249473216, -22.694547715704459, 0.0 ], [ -53.100049678449864, -22.694546399996341, 0.0 ], [ -53.100050107426455, -22.694545085187485, 0.0 ], [ -53.100050536403103, -22.69454376947931, 0.0 ], [ -53.100050965379694, -22.694542453771192, 0.0 ], [ -53.100051394356342, -22.694541138063016, 0.0 ], [ -53.100051823332933, -22.694539822354898, 0.0 ], [ -53.100052252309581, -22.694538506646722, 0.0 ], [ -53.100052681286172, -22.694537190938547, 0.0 ], [ -53.100053110262763, -22.694535875230429, 0.0 ], [ -53.100053540138731, -22.694534560421573, 0.0 ], [ -53.100053969115322, -22.694533244713455, 0.0 ], [ -53.10005439899129, -22.694531929005279, 0.0 ], [ -53.100054828867201, -22.694530614196424, 0.0 ], [ -53.100055259642488, -22.694529298488305, 0.0 ], [ -53.100055689518399, -22.69452798367945, 0.0 ], [ -53.100056121193006, -22.694526668870651, 0.0 ], [ -53.100056552867557, -22.694525354061795, 0.0 ], [ -53.100056984542164, -22.69452403925294, 0.0 ], [ -53.100057417116091, -22.694522724444141, 0.0 ], [ -53.100057849689961, -22.694521410534605, 0.0 ], [ -53.100058284062527, -22.694520095725807, 0.0 ], [ -53.100058718435093, -22.694518781816271, 0.0 ], [ -53.100059152807603, -22.694517467906792, 0.0 ], [ -53.100059588079489, -22.694516153997256, 0.0 ], [ -53.100060024250695, -22.694514840987097, 0.0 ], [ -53.100060460421844, -22.694513527077561, 0.0 ], [ -53.100060897492369, -22.694512214067402, 0.0 ], [ -53.100061334562895, -22.694510901057185, 0.0 ], [ -53.10006177253274, -22.694509588047026, 0.0 ], [ -53.100062210502585, -22.69450827503681, 0.0 ], [ -53.10006264937175, -22.694506962925971, 0.0 ], [ -53.100063089140235, -22.694505649915754, 0.0 ], [ -53.100063528009343, -22.694504337804915, 0.0 ], [ -53.100063968677148, -22.694503025694019, 0.0 ], [ -53.100064408445633, -22.694501713583179, 0.0 ], [ -53.100064849113437, -22.694500401472283, 0.0 ], [ -53.100065290680561, -22.694499089361443, 0.0 ], [ -53.100065732247685, -22.694497777250547, 0.0 ], [ -53.10006617381481, -22.694496465139707, 0.0 ], [ -53.100066616281254, -22.694495153928187, 0.0 ], [ -53.100067058747698, -22.694493842716611, 0.0 ], [ -53.100067501214141, -22.694492530605771, 0.0 ], [ -53.100067943680642, -22.694491219394195, 0.0 ], [ -53.100068387046406, -22.694489908182675, 0.0 ], [ -53.10006883041217, -22.694488596971155, 0.0 ], [ -53.100069274677253, -22.694487285759578, 0.0 ], [ -53.100069718043017, -22.694485974548058, 0.0 ], [ -53.1000701623081, -22.694484663336482, 0.0 ], [ -53.100070606573183, -22.694483352124962, 0.0 ], [ -53.100071050838267, -22.694482040913385, 0.0 ], [ -53.10007149600267, -22.694480730601185, 0.0 ], [ -53.10007194026781, -22.694479419389666, 0.0 ], [ -53.100072385432213, -22.694478109077409, 0.0 ], [ -53.100072830596616, -22.694476797865889, 0.0 ], [ -53.100073275761019, -22.694475487553689, 0.0 ], [ -53.100073720925423, -22.694474176342112, 0.0 ], [ -53.100074166089826, -22.694472866029912, 0.0 ], [ -53.100074611254286, -22.694471554818335, 0.0 ], [ -53.100075057318008, -22.694470244506135, 0.0 ], [ -53.100075502482412, -22.694468933294615, 0.0 ], [ -53.100075947646815, -22.694467622982359, 0.0 ], [ -53.100076393710538, -22.694466312670158, 0.0 ], [ -53.100076838874998, -22.694465001458582, 0.0 ], [ -53.10007728493872, -22.694463691146382, 0.0 ], [ -53.100077730103123, -22.694462379934862, 0.0 ], [ -53.100078175267527, -22.694461069622605, 0.0 ], [ -53.10007862043193, -22.694459758411085, 0.0 ], [ -53.100079065596333, -22.694458448098828, 0.0 ], [ -53.100079510760793, -22.694457136887308, 0.0 ], [ -53.100079955925196, -22.694455826575108, 0.0 ], [ -53.100080401089599, -22.694454515363532, 0.0 ], [ -53.100080846254002, -22.694453205051332, 0.0 ], [ -53.100081290519086, -22.694451893839812, 0.0 ], [ -53.100081734784169, -22.694450582628235, 0.0 ], [ -53.100082179948629, -22.694449271416715, 0.0 ], [ -53.100082623314393, -22.694447960205139, 0.0 ], [ -53.100083067579476, -22.694446648993619, 0.0 ], [ -53.100083511844559, -22.694445337782042, 0.0 ], [ -53.100083955210323, -22.694444026570523, 0.0 ], [ -53.100084398576087, -22.694442715359003, 0.0 ], [ -53.100084841042531, -22.694441404147426, 0.0 ], [ -53.100085284408294, -22.694440092935906, 0.0 ], [ -53.100085726874738, -22.69443878082501, 0.0 ], [ -53.100086169341182, -22.69443746961349, 0.0 ], [ -53.100086611807626, -22.694436157502594, 0.0 ], [ -53.10008705337475, -22.694434846291074, 0.0 ], [ -53.100087494941874, -22.694433534180234, 0.0 ], [ -53.100087936508999, -22.694432222069338, 0.0 ], [ -53.100088378076123, -22.694430909958498, 0.0 ], [ -53.100088818743927, -22.694429597847602, 0.0 ], [ -53.100089259411732, -22.694428285736763, 0.0 ], [ -53.100089699180216, -22.694426973625866, 0.0 ], [ -53.100090138948701, -22.694425661515027, 0.0 ], [ -53.100090578717186, -22.69442434940413, 0.0 ], [ -53.100091018485671, -22.694423036393971, 0.0 ], [ -53.100091457354836, -22.694421724283131, 0.0 ], [ -53.100091896224001, -22.694420411272915, 0.0 ], [ -53.100092334193846, -22.694419098262756, 0.0 ], [ -53.100092772163691, -22.69441778525254, 0.0 ], [ -53.10009320923416, -22.694416472242381, 0.0 ], [ -53.100093647204005, -22.694415159232165, 0.0 ], [ -53.100094083375211, -22.694413846222005, 0.0 ], [ -53.100094520445737, -22.694412532312469, 0.0 ], [ -53.100094955717566, -22.69441121930231, 0.0 ], [ -53.100095391888772, -22.694409905392774, 0.0 ], [ -53.100095827160658, -22.694408592382615, 0.0 ], [ -53.100096261533224, -22.694407278473079, 0.0 ], [ -53.100096695905734, -22.694405964563543, 0.0 ], [ -53.1000971302783, -22.694404649754745, 0.0 ], [ -53.100097563751547, -22.694403335845209, 0.0 ], [ -53.100097996325417, -22.69440202193573, 0.0 ], [ -53.100098429798663, -22.694400707126874, 0.0 ], [ -53.100098861473214, -22.694399393217395, 0.0 ], [ -53.100099293147821, -22.69439807840854, 0.0 ], [ -53.100099724822428, -22.694396763599741, 0.0 ], [ -53.100100155597659, -22.694395448790885, 0.0 ], [ -53.100100585473626, -22.69439413308271, 0.0 ], [ -53.100101015349537, -22.694392818273911, 0.0 ], [ -53.100101444326128, -22.694391502565736, 0.0 ], [ -53.100101873302776, -22.694390186857618, 0.0 ], [ -53.100102301380048, -22.694388871149442, 0.0 ], [ -53.100102729457376, -22.694387555441267, 0.0 ], [ -53.100103156635328, -22.694386239733149, 0.0 ], [ -53.10010358291396, -22.694384924024973, 0.0 ], [ -53.100104009192648, -22.694383607417478, 0.0 ], [ -53.100104434571961, -22.69438229081004, 0.0 ], [ -53.100104859051953, -22.694380974202545, 0.0 ], [ -53.100105283531946, -22.69437965759505, 0.0 ], [ -53.100105707112675, -22.694378340987612, 0.0 ], [ -53.100106130693348, -22.694377024380117, 0.0 ], [ -53.100106553374701, -22.694375706873302, 0.0 ], [ -53.100106975156734, -22.694374389366544, 0.0 ], [ -53.100107396938768, -22.694373071859729, 0.0 ], [ -53.100107817821481, -22.694371754352915, 0.0 ], [ -53.100108237804875, -22.694370435946837, 0.0 ], [ -53.100108656888949, -22.694369118440022, 0.0 ], [ -53.100109075973023, -22.694367800033888, 0.0 ], [ -53.100109494157778, -22.694366481627753, 0.0 ], [ -53.100109912342532, -22.694365163221676, 0.0 ], [ -53.100110329627967, -22.694363844815541, 0.0 ], [ -53.100110746014082, -22.694362525510087, 0.0 ], [ -53.100111161500877, -22.694361206204633, 0.0 ], [ -53.100111576987672, -22.694359887798555, 0.0 ], [ -53.10011199247441, -22.694358568493101, 0.0 ], [ -53.100112406162566, -22.694357248288327, 0.0 ], [ -53.100112820750041, -22.694355928982873, 0.0 ], [ -53.100113233538877, -22.694354609677475, 0.0 ], [ -53.100113646327657, -22.694353289472701, 0.0 ], [ -53.100114059116493, -22.694351969267927, 0.0 ], [ -53.100114471006009, -22.694350649063153, 0.0 ], [ -53.100114881996149, -22.69434932885838, 0.0 ], [ -53.100115292986345, -22.694348008653606, 0.0 ], [ -53.100115703077222, -22.694346688448888, 0.0 ], [ -53.100116113168042, -22.694345367344795, 0.0 ], [ -53.100116522359599, -22.694344046240701, 0.0 ], [ -53.100116931551099, -22.694342726035927, 0.0 ], [ -53.100117339843337, -22.694341404931833, 0.0 ], [ -53.100117748135517, -22.69434008382774, 0.0 ], [ -53.100118156427754, -22.694338762723703, 0.0 ], [ -53.100118563820615, -22.69433744072029, 0.0 ], [ -53.100118970314213, -22.694336119616196, 0.0 ], [ -53.100119376807754, -22.694334797612782, 0.0 ], [ -53.100119783301295, -22.694333476508689, 0.0 ], [ -53.100120188895573, -22.694332154505275, 0.0 ], [ -53.100120594489795, -22.694330832501862, 0.0 ], [ -53.100120999184696, -22.694329510498449, 0.0 ], [ -53.100121403879655, -22.694328188495035, 0.0 ], [ -53.100121808574556, -22.694326866491679, 0.0 ], [ -53.100122212370138, -22.694325544488265, 0.0 ], [ -53.100122616165777, -22.694324221585532, 0.0 ], [ -53.100123019961359, -22.694322899582119, 0.0 ], [ -53.100123422857621, -22.694321576679386, 0.0 ], [ -53.10012382575394, -22.694320254675972, 0.0 ], [ -53.100124228650202, -22.694318931773239, 0.0 ], [ -53.100124630647144, -22.694317608870506, 0.0 ], [ -53.100125032644087, -22.694316285967773, 0.0 ], [ -53.100125434641029, -22.694314963964359, 0.0 ], [ -53.100125835738709, -22.694313641061626, 0.0 ], [ -53.100126237735651, -22.694312317259573, 0.0 ], [ -53.100126638833274, -22.69431099435684, 0.0 ], [ -53.100127039031577, -22.694309671454107, 0.0 ], [ -53.100127440129199, -22.694308348551374, 0.0 ], [ -53.100127840327502, -22.694307025648698, 0.0 ], [ -53.100128240525862, -22.694305701846645, 0.0 ], [ -53.100128640724165, -22.694304378943912, 0.0 ], [ -53.100129040023148, -22.694303055141859, 0.0 ], [ -53.100129440221451, -22.694301732239126, 0.0 ], [ -53.100129839520434, -22.694300408437073, 0.0 ], [ -53.100130238819418, -22.69429908553434, 0.0 ], [ -53.100130638118401, -22.694297761732287, 0.0 ], [ -53.100131037417384, -22.694296437930234, 0.0 ], [ -53.100131435817048, -22.694295115027501, 0.0 ], [ -53.100131835116031, -22.694293791225448, 0.0 ], [ -53.100132233515751, -22.694292467423395, 0.0 ], [ -53.100132632814734, -22.694291143621342, 0.0 ], [ -53.100133031214398, -22.694289819819289, 0.0 ], [ -53.100133429614061, -22.694288496916556, 0.0 ], [ -53.100133828013725, -22.694287173114503, 0.0 ], [ -53.100134226413388, -22.69428584931245, 0.0 ], [ -53.100134624813052, -22.694284525510398, 0.0 ], [ -53.100135022313395, -22.694283201708345, 0.0 ], [ -53.100135420713059, -22.694281877906292, 0.0 ], [ -53.100135819112722, -22.694280554104239, 0.0 ], [ -53.100136216613066, -22.694279230302186, 0.0 ], [ -53.10013661411341, -22.694277906500133, 0.0 ], [ -53.100137012513073, -22.69427658269808, 0.0 ], [ -53.100137410013417, -22.694275258896027, 0.0 ], [ -53.100137807513761, -22.694273935093975, 0.0 ], [ -53.100138205014105, -22.694272611291922, 0.0 ], [ -53.100138602514448, -22.694271287489869, 0.0 ], [ -53.100139000014792, -22.694269963687816, 0.0 ], [ -53.100139397515136, -22.694268639885763, 0.0 ], [ -53.10013979501548, -22.69426731608371, 0.0 ], [ -53.100140192515823, -22.694265992281657, 0.0 ], [ -53.100140590016167, -22.694264667580285, 0.0 ], [ -53.100140987516511, -22.694263343778232, 0.0 ], [ -53.100141384117535, -22.694262019976179, 0.0 ], [ -53.100141781617879, -22.694260696174126, 0.0 ], [ -53.100142178218903, -22.694259372372073, 0.0 ], [ -53.100142575719246, -22.694258047670701, 0.0 ], [ -53.10014297232027, -22.694256723868648, 0.0 ], [ -53.100143369820614, -22.694255400066595, 0.0 ], [ -53.100143766421638, -22.694254076264542, 0.0 ], [ -53.100144163921982, -22.69425275156317, 0.0 ], [ -53.100144560523006, -22.694251427761117, 0.0 ], [ -53.10014495712403, -22.694250103959064, 0.0 ], [ -53.100145354624374, -22.694248779257691, 0.0 ], [ -53.100145751225398, -22.694247455455638, 0.0 ], [ -53.100146147826422, -22.694246131653586, 0.0 ], [ -53.100146544427446, -22.694244806952213, 0.0 ], [ -53.10014694192779, -22.69424348315016, 0.0 ], [ -53.100147338528814, -22.694242159348107, 0.0 ], [ -53.100147735129838, -22.694240834646735, 0.0 ], [ -53.100148131730862, -22.694239510844682, 0.0 ], [ -53.100148528331886, -22.694238186143309, 0.0 ], [ -53.10014892493291, -22.694236862341256, 0.0 ], [ -53.100149322433253, -22.694235538539203, 0.0 ], [ -53.100149719034277, -22.694234213837831, 0.0 ], [ -53.100150115635302, -22.694232890035778, 0.0 ], [ -53.100150512236326, -22.694231565334405, 0.0 ], [ -53.10015090883735, -22.694230241532352, 0.0 ], [ -53.100151305438374, -22.69422891683098, 0.0 ], [ -53.100151701140078, -22.694227592129607, 0.0 ], [ -53.100152097741102, -22.694226268327554, 0.0 ], [ -53.100152493442749, -22.694224943626182, 0.0 ], [ -53.100152889144454, -22.694223618924809, 0.0 ], [ -53.100153284846158, -22.694222294223437, 0.0 ], [ -53.100153679648542, -22.694220969522064, 0.0 ], [ -53.100154074450927, -22.694219644820691, 0.0 ], [ -53.100154469253312, -22.694218320119319, 0.0 ], [ -53.100154863156376, -22.694216995417946, 0.0 ], [ -53.100155257059441, -22.694215669817254, 0.0 ], [ -53.100155650063186, -22.694214345115881, 0.0 ], [ -53.100156042167555, -22.694213019515189, 0.0 ], [ -53.10015643427198, -22.694211693914497, 0.0 ], [ -53.100156826376406, -22.694210368313804, 0.0 ], [ -53.100157216682135, -22.694209042713112, 0.0 ], [ -53.100157606987921, -22.69420771711242, 0.0 ], [ -53.100157996394387, -22.694206391511727, 0.0 ], [ -53.100158385800796, -22.694205065011715, 0.0 ], [ -53.100158773408623, -22.694203738511703, 0.0 ], [ -53.10015916101645, -22.694202412011634, 0.0 ], [ -53.1001595477249, -22.694201085511622, 0.0 ], [ -53.100159933534087, -22.694199758112291, 0.0 ], [ -53.100160318443898, -22.694198430712959, 0.0 ], [ -53.100160701555069, -22.694197103313627, 0.0 ], [ -53.100161084666297, -22.694195775914295, 0.0 ], [ -53.100161466878149, -22.694194448514963, 0.0 ], [ -53.10016184819068, -22.694193120216255, 0.0 ], [ -53.100162227704629, -22.694191791917603, 0.0 ], [ -53.100162607218522, -22.694190463618952, 0.0 ], [ -53.100162984933775, -22.694189134420981, 0.0 ], [ -53.100163361749708, -22.694187805223009, 0.0 ], [ -53.100163736767001, -22.694186476024981, 0.0 ], [ -53.100164110884975, -22.69418514592769, 0.0 ], [ -53.10016448410363, -22.694183816729719, 0.0 ], [ -53.100164855523644, -22.694182485733108, 0.0 ], [ -53.100165226044282, -22.694181155635761, 0.0 ], [ -53.100165595665658, -22.69417982463915, 0.0 ], [ -53.100165963488394, -22.694178493642539, 0.0 ], [ -53.100166329512433, -22.694177161746552, 0.0 ], [ -53.10016669463721, -22.694175829850622, 0.0 ], [ -53.10016705796329, -22.694174497954691, 0.0 ], [ -53.100167420390108, -22.694173165159384, 0.0 ], [ -53.100167781018229, -22.694171832364134, 0.0 ], [ -53.10016813984771, -22.694170499568827, 0.0 ], [ -53.100168496878609, -22.694169165874257, 0.0 ], [ -53.100168853010132, -22.694167832179687, 0.0 ], [ -53.100169208242335, -22.694166497585741, 0.0 ], [ -53.100169560776578, -22.694165162991851, 0.0 ], [ -53.100169913310822, -22.694163828397905, 0.0 ], [ -53.100170264046426, -22.694162492904695, 0.0 ], [ -53.10017061388271, -22.694161157411429, 0.0 ], [ -53.100170961920298, -22.69415982191822, 0.0 ], [ -53.100171104013214, -22.694159276029723, 0.0 ] ] } },
{ "type": "Feature", "properties": { "Id": 0 }, "geometry": { "type": "LineString", "coordinates": [ [ -53.102434241646904, -22.694508762469354, 0.0 ], [ -53.102433747919065, -22.694510665434791, 0.0 ], [ -53.102433206527223, -22.694512750063325, 0.0 ], [ -53.102432666034645, -22.694514833792482, 0.0 ], [ -53.102432124642803, -22.694516918421016, 0.0 ], [ -53.102431583250905, -22.694519003049493, 0.0 ], [ -53.102431041859063, -22.694521086778707, 0.0 ], [ -53.102430500467165, -22.694523171407184, 0.0 ], [ -53.102429958176003, -22.694525255136398, 0.0 ], [ -53.102429416784105, -22.694527338865555, 0.0 ], [ -53.102428874492944, -22.694529423494032, 0.0 ], [ -53.102428331302406, -22.694531507223246, 0.0 ], [ -53.102427789011188, -22.694533590952403, 0.0 ], [ -53.102427245820707, -22.694535674681617, 0.0 ], [ -53.102426702630169, -22.694537758410775, 0.0 ], [ -53.102426159439688, -22.694539842139932, 0.0 ], [ -53.10242561534983, -22.694541925869146, 0.0 ], [ -53.102425071259972, -22.694544009598303, 0.0 ], [ -53.102424527170172, -22.694546093327517, 0.0 ], [ -53.102423982180994, -22.694548177056674, 0.0 ], [ -53.102423437191817, -22.694550259886512, 0.0 ], [ -53.102422891303377, -22.694552343615726, 0.0 ], [ -53.10242234541488, -22.694554426445563, 0.0 ], [ -53.102421799526383, -22.694556509275458, 0.0 ], [ -53.102421252738566, -22.694558592105295, 0.0 ], [ -53.102420705950806, -22.694560675834452, 0.0 ], [ -53.102420158263669, -22.694562757765027, 0.0 ], [ -53.102419610576533, -22.694564840594865, 0.0 ], [ -53.102419061990076, -22.694566923424759, 0.0 ], [ -53.10241851340362, -22.694569006254596, 0.0 ], [ -53.102417964817164, -22.694571088185114, 0.0 ], [ -53.102417414432068, -22.694573170115689, 0.0 ], [ -53.102416864946292, -22.694575252945526, 0.0 ], [ -53.102416313661877, -22.694577334876044, 0.0 ], [ -53.102415762377518, -22.694579416806619, 0.0 ], [ -53.102415211093103, -22.694581497837817, 0.0 ], [ -53.102414658909368, -22.694583579768334, 0.0 ], [ -53.102414105826256, -22.694585661698909, 0.0 ], [ -53.102413552743201, -22.694587742730107, 0.0 ], [ -53.102412998760826, -22.694589823761305, 0.0 ], [ -53.102412443879132, -22.694591904792503, 0.0 ], [ -53.102411888997437, -22.694593985823758, 0.0 ], [ -53.102411333216423, -22.694596066854956, 0.0 ], [ -53.10241077653609, -22.694598146986834, 0.0 ], [ -53.102410218956379, -22.694600228018089, 0.0 ], [ -53.102409661376726, -22.694602308149967, 0.0 ], [ -53.102409102897752, -22.694604388281846, 0.0 ], [ -53.102408544418722, -22.694606468413724, 0.0 ], [ -53.102407984141109, -22.69460854764634, 0.0 ], [ -53.102407423863497, -22.694610627778218, 0.0 ], [ -53.102406862686507, -22.694612707010776, 0.0 ], [ -53.102406300610255, -22.694614786243335, 0.0 ], [ -53.102405737634626, -22.694616865475894, 0.0 ], [ -53.102405174659054, -22.694618944708509, 0.0 ], [ -53.102404609884786, -22.694621023041748, 0.0 ], [ -53.102404045110575, -22.694623101374987, 0.0 ], [ -53.102403479436987, -22.694625179708225, 0.0 ], [ -53.102402912864079, -22.694627258041464, 0.0 ], [ -53.102402345391909, -22.694629336374703, 0.0 ], [ -53.102401777020361, -22.694631413808679, 0.0 ], [ -53.102401207749494, -22.694633491242598, 0.0 ], [ -53.102400637579308, -22.694635568676517, 0.0 ], [ -53.102400066509801, -22.694637646110436, 0.0 ], [ -53.102399494540975, -22.694639722645036, 0.0 ], [ -53.102398922572149, -22.694641800078955, 0.0 ], [ -53.102398348804741, -22.694643876613554, 0.0 ], [ -53.102397774137899, -22.694645952248834, 0.0 ], [ -53.102397198571794, -22.694648028783433, 0.0 ], [ -53.102396622106369, -22.694650104418713, 0.0 ], [ -53.102396044741624, -22.694652180054049, 0.0 ], [ -53.10239546647756, -22.694654255689329, 0.0 ], [ -53.102394887314176, -22.694656330425289, 0.0 ], [ -53.102394307251416, -22.694658405161249, 0.0 ], [ -53.102393725390073, -22.694660479897209, 0.0 ], [ -53.10239314352873, -22.694662554633169, 0.0 ], [ -53.10239255986869, -22.694664628469809, 0.0 ], [ -53.102391976208708, -22.694666702306449, 0.0 ], [ -53.102391390750029, -22.694668776143033, 0.0 ], [ -53.102390804392087, -22.694670849979673, 0.0 ], [ -53.102390217134769, -22.694672922916993, 0.0 ], [ -53.10238962987745, -22.694674995854314, 0.0 ], [ -53.102389040821549, -22.694677068791634, 0.0 ], [ -53.102388451765592, -22.694679141728955, 0.0 ], [ -53.102387860910994, -22.694681214666275, 0.0 ], [ -53.102387270056454, -22.694683286704276, 0.0 ], [ -53.102386678302537, -22.694685358742277, 0.0 ], [ -53.102351129900683, -22.694814012156883, 0.0 ], [ -53.102320562843659, -22.694913554516859, 0.0 ], [ -53.102294713630101, -22.69498816407247, 0.0 ] ] } },
{ "type": "Feature", "properties": { "Id": 0 }, "geometry": { "type": "LineString", "coordinates": [ [ -53.102426465209135, -22.694506831624949, 0.0 ], [ -53.10241346460964, -22.694557962579836, 0.0 ], [ -53.10238940234899, -22.694649198801415, 0.0 ], [ -53.102359269664532, -22.694756382700859, 0.0 ], [ -53.102344320234124, -22.694810371701237, 0.0 ], [ -53.102318999821932, -22.694895952985803, 0.0 ], [ -53.102288275383557, -22.694986565077897, 0.0 ] ] } },
{ "type": "Feature", "properties": { "Id": 0 }, "geometry": { "type": "LineString", "coordinates": [ [ -53.102411590422491, -22.694503138109269, 0.0 ], [ -53.102382593581808, -22.694619770286124, 0.0 ], [ -53.102349416692164, -22.694733543518169, 0.0 ], [ -53.10231431255545, -22.694853333214724, 0.0 ], [ -53.102274350280993, -22.694976369463859, 0.0 ], [ -53.102273781010126, -22.694978031410983, 0.0 ], [ -53.1022732090413, -22.694979692458787, 0.0 ], [ -53.102272633475195, -22.694981353506591, 0.0 ], [ -53.102272208095883, -22.694982574785968, 0.0 ] ] } },
{ "type": "Feature", "properties": { "Id": 0 }, "geometry": { "type": "LineString", "coordinates": [ [ -53.102402107970875, -22.694500783684191, 0.0 ], [ -53.102401953287483, -22.694501415907553, 0.0 ], [ -53.102401454163726, -22.694503455569986, 0.0 ], [ -53.102400955040025, -22.694505494333043, 0.0 ], [ -53.102400455016948, -22.694507533995477, 0.0 ], [ -53.102399954993871, -22.694509572758534, 0.0 ], [ -53.10239945497085, -22.694511611521591, 0.0 ], [ -53.102398954947773, -22.694513650284705, 0.0 ], [ -53.102398453126057, -22.694515689947082, 0.0 ], [ -53.102397952203717, -22.694517727810819, 0.0 ], [ -53.10239744948268, -22.694519766573933, 0.0 ], [ -53.102396946761644, -22.69452180533699, 0.0 ], [ -53.102396444040608, -22.694523844100104, 0.0 ], [ -53.102395940420251, -22.694525881963841, 0.0 ], [ -53.102395435900632, -22.694527919827578, 0.0 ], [ -53.102394931380957, -22.694529957691373, 0.0 ], [ -53.102394425062641, -22.69453199555511, 0.0 ], [ -53.102393919643646, -22.694534033418847, 0.0 ], [ -53.102393412426011, -22.694536071282641, 0.0 ], [ -53.102392904309056, -22.694538108247059, 0.0 ], [ -53.102392396192101, -22.694540146110796, 0.0 ], [ -53.102391886276507, -22.694542183075271, 0.0 ], [ -53.102391376360913, -22.694544220039688, 0.0 ], [ -53.102390865545942, -22.694546256104786, 0.0 ], [ -53.102390353831709, -22.694548293069204, 0.0 ], [ -53.102389841218155, -22.694550329134358, 0.0 ], [ -53.102389327705282, -22.694552365199456, 0.0 ], [ -53.102388812393713, -22.694554401264554, 0.0 ], [ -53.1023882970822, -22.694556437329652, 0.0 ], [ -53.102387780871368, -22.694558472495487, 0.0 ], [ -53.102387262861839, -22.694560507661265, 0.0 ], [ -53.102386743953048, -22.694562542827043, 0.0 ], [ -53.10238622414488, -22.694564577992821, 0.0 ], [ -53.102385703437449, -22.69456661225928, 0.0 ], [ -53.102385180931321, -22.694568646525795, 0.0 ], [ -53.102384658425194, -22.694570680792253, 0.0 ], [ -53.102384134120427, -22.694572714159392, 0.0 ], [ -53.102383608916398, -22.69457474842585, 0.0 ], [ -53.102383082812992, -22.694576781792989, 0.0 ], [ -53.102382554910946, -22.694578814260808, 0.0 ], [ -53.102382026109581, -22.694580847627947, 0.0 ], [ -53.102381496408896, -22.694582880095822, 0.0 ], [ -53.102380965808891, -22.694584912563641, 0.0 ], [ -53.102380434309566, -22.694586944132141, 0.0 ], [ -53.102379901011602, -22.69458897659996, 0.0 ], [ -53.102379366814262, -22.694591008168459, 0.0 ], [ -53.102378831717658, -22.694593039736958, 0.0 ], [ -53.102378294822415, -22.694595070406137, 0.0 ], [ -53.102377757927172, -22.694597101075317, 0.0 ], [ -53.102377219233233, -22.694599131744496, 0.0 ], [ -53.102376678740711, -22.694601162413676, 0.0 ], [ -53.102376138248133, -22.694603192183536, 0.0 ], [ -53.102375595956971, -22.694605221953395, 0.0 ], [ -53.102375052766433, -22.694607251723255, 0.0 ], [ -53.102374508676576, -22.694609280593795, 0.0 ], [ -53.102373962788135, -22.694611310363655, 0.0 ], [ -53.102373416000319, -22.694613338334875, 0.0 ], [ -53.102372868313182, -22.694615367205415, 0.0 ], [ -53.102372319726726, -22.694617395176579, 0.0 ], [ -53.10237176934163, -22.694619423147799, 0.0 ], [ -53.102371218057215, -22.694621451119019, 0.0 ], [ -53.10237066497416, -22.69462347819092, 0.0 ], [ -53.102370111891105, -22.69462550526282, 0.0 ], [ -53.102369557009411, -22.694627532334721, 0.0 ], [ -53.102369001228396, -22.694629558507302, 0.0 ], [ -53.102368443648686, -22.694631584679826, 0.0 ], [ -53.102367885169713, -22.694633610852406, 0.0 ], [ -53.10236732579142, -22.694635637024987, 0.0 ], [ -53.10236676551375, -22.694637662298248, 0.0 ], [ -53.102366203437498, -22.694639686672133, 0.0 ], [ -53.102365640461869, -22.694641711945394, 0.0 ], [ -53.102365075687658, -22.694643736319335, 0.0 ], [ -53.102364510913389, -22.694645760693277, 0.0 ], [ -53.102363944340539, -22.694647785067161, 0.0 ], [ -53.102363376868311, -22.694649808541783, 0.0 ], [ -53.102362808496764, -22.694651832016405, 0.0 ], [ -53.102362238326577, -22.694653855490969, 0.0 ], [ -53.102321242731136, -22.694799299248189, 0.0 ], [ -53.102308643229264, -22.694846927343804, 0.0 ], [ -53.102285635873329, -22.694917371239626, 0.0 ], [ -53.1022658579829, -22.694980997375069, 0.0 ] ] } },
{ "type": "Feature", "properties": { "Id": 0 }, "geometry": { "type": "LineString", "coordinates": [ [ -53.102390088531706, -22.694497798834277, 0.0 ], [ -53.102389784560842, -22.694499163105831, 0.0 ], [ -53.102389394255113, -22.694500909589237, 0.0 ], [ -53.102389003050007, -22.6945026560727, 0.0 ], [ -53.102388610046262, -22.694504402556106, 0.0 ], [ -53.102388217042517, -22.694506148140192, 0.0 ], [ -53.102387822240189, -22.694507893724278, 0.0 ], [ -53.102387426538485, -22.694509639308365, 0.0 ], [ -53.102387029038141, -22.694511383993131, 0.0 ], [ -53.102386630638478, -22.694513129577217, 0.0 ], [ -53.102386231339437, -22.694514874261984, 0.0 ], [ -53.102385830241815, -22.69451661804743, 0.0 ], [ -53.102385428244872, -22.694518361832877, 0.0 ], [ -53.102385024449291, -22.694520105618324, 0.0 ], [ -53.102384619754332, -22.69452184940377, 0.0 ], [ -53.102384213260791, -22.694523592289897, 0.0 ], [ -53.10238380586793, -22.694525335176024, 0.0 ], [ -53.102383395777053, -22.694527077162832, 0.0 ], [ -53.102382985686177, -22.694528819149639, 0.0 ], [ -53.102382572897397, -22.694530561136446, 0.0 ], [ -53.102382158309922, -22.694532302223934, 0.0 ], [ -53.102381742823127, -22.694534043311421, 0.0 ], [ -53.102381325537692, -22.694535783499589, 0.0 ], [ -53.102380906453618, -22.6945375236877, 0.0 ], [ -53.102380485570905, -22.694539262976548, 0.0 ], [ -53.102380062889551, -22.694541002265396, 0.0 ], [ -53.102379638409559, -22.694542741554244, 0.0 ], [ -53.10237921123155, -22.694544479943772, 0.0 ], [ -53.102378783154279, -22.694546217433924, 0.0 ], [ -53.102378353278311, -22.694547954924133, 0.0 ], [ -53.102377920704441, -22.694549692414341, 0.0 ], [ -53.102377486331875, -22.694551429005173, 0.0 ], [ -53.102377050160669, -22.694553164696742, 0.0 ], [ -53.102376612190881, -22.694554900388312, 0.0 ], [ -53.102376171523076, -22.694556636079824, 0.0 ], [ -53.102375729056632, -22.694558370872073, 0.0 ], [ -53.102375284791492, -22.694560104765003, 0.0 ], [ -53.102374837828449, -22.694561838657876, 0.0 ], [ -53.102374388167448, -22.694563571651486, 0.0 ], [ -53.10237393670775, -22.694565303745719, 0.0 ], [ -53.102373482550149, -22.694567035840009, 0.0 ], [ -53.102373026593853, -22.694568767934243, 0.0 ], [ -53.102372567939597, -22.694570499129213, 0.0 ], [ -53.102372107486758, -22.694572229424807, 0.0 ], [ -53.102371644335904, -22.694573958821081, 0.0 ], [ -53.102371177587713, -22.694575688217412, 0.0 ], [ -53.10237070994026, -22.694577416714367, 0.0 ], [ -53.102370238695528, -22.694579145211321, 0.0 ], [ -53.10236976475278, -22.694580872809013, 0.0 ], [ -53.102369289011449, -22.694582599507328, 0.0 ], [ -53.102368810572102, -22.694584326205643, 0.0 ], [ -53.102368330334116, -22.694586052004638, 0.0 ], [ -53.10236784739817, -22.694587777803633, 0.0 ], [ -53.102367361764266, -22.694589502703366, 0.0 ], [ -53.102366874331722, -22.694591226703722, 0.0 ], [ -53.102366385100538, -22.694592950704077, 0.0 ], [ -53.102365893171395, -22.694594673805113, 0.0 ], [ -53.102365400342933, -22.694596396906149, 0.0 ], [ -53.102364904816454, -22.694598120007186, 0.0 ], [ -53.102364407491393, -22.694599841309582, 0.0 ], [ -53.102363908367636, -22.694601563511299, 0.0 ], [ -53.102363408344559, -22.694603284813695, 0.0 ], [ -53.102362905623579, -22.694605006116092, 0.0 ], [ -53.102362402003223, -22.694606726519169, 0.0 ], [ -53.102361896584227, -22.694608446922246, 0.0 ], [ -53.102361389366592, -22.694610166426003, 0.0 ], [ -53.102360881249638, -22.69461188592976, 0.0 ], [ -53.102360371334044, -22.694613605433517, 0.0 ], [ -53.10235986051913, -22.694615324037954, 0.0 ], [ -53.102359347905519, -22.694617042642335, 0.0 ], [ -53.102358835291966, -22.694618761246772, 0.0 ], [ -53.102358320879773, -22.69462047985121, 0.0 ], [ -53.102357805568204, -22.694622197556328, 0.0 ], [ -53.102357289357371, -22.694623915261445, 0.0 ], [ -53.1023567713479, -22.694625632966563, 0.0 ], [ -53.102356253338371, -22.694627350671624, 0.0 ], [ -53.10235573442958, -22.694629067477422, 0.0 ], [ -53.102355215520731, -22.69463078518254, 0.0 ], [ -53.1023546948133, -22.694632501988337, 0.0 ], [ -53.10231949894569, -22.694753001249978, 0.0 ], [ -53.102304277020721, -22.694810261084626, 0.0 ], [ -53.102287660247271, -22.69486545157929, 0.0 ], [ -53.102253077717307, -22.694977823667557, 0.0 ] ] } },
{ "type": "Feature", "properties": { "Id": 0 }, "geometry": { "type": "LineString", "coordinates": [ [ -53.102381902003117, -22.694495765467138, 0.0 ], [ -53.102381770702095, -22.694496337435965, 0.0 ], [ -53.102381419067171, -22.694497873478042, 0.0 ], [ -53.102381066532928, -22.694499408620743, 0.0 ], [ -53.102380713998684, -22.694500944662821, 0.0 ], [ -53.102380360565121, -22.694502479805578, 0.0 ], [ -53.102380006232238, -22.694504014948279, 0.0 ], [ -53.102379651000035, -22.694505550091037, 0.0 ], [ -53.102379294868513, -22.694507085233738, 0.0 ], [ -53.10237893783767, -22.694508619477176, 0.0 ], [ -53.102378580806828, -22.694510154619877, 0.0 ], [ -53.102378221977347, -22.694511688863315, 0.0 ], [ -53.102377863147808, -22.694513223106696, 0.0 ], [ -53.102377502519687, -22.694514756450815, 0.0 ], [ -53.102377141891566, -22.694516290694196, 0.0 ], [ -53.102376779464748, -22.694517824038314, 0.0 ], [ -53.102376416138668, -22.694519357382376, 0.0 ], [ -53.102376051913211, -22.694520890726494, 0.0 ], [ -53.102375686788491, -22.694522424070556, 0.0 ], [ -53.102375320764395, -22.694523956515354, 0.0 ], [ -53.102374953840979, -22.694525488960096, 0.0 ], [ -53.10237458511898, -22.694527021404895, 0.0 ], [ -53.102374215497605, -22.694528552950317, 0.0 ], [ -53.10237384497691, -22.694530085395058, 0.0 ], [ -53.102373472657575, -22.694531616940537, 0.0 ], [ -53.102373099438921, -22.69453314758664, 0.0 ], [ -53.102372724421627, -22.694534679132119, 0.0 ], [ -53.102372349404334, -22.694536209778221, 0.0 ], [ -53.102371971689081, -22.694537740424323, 0.0 ], [ -53.102371593074508, -22.694539270171163, 0.0 ], [ -53.102371213560616, -22.694540799917945, 0.0 ], [ -53.102370832248084, -22.694542329664728, 0.0 ], [ -53.102370449136856, -22.69454385941151, 0.0 ], [ -53.102370065126365, -22.69454538825903, 0.0 ], [ -53.102369680216555, -22.694546917106493, 0.0 ], [ -53.102369293508048, -22.694548445953956, 0.0 ], [ -53.102368905000901, -22.694549973902156, 0.0 ], [ -53.102368515594492, -22.694551501850299, 0.0 ], [ -53.102368125288706, -22.694553028899122, 0.0 ], [ -53.10236773318428, -22.694554556847265, 0.0 ], [ -53.102367339281216, -22.694556083896089, 0.0 ], [ -53.102366944478888, -22.694557610045649, 0.0 ], [ -53.102366547877864, -22.694559137094473, 0.0 ], [ -53.10236615037752, -22.694560663243976, 0.0 ], [ -53.102365751977857, -22.69456218849416, 0.0 ], [ -53.102365351779497, -22.694563713744344, 0.0 ], [ -53.102364949782555, -22.694565238994528, 0.0 ], [ -53.102364546886292, -22.694566764244712, 0.0 ], [ -53.102364142191391, -22.694568288595576, 0.0 ], [ -53.102363736597113, -22.69456981294644, 0.0 ], [ -53.102363329204252, -22.694571337297361, 0.0 ], [ -53.102362920912014, -22.694572860748906, 0.0 ], [ -53.102362511720514, -22.69457438420045, 0.0 ], [ -53.102362100730318, -22.694575907651995, 0.0 ], [ -53.102361687941482, -22.69457743020422, 0.0 ], [ -53.102361274253383, -22.694578952756444, 0.0 ], [ -53.102360858766588, -22.694580475308669, 0.0 ], [ -53.102360442380473, -22.694581996961517, 0.0 ], [ -53.102360025095038, -22.694583518614422, 0.0 ], [ -53.102359606010964, -22.694585039368008, 0.0 ], [ -53.10235918512825, -22.694586561020913, 0.0 ], [ -53.102358763346217, -22.694588080875178, 0.0 ], [ -53.102358340664864, -22.694589601628763, 0.0 ], [ -53.102357916184815, -22.694591121483029, 0.0 ], [ -53.102357489906183, -22.694592641337294, 0.0 ], [ -53.102357063627551, -22.69459416029224, 0.0 ], [ -53.102356634650903, -22.694595680146449, 0.0 ], [ -53.102356204774992, -22.694597198202075, 0.0 ], [ -53.102355773999705, -22.694598717157021, 0.0 ], [ -53.102355341425834, -22.694600235212647, 0.0 ], [ -53.102354907952588, -22.694601752368953, 0.0 ], [ -53.102354472680702, -22.694603270424523, 0.0 ], [ -53.102354036509553, -22.694604787580829, 0.0 ], [ -53.102353598539707, -22.694606303837816, 0.0 ], [ -53.102353159670542, -22.694607820094802, 0.0 ], [ -53.102352719902058, -22.694609336351732, 0.0 ], [ -53.102352278334934, -22.694610852608719, 0.0 ], [ -53.10235183496917, -22.694612367966386, 0.0 ], [ -53.102351390704086, -22.694613883323996, 0.0 ], [ -53.102350945539683, -22.694615397782343, 0.0 ], [ -53.102350498576584, -22.69461691224069, 0.0 ], [ -53.102350050714222, -22.69461842669898, 0.0 ], [ -53.10234960105322, -22.694619940258008, 0.0 ], [ -53.102349150492842, -22.694621453816978, 0.0 ], [ -53.102348698133881, -22.694622967376006, 0.0 ], [ -53.102348244875543, -22.694624480035657, 0.0 ], [ -53.102347789818623, -22.694625992695364, 0.0 ], [ -53.102347333862326, -22.694627504455696, 0.0 ], [ -53.10234687700671, -22.694629016216084, 0.0 ], [ -53.102346418352511, -22.694630527976415, 0.0 ], [ -53.102345959698255, -22.694632038837483, 0.0 ], [ -53.102345499245359, -22.694633550597814, 0.0 ], [ -53.102345037893144, -22.694635060559563, 0.0 ], [ -53.10234457474229, -22.694636571420574, 0.0 ], [ -53.102344111591435, -22.694638081382323, 0.0 ], [ -53.102343647541261, -22.694639591344014, 0.0 ], [ -53.102343183491087, -22.694641101305763, 0.0 ], [ -53.102342717642273, -22.694642611267454, 0.0 ], [ -53.102342251793459, -22.694644121229146, 0.0 ], [ -53.102341785045326, -22.694645630291575, 0.0 ], [ -53.102341318297135, -22.694647139353947, 0.0 ], [ -53.102340850649682, -22.694648648416319, 0.0 ], [ -53.102340383002229, -22.694650157478748, 0.0 ], [ -53.102339915354776, -22.69465166654112, 0.0 ], [ -53.102339446808003, -22.694653175603548, 0.0 ], [ -53.102338978261173, -22.69465468466592, 0.0 ], [ -53.1023385097144, -22.694656192828973, 0.0 ], [ -53.102338041167627, -22.694657701891401, 0.0 ], [ -53.102337572620854, -22.694659210953773, 0.0 ], [ -53.102337104074024, -22.694660719116825, 0.0 ], [ -53.102336636426571, -22.694662228179254, 0.0 ], [ -53.102336167879798, -22.694663737241626, 0.0 ], [ -53.102335700232345, -22.694665246304055, 0.0 ], [ -53.102335232584892, -22.694666755366427, 0.0 ], [ -53.102334765836758, -22.694668264428799, 0.0 ], [ -53.102334299088568, -22.694669773491228, 0.0 ], [ -53.102333833239754, -22.6946712825536, 0.0 ], [ -53.102333367390941, -22.694672792515291, 0.0 ], [ -53.102332902441447, -22.69467430157772, 0.0 ], [ -53.102332438391272, -22.694675811539412, 0.0 ], [ -53.102331975240418, -22.69467732150116, 0.0 ], [ -53.102331512988883, -22.694678832362172, 0.0 ], [ -53.102331051636668, -22.69468034232392, 0.0 ], [ -53.102330591183772, -22.694681853184932, 0.0 ], [ -53.102330130730934, -22.694683364045943, 0.0 ], [ -53.102329672975998, -22.694684874907011, 0.0 ], [ -53.102329215221062, -22.694686386667343, 0.0 ], [ -53.102328759264765, -22.69468789842773, 0.0 ], [ -53.102328304207845, -22.694689410188062, 0.0 ], [ -53.102327850949507, -22.694690922847769, 0.0 ], [ -53.102327398590546, -22.69469243550742, 0.0 ], [ -53.102326948030168, -22.694693949066448, 0.0 ], [ -53.102326499268486, -22.694695461726155, 0.0 ], [ -53.102326051406123, -22.694696976184446, 0.0 ], [ -53.102325605342344, -22.694698490642793, 0.0 ], [ -53.10232516197658, -22.694700005101083, 0.0 ], [ -53.102324719510136, -22.69470152045875, 0.0 ], [ -53.102324278842332, -22.694703035816417, 0.0 ], [ -53.102323839973167, -22.694704552073347, 0.0 ], [ -53.102323403802018, -22.694706068330333, 0.0 ], [ -53.102322968530132, -22.69470758548664, 0.0 ], [ -53.102322535956205, -22.694709102642946, 0.0 ], [ -53.102322106080294, -22.694710621597835, 0.0 ], [ -53.102321678003022, -22.694712139653461, 0.0 ], [ -53.102321251724334, -22.694713659507727, 0.0 ], [ -53.102320828143661, -22.694715178462673, 0.0 ], [ -53.102320405462308, -22.694716699216258, 0.0 ], [ -53.102319985478914, -22.694718219969843, 0.0 ], [ -53.10231956729416, -22.694719740723428, 0.0 ], [ -53.102319150908045, -22.694721262376333, 0.0 ], [ -53.102318736320569, -22.694722784029238, 0.0 ], [ -53.10231832353179, -22.694724306581463, 0.0 ], [ -53.102317911642274, -22.694725830033008, 0.0 ], [ -53.102317501551397, -22.694727352585232, 0.0 ], [ -53.102317092359897, -22.694728876036777, 0.0 ], [ -53.102316684067659, -22.694730399488321, 0.0 ], [ -53.102316277574118, -22.694731923839186, 0.0 ], [ -53.102315872879217, -22.69473344819005, 0.0 ], [ -53.102315468184258, -22.694734972540914, 0.0 ], [ -53.102315064388677, -22.694736497791098, 0.0 ], [ -53.102314662391734, -22.694738023041282, 0.0 ], [ -53.102314260394735, -22.694739548291466, 0.0 ], [ -53.102313859297112, -22.69474107354165, 0.0 ], [ -53.10231345819949, -22.694742598791834, 0.0 ], [ -53.102313058001187, -22.694744124941394, 0.0 ], [ -53.102312658702203, -22.694745650191578, 0.0 ], [ -53.10231225940322, -22.694747176341082, 0.0 ], [ -53.102311861003557, -22.694748702490585, 0.0 ], [ -53.102311461704574, -22.694750227740769, 0.0 ], [ -53.10231106330491, -22.694751753890273, 0.0 ], [ -53.102310664905247, -22.694753280039777, 0.0 ], [ -53.102310266505526, -22.694754806189337, 0.0 ], [ -53.102309868105863, -22.694756332338841, 0.0 ], [ -53.10230946880688, -22.694757858488344, 0.0 ], [ -53.102309069507896, -22.694759383738528, 0.0 ], [ -53.102308670208913, -22.694760909888032, 0.0 ], [ -53.10230827001061, -22.694762436037536, 0.0 ], [ -53.102307869812307, -22.69476396128772, 0.0 ], [ -53.102307468714685, -22.694765486537904, 0.0 ], [ -53.102307066717685, -22.694767011788144, 0.0 ], [ -53.102306664720743, -22.694768537038328, 0.0 ], [ -53.102306260925161, -22.694770061389193, 0.0 ], [ -53.102305856230259, -22.694771586639376, 0.0 ], [ -53.102305451535301, -22.694773110990241, 0.0 ], [ -53.10230504504176, -22.694774634441785, 0.0 ], [ -53.102304637648842, -22.694776158792649, 0.0 ], [ -53.102304228457342, -22.694777682244194, 0.0 ], [ -53.102303818366465, -22.694779204796419, 0.0 ], [ -53.102303406477006, -22.694780728247963, 0.0 ], [ -53.10230299368817, -22.694782250800188, 0.0 ], [ -53.102302579100694, -22.694783772453093, 0.0 ], [ -53.102302162714579, -22.694785294105998, 0.0 ], [ -53.102301744529825, -22.694786815758903, 0.0 ], [ -53.102301324546431, -22.694788336512488, 0.0 ], [ -53.102300902764398, -22.694789856366754, 0.0 ], [ -53.102300479183725, -22.694791376221019, 0.0 ], [ -53.102300053804413, -22.694792895175908, 0.0 ], [ -53.102299625727085, -22.694794414130854, 0.0 ], [ -53.102299194951854, -22.69479593218648, 0.0 ], [ -53.102298763277247, -22.694797450242106, 0.0 ], [ -53.102298328904737, -22.694798967398356, 0.0 ], [ -53.102297891834212, -22.694800483655342, 0.0 ], [ -53.102297453864367, -22.694801999912329, 0.0 ], [ -53.102297013196562, -22.694803515269996, 0.0 ], [ -53.102296570730118, -22.694805030627606, 0.0 ], [ -53.102296125565715, -22.694806545085953, 0.0 ], [ -53.102295679501992, -22.694808059544243, 0.0 ], [ -53.102295231639573, -22.694809573103271, 0.0 ], [ -53.102294781978571, -22.694811086662298, 0.0 ], [ -53.102294330518873, -22.694812599321949, 0.0 ], [ -53.102293877260593, -22.694814111981657, 0.0 ], [ -53.102293422203616, -22.694815623741988, 0.0 ], [ -53.102292966247376, -22.694817135502376, 0.0 ], [ -53.10229250849244, -22.694818647262707, 0.0 ], [ -53.102292048938864, -22.694820158123775, 0.0 ], [ -53.102291588485969, -22.694821668984787, 0.0 ], [ -53.102291127133753, -22.694823178946478, 0.0 ], [ -53.102290663083579, -22.694824688908227, 0.0 ], [ -53.102290199033405, -22.694826198869919, 0.0 ], [ -53.102289733184591, -22.694827707932347, 0.0 ], [ -53.102289266436458, -22.694829216994719, 0.0 ], [ -53.102288798789004, -22.694830726057091, 0.0 ], [ -53.102288329342912, -22.6948322342202, 0.0 ], [ -53.102287859896762, -22.694833743282572, 0.0 ], [ -53.10228738865203, -22.694835250546305, 0.0 ], [ -53.102286916507921, -22.694836758709414, 0.0 ], [ -53.10228644436387, -22.694838266872466, 0.0 ], [ -53.102285970421178, -22.694839774136199, 0.0 ], [ -53.10228549647843, -22.694841281399988, 0.0 ], [ -53.102285021636419, -22.694842787764401, 0.0 ], [ -53.102284545895031, -22.694844295028133, 0.0 ], [ -53.102284069254324, -22.694845802291923, 0.0 ], [ -53.102283592613674, -22.694847308656335, 0.0 ], [ -53.102283115972966, -22.694848815020748, 0.0 ], [ -53.102282637533676, -22.694850321385161, 0.0 ], [ -53.102282159993649, -22.694851827749631, 0.0 ], [ -53.102281681554302, -22.694853334114043, 0.0 ], [ -53.102281202215693, -22.694854839579136, 0.0 ], [ -53.102280723776346, -22.694856345943549, 0.0 ], [ -53.102280244437679, -22.694857852308019, 0.0 ], [ -53.102279765099013, -22.694859357773112, 0.0 ], [ -53.102279284861083, -22.694860864137524, 0.0 ], [ -53.102278805522417, -22.694862369602617, 0.0 ], [ -53.10227832618375, -22.69486387596703, 0.0 ], [ -53.102277846845141, -22.69486538143218, 0.0 ], [ -53.102277367506474, -22.694866887796593, 0.0 ], [ -53.102276888167808, -22.694868393261686, 0.0 ], [ -53.102276408829141, -22.694869899626099, 0.0 ], [ -53.102275929490531, -22.694871405990568, 0.0 ], [ -53.102275451051185, -22.694872911455661, 0.0 ], [ -53.102274972611838, -22.694874417820074, 0.0 ], [ -53.102274495071867, -22.694875924184487, 0.0 ], [ -53.10227401753184, -22.694877430548956, 0.0 ], [ -53.102273540891133, -22.694878936913369, 0.0 ], [ -53.102273064250483, -22.694880444177102, 0.0 ], [ -53.102272588509095, -22.694881950541514, 0.0 ], [ -53.102272112767764, -22.694883457805304, 0.0 ], [ -53.102271637925696, -22.694884965069036, 0.0 ], [ -53.102271163083685, -22.694886472332769, 0.0 ], [ -53.102270690040257, -22.694887979596558, 0.0 ], [ -53.102270216097565, -22.694889486860291, 0.0 ], [ -53.102269743953457, -22.694890994124023, 0.0 ], [ -53.102269271809405, -22.694892502287132, 0.0 ], [ -53.102268799665353, -22.694894010450184, 0.0 ], [ -53.102268328420564, -22.694895517713917, 0.0 ], [ -53.102267858075152, -22.694897025877026, 0.0 ], [ -53.102267387729739, -22.694898534040078, 0.0 ], [ -53.10226691828359, -22.69490004310245, 0.0 ], [ -53.102266449736817, -22.694901551265559, 0.0 ], [ -53.102265981190044, -22.694903060327931, 0.0 ], [ -53.102265513542591, -22.694904568490983, 0.0 ], [ -53.102265045895138, -22.694906077553412, 0.0 ], [ -53.102264579146947, -22.694907586615784, 0.0 ], [ -53.102264113298133, -22.694909096577476, 0.0 ], [ -53.10226364744932, -22.694910605639905, 0.0 ], [ -53.102263181600506, -22.694912114702277, 0.0 ], [ -53.102262717550332, -22.694913624664025, 0.0 ], [ -53.102262253500157, -22.694915134625717, 0.0 ], [ -53.102261789449983, -22.694916644587408, 0.0 ], [ -53.102261327198448, -22.694918154549157, 0.0 ], [ -53.102260864047594, -22.694919664510849, 0.0 ], [ -53.102260402695379, -22.694921175371917, 0.0 ], [ -53.102259941343164, -22.694922685333609, 0.0 ], [ -53.102259479990948, -22.694924196194677, 0.0 ], [ -53.10225902043743, -22.694925707055688, 0.0 ], [ -53.102258560883854, -22.694927217916756, 0.0 ], [ -53.102258101330278, -22.694928728777768, 0.0 ], [ -53.102257642676022, -22.694930239638779, 0.0 ], [ -53.102257184921086, -22.694931751399167, 0.0 ], [ -53.102256727166207, -22.694933263159498, 0.0 ], [ -53.10225627031059, -22.694934774020567, 0.0 ], [ -53.102255814354294, -22.694936285780898, 0.0 ], [ -53.102255358398054, -22.694937798440606, 0.0 ], [ -53.102254903341077, -22.694939310200937, 0.0 ], [ -53.1022544482841, -22.694940821961325, 0.0 ], [ -53.102253994126499, -22.694942334620976, 0.0 ], [ -53.102253540868162, -22.694943847280683, 0.0 ], [ -53.102253087609881, -22.694945359940391, 0.0 ], [ -53.102252635250863, -22.694946872600042, 0.0 ], [ -53.102252183791222, -22.69494838525975, 0.0 ], [ -53.102251732331524, -22.69494989881872, 0.0 ], [ -53.102251281771203, -22.694951411478428, 0.0 ], [ -53.102250831210824, -22.694952925037398, 0.0 ], [ -53.102250381549823, -22.694954438596426, 0.0 ], [ -53.102249932788141, -22.694955952155397, 0.0 ], [ -53.102249484026402, -22.694957465714424, 0.0 ], [ -53.102249036164039, -22.694958980172771, 0.0 ], [ -53.102248588301677, -22.694960493731742, 0.0 ], [ -53.102248140439315, -22.694962008190089, 0.0 ], [ -53.102247694375535, -22.694963522648379, 0.0 ], [ -53.102247247412492, -22.694965037106726, 0.0 ], [ -53.10224680134877, -22.694966551565074, 0.0 ], [ -53.102246356184367, -22.694968066023364, 0.0 ], [ -53.102245911019963, -22.694969580481711, 0.0 ], [ -53.102245466754823, -22.694971094940058, 0.0 ], [ -53.10224502248974, -22.694972610297668, 0.0 ], [ -53.102244578224656, -22.694974125655335, 0.0 ], [ -53.10224414475141, -22.694975605939419, 0.0 ] ] } },
{ "type": "Feature", "properties": { "Id": 0 }, "geometry": { "type": "LineString", "coordinates": [ [ -53.102367815022603, -22.694492267104408, 0.0 ], [ -53.102367738580256, -22.694492588162348, 0.0 ], [ -53.102367364462282, -22.694494161076648, 0.0 ], [ -53.102366988545668, -22.694495733091571, 0.0 ], [ -53.102366612629055, -22.694497305106495, 0.0 ], [ -53.102366236712385, -22.694498877121418, 0.0 ], [ -53.102365858997132, -22.694500448237079, 0.0 ], [ -53.102365481281879, -22.694502020252003, 0.0 ], [ -53.102365101767987, -22.694503591367607, 0.0 ], [ -53.102364722254094, -22.69450516248321, 0.0 ], [ -53.102364342740202, -22.694506733598814, 0.0 ], [ -53.102363961427614, -22.694508304714418, 0.0 ], [ -53.102363579215762, -22.694509874930759, 0.0 ], [ -53.10236319700391, -22.694511446046363, 0.0 ], [ -53.102362812993363, -22.694513016262647, 0.0 ], [ -53.102362428083552, -22.694514585579611, 0.0 ], [ -53.102362043173684, -22.694516155795895, 0.0 ], [ -53.102361656465234, -22.69451772601218, 0.0 ], [ -53.102361268857408, -22.694519295329144, 0.0 ], [ -53.102360881249638, -22.694520864646165, 0.0 ], [ -53.102360491843172, -22.69452243306381, 0.0 ], [ -53.102360101537442, -22.694524002380774, 0.0 ], [ -53.102359709433017, -22.694525570798419, 0.0 ], [ -53.102359317328592, -22.694527139216063, 0.0 ], [ -53.102358923425527, -22.694528706734388, 0.0 ], [ -53.102358528623142, -22.694530275152033, 0.0 ], [ -53.102358132921438, -22.694531842670358, 0.0 ], [ -53.102357735421094, -22.694533410188683, 0.0 ], [ -53.102357337021431, -22.694534976807688, 0.0 ], [ -53.102356937722448, -22.694536543426693, 0.0 ], [ -53.102356536624825, -22.694538110045698, 0.0 ], [ -53.102356134627883, -22.694539676664704, 0.0 ], [ -53.10235573173162, -22.694541242384389, 0.0 ], [ -53.102355327036662, -22.694542808104075, 0.0 ], [ -53.102354920543121, -22.69454437382376, 0.0 ], [ -53.102354514049523, -22.694545938644126, 0.0 ], [ -53.102354105757342, -22.694547503464491, 0.0 ], [ -53.102353695666466, -22.6945490682848, 0.0 ], [ -53.102353285575646, -22.694550632205846, 0.0 ], [ -53.102352873686129, -22.694552197026212, 0.0 ], [ -53.102352460897293, -22.694553760047938, 0.0 ], [ -53.102352046309875, -22.694555323968984, 0.0 ], [ -53.102351631722399, -22.694556886990711, 0.0 ], [ -53.102351215336284, -22.694558450911757, 0.0 ], [ -53.10235079805085, -22.694560013034106, 0.0 ], [ -53.102350379866095, -22.694561576055833, 0.0 ], [ -53.102349960782021, -22.694563139077559, 0.0 ], [ -53.102349540798627, -22.694564701199965, 0.0 ], [ -53.102349119915914, -22.694566263322372, 0.0 ], [ -53.102348698133881, -22.694567824545402, 0.0 ], [ -53.102348275452528, -22.694569386667808, 0.0 ], [ -53.102347851871798, -22.694570947890895, 0.0 ], [ -53.102347427391805, -22.694572509113982, 0.0 ], [ -53.102347002012493, -22.694574070337012, 0.0 ], [ -53.102346575733861, -22.694575631560099, 0.0 ], [ -53.102346148555853, -22.694577191883866, 0.0 ], [ -53.102345721377901, -22.694578752207576, 0.0 ], [ -53.10234529240131, -22.694580312531343, 0.0 ], [ -53.102344863424662, -22.69458187285511, 0.0 ], [ -53.102344433548751, -22.694583433178877, 0.0 ], [ -53.102344003672783, -22.694584993502588, 0.0 ], [ -53.102343571998233, -22.694586552927035, 0.0 ], [ -53.102343140323626, -22.694588112351482, 0.0 ], [ -53.102342707749699, -22.694589671775873, 0.0 ], [ -53.102342275175829, -22.69459123120032, 0.0 ], [ -53.102341841702582, -22.694592790624768, 0.0 ], [ -53.102341407330016, -22.694594350049158, 0.0 ], [ -53.102340972957506, -22.694595908574286, 0.0 ], [ -53.10234053768562, -22.694597467998676, 0.0 ], [ -53.102340102413734, -22.694599026523804, 0.0 ], [ -53.102339666242585, -22.694600585048931, 0.0 ], [ -53.102339230071379, -22.694602143574002, 0.0 ], [ -53.102338793000854, -22.69460370209913, 0.0 ], [ -53.102338355930328, -22.694605260624257, 0.0 ], [ -53.102337917960483, -22.694606819149328, 0.0 ], [ -53.102337479990695, -22.694608376775136, 0.0 ], [ -53.102337042020849, -22.694609935300207, 0.0 ], [ -53.102336604051004, -22.694611492926015, 0.0 ], [ -53.102336165181839, -22.694613051451142, 0.0 ], [ -53.102335725413354, -22.694614609076893, 0.0 ], [ -53.102335286544189, -22.694616166702701, 0.0 ], [ -53.102334846775705, -22.694617725227772, 0.0 ], [ -53.10233440700722, -22.69461928285358, 0.0 ], [ -53.102333967238735, -22.694620840479388, 0.0 ], [ -53.10233352747025, -22.694622398105139, 0.0 ], [ -53.102333087701822, -22.694623955730947, 0.0 ], [ -53.102332647034018, -22.694625513356698, 0.0 ], [ -53.102332207265533, -22.694627070982506, 0.0 ], [ -53.102331766597729, -22.694628628608257, 0.0 ], [ -53.102331326829244, -22.694630186234065, 0.0 ], [ -53.10233088616144, -22.694631743859873, 0.0 ], [ -53.102330445493635, -22.694633301485624, 0.0 ], [ -53.10233000572515, -22.694634859111432, 0.0 ], [ -53.102329565057346, -22.694636416737183, 0.0 ], [ -53.102329124389541, -22.69463797436299, 0.0 ], [ -53.102328684621057, -22.694639531988742, 0.0 ], [ -53.102328243953252, -22.694641089614549, 0.0 ], [ -53.102327803285448, -22.694642647240357, 0.0 ], [ -53.102327362617643, -22.694644204866108, 0.0 ], [ -53.102326921949839, -22.694645761592597, 0.0 ], [ -53.102326481282034, -22.694647319218348, 0.0 ], [ -53.10232604061423, -22.694648876844155, 0.0 ], [ -53.102325599946425, -22.694650434469906, 0.0 ], [ -53.102325158379301, -22.694651991196395, 0.0 ], [ -53.102324717711497, -22.694653548822203, 0.0 ], [ -53.102324277043692, -22.694655106447954, 0.0 ], [ -53.102323835476568, -22.694656664073761, 0.0 ], [ -53.102323394808764, -22.694658220800193, 0.0 ], [ -53.102322953241639, -22.694659778426001, 0.0 ], [ -53.102322511674515, -22.694661335152432, 0.0 ], [ -53.102322071006711, -22.69466289277824, 0.0 ], [ -53.102321629439587, -22.694664449504671, 0.0 ], [ -53.102321187872462, -22.694666007130479, 0.0 ], [ -53.102320745406018, -22.694667563856967, 0.0 ], [ -53.102320303838894, -22.694669121482718, 0.0 ], [ -53.10231986227177, -22.694670678209206, 0.0 ], [ -53.102319419805326, -22.694672235834958, 0.0 ], [ -53.102318978238202, -22.694673792561446, 0.0 ], [ -53.102318535771758, -22.694675349287877, 0.0 ], [ -53.102318093305314, -22.694676906913685, 0.0 ], [ -53.10231765083887, -22.694678463640116, 0.0 ], [ -53.102317208372426, -22.694680020366604, 0.0 ], [ -53.102316765006663, -22.694681577093036, 0.0 ], [ -53.102316322540219, -22.694683133819524, 0.0 ], [ -53.102315879174455, -22.694684690546012, 0.0 ], [ -53.102315435808691, -22.694686247272443, 0.0 ], [ -53.102314993342247, -22.694687803998931, 0.0 ], [ -53.102314549077164, -22.694689360725363, 0.0 ], [ -53.102314105711343, -22.694690917451851, 0.0 ], [ -53.10231366234558, -22.694692474178282, 0.0 ], [ -53.102313218080496, -22.69469403090477, 0.0 ], [ -53.102312773815413, -22.694695587631202, 0.0 ], [ -53.10231232955033, -22.69469714345837, 0.0 ], [ -53.102311885285246, -22.694698700184802, 0.0 ], [ -53.102311440120843, -22.69470025691129, 0.0 ], [ -53.10231099585576, -22.694701812738401, 0.0 ], [ -53.1023105506913, -22.694703369464889, 0.0 ], [ -53.102310105526897, -22.694704925292001, 0.0 ], [ -53.102309659463174, -22.694706482018489, 0.0 ], [ -53.102309214298771, -22.694708037845601, 0.0 ], [ -53.102308768235048, -22.694709593672769, 0.0 ], [ -53.102308322171268, -22.694711150399201, 0.0 ], [ -53.102307876107545, -22.694712706226369, 0.0 ], [ -53.102307430043822, -22.694714262053481, 0.0 ], [ -53.10230698308078, -22.694715817880649, 0.0 ], [ -53.10230653611768, -22.694717373707761, 0.0 ], [ -53.102306089154638, -22.694718929534929, 0.0 ], [ -53.102305642191595, -22.694720485362041, 0.0 ], [ -53.102305194329233, -22.694722041189209, 0.0 ], [ -53.102304746466814, -22.694723597016321, 0.0 ], [ -53.102304298604452, -22.694725151944169, 0.0 ], [ -53.102303850742089, -22.694726707771281, 0.0 ], [ -53.10230340198035, -22.694728263598449, 0.0 ], [ -53.102302953218668, -22.694729818526241, 0.0 ], [ -53.102302504456986, -22.69473137435341, 0.0 ], [ -53.102302054795928, -22.694732929281201, 0.0 ], [ -53.102301606034246, -22.69473448510837, 0.0 ], [ -53.102301156373244, -22.694736040036162, 0.0 ], [ -53.102300705812866, -22.69473759496401, 0.0 ], [ -53.102300256151864, -22.694739149891802, 0.0 ], [ -53.102299805591485, -22.694740704819651, 0.0 ], [ -53.102299355031164, -22.694742259747443, 0.0 ], [ -53.102298903571523, -22.694743814675235, 0.0 ], [ -53.102298453011144, -22.694745369603083, 0.0 ], [ -53.102298001551503, -22.694746924530875, 0.0 ], [ -53.102297549192485, -22.694748479458724, 0.0 ], [ -53.102297097732844, -22.694750033487196, 0.0 ], [ -53.102296645373826, -22.694751588415045, 0.0 ], [ -53.102296192115546, -22.694753142443517, 0.0 ], [ -53.102295739756528, -22.694754697371366, 0.0 ], [ -53.102295286498247, -22.694756251399838, 0.0 ], [ -53.10229483323991, -22.69475780542831, 0.0 ], [ -53.102294379082309, -22.694759359456839, 0.0 ], [ -53.102293925823972, -22.694760914384631, 0.0 ], [ -53.102293470766995, -22.69476246841316, 0.0 ], [ -53.102293016609394, -22.694764022441632, 0.0 ], [ -53.102292561552417, -22.694765575570784, 0.0 ], [ -53.102292106495497, -22.694767129599313, 0.0 ], [ -53.10229165143852, -22.694768683627785, 0.0 ], [ -53.102291195482223, -22.694770237656314, 0.0 ], [ -53.102290739525984, -22.694771790785467, 0.0 ], [ -53.102290282670367, -22.694773343914619, 0.0 ], [ -53.102289825814751, -22.694774897943148, 0.0 ], [ -53.102289368959191, -22.6947764510723, 0.0 ], [ -53.102288912103575, -22.69477800420151, 0.0 ], [ -53.102288454348638, -22.694779557330662, 0.0 ], [ -53.102287995694383, -22.694781110459814, 0.0 ], [ -53.102287537939503, -22.694782663589024, 0.0 ], [ -53.102287079285247, -22.694784216718176, 0.0 ], [ -53.102286620630991, -22.694785769847329, 0.0 ], [ -53.102286161077416, -22.694787322976538, 0.0 ], [ -53.10228570152384, -22.69478887520637, 0.0 ], [ -53.102285241071002, -22.69479042833558, 0.0 ], [ -53.102284780618106, -22.694791980565412, 0.0 ], [ -53.102284320165211, -22.694793532795245, 0.0 ], [ -53.102283859712315, -22.694795085025135, 0.0 ], [ -53.1022833983601, -22.694796637254967, 0.0 ], [ -53.102282936108566, -22.6947981894848, 0.0 ], [ -53.102282473857031, -22.694799741714689, 0.0 ], [ -53.102282011605496, -22.694801293944522, 0.0 ], [ -53.102281549353961, -22.694802846174355, 0.0 ], [ -53.102281086203106, -22.694804397504868, 0.0 ], [ -53.102280622152932, -22.694805949734757, 0.0 ], [ -53.102280158102758, -22.69480750106527, 0.0 ], [ -53.102279694052584, -22.694809052395783, 0.0 ], [ -53.10227922910309, -22.694810603726353, 0.0 ], [ -53.102278764153596, -22.694812155056866, 0.0 ], [ -53.102278298304782, -22.694813706387379, 0.0 ], [ -53.102277832455968, -22.694815257717948, 0.0 ], [ -53.102277364808515, -22.694816808149142, 0.0 ], [ -53.102276898060381, -22.694818359479655, 0.0 ], [ -53.102276429513552, -22.694819909910848, 0.0 ], [ -53.102275960966779, -22.694821460342098, 0.0 ], [ -53.102275492420006, -22.694823010773291, 0.0 ], [ -53.102275022074593, -22.694824560305165, 0.0 ], [ -53.102274551729124, -22.694826110736358, 0.0 ], [ -53.102274080484392, -22.694827660268288, 0.0 ], [ -53.102273608340283, -22.694829209800162, 0.0 ], [ -53.102273136196231, -22.694830759332035, 0.0 ], [ -53.10227266225354, -22.694832308863909, 0.0 ], [ -53.102272188310792, -22.694833857496462, 0.0 ], [ -53.102271713468781, -22.694835406129073, 0.0 ], [ -53.102271237727393, -22.694836954761627, 0.0 ], [ -53.102270761086686, -22.69483850339418, 0.0 ], [ -53.102270283546716, -22.694840051127414, 0.0 ], [ -53.102269805107369, -22.694841598860648, 0.0 ], [ -53.102269325768702, -22.694843146593882, 0.0 ], [ -53.102268845530773, -22.694844693427797, 0.0 ], [ -53.102268363494147, -22.694846241161031, 0.0 ], [ -53.102267881457522, -22.694847787995002, 0.0 ], [ -53.102267398521576, -22.694849333929596, 0.0 ], [ -53.102266913786991, -22.694850880763511, 0.0 ], [ -53.102266429052406, -22.694852426698105, 0.0 ], [ -53.102265942519182, -22.6948539726327, 0.0 ], [ -53.102265455086638, -22.694855517667975, 0.0 ], [ -53.102264966754774, -22.69485706270325, 0.0 ], [ -53.102264476624271, -22.694858607738524, 0.0 ], [ -53.102263986493767, -22.694860151874479, 0.0 ], [ -53.102263494564568, -22.694861696010435, 0.0 ], [ -53.102229771786483, -22.694972036530203, 0.0 ] ] } },
{ "type": "Feature", "properties": { "Id": 0 }, "geometry": { "type": "LineString", "coordinates": [ [ -53.102360440581833, -22.69449043608472, 0.0 ], [ -53.10235521911801, -22.694515274460286, 0.0 ], [ -53.10234028947275, -22.694572121506155, 0.0 ], [ -53.102328322194296, -22.694614814122303, 0.0 ], [ -53.102310489537444, -22.694677130844866, 0.0 ], [ -53.102292912288021, -22.694740786657917, 0.0 ], [ -53.102278995279391, -22.694788354498939, 0.0 ], [ -53.102260497124178, -22.694846522648845, 0.0 ], [ -53.102246795053532, -22.694888832153822, 0.0 ], [ -53.10222100429587, -22.694969859271566, 0.0 ] ] } },
{ "type": "Feature", "properties": { "Id": 0 }, "geometry": { "type": "LineString", "coordinates": [ [ -53.102345051382997, -22.694486614865355, 0.0 ], [ -53.102344679962982, -22.694488214759247, 0.0 ], [ -53.10234427706672, -22.694489945054897, 0.0 ], [ -53.102343875069721, -22.694491676249811, 0.0 ], [ -53.102343471274139, -22.694493406545405, 0.0 ], [ -53.102343068377877, -22.694495136841056, 0.0 ], [ -53.102342664582238, -22.69449686713665, 0.0 ], [ -53.102342259887337, -22.6944985974323, 0.0 ], [ -53.102341855192435, -22.694500327727894, 0.0 ], [ -53.102341449598157, -22.694502058023488, 0.0 ], [ -53.102341044003936, -22.694503787419819, 0.0 ], [ -53.102340637510395, -22.694505517715413, 0.0 ], [ -53.102340230117477, -22.694507247111744, 0.0 ], [ -53.102339822724616, -22.694508976508018, 0.0 ], [ -53.102339414432379, -22.694510705904293, 0.0 ], [ -53.102339005240879, -22.694512435300624, 0.0 ], [ -53.102338596049321, -22.694514163797578, 0.0 ], [ -53.102338185059125, -22.694515893193852, 0.0 ], [ -53.102337774068985, -22.694517621690864, 0.0 ], [ -53.102337362179469, -22.694519350187818, 0.0 ], [ -53.102336949390633, -22.694521078684772, 0.0 ], [ -53.102336535702534, -22.694522806282464, 0.0 ], [ -53.102336121115059, -22.694524534779418, 0.0 ], [ -53.102335706527583, -22.694526262377053, 0.0 ], [ -53.102335290141468, -22.694527989974688, 0.0 ], [ -53.102334872856034, -22.694529717572379, 0.0 ], [ -53.102334454671279, -22.694531444270694, 0.0 ], [ -53.102334034687885, -22.694533170969009, 0.0 ], [ -53.102333614704492, -22.694534897667324, 0.0 ], [ -53.102333193821778, -22.694536624365696, 0.0 ], [ -53.102332771140425, -22.694538350164692, 0.0 ], [ -53.102332347559752, -22.694540075963687, 0.0 ], [ -53.10233192307976, -22.694541801762682, 0.0 ], [ -53.102331496801071, -22.694543527561677, 0.0 ], [ -53.102331069623119, -22.69454525246141, 0.0 ], [ -53.102330641545848, -22.694546977361085, 0.0 ], [ -53.10233021166988, -22.694548701361441, 0.0 ], [ -53.10232978089465, -22.694550426261117, 0.0 ], [ -53.102329348320723, -22.694552150261472, 0.0 ], [ -53.102328914847476, -22.694553873362509, 0.0 ], [ -53.102328480474966, -22.694555596463545, 0.0 ], [ -53.102328043404441, -22.694557319564581, 0.0 ], [ -53.102327606333915, -22.694559042665617, 0.0 ], [ -53.102327166565431, -22.694560764867333, 0.0 ], [ -53.102326725897626, -22.694562487069106, 0.0 ], [ -53.102326283431182, -22.694564208371446, 0.0 ], [ -53.102325840065419, -22.694565929673843, 0.0 ], [ -53.102325394901015, -22.694567650976239, 0.0 ], [ -53.102324947937973, -22.694569371379316, 0.0 ], [ -53.102324499176234, -22.694571091782393, 0.0 ], [ -53.102324048615912, -22.69457281128615, 0.0 ], [ -53.102323597156214, -22.694574530789907, 0.0 ], [ -53.102323142998614, -22.694576250293665, 0.0 ], [ -53.102322687941637, -22.694577968898102, 0.0 ], [ -53.102322231086077, -22.694579687502539, 0.0 ], [ -53.102321772431822, -22.694581405207657, 0.0 ], [ -53.102321312878246, -22.694583122912775, 0.0 ], [ -53.102320851526031, -22.694584839718516, 0.0 ], [ -53.102320388375176, -22.694586556524314, 0.0 ], [ -53.102319923425682, -22.694588273330112, 0.0 ], [ -53.102319458476188, -22.69458999013591, 0.0 ], [ -53.102318990828735, -22.694591706042331, 0.0 ], [ -53.102318522281962, -22.694593421948809, 0.0 ], [ -53.102318052835813, -22.694595136955968, 0.0 ], [ -53.1023175824904, -22.694596852862446, 0.0 ], [ -53.102317110346348, -22.694598567869548, 0.0 ], [ -53.10231663730292, -22.694600281977387, 0.0 ], [ -53.102316163360229, -22.694601996984545, 0.0 ], [ -53.102315688518161, -22.694603711092327, 0.0 ], [ -53.10231521187751, -22.694605425200166, 0.0 ], [ -53.102314735236803, -22.694607138408685, 0.0 ], [ -53.102314257696776, -22.694608852516467, 0.0 ], [ -53.102313778358166, -22.694610565724986, 0.0 ], [ -53.102313299019499, -22.694612278933505, 0.0 ], [ -53.102312818781513, -22.694613992141967, 0.0 ], [ -53.102312337644207, -22.694615705350486, 0.0 ], [ -53.102311855607581, -22.694617417659629, 0.0 ], [ -53.102311373571013, -22.694619130868148, 0.0 ], [ -53.102310890635067, -22.694620843177347, 0.0 ], [ -53.102310406799802, -22.69462255548649, 0.0 ], [ -53.102309922964537, -22.694624267795689, 0.0 ], [ -53.102309439129272, -22.694625980104831, 0.0 ], [ -53.102308953495367, -22.694627692414031, 0.0 ], [ -53.102308468760782, -22.69462940382391, 0.0 ], [ -53.102307983126877, -22.694631116133053, 0.0 ], [ -53.102307497492973, -22.694632828442252, 0.0 ], [ -53.102307010959748, -22.694634539852075, 0.0 ], [ -53.102306524426524, -22.694636252161274, 0.0 ], [ -53.1023060378933, -22.694637963571097, 0.0 ], [ -53.102305551360075, -22.694639675880296, 0.0 ], [ -53.102305064826851, -22.694641387290119, 0.0 ], [ -53.102304578293626, -22.694643098699999, 0.0 ], [ -53.102304090861082, -22.694644811009198, 0.0 ], [ -53.102303604327858, -22.694646522419021, 0.0 ], [ -53.102303117794634, -22.69464823472822, 0.0 ], [ -53.102302631261409, -22.694649946138043, 0.0 ], [ -53.102302144728128, -22.694651658447242, 0.0 ], [ -53.102301659094223, -22.694653370756384, 0.0 ], [ -53.102301173460319, -22.694655082166264, 0.0 ], [ -53.102300687826414, -22.694656794475463, 0.0 ], [ -53.102300202192509, -22.694658506784606, 0.0 ], [ -53.102299717457981, -22.694660219093805, 0.0 ], [ -53.102299233622716, -22.694661931402948, 0.0 ], [ -53.102298749787451, -22.694663644611467, 0.0 ], [ -53.102298265952186, -22.694665356920666, 0.0 ], [ -53.10229778301624, -22.694667070129128, 0.0 ], [ -53.102297300979615, -22.694668783337647, 0.0 ], [ -53.102296819842309, -22.694670496546109, 0.0 ], [ -53.102296338705003, -22.694672209754629, 0.0 ], [ -53.102295858467073, -22.694673922963148, 0.0 ], [ -53.102295379128407, -22.694675637070929, 0.0 ], [ -53.10229489978974, -22.694677350279449, 0.0 ], [ -53.10229442224977, -22.694679064387287, 0.0 ], [ -53.102293943810423, -22.694680778495069, 0.0 ], [ -53.102293466270396, -22.694682492602908, 0.0 ], [ -53.102292989629746, -22.694684207610067, 0.0 ], [ -53.102292512089718, -22.694685921717848, 0.0 ], [ -53.102292035449011, -22.694687635825687, 0.0 ], [ -53.10229155970768, -22.694689350832846, 0.0 ], [ -53.102291083066973, -22.694691064940628, 0.0 ], [ -53.102290607325642, -22.694692779947786, 0.0 ], [ -53.102290131584255, -22.694694494055625, 0.0 ], [ -53.102289654943604, -22.694696208163407, 0.0 ], [ -53.102289179202216, -22.694697923170565, 0.0 ], [ -53.102288702561509, -22.694699637278404, 0.0 ], [ -53.102288225920859, -22.694701352285563, 0.0 ], [ -53.102287749280151, -22.694703066393345, 0.0 ], [ -53.102287272639501, -22.694704780501183, 0.0 ], [ -53.102286795099474, -22.694706494609022, 0.0 ], [ -53.102286317559447, -22.694708208716804, 0.0 ], [ -53.102285840019476, -22.694709922824643, 0.0 ], [ -53.10228536158013, -22.694711636033105, 0.0 ], [ -53.102284882241463, -22.694713350140944, 0.0 ], [ -53.102284402003534, -22.694715063349463, 0.0 ], [ -53.102283921765547, -22.694716776557925, 0.0 ], [ -53.102283440628241, -22.694718489766444, 0.0 ], [ -53.102282959490935, -22.694720202974963, 0.0 ], [ -53.10228247655499, -22.694721915284106, 0.0 ], [ -53.102281992719725, -22.694723627593305, 0.0 ], [ -53.10228150798514, -22.694725339902448, 0.0 ], [ -53.102281023250555, -22.694727052211647, 0.0 ], [ -53.102280536717331, -22.694728763621526, 0.0 ], [ -53.102280049284786, -22.694730475031349, 0.0 ], [ -53.102279560053603, -22.694732186441229, 0.0 ], [ -53.1022790699231, -22.694733896951732, 0.0 ], [ -53.102278578893277, -22.694735607462292, 0.0 ], [ -53.102278086964077, -22.694737317972795, 0.0 ], [ -53.102277593236295, -22.694739027584035, 0.0 ], [ -53.102277097709873, -22.694740736295898, 0.0 ], [ -53.102276601284075, -22.694742445907082, 0.0 ], [ -53.102276103059694, -22.694744154619002, 0.0 ], [ -53.102275603036617, -22.694745862431546, 0.0 ], [ -53.10227510211422, -22.694747570244147, 0.0 ], [ -53.102274598493864, -22.694749277157371, 0.0 ], [ -53.102274093974188, -22.694750984070595, 0.0 ], [ -53.10227358765593, -22.694752690983876, 0.0 ], [ -53.102273078639598, -22.69475439609846, 0.0 ], [ -53.102272568724004, -22.694756102112365, 0.0 ], [ -53.102272056110451, -22.694757807226949, 0.0 ], [ -53.102271542597578, -22.694759511442271, 0.0 ], [ -53.102271026386745, -22.694761214758216, 0.0 ], [ -53.102270507477897, -22.694762918074161, 0.0 ], [ -53.102269986770409, -22.694764620490787, 0.0 ], [ -53.102269464264339, -22.694766322907412, 0.0 ], [ -53.102268939060252, -22.694768024424718, 0.0 ], [ -53.102268412057526, -22.694769725042704, 0.0 ], [ -53.102267882356841, -22.694771425660747, 0.0 ], [ -53.102267349958197, -22.694773125379413, 0.0 ], [ -53.102266815760913, -22.69477482419876, 0.0 ], [ -53.102266278865613, -22.694776523018106, 0.0 ], [ -53.102265741071051, -22.694778220938076, 0.0 ], [ -53.102265200578529, -22.694779917958783, 0.0 ], [ -53.102264658287311, -22.69478161497949, 0.0 ], [ -53.102264114197453, -22.694783312000197, 0.0 ], [ -53.102263569208333, -22.694785008121585, 0.0 ], [ -53.102263021521196, -22.694786704242972, 0.0 ], [ -53.10226247293474, -22.69478839946504, 0.0 ], [ -53.102261923448964, -22.694790093787731, 0.0 ], [ -53.102261372164548, -22.694791789009798, 0.0 ], [ -53.102260819980813, -22.694793483332546, 0.0 ], [ -53.102260266897758, -22.694795177655294, 0.0 ], [ -53.102259712915384, -22.694796871078665, 0.0 ], [ -53.102259158033689, -22.694798565401413, 0.0 ], [ -53.102258602252675, -22.694800258824841, 0.0 ], [ -53.102258046471604, -22.69480195224827, 0.0 ], [ -53.102257488891951, -22.694803644772321, 0.0 ], [ -53.102256932211617, -22.694805338195749, 0.0 ], [ -53.102256374631963, -22.694807031619177, 0.0 ], [ -53.102255817052253, -22.694808724143286, 0.0 ], [ -53.10225525857328, -22.694810417566657, 0.0 ], [ -53.102254700993626, -22.694812110090766, 0.0 ], [ -53.102254142514596, -22.694813803514194, 0.0 ], [ -53.102253584934942, -22.694815496038245, 0.0 ], [ -53.102253027355289, -22.694817189461673, 0.0 ], [ -53.102252470674955, -22.694818881985782, 0.0 ], [ -53.102251913994621, -22.69482057540921, 0.0 ], [ -53.102251357314231, -22.694822268832581, 0.0 ], [ -53.102250802432536, -22.694823963155329, 0.0 ], [ -53.102250247550842, -22.694825656578757, 0.0 ], [ -53.102249693568467, -22.694827350901505, 0.0 ], [ -53.102249140485412, -22.694829045224196, 0.0 ], [ -53.102248589200997, -22.694830739546944, 0.0 ], [ -53.102248038815901, -22.694832434769012, 0.0 ], [ -53.102247489330125, -22.694834129991079, 0.0 ], [ -53.102246940743669, -22.694835826112467, 0.0 ], [ -53.102246394855172, -22.694837521334478, 0.0 ], [ -53.102245849866051, -22.694839218355185, 0.0 ], [ -53.102245305776194, -22.694840915375892, 0.0 ], [ -53.102244764384352, -22.694842612396599, 0.0 ], [ -53.102244224791093, -22.694844310316626, 0.0 ], [ -53.10224368699653, -22.694846009135972, 0.0 ], [ -53.10224315100055, -22.694847707955319, 0.0 ], [ -53.102242617702586, -22.694849407673985, 0.0 ], [ -53.102242086203262, -22.694851107392651, 0.0 ], [ -53.102241557401896, -22.694852808010637, 0.0 ], [ -53.102241030399171, -22.694854509527943, 0.0 ], [ -53.10224050699378, -22.694856211944568, 0.0 ], [ -53.102239985386973, -22.694857914361194, 0.0 ], [ -53.102239467377501, -22.694859617677196, 0.0 ], [ -53.102238951166612, -22.69486132279178, 0.0 ], [ -53.102238437653739, -22.694863027007045, 0.0 ], [ -53.102237927738145, -22.69486473302095, 0.0 ], [ -53.10223741962119, -22.694866439034911, 0.0 ], [ -53.102236913302875, -22.694868145948135, 0.0 ], [ -53.102236409682519, -22.694869853760679, 0.0 ], [ -53.102235907860802, -22.694871561573279, 0.0 ], [ -53.102235408737101, -22.694873270285143, 0.0 ], [ -53.102234910512664, -22.694874979896383, 0.0 ], [ -53.102234414086922, -22.694876688608247, 0.0 ], [ -53.102233919459763, -22.694878399118807, 0.0 ], [ -53.102233425731981, -22.69488010872999, 0.0 ], [ -53.102232933802838, -22.694881820139869, 0.0 ], [ -53.102232442772959, -22.694883530650372, 0.0 ], [ -53.102231952642455, -22.694885242060252, 0.0 ], [ -53.102231463411272, -22.694886953470075, 0.0 ], [ -53.102230975079408, -22.694888664879954, 0.0 ], [ -53.102230487646864, -22.694890376289777, 0.0 ], [ -53.10223000021432, -22.694892088598976, 0.0 ], [ -53.102229513681095, -22.694893800008799, 0.0 ], [ -53.102229027147871, -22.694895512317999, 0.0 ], [ -53.10222854061459, -22.694897223727821, 0.0 ], [ -53.102228054081365, -22.694898936037021, 0.0 ], [ -53.102227567548141, -22.69490064834622, 0.0 ], [ -53.102227080115597, -22.694902359756043, 0.0 ], [ -53.102226592683053, -22.694904071165922, 0.0 ], [ -53.102226105250509, -22.694905783475065, 0.0 ], [ -53.102225616918645, -22.694907494884944, 0.0 ], [ -53.102225127687461, -22.694909205395447, 0.0 ], [ -53.102224637556958, -22.694910916805327, 0.0 ], [ -53.102224145627758, -22.69491262731583, 0.0 ], [ -53.102223653698616, -22.69491433782639, 0.0 ], [ -53.102223159970833, -22.694916047437573, 0.0 ], [ -53.102222664444355, -22.694917757048813, 0.0 ], [ -53.102222168018614, -22.694919465760677, 0.0 ], [ -53.102221669794176, -22.694921174472597, 0.0 ], [ -53.102221169771099, -22.694922883184461, 0.0 ], [ -53.102220667050119, -22.694924590097685, 0.0 ], [ -53.102220163429763, -22.694926297010966, 0.0 ], [ -53.102219656212128, -22.69492800392419, 0.0 ], [ -53.102219148095173, -22.694929709938094, 0.0 ], [ -53.10221863638094, -22.694931414153416, 0.0 ], [ -53.10221812286801, -22.694933119268001, 0.0 ], [ -53.102217606657177, -22.694934822583946, 0.0 ], [ -53.102217086849009, -22.694936525000571, 0.0 ], [ -53.102216565242259, -22.694938227417197, 0.0 ], [ -53.102216039138852, -22.694939928934502, 0.0 ], [ -53.102215511236807, -22.694941628653169, 0.0 ], [ -53.102214978838163, -22.694943328371835, 0.0 ], [ -53.102214443741559, -22.694945027191181, 0.0 ], [ -53.10221390504762, -22.694946724211889, 0.0 ], [ -53.102213361857139, -22.694948420333276, 0.0 ], [ -53.102212816867961, -22.694950116454663, 0.0 ], [ -53.102212267382185, -22.694951810777411, 0.0 ], [ -53.10221171519845, -22.694953505100159, 0.0 ], [ -53.102211159417436, -22.694955197624211, 0.0 ], [ -53.102210600938463, -22.694956890148319, 0.0 ], [ -53.102210039761474, -22.694958580873788, 0.0 ], [ -53.102209474987262, -22.6949602715992, 0.0 ], [ -53.102208908414354, -22.694961961425349, 0.0 ], [ -53.102208338244168, -22.694963650352122, 0.0 ], [ -53.102207765376022, -22.694965338379632, 0.0 ], [ -53.102207378667572, -22.694966475122669, 0.0 ] ] } },
{ "type": "Feature", "properties": { "Id": 0 }, "geometry": { "type": "LineString", "coordinates": [ [ -53.102337578916092, -22.694484759563977, 0.0 ], [ -53.102337480890014, -22.694485175050715, 0.0 ], [ -53.102337069899818, -22.694486921534178, 0.0 ], [ -53.102336658909621, -22.694488667118264, 0.0 ], [ -53.102336247020162, -22.694490411803031, 0.0 ], [ -53.102335835130646, -22.694492157387117, 0.0 ], [ -53.10233542234181, -22.694493902971203, 0.0 ], [ -53.10233500955303, -22.69449564765597, 0.0 ], [ -53.102334594965555, -22.694497393240056, 0.0 ], [ -53.102334181277399, -22.694499137924822, 0.0 ], [ -53.102333765790604, -22.694500882609589, 0.0 ], [ -53.102333350303809, -22.694502627294355, 0.0 ], [ -53.102332933917751, -22.694504371079802, 0.0 ], [ -53.102332516632316, -22.694506115764568, 0.0 ], [ -53.102332098447562, -22.694507859550015, 0.0 ], [ -53.102331679363488, -22.694509603335462, 0.0 ], [ -53.102331260279414, -22.694511347120908, 0.0 ], [ -53.1023308393967, -22.694513090007035, 0.0 ], [ -53.102330417614667, -22.694514833792482, 0.0 ], [ -53.102329994933257, -22.694516576678609, 0.0 ], [ -53.102329571352584, -22.694518319564736, 0.0 ], [ -53.102329146872592, -22.694520061551543, 0.0 ], [ -53.102328721493279, -22.69452180353835, 0.0 ], [ -53.102328294315271, -22.694523545525158, 0.0 ], [ -53.102327866237999, -22.694525287511965, 0.0 ], [ -53.102327437261351, -22.694527028599452, 0.0 ], [ -53.102327006486121, -22.69452876968694, 0.0 ], [ -53.102326575710833, -22.694530510774428, 0.0 ], [ -53.102326142237644, -22.694532250962595, 0.0 ], [ -53.102325707865077, -22.694533991150706, 0.0 ], [ -53.102325272593191, -22.694535731338874, 0.0 ], [ -53.102324835522722, -22.694537470627722, 0.0 ], [ -53.102324397552877, -22.69453920991657, 0.0 ], [ -53.102323957784392, -22.694540949205418, 0.0 ], [ -53.102323516217268, -22.69454268759489, 0.0 ], [ -53.102323072851505, -22.694544425984418, 0.0 ], [ -53.102322628586421, -22.694546163474627, 0.0 ], [ -53.102322182522641, -22.694547900964835, 0.0 ], [ -53.102321734660279, -22.694549638454987, 0.0 ], [ -53.102321285898597, -22.694551375045876, 0.0 ], [ -53.102320834438899, -22.694553111636765, 0.0 ], [ -53.102320382079938, -22.694554847328277, 0.0 ], [ -53.102319927022961, -22.694556583019846, 0.0 ], [ -53.102319471066721, -22.694558317812096, 0.0 ], [ -53.102319012412465, -22.694560052604288, 0.0 ], [ -53.10231855285889, -22.694561786497218, 0.0 ], [ -53.102318090607355, -22.694563520390091, 0.0 ], [ -53.102317626557181, -22.694565253383701, 0.0 ], [ -53.102317160708367, -22.694566986377254, 0.0 ], [ -53.102316693060914, -22.694568718471544, 0.0 ], [ -53.102316222715444, -22.694570450565777, 0.0 ], [ -53.102315750571393, -22.694572181760748, 0.0 ], [ -53.102315276628644, -22.694573912955661, 0.0 ], [ -53.102314800887314, -22.694575643251312, 0.0 ], [ -53.102314323347287, -22.694577373546906, 0.0 ], [ -53.102313843109357, -22.69457910294318, 0.0 ], [ -53.102313361972051, -22.694580832339511, 0.0 ], [ -53.102312879036106, -22.694582561735785, 0.0 ], [ -53.102312394301521, -22.69458429023274, 0.0 ], [ -53.102311907768296, -22.694586017830432, 0.0 ], [ -53.102311420335752, -22.694587745428066, 0.0 ], [ -53.102310931104569, -22.694589473025701, 0.0 ], [ -53.102310440074689, -22.694591200623393, 0.0 ], [ -53.102309948145546, -22.694592927321708, 0.0 ], [ -53.102309455317084, -22.694594654020023, 0.0 ], [ -53.102308960689925, -22.694596379819018, 0.0 ], [ -53.102308465163503, -22.694598105618013, 0.0 ], [ -53.102307967838385, -22.694599831417065, 0.0 ], [ -53.102307469614004, -22.69460155721606, 0.0 ], [ -53.102306971389567, -22.694603282115736, 0.0 ], [ -53.102306471366546, -22.694605007015412, 0.0 ], [ -53.102305970444149, -22.694606731915087, 0.0 ], [ -53.102305468622433, -22.694608455915443, 0.0 ], [ -53.102304965901396, -22.694610180815175, 0.0 ], [ -53.102304463180417, -22.694611904815531, 0.0 ], [ -53.102303959560061, -22.694613628815887, 0.0 ], [ -53.102303455040385, -22.694615352816243, 0.0 ], [ -53.102302949621389, -22.694617076816598, 0.0 ], [ -53.102302444202394, -22.694618800816954, 0.0 ], [ -53.102301938783398, -22.69462052391799, 0.0 ], [ -53.102301432465083, -22.694622247918346, 0.0 ], [ -53.102300925247448, -22.694623971019382, 0.0 ], [ -53.102300418029813, -22.694625695019738, 0.0 ], [ -53.102299910812178, -22.694627418120831, 0.0 ], [ -53.102299403594543, -22.694629141221867, 0.0 ], [ -53.102298896376908, -22.694630864322903, 0.0 ], [ -53.102298389159273, -22.694632588323259, 0.0 ], [ -53.102297881941638, -22.694634311424295, 0.0 ], [ -53.102297373824683, -22.694636034525331, 0.0 ], [ -53.102296866607048, -22.694637758525687, 0.0 ], [ -53.102296359389413, -22.694639481626723, 0.0 ], [ -53.102295853071098, -22.694641204727759, 0.0 ], [ -53.102295345853463, -22.694642928728115, 0.0 ], [ -53.102294840434524, -22.694644652728471, 0.0 ], [ -53.102294334116209, -22.694646375829564, 0.0 ], [ -53.102293828697213, -22.694648099829919, 0.0 ], [ -53.102293324177538, -22.694649823830275, 0.0 ], [ -53.102292819657862, -22.694651548729951, 0.0 ], [ -53.102292316037506, -22.694653272730307, 0.0 ], [ -53.102291813316469, -22.694654997629982, 0.0 ], [ -53.10229131149481, -22.694656722529658, 0.0 ], [ -53.102290809673093, -22.694658447429333, 0.0 ], [ -53.102290308750696, -22.694660172329066, 0.0 ], [ -53.102289809626996, -22.694661897228741, 0.0 ], [ -53.102289310503238, -22.694663623027736, 0.0 ], [ -53.10228881317812, -22.694665348826732, 0.0 ], [ -53.102288316752379, -22.694667075525047, 0.0 ], [ -53.1022878212259, -22.694668801324099, 0.0 ], [ -53.102287327498118, -22.694670528022414, 0.0 ], [ -53.102286834669655, -22.694672255620048, 0.0 ], [ -53.102286342740456, -22.694673983217683, 0.0 ], [ -53.102285852609953, -22.694675710815375, 0.0 ], [ -53.102285363378769, -22.694677438413009, 0.0 ], [ -53.102284876845545, -22.694679166909964, 0.0 ], [ -53.10228439031232, -22.694680895406975, 0.0 ], [ -53.102283906477055, -22.694682624803249, 0.0 ], [ -53.10228342354111, -22.694684354199524, 0.0 ], [ -53.102282943303123, -22.694686084495174, 0.0 ], [ -53.102282463964514, -22.694687814790768, 0.0 ], [ -53.102281987323806, -22.694689545985739, 0.0 ], [ -53.102281511582476, -22.694691277180652, 0.0 ], [ -53.102281038539047, -22.694693009274886, 0.0 ], [ -53.102280566394995, -22.694694741369176, 0.0 ], [ -53.102280096049526, -22.694696473463409, 0.0 ], [ -53.102279627502753, -22.694698206457019, 0.0 ], [ -53.10227916075462, -22.694699940349949, 0.0 ], [ -53.102278694905806, -22.694701673343502, 0.0 ], [ -53.102278230855632, -22.694703407236432, 0.0 ], [ -53.102277766805457, -22.694705142028624, 0.0 ], [ -53.102277304553922, -22.694706875921554, 0.0 ], [ -53.102276843201707, -22.694708610713747, 0.0 ], [ -53.102276382748812, -22.694710345505996, 0.0 ], [ -53.102275923195236, -22.694712081197565, 0.0 ], [ -53.102275463641718, -22.694713815989758, 0.0 ], [ -53.102275004987462, -22.694715551681327, 0.0 ], [ -53.102274547232525, -22.694717286473519, 0.0 ], [ -53.10227408857827, -22.694719022165089, 0.0 ], [ -53.10227363082339, -22.694720757856658, 0.0 ], [ -53.102273173068454, -22.69472249354817, 0.0 ], [ -53.102272715313518, -22.694724228340419, 0.0 ], [ -53.102272257558582, -22.694725964031988, 0.0 ], [ -53.102271799803702, -22.694727699723501, 0.0 ], [ -53.102271341149446, -22.69472943451575, 0.0 ], [ -53.102270882495191, -22.694731170207319, 0.0 ], [ -53.102270422941615, -22.694732904999512, 0.0 ], [ -53.102269963388039, -22.694734639791761, 0.0 ], [ -53.102269502935144, -22.694736374583954, 0.0 ], [ -53.102269041582986, -22.694738109376203, 0.0 ], [ -53.102268578432131, -22.694739843269133, 0.0 ], [ -53.102268115281277, -22.694741577162006, 0.0 ], [ -53.102267651231102, -22.694743311054935, 0.0 ], [ -53.102267185382232, -22.694745044048489, 0.0 ], [ -53.102266717734778, -22.694746777042099, 0.0 ], [ -53.102266249188006, -22.694748509136332, 0.0 ], [ -53.102265778842593, -22.694750241230622, 0.0 ], [ -53.102265306698484, -22.694751973324855, 0.0 ], [ -53.102264833655113, -22.694753704519826, 0.0 ], [ -53.102264357913725, -22.69475543571474, 0.0 ], [ -53.102263880373755, -22.694757166010334, 0.0 ], [ -53.102263401035088, -22.694758895406665, 0.0 ], [ -53.102262918998463, -22.694760624802939, 0.0 ], [ -53.102262435163198, -22.694762353299893, 0.0 ], [ -53.102261948629973, -22.694764080897585, 0.0 ], [ -53.10226145939879, -22.69476580849522, 0.0 ], [ -53.102260968368967, -22.694767535193535, 0.0 ], [ -53.102260473741808, -22.69476926099253, 0.0 ], [ -53.102259977316066, -22.694770985892262, 0.0 ], [ -53.102259477292989, -22.694772710791938, 0.0 ], [ -53.102258974571953, -22.694774434792294, 0.0 ], [ -53.102258468253638, -22.69477615789333, 0.0 ], [ -53.102257959237363, -22.694777880095046, 0.0 ], [ -53.10225744662381, -22.694779601397443, 0.0 ], [ -53.102256931312297, -22.694781321800519, 0.0 ], [ -53.102256412403449, -22.694783041304277, 0.0 ], [ -53.102255890796698, -22.694784759908714, 0.0 ], [ -53.102255366491931, -22.694786478513151, 0.0 ], [ -53.102254839489206, -22.694788196218212, 0.0 ], [ -53.10225430978852, -22.69478991302401, 0.0 ], [ -53.102253777389876, -22.694791628930489, 0.0 ], [ -53.102253242293273, -22.694793344836967, 0.0 ], [ -53.102252705397973, -22.694795059844068, 0.0 ], [ -53.102252165804771, -22.694796774851227, 0.0 ], [ -53.102251625312192, -22.694798488959066, 0.0 ], [ -53.102251081222391, -22.694800202167528, 0.0 ], [ -53.102250536233214, -22.694801915376047, 0.0 ], [ -53.102249989445397, -22.694803627685246, 0.0 ], [ -53.102249440858941, -22.694805339994389, 0.0 ], [ -53.102248890473902, -22.694807051404268, 0.0 ], [ -53.102248339189487, -22.694808762814091, 0.0 ], [ -53.102247786106375, -22.694810474223971, 0.0 ], [ -53.102247232124, -22.694812184734474, 0.0 ], [ -53.102246676342986, -22.694813895245034, 0.0 ], [ -53.102246119662652, -22.694815605755537, 0.0 ], [ -53.102245562982318, -22.694817315366777, 0.0 ], [ -53.102245004503288, -22.69481902497796, 0.0 ], [ -53.102244445124995, -22.6948207345892, 0.0 ], [ -53.102243885746702, -22.694822444200383, 0.0 ], [ -53.102243325469033, -22.694824153811624, 0.0 ], [ -53.10224276519142, -22.694825862523487, 0.0 ], [ -53.102242204014487, -22.694827572134727, 0.0 ], [ -53.102241643736818, -22.694829280846591, 0.0 ], [ -53.102241082559885, -22.694830990457774, 0.0 ], [ -53.102240521382896, -22.694832699169694, 0.0 ], [ -53.102239960205964, -22.694834408780878, 0.0 ], [ -53.102239399028974, -22.694836117492798, 0.0 ], [ -53.102238838751362, -22.694837827103981, 0.0 ], [ -53.102238278473749, -22.694839536715222, 0.0 ], [ -53.102237719095399, -22.694841246326405, 0.0 ], [ -53.102237160616426, -22.694842955937645, 0.0 ], [ -53.102236602137452, -22.694844666448148, 0.0 ], [ -53.102236044557742, -22.694846376059388, 0.0 ], [ -53.102235488776728, -22.694848086569891, 0.0 ], [ -53.102234932995714, -22.694849797979771, 0.0 ], [ -53.102234379013339, -22.694851508490274, 0.0 ], [ -53.102233825930284, -22.694853219900153, 0.0 ], [ -53.102233274645869, -22.694854932209296, 0.0 ], [ -53.102232725160093, -22.694856644518495, 0.0 ], [ -53.102232176573636, -22.694858356827638, 0.0 ], [ -53.10223162978582, -22.694860070036157, 0.0 ], [ -53.102231084796699, -22.694861783244676, 0.0 ], [ -53.102230541606161, -22.694863497352458, 0.0 ], [ -53.10223000021432, -22.694865212359616, 0.0 ], [ -53.10222946152038, -22.694866927366775, 0.0 ], [ -53.102228924625138, -22.694868643273196, 0.0 ], [ -53.102228390427854, -22.694870359179674, 0.0 ], [ -53.10222785802921, -22.694872075985472, 0.0 ], [ -53.102227329227844, -22.69487379369059, 0.0 ], [ -53.102226802225118, -22.694875512295027, 0.0 ], [ -53.102226277021032, -22.694877230899465, 0.0 ], [ -53.102225755414224, -22.694878950403165, 0.0 ], [ -53.102225234706793, -22.694880670806242, 0.0 ], [ -53.102224716697265, -22.694882391209319, 0.0 ], [ -53.102224200486432, -22.694884112511716, 0.0 ], [ -53.10222368607424, -22.694885833814112, 0.0 ], [ -53.102223173460629, -22.694887556015829, 0.0 ], [ -53.102222661746396, -22.694889278217545, 0.0 ], [ -53.102222151830802, -22.694891001318638, 0.0 ], [ -53.102221642814527, -22.694892724419674, 0.0 ], [ -53.102221134697572, -22.69489444752071, 0.0 ], [ -53.102220627479937, -22.694896170621746, 0.0 ], [ -53.102220121161622, -22.694897894622102, 0.0 ], [ -53.102219615742627, -22.694899618622458, 0.0 ], [ -53.102219111222951, -22.694901342622813, 0.0 ], [ -53.102218606703275, -22.694903066623169, 0.0 ], [ -53.102218102183656, -22.694904790623525, 0.0 ], [ -53.10221759766398, -22.694906514623881, 0.0 ], [ -53.102217093144304, -22.694908239523613, 0.0 ], [ -53.102216588624628, -22.694909963523969, 0.0 ], [ -53.102216084104953, -22.694911687524325, 0.0 ], [ -53.102215578685957, -22.694913411524681, 0.0 ], [ -53.102215073266962, -22.694915134625717, 0.0 ], [ -53.102214566948646, -22.694916858626073, 0.0 ], [ -53.102214059731011, -22.694918581727109, 0.0 ], [ -53.102213550714737, -22.694920304828145, 0.0 ], [ -53.102213041698462, -22.694922027029861, 0.0 ], [ -53.102212530883548, -22.694923749231577, 0.0 ], [ -53.102212019169315, -22.694925471433294, 0.0 ], [ -53.102211505656442, -22.69492719273569, 0.0 ], [ -53.102210990344872, -22.694928914038087, 0.0 ], [ -53.10221047323472, -22.694930634441164, 0.0 ], [ -53.102209954325872, -22.694932354844241, 0.0 ], [ -53.102209433618441, -22.694934074347998, 0.0 ], [ -53.102208910212994, -22.694935792952435, 0.0 ], [ -53.102208385008907, -22.694937511556873, 0.0 ], [ -53.102207857106862, -22.694939228362671, 0.0 ], [ -53.102207326506857, -22.694940945168412, 0.0 ], [ -53.102206793208893, -22.69494266197421, 0.0 ], [ -53.10220625721297, -22.694944376981368, 0.0 ], [ -53.102205717619711, -22.694946091089207, 0.0 ], [ -53.10220517532855, -22.694947805196989, 0.0 ], [ -53.102204630339372, -22.694949517506188, 0.0 ], [ -53.102204081752916, -22.694951229815331, 0.0 ], [ -53.102203530468501, -22.69495294122521, 0.0 ], [ -53.102202977385446, -22.694954650836394, 0.0 ], [ -53.102202420705112, -22.694956360447634, 0.0 ], [ -53.102201861326819, -22.694958070058817, 0.0 ], [ -53.10220129925051, -22.694959777871418, 0.0 ], [ -53.102200734476298, -22.694961485683962, 0.0 ], [ -53.102200167903391, -22.694963192597243, 0.0 ], [ -53.102199708349815, -22.694964570358593, 0.0 ] ] } },
{ "type": "Feature", "properties": { "Id": 0 }, "geometry": { "type": "LineString", "coordinates": [ [ -53.102323375922992, -22.694481232422902, 0.0 ], [ -53.102323050368454, -22.694482607486293, 0.0 ], [ -53.102322553942656, -22.694484702007344, 0.0 ], [ -53.102322056617595, -22.694486796528395, 0.0 ], [ -53.102321560191797, -22.694488891049446, 0.0 ], [ -53.102321061967416, -22.694490985570496, 0.0 ], [ -53.102320563742978, -22.694493080091547, 0.0 ], [ -53.102320064619221, -22.694495173713278, 0.0 ], [ -53.10231956549552, -22.694497268234272, 0.0 ], [ -53.102319065472443, -22.694499361856003, 0.0 ], [ -53.102318565449423, -22.694501455477734, 0.0 ], [ -53.102318063627706, -22.694503549099466, 0.0 ], [ -53.102317561805989, -22.694505642721197, 0.0 ], [ -53.102317059084953, -22.694507735443608, 0.0 ], [ -53.102316556363917, -22.694509829065339, 0.0 ], [ -53.102316051844298, -22.694511921787694, 0.0 ], [ -53.102315547324622, -22.694514014510105, 0.0 ], [ -53.102315041905626, -22.694516107232516, 0.0 ], [ -53.102314535587311, -22.694518199954928, 0.0 ], [ -53.102314028369676, -22.694520292677339, 0.0 ], [ -53.102313519353402, -22.694522384500374, 0.0 ], [ -53.102313010337127, -22.694524476323465, 0.0 ], [ -53.102312500421533, -22.694526568146557, 0.0 ], [ -53.102311989606619, -22.694528659969649, 0.0 ], [ -53.102311477892329, -22.694530750893421, 0.0 ], [ -53.102310964379456, -22.694532841817136, 0.0 ], [ -53.102310449967263, -22.694534932740908, 0.0 ], [ -53.102309934655693, -22.69453702366468, 0.0 ], [ -53.102309418444861, -22.694539114588395, 0.0 ], [ -53.102308901334709, -22.694541204612847, 0.0 ], [ -53.102308382425861, -22.694543294637299, 0.0 ], [ -53.102307862617749, -22.694545383762431, 0.0 ], [ -53.102307341910262, -22.694547473786827, 0.0 ], [ -53.102306819404134, -22.694549562911959, 0.0 ], [ -53.102306295998744, -22.694551651137772, 0.0 ], [ -53.102305770794658, -22.694553740262847, 0.0 ], [ -53.102305244691252, -22.69455582848866, 0.0 ], [ -53.102304716789206, -22.694557916714416, 0.0 ], [ -53.102304187987841, -22.694560004040909, 0.0 ], [ -53.102303657387836, -22.694562092266722, 0.0 ], [ -53.102303125888511, -22.694564179593158, 0.0 ], [ -53.102302592590547, -22.694566266020331, 0.0 ], [ -53.102302058393263, -22.694568352447448, 0.0 ], [ -53.102301522397283, -22.694570438874621, 0.0 ], [ -53.10230098550204, -22.694572525301737, 0.0 ], [ -53.102300446808158, -22.694574610829591, 0.0 ], [ -53.102299906315579, -22.694576696357387, 0.0 ], [ -53.102299364923738, -22.694578780985921, 0.0 ], [ -53.1022988217332, -22.694580865614398, 0.0 ], [ -53.102298277643342, -22.694582950242932, 0.0 ], [ -53.102297731754902, -22.694585034871409, 0.0 ], [ -53.102297184067766, -22.694587118600623, 0.0 ], [ -53.102296635481309, -22.69458920232978, 0.0 ], [ -53.102296085995533, -22.694591285159618, 0.0 ], [ -53.102295533811798, -22.694593367989512, 0.0 ], [ -53.102294980728743, -22.694595450819349, 0.0 ], [ -53.102294426746369, -22.694597532749867, 0.0 ], [ -53.102293870965354, -22.694599614680442, 0.0 ], [ -53.102293313385644, -22.69460169571164, 0.0 ], [ -53.102292754007351, -22.694603777642158, 0.0 ], [ -53.102292193729738, -22.694605857774093, 0.0 ], [ -53.102291632552749, -22.694607938805291, 0.0 ], [ -53.102291068677857, -22.694610018937169, 0.0 ], [ -53.102290503903589, -22.694612098169728, 0.0 ], [ -53.102289937330681, -22.694614178301663, 0.0 ], [ -53.102289369858511, -22.694616256634902, 0.0 ], [ -53.102288800587644, -22.69461833586746, 0.0 ], [ -53.102288229518138, -22.694620414200699, 0.0 ], [ -53.102287657549311, -22.694622491634618, 0.0 ], [ -53.102287083781846, -22.694624569967857, 0.0 ], [ -53.102286508215741, -22.694626646502513, 0.0 ], [ -53.102285930850996, -22.694628723936432, 0.0 ], [ -53.102285352586932, -22.694630800471032, 0.0 ], [ -53.102284772524172, -22.694632876106311, 0.0 ], [ -53.102284190662829, -22.694634952640911, 0.0 ], [ -53.102283607902166, -22.694637027376871, 0.0 ], [ -53.102283023342807, -22.694639102112831, 0.0 ], [ -53.102282436984865, -22.694641176848791, 0.0 ], [ -53.102281848828227, -22.69464325158475, 0.0 ], [ -53.102281259772269, -22.694645325421391, 0.0 ], [ -53.102280668917672, -22.694647398358711, 0.0 ], [ -53.102280076264492, -22.694649471296032, 0.0 ], [ -53.102279481812616, -22.694651544233352, 0.0 ], [ -53.10227888646142, -22.694653616271353, 0.0 ], [ -53.102278288412265, -22.694655688309297, 0.0 ], [ -53.102277689463733, -22.694657759447978, 0.0 ], [ -53.102277089615939, -22.694659830586659, 0.0 ], [ -53.102276487070185, -22.69466190082602, 0.0 ], [ -53.102275883625111, -22.694663971065381, 0.0 ], [ -53.102275277482022, -22.694666041304743, 0.0 ], [ -53.10227467043967, -22.694668110644727, 0.0 ], [ -53.102274061598621, -22.694670179085449, 0.0 ], [ -53.102273451858252, -22.694672247526171, 0.0 ], [ -53.102272839419982, -22.694674315966836, 0.0 ], [ -53.102272226082334, -22.694676383508238, 0.0 ], [ -53.102271610946048, -22.69467845104964, 0.0 ], [ -53.102270994011121, -22.694680517691666, 0.0 ], [ -53.102270376176875, -22.694682584333748, 0.0 ], [ -53.10226975654399, -22.69468465007651, 0.0 ], [ -53.102269136011785, -22.694686715819216, 0.0 ], [ -53.10226851368094, -22.694688781561979, 0.0 ], [ -53.102267889551399, -22.694690846405365, 0.0 ], [ -53.102267265421915, -22.694692911248808, 0.0 ], [ -53.102266639493791, -22.694694975192931, 0.0 ], [ -53.102266011766972, -22.694697039136997, 0.0 ], [ -53.102265384040209, -22.69469910308112, 0.0 ], [ -53.102264754514749, -22.694701167025187, 0.0 ], [ -53.102264124090027, -22.69470323006999, 0.0 ], [ -53.102263492765928, -22.694705293114737, 0.0 ], [ -53.102262860542567, -22.69470735615954, 0.0 ], [ -53.102262226520509, -22.694709418304967, 0.0 ], [ -53.102261592498451, -22.694711480450394, 0.0 ], [ -53.102260957577073, -22.694713542595878, 0.0 ], [ -53.102260321756376, -22.694715604741305, 0.0 ], [ -53.102259685935735, -22.694717665987469, 0.0 ], [ -53.102259048316398, -22.694719728132895, 0.0 ], [ -53.102258410697061, -22.694721789379059, 0.0 ], [ -53.102257772178405, -22.694723850625167, 0.0 ], [ -53.102257133659748, -22.694725911871274, 0.0 ], [ -53.102256494241772, -22.694727972218118, 0.0 ], [ -53.102255853924476, -22.694730033464225, 0.0 ], [ -53.102255213607179, -22.694732093811012, 0.0 ], [ -53.102254573289883, -22.694734154157857, 0.0 ], [ -53.102253932073268, -22.694736215403964, 0.0 ], [ -53.102253290856652, -22.694738275750808, 0.0 ], [ -53.102252648740716, -22.694740336097595, 0.0 ], [ -53.102252006624781, -22.694742396444383, 0.0 ], [ -53.102251364508845, -22.694744456791227, 0.0 ], [ -53.10225072239291, -22.694746516238695, 0.0 ], [ -53.102250080276917, -22.694748576585482, 0.0 ], [ -53.102249438160982, -22.694750636932326, 0.0 ], [ -53.102248796045046, -22.694752697279114, 0.0 ], [ -53.102248153929111, -22.694754757625901, 0.0 ], [ -53.102247511813175, -22.694756817972745, 0.0 ], [ -53.10224686969724, -22.694758878319533, 0.0 ], [ -53.102246227581304, -22.69476093866632, 0.0 ], [ -53.102245586364688, -22.694762999013165, 0.0 ], [ -53.102244944248753, -22.694765059359952, 0.0 ], [ -53.102244303931457, -22.694767119706739, 0.0 ], [ -53.102243662714841, -22.694769180053584, 0.0 ], [ -53.102243022397545, -22.694771241299691, 0.0 ], [ -53.102242382979568, -22.694773301646535, 0.0 ], [ -53.102241743561592, -22.694775362892642, 0.0 ], [ -53.102241104143616, -22.694777424138749, 0.0 ], [ -53.102240465624959, -22.694779485384913, 0.0 ], [ -53.102239828005622, -22.69478154663102, 0.0 ], [ -53.102239191285605, -22.694783608776504, 0.0 ], [ -53.102238554565588, -22.694785670022611, 0.0 ], [ -53.102237918744891, -22.694787732168038, 0.0 ], [ -53.102237284722889, -22.694789794313522, 0.0 ], [ -53.102236650700831, -22.694791856458949, 0.0 ], [ -53.102236016678773, -22.694793919503752, 0.0 ], [ -53.102235384455412, -22.694795982548499, 0.0 ], [ -53.102234753131313, -22.694798045593302, 0.0 ], [ -53.102234123605854, -22.694800108638049, 0.0 ], [ -53.102233494080451, -22.694802172582172, 0.0 ], [ -53.102232865454312, -22.694804236526238, 0.0 ], [ -53.102232237727549, -22.694806300470361, 0.0 ], [ -53.102231610900105, -22.694808365313747, 0.0 ], [ -53.102230984971925, -22.694810429257871, 0.0 ], [ -53.102230359943121, -22.694812494101257, 0.0 ], [ -53.102229735813637, -22.694814558944699, 0.0 ], [ -53.102229111684096, -22.694816624687462, 0.0 ], [ -53.102228489353251, -22.694818689530848, 0.0 ], [ -53.102227866123087, -22.694820755273611, 0.0 ], [ -53.102227244691562, -22.694822821016317, 0.0 ], [ -53.102226623260037, -22.694824886759079, 0.0 ], [ -53.102226002727775, -22.694826952501785, 0.0 ], [ -53.10222538219557, -22.694829018244548, 0.0 ], [ -53.102224761663365, -22.69483108398731, 0.0 ], [ -53.102224142030479, -22.694833150629336, 0.0 ], [ -53.102223523296914, -22.694835217271418, 0.0 ], [ -53.102222904563348, -22.694837283014181, 0.0 ], [ -53.102222284930463, -22.694839349656206, 0.0 ], [ -53.102221667096217, -22.694841416298289, 0.0 ], [ -53.102221048362651, -22.694843482940314, 0.0 ], [ -53.102220430528405, -22.694845549582396, 0.0 ], [ -53.102219811794839, -22.694847616224479, 0.0 ], [ -53.102219193960593, -22.694849681967185, 0.0 ], [ -53.102218576126347, -22.694851748609267, 0.0 ], [ -53.102217958292101, -22.694853815251349, 0.0 ], [ -53.102217339558536, -22.694855881893375, 0.0 ], [ -53.10221672172429, -22.694857948535457, 0.0 ], [ -53.102216102990724, -22.694860015177539, 0.0 ], [ -53.102215484257158, -22.694862081819565, 0.0 ], [ -53.102214865523592, -22.694864147562328, 0.0 ], [ -53.102214246790027, -22.694866214204353, 0.0 ], [ -53.102213627157141, -22.694868280846435, 0.0 ], [ -53.102213007524256, -22.694870346589198, 0.0 ], [ -53.10221238789137, -22.694872412331904, 0.0 ], [ -53.102211767359108, -22.694874478074667, 0.0 ], [ -53.102211145927583, -22.694876544716692, 0.0 ], [ -53.102210524496058, -22.694878609560135, 0.0 ], [ -53.102209902165214, -22.694880675302898, 0.0 ], [ -53.102209279834369, -22.694882741045603, 0.0 ], [ -53.102208656604205, -22.694884805889046, 0.0 ], [ -53.102208033373984, -22.694886870732432, 0.0 ], [ -53.10220740834518, -22.694888935575875, 0.0 ], [ -53.102206783316376, -22.694891000419261, 0.0 ], [ -53.102206157388196, -22.694893064363384, 0.0 ], [ -53.102205530560752, -22.694895129206827, 0.0 ], [ -53.102204902833932, -22.694897193150894, 0.0 ], [ -53.10220427420785, -22.694899256195697, 0.0 ], [ -53.10220364468239, -22.694901320139763, 0.0 ], [ -53.102203014257668, -22.694903383184567, 0.0 ], [ -53.10220238203425, -22.694905446229313, 0.0 ], [ -53.102201749810888, -22.694907509274117, 0.0 ], [ -53.10220111578883, -22.694909571419544, 0.0 ], [ -53.102200480867452, -22.694911633564971, 0.0 ], [ -53.102199845046755, -22.694913694811135, 0.0 ], [ -53.102199208326738, -22.694915756057242, 0.0 ], [ -53.102198569808081, -22.694917817303406, 0.0 ], [ -53.102197929490785, -22.694919878549513, 0.0 ], [ -53.102197289173489, -22.6949219388963, 0.0 ], [ -53.102196646158234, -22.694923998343825, 0.0 ], [ -53.102196002243659, -22.694926057791292, 0.0 ], [ -53.102195357429764, -22.69492811723876, 0.0 ], [ -53.10219471081723, -22.694930175786965, 0.0 ], [ -53.102194062405999, -22.694932234335113, 0.0 ], [ -53.102193413095506, -22.694934292883261, 0.0 ], [ -53.102192762885636, -22.694936350532089, 0.0 ], [ -53.102192110877183, -22.694938408180974, 0.0 ], [ -53.102191457969354, -22.694940464930482, 0.0 ], [ -53.102190803262943, -22.694942521679991, 0.0 ], [ -53.102190147657154, -22.694944578429499, 0.0 ], [ -53.102189491152046, -22.694946634279688, 0.0 ], [ -53.102188832848299, -22.694948690129877, 0.0 ], [ -53.102188174544551, -22.694950745980123, 0.0 ], [ -53.102187514442221, -22.694952800930992, 0.0 ], [ -53.102186853440514, -22.694954855881861, 0.0 ], [ -53.102186190640168, -22.69495691083273, 0.0 ], [ -53.102185527839822, -22.694958964884279, 0.0 ], [ -53.102184904609601, -22.694960893930045, 0.0 ] ] } },
{ "type": "Feature", "properties": { "Id": 0 }, "geometry": { "type": "LineString", "coordinates": [ [ -53.102316122890727, -22.694479431080822, 0.0 ], [ -53.102315725390383, -22.694481176664908, 0.0 ], [ -53.102315318896785, -22.694482958221897, 0.0 ], [ -53.102314911503925, -22.694484739778886, 0.0 ], [ -53.102314503211687, -22.694486521335818, 0.0 ], [ -53.102314094020187, -22.694488302892807, 0.0 ], [ -53.10231368392931, -22.694490083550477, 0.0 ], [ -53.10231327293917, -22.694491865107466, 0.0 ], [ -53.102312861049654, -22.694493645765078, 0.0 ], [ -53.102312448260818, -22.694495426422748, 0.0 ], [ -53.102312034572719, -22.694497206181097, 0.0 ], [ -53.102311619085924, -22.69449898593939, 0.0 ], [ -53.102311203599129, -22.69450076569774, 0.0 ], [ -53.102310786313694, -22.694502545456089, 0.0 ], [ -53.10231036722962, -22.694504324315062, 0.0 ], [ -53.102309947246226, -22.694506103174092, 0.0 ], [ -53.102309526363513, -22.694507882033065, 0.0 ], [ -53.10230910368216, -22.694509659992775, 0.0 ], [ -53.102308679202167, -22.694511437952428, 0.0 ], [ -53.102308253822798, -22.694513215912139, 0.0 ], [ -53.102307826644847, -22.694514992972529, 0.0 ], [ -53.102307398567575, -22.694516770032862, 0.0 ], [ -53.102306968691607, -22.694518547093253, 0.0 ], [ -53.102306537017, -22.694520323254267, 0.0 ], [ -53.10230610354381, -22.694522098515961, 0.0 ], [ -53.102305668271924, -22.694523873777712, 0.0 ], [ -53.102305231201399, -22.694525649039406, 0.0 ], [ -53.102304792332234, -22.694527423401837, 0.0 ], [ -53.102304351664429, -22.694529197764211, 0.0 ], [ -53.102303909197985, -22.694530972126643, 0.0 ], [ -53.102303464033582, -22.694532745589697, 0.0 ], [ -53.102303017969859, -22.694534518153432, 0.0 ], [ -53.102302569208177, -22.694536290717224, 0.0 ], [ -53.102302118647799, -22.694538062381639, 0.0 ], [ -53.102301666288838, -22.694539834046054, 0.0 ], [ -53.102301211231861, -22.69454160481115, 0.0 ], [ -53.102300753476925, -22.694543375576302, 0.0 ], [ -53.102300294822726, -22.694545145442078, 0.0 ], [ -53.102299832571191, -22.694546915307853, 0.0 ], [ -53.102299368521017, -22.694548684274309, 0.0 ], [ -53.102298901772883, -22.694550452341446, 0.0 ], [ -53.102298433226053, -22.694552220408582, 0.0 ], [ -53.102297961981321, -22.694553987576398, 0.0 ], [ -53.10229748893795, -22.694555753844895, 0.0 ], [ -53.102297012297242, -22.694557520113392, 0.0 ], [ -53.102296534757215, -22.694559286381889, 0.0 ], [ -53.102296054519286, -22.694561051751066, 0.0 ], [ -53.10229557248266, -22.694562816220923, 0.0 ], [ -53.102295087748075, -22.694564580690781, 0.0 ], [ -53.102294602114171, -22.694566345160638, 0.0 ], [ -53.102294113782307, -22.694568108731175, 0.0 ], [ -53.102293623651747, -22.694569871402393, 0.0 ], [ -53.102293131722604, -22.694571634073611, 0.0 ], [ -53.102292637994822, -22.694573396744829, 0.0 ], [ -53.102292143367663, -22.694575158516727, 0.0 ], [ -53.102291646042602, -22.694576920288569, 0.0 ], [ -53.102291147818164, -22.694578681161147, 0.0 ], [ -53.102290647795144, -22.694580442033725, 0.0 ], [ -53.102290146872747, -22.694582202906304, 0.0 ], [ -53.10228964415171, -22.694583962879562, 0.0 ], [ -53.102289140531354, -22.694585722852764, 0.0 ], [ -53.102288635112359, -22.694587482826023, 0.0 ], [ -53.102288128794044, -22.694589241899962, 0.0 ], [ -53.102287621576409, -22.694591000973844, 0.0 ], [ -53.102287112560134, -22.694592760047783, 0.0 ], [ -53.10228660264454, -22.694594518222402, 0.0 ], [ -53.102286092728946, -22.694596277296341, 0.0 ], [ -53.102285581014712, -22.694598035470904, 0.0 ], [ -53.102285068401159, -22.694599793645523, 0.0 ], [ -53.102284555787605, -22.694601550920765, 0.0 ], [ -53.102284041375356, -22.694603309095385, 0.0 ], [ -53.102283526963163, -22.694605066370684, 0.0 ], [ -53.10228301165165, -22.694606823645927, 0.0 ], [ -53.102282496340081, -22.694608580921226, 0.0 ], [ -53.102281980129248, -22.694610338196526, 0.0 ], [ -53.102281463918359, -22.694612095471768, 0.0 ], [ -53.102280946808207, -22.694613852747068, 0.0 ], [ -53.102280429698055, -22.694615609122991, 0.0 ], [ -53.102279911688527, -22.69461736639829, 0.0 ], [ -53.102279394578375, -22.69461912277427, 0.0 ], [ -53.102278876568846, -22.694620880049513, 0.0 ], [ -53.102278358559374, -22.694622636425493, 0.0 ], [ -53.102277840549846, -22.694624392801416, 0.0 ], [ -53.102277322540374, -22.694626150076715, 0.0 ], [ -53.102276804530845, -22.694627906452695, 0.0 ], [ -53.102276287420693, -22.694629663727937, 0.0 ], [ -53.102275769411165, -22.694631420103917, 0.0 ], [ -53.102275252301013, -22.69463317737916, 0.0 ], [ -53.10227473609018, -22.69463493375514, 0.0 ], [ -53.102274218979971, -22.694636691030439, 0.0 ], [ -53.102273703668459, -22.694638448305682, 0.0 ], [ -53.10227318745757, -22.694640205580981, 0.0 ], [ -53.102272673045377, -22.694641962856281, 0.0 ], [ -53.102272157733864, -22.694643720131523, 0.0 ], [ -53.102271643321615, -22.694645478306143, 0.0 ], [ -53.102271129808742, -22.694647235581385, 0.0 ], [ -53.102270616295868, -22.694648992856685, 0.0 ], [ -53.102270102782995, -22.694650751031304, 0.0 ], [ -53.102269589270065, -22.694652508306547, 0.0 ], [ -53.102269076656512, -22.694654266481166, 0.0 ], [ -53.102268564942278, -22.694656024655785, 0.0 ], [ -53.102268052328725, -22.694657782830348, 0.0 ], [ -53.102267540614491, -22.694659540105647, 0.0 ], [ -53.102267028900201, -22.694661298280266, 0.0 ], [ -53.102266518085287, -22.694663056454829, 0.0 ], [ -53.102266006371053, -22.694664814629448, 0.0 ], [ -53.102265495556139, -22.694666572804067, 0.0 ], [ -53.102264984741225, -22.694668330978629, 0.0 ], [ -53.102264474825631, -22.694670090052568, 0.0 ], [ -53.102263964010717, -22.694671848227188, 0.0 ], [ -53.102263454095066, -22.69467360640175, 0.0 ], [ -53.102262943280152, -22.694675364576369, 0.0 ], [ -53.102262433364558, -22.694677122750988, 0.0 ], [ -53.102261923448964, -22.694678881824871, 0.0 ], [ -53.102261414432689, -22.69468063999949, 0.0 ], [ -53.102260904517095, -22.694682398174109, 0.0 ], [ -53.102260394601501, -22.694684157247991, 0.0 ], [ -53.102259884685907, -22.69468591542261, 0.0 ], [ -53.102259375669632, -22.69468767359723, 0.0 ], [ -53.102258865754038, -22.694689432671112, 0.0 ], [ -53.102258355838387, -22.694691190845731, 0.0 ], [ -53.102257846822113, -22.69469294902035, 0.0 ], [ -53.102257336906519, -22.694694707194913, 0.0 ], [ -53.102256826990924, -22.694696466268852, 0.0 ], [ -53.10225631707533, -22.694698224443471, 0.0 ], [ -53.102255807159736, -22.694699982618033, 0.0 ], [ -53.102255297244142, -22.694701740792652, 0.0 ], [ -53.102254787328548, -22.694703499866591, 0.0 ], [ -53.102254277412953, -22.694705258041154, 0.0 ], [ -53.102253767497359, -22.694707016215773, 0.0 ], [ -53.102253256682388, -22.694708774390392, 0.0 ], [ -53.102252745867474, -22.694710532564955, 0.0 ], [ -53.102252235052561, -22.694712290739574, 0.0 ], [ -53.102251724237647, -22.694714048914193, 0.0 ], [ -53.102251213422733, -22.694715807088755, 0.0 ], [ -53.102250701708499, -22.694717564364055, 0.0 ], [ -53.102250189994209, -22.694719322538674, 0.0 ], [ -53.102249678279975, -22.694721080713236, 0.0 ], [ -53.102249165666422, -22.694722837988536, 0.0 ], [ -53.102248653052868, -22.694724596163155, 0.0 ], [ -53.102248140439315, -22.694726353438398, 0.0 ], [ -53.102247627825705, -22.694728111613017, 0.0 ], [ -53.102247114312831, -22.694729868888317, 0.0 ], [ -53.102246600799958, -22.694731626163559, 0.0 ], [ -53.102246086387709, -22.694733383438859, 0.0 ], [ -53.102245571975516, -22.694735140714101, 0.0 ], [ -53.102245056664003, -22.694736897989401, 0.0 ], [ -53.102244541352434, -22.6947386552647, 0.0 ], [ -53.102244026040921, -22.694740412539943, 0.0 ], [ -53.102243509830089, -22.694742168915923, 0.0 ], [ -53.1022429936192, -22.694743926191222, 0.0 ], [ -53.102242477408367, -22.694745682567145, 0.0 ], [ -53.102241959398839, -22.694747438943125, 0.0 ], [ -53.102241442288687, -22.694749196218368, 0.0 ], [ -53.102240924279215, -22.694750952594347, 0.0 ], [ -53.102240406269686, -22.69475270897027, 0.0 ], [ -53.102239887360895, -22.69475446444693, 0.0 ], [ -53.102239367552727, -22.69475622082291, 0.0 ], [ -53.102238848643935, -22.694757977198833, 0.0 ], [ -53.102238327936448, -22.694759732675493, 0.0 ], [ -53.10223780812828, -22.694761489051416, 0.0 ], [ -53.102237286521529, -22.694763244528076, 0.0 ], [ -53.102236765814041, -22.694765000004679, 0.0 ], [ -53.102236243307914, -22.694766755481339, 0.0 ], [ -53.102235720801843, -22.694768510957942, 0.0 ], [ -53.102235198295716, -22.694770265535283, 0.0 ], [ -53.102234674890269, -22.694772021011943, 0.0 ], [ -53.102234151484879, -22.694773775589226, 0.0 ], [ -53.102233627180112, -22.694775531065886, 0.0 ], [ -53.102233102875346, -22.69477728564317, 0.0 ], [ -53.102232577671259, -22.69477904022051, 0.0 ], [ -53.10223205156791, -22.694780794797794, 0.0 ], [ -53.102231525464504, -22.694782549375134, 0.0 ], [ -53.102230999361097, -22.694784303053098, 0.0 ], [ -53.102230471459052, -22.694786057630438, 0.0 ], [ -53.102229944456326, -22.694787811308402, 0.0 ], [ -53.102229415654961, -22.694789564986365, 0.0 ], [ -53.102228886853595, -22.694791318664386, 0.0 ], [ -53.10222835805223, -22.69479307234235, 0.0 ], [ -53.102227828351545, -22.69479482602037, 0.0 ], [ -53.10222729775154, -22.694796578799014, 0.0 ], [ -53.102226767151535, -22.694798332477035, 0.0 ], [ -53.102226235652211, -22.694800085255679, 0.0 ], [ -53.102225703253566, -22.69480183803438, 0.0 ], [ -53.102225170854922, -22.694803590813024, 0.0 ], [ -53.102224637556958, -22.694805343591668, 0.0 ], [ -53.102224104258937, -22.694807095471049, 0.0 ], [ -53.102223570061653, -22.694808848249693, 0.0 ], [ -53.10222303496505, -22.694810600129074, 0.0 ], [ -53.102222499868446, -22.694812352008398, 0.0 ], [ -53.102221963872466, -22.694814103887722, 0.0 ], [ -53.102221426977223, -22.694815854867784, 0.0 ], [ -53.102220890081981, -22.694817606747108, 0.0 ], [ -53.102220352287361, -22.694819357727113, 0.0 ], [ -53.102219813593479, -22.694821109606494, 0.0 ], [ -53.102219274899596, -22.694822859687179, 0.0 ], [ -53.102218735306337, -22.694824610667183, 0.0 ], [ -53.102218194813815, -22.694826361647245, 0.0 ], [ -53.102217654321237, -22.694828111727929, 0.0 ], [ -53.102217112929395, -22.694829862707934, 0.0 ], [ -53.102216570638177, -22.694831612788676, 0.0 ], [ -53.102216027447639, -22.69483336286936, 0.0 ], [ -53.102215484257158, -22.694835112050725, 0.0 ], [ -53.10221494106662, -22.69483686213141, 0.0 ], [ -53.102214396976819, -22.694838611312832, 0.0 ], [ -53.102213851987642, -22.694840361393517, 0.0 ], [ -53.102213306998465, -22.694842110574882, 0.0 ], [ -53.102212761109968, -22.694843859756304, 0.0 ], [ -53.102212215221527, -22.694845608937669, 0.0 ], [ -53.102211668433711, -22.694847357219714, 0.0 ], [ -53.102211121645894, -22.69484910640108, 0.0 ], [ -53.102210573958757, -22.694850854683125, 0.0 ], [ -53.102210026271678, -22.694852603864547, 0.0 ], [ -53.102209478584541, -22.694854352146592, 0.0 ], [ -53.102208929998085, -22.694856100428638, 0.0 ], [ -53.102208381411629, -22.694857848710683, 0.0 ], [ -53.102207831925853, -22.694859596992785, 0.0 ], [ -53.102207283339396, -22.69486134527483, 0.0 ], [ -53.10220673385362, -22.694863093556876, 0.0 ], [ -53.102206183468525, -22.694864841838921, 0.0 ], [ -53.102205633982805, -22.694866590120967, 0.0 ], [ -53.10220508359771, -22.694868337503749, 0.0 ], [ -53.102204533212614, -22.694870085785794, 0.0 ], [ -53.102203982827518, -22.69487183316852, 0.0 ], [ -53.102203432442423, -22.694873581450565, 0.0 ], [ -53.102202881158007, -22.694875328833291, 0.0 ], [ -53.102202330772911, -22.694877077115393, 0.0 ], [ -53.102201779488496, -22.694878824498119, 0.0 ], [ -53.102201228204081, -22.694880572780164, 0.0 ], [ -53.102200676919665, -22.69488232016289, 0.0 ], [ -53.10220012563525, -22.694884067545615, 0.0 ], [ -53.102199575250154, -22.694885815827718, 0.0 ], [ -53.102199023965738, -22.694887563210443, 0.0 ], [ -53.102198472681323, -22.694889310593169, 0.0 ], [ -53.102197921396908, -22.694891058875214, 0.0 ], [ -53.102197370112492, -22.69489280625794, 0.0 ], [ -53.102196819727396, -22.694894554540042, 0.0 ], [ -53.102196268442981, -22.694896301922768, 0.0 ], [ -53.102195718057885, -22.694898050204813, 0.0 ], [ -53.10219516677347, -22.694899797587539, 0.0 ], [ -53.102194616388374, -22.694901545869584, 0.0 ], [ -53.102194066003278, -22.69490329325231, 0.0 ], [ -53.102193515618183, -22.694905041534412, 0.0 ], [ -53.102192966132463, -22.694906789816457, 0.0 ], [ -53.102192416646687, -22.694908537199183, 0.0 ], [ -53.102191866261592, -22.694910285481228, 0.0 ], [ -53.102191316775816, -22.69491203376333, 0.0 ], [ -53.102190768189359, -22.694913782045376, 0.0 ], [ -53.102190218703583, -22.694915530327421, 0.0 ], [ -53.102189670117127, -22.694917278609466, 0.0 ], [ -53.102189121530671, -22.694919026891512, 0.0 ], [ -53.102188572944272, -22.694920775173614, 0.0 ], [ -53.102188024357815, -22.694922523455659, 0.0 ], [ -53.102187476670679, -22.694924272637024, 0.0 ], [ -53.102186928084222, -22.69492602091907, 0.0 ], [ -53.102186380397086, -22.694927769201115, 0.0 ], [ -53.102185832709949, -22.694929518382537, 0.0 ], [ -53.10218528502287, -22.694931266664582, 0.0 ], [ -53.102184737335733, -22.694933015845947, 0.0 ], [ -53.102184190547916, -22.694934764127993, 0.0 ], [ -53.10218364286078, -22.694936513309415, 0.0 ], [ -53.102183096072963, -22.69493826159146, 0.0 ], [ -53.102182549285203, -22.694940010772825, 0.0 ], [ -53.102182002497386, -22.69494175995419, 0.0 ], [ -53.102181455709569, -22.694943508236292, 0.0 ], [ -53.102180909821072, -22.694945257417658, 0.0 ], [ -53.102180363033312, -22.694947006599023, 0.0 ], [ -53.102179817144815, -22.694948755780388, 0.0 ], [ -53.102179270356999, -22.69495050496181, 0.0 ], [ -53.102178724468502, -22.694952254143175, 0.0 ], [ -53.102178178580061, -22.69495400242522, 0.0 ], [ -53.102177632691564, -22.694955751606585, 0.0 ], [ -53.102177087702387, -22.694957500788007, 0.0 ], [ -53.102176666819673, -22.69495884887175, 0.0 ] ] } },
{ "type": "Feature", "properties": { "Id": 0 }, "geometry": { "type": "LineString", "coordinates": [ [ -53.102301857844395, -22.694475888651311, 0.0 ], [ -53.102301664490199, -22.694476669262826, 0.0 ], [ -53.10230116986304, -22.694478665757799, 0.0 ], [ -53.102300675235938, -22.694480663152035, 0.0 ], [ -53.102300179709459, -22.694482659647008, 0.0 ], [ -53.102299685082357, -22.694484656141924, 0.0 ], [ -53.102299189555936, -22.69448665263684, 0.0 ], [ -53.102298694029457, -22.694488649131813, 0.0 ], [ -53.102298197603716, -22.694490645626729, 0.0 ], [ -53.102297702077237, -22.694492642121702, 0.0 ], [ -53.102297205651496, -22.694494638616618, 0.0 ], [ -53.102296708326378, -22.694496635111591, 0.0 ], [ -53.102296211001317, -22.694498630707187, 0.0 ], [ -53.102295713676199, -22.69450062720216, 0.0 ], [ -53.102295216351138, -22.694502622797756, 0.0 ], [ -53.1022947181267, -22.694504619292729, 0.0 ], [ -53.102294219902262, -22.694506614888326, 0.0 ], [ -53.102293720778562, -22.694508611383242, 0.0 ], [ -53.102293221654804, -22.694510606978895, 0.0 ], [ -53.102292721631784, -22.694512602574491, 0.0 ], [ -53.102292221608707, -22.694514598170144, 0.0 ], [ -53.10229172068631, -22.694516593765741, 0.0 ], [ -53.102291219763913, -22.694518589361337, 0.0 ], [ -53.102290717942253, -22.69452058405767, 0.0 ], [ -53.102290216120537, -22.694522579653267, 0.0 ], [ -53.1022897133995, -22.6945245743496, 0.0 ], [ -53.102289210678464, -22.694526569945197, 0.0 ], [ -53.102288707058165, -22.694528564641473, 0.0 ], [ -53.102288202538489, -22.694530559337807, 0.0 ], [ -53.102287698018813, -22.694532554034083, 0.0 ], [ -53.102287192599817, -22.694534548730417, 0.0 ], [ -53.102286687180822, -22.694536543426693, 0.0 ], [ -53.102286179963187, -22.69453853722365, 0.0 ], [ -53.102285673644872, -22.694540531020664, 0.0 ], [ -53.102285165527917, -22.69454252571694, 0.0 ], [ -53.102284657410962, -22.694544519513897, 0.0 ], [ -53.102284148394688, -22.694546513310911, 0.0 ], [ -53.102283638479093, -22.694548506208548, 0.0 ], [ -53.10228312766418, -22.694550500005505, 0.0 ], [ -53.102282616849266, -22.694552492903199, 0.0 ], [ -53.102282105134975, -22.694554485800836, 0.0 ], [ -53.102281592521422, -22.694556479597793, 0.0 ], [ -53.102281079008549, -22.694558471596167, 0.0 ], [ -53.102280565495676, -22.694560464493804, 0.0 ], [ -53.102280050184106, -22.694562456492122, 0.0 ], [ -53.102279534872594, -22.694564449389759, 0.0 ], [ -53.102279017762442, -22.694566441388133, 0.0 ], [ -53.102278500652233, -22.694568433386451, 0.0 ], [ -53.102277982642761, -22.694570424485448, 0.0 ], [ -53.102277463733913, -22.694572416483766, 0.0 ], [ -53.102276943925801, -22.69457440758282, 0.0 ], [ -53.102276423218314, -22.694576398681818, 0.0 ], [ -53.102275901611506, -22.694578389780816, 0.0 ], [ -53.102275379105436, -22.694580379980493, 0.0 ], [ -53.102274855699989, -22.694582370180171, 0.0 ], [ -53.102274331395222, -22.694584360379906, 0.0 ], [ -53.102273806191135, -22.694586350579584, 0.0 ], [ -53.102273280087786, -22.694588340779262, 0.0 ], [ -53.10227275308506, -22.69459033007962, 0.0 ], [ -53.102272224283695, -22.694592319379979, 0.0 ], [ -53.10227169548233, -22.694594308680337, 0.0 ], [ -53.102271164882325, -22.694596297081375, 0.0 ], [ -53.10227063428232, -22.69459828638179, 0.0 ], [ -53.102270101883676, -22.694600274782829, 0.0 ], [ -53.102269568585655, -22.694602262284548, 0.0 ], [ -53.102269033489051, -22.694604250685586, 0.0 ], [ -53.102268498392448, -22.694606238187305, 0.0 ], [ -53.102267961497205, -22.694608225689024, 0.0 ], [ -53.102267423702585, -22.694610212291423, 0.0 ], [ -53.102266885008703, -22.694612199793141, 0.0 ], [ -53.102266344516124, -22.69461418639554, 0.0 ], [ -53.102265804023602, -22.69461617209862, 0.0 ], [ -53.102265260833065, -22.694618158701019, 0.0 ], [ -53.102264717642583, -22.694620144404098, 0.0 ], [ -53.102264172653406, -22.694622129207858, 0.0 ], [ -53.102263626764909, -22.694624114910937, 0.0 ], [ -53.102263079977092, -22.694626099714696, 0.0 ], [ -53.102262531390693, -22.694628084518456, 0.0 ], [ -53.102261981005597, -22.694630068422896, 0.0 ], [ -53.102261430620501, -22.694632052327336, 0.0 ], [ -53.102260878436766, -22.694634036231719, 0.0 ], [ -53.102260325353711, -22.694636019236839, 0.0 ], [ -53.10225977047196, -22.694638003141279, 0.0 ], [ -53.102259214690946, -22.694639985247079, 0.0 ], [ -53.102258658010612, -22.694641968252199, 0.0 ], [ -53.102258099531639, -22.694643950358, 0.0 ], [ -53.102257541052609, -22.694645932463743, 0.0 ], [ -53.102256979875676, -22.694647914569543, 0.0 ], [ -53.102256418698744, -22.694649895776024, 0.0 ], [ -53.102255855723115, -22.694651876982505, 0.0 ], [ -53.102255291848223, -22.694653858188985, 0.0 ], [ -53.102254727073955, -22.694655838496089, 0.0 ], [ -53.102254161400367, -22.69465781880325, 0.0 ], [ -53.102253593928197, -22.694659799110411, 0.0 ], [ -53.102253026455969, -22.694661779417515, 0.0 ], [ -53.102252457185102, -22.694663758825357, 0.0 ], [ -53.102251886115596, -22.694665738233198, 0.0 ], [ -53.10225131504609, -22.694667716741662, 0.0 ], [ -53.102250742177944, -22.694669696149504, 0.0 ], [ -53.102250169309798, -22.694671674658025, 0.0 ], [ -53.102249594643013, -22.69467365226717, 0.0 ], [ -53.102249019076908, -22.694675630775691, 0.0 ], [ -53.102248441712163, -22.694677608384893, 0.0 ], [ -53.102247864347419, -22.694679585994038, 0.0 ], [ -53.102247285184035, -22.69468156360324, 0.0 ], [ -53.102246706020651, -22.694683540313065, 0.0 ], [ -53.102246125058571, -22.694685517022947, 0.0 ], [ -53.102245543197228, -22.694687493732829, 0.0 ], [ -53.102244960436508, -22.694689469543334, 0.0 ], [ -53.102244376776525, -22.694691446253216, 0.0 ], [ -53.102243792217223, -22.694693422063722, 0.0 ], [ -53.102243206758544, -22.694695396974964, 0.0 ], [ -53.10216343509444, -22.694955562748987, 0.0 ] ] } },
{ "type": "Feature", "properties": { "Id": 0 }, "geometry": { "type": "LineString", "coordinates": [ [ -53.10229365692669, -22.694473851686837, 0.0 ], [ -53.102293489652766, -22.694474554057365, 0.0 ], [ -53.102293067870733, -22.694476323023821, 0.0 ], [ -53.10229264518938, -22.694478091990334, 0.0 ], [ -53.102292221608707, -22.69447986095679, 0.0 ], [ -53.102291798028034, -22.694481629923246, 0.0 ], [ -53.102291372648665, -22.694483397990382, 0.0 ], [ -53.102290948168672, -22.694485166956838, 0.0 ], [ -53.102290521890041, -22.694486935023974, 0.0 ], [ -53.102290094712032, -22.69448870309111, 0.0 ], [ -53.10228966753408, -22.694490470258927, 0.0 ], [ -53.102289238557489, -22.69449223832612, 0.0 ], [ -53.102288809580841, -22.694494005493937, 0.0 ], [ -53.102288378805611, -22.694495772661753, 0.0 ], [ -53.102287947131003, -22.69449753982957, 0.0 ], [ -53.102287515456453, -22.694499306098066, 0.0 ], [ -53.102287081983206, -22.694501072366563, 0.0 ], [ -53.10228664761064, -22.69450283863506, 0.0 ], [ -53.102286211439491, -22.694504604903557, 0.0 ], [ -53.102285775268285, -22.694506370272734, 0.0 ], [ -53.10228533639912, -22.694508135641911, 0.0 ], [ -53.102284897529955, -22.694509901011088, 0.0 ], [ -53.102284456862151, -22.694511666380265, 0.0 ], [ -53.102284015295027, -22.694513430850122, 0.0 ], [ -53.102283571929263, -22.69451519442066, 0.0 ], [ -53.10228312676486, -22.694516958890517, 0.0 ], [ -53.102282680701137, -22.694518722461055, 0.0 ], [ -53.102282233738038, -22.694520485132216, 0.0 ], [ -53.102281784077036, -22.694522248702754, 0.0 ], [ -53.102281333516714, -22.694524010474652, 0.0 ], [ -53.102280881157697, -22.69452577314587, 0.0 ], [ -53.102280427000039, -22.694527534917768, 0.0 ], [ -53.102279971943119, -22.694529295790346, 0.0 ], [ -53.102279514188183, -22.694531056662868, 0.0 ], [ -53.102279054634607, -22.694532817535446, 0.0 ], [ -53.102278594181712, -22.694534577508705, 0.0 ], [ -53.102278131030857, -22.694536337481964, 0.0 ], [ -53.102277666980683, -22.694538096555846, 0.0 ], [ -53.10227720023255, -22.694539855629785, 0.0 ], [ -53.102276731685777, -22.694541613804404, 0.0 ], [ -53.102276261340364, -22.694543371978966, 0.0 ], [ -53.102275789196256, -22.694545129254266, 0.0 ], [ -53.102275314354245, -22.694546886529565, 0.0 ], [ -53.102274838612857, -22.694548642905488, 0.0 ], [ -53.102274360173567, -22.694550399281468, 0.0 ], [ -53.1022738808349, -22.694552155657391, 0.0 ], [ -53.102273399697594, -22.694553911134051, 0.0 ], [ -53.102272916761649, -22.694555665711334, 0.0 ], [ -53.102272432926384, -22.694557421187994, 0.0 ], [ -53.102271946393159, -22.694559174865958, 0.0 ], [ -53.102271458960615, -22.694560929443298, 0.0 ], [ -53.102270970628751, -22.694562683121262, 0.0 ], [ -53.102270480498248, -22.694564436799283, 0.0 ], [ -53.102269989468425, -22.694566189577927, 0.0 ], [ -53.102269496639906, -22.694567942356628, 0.0 ], [ -53.102269002912124, -22.694569695135272, 0.0 ], [ -53.102268507385645, -22.694571447913972, 0.0 ], [ -53.102268011859223, -22.694573199793297, 0.0 ], [ -53.102267514534105, -22.694574951672621, 0.0 ], [ -53.102267016309725, -22.694576703552002, 0.0 ], [ -53.102266517185967, -22.694578454532007, 0.0 ], [ -53.102266018062267, -22.694580206411331, 0.0 ], [ -53.10226551713987, -22.694581957391392, 0.0 ], [ -53.102265015318153, -22.694583708371397, 0.0 ], [ -53.102264513496436, -22.694585458452082, 0.0 ], [ -53.102264010775457, -22.694587209432143, 0.0 ], [ -53.102263507155101, -22.694588959512828, 0.0 ], [ -53.102263002635425, -22.694590709593513, 0.0 ], [ -53.102262498115749, -22.694592460573574, 0.0 ], [ -53.102261993596073, -22.694594210654259, 0.0 ], [ -53.102261487277758, -22.694595959835624, 0.0 ], [ -53.102260981858763, -22.694597709916309, 0.0 ], [ -53.102260475540447, -22.69459945999705, 0.0 ], [ -53.102259969222189, -22.694601210077735, 0.0 ], [ -53.102259462903874, -22.6946029592591, 0.0 ], [ -53.102258955686239, -22.694604709339842, 0.0 ], [ -53.102258449367923, -22.694606459420527, 0.0 ], [ -53.102257942150288, -22.694608208601892, 0.0 ], [ -53.102257435831973, -22.694609958682577, 0.0 ], [ -53.102256928614338, -22.694611707863999, 0.0 ], [ -53.102256422296023, -22.694613457944683, 0.0 ], [ -53.102255915078388, -22.694615208025368, 0.0 ], [ -53.102255408760072, -22.69461695810611, 0.0 ], [ -53.102254903341077, -22.694618707287475, 0.0 ], [ -53.102254397022762, -22.69462045736816, 0.0 ], [ -53.102253891603766, -22.694622207448845, 0.0 ], [ -53.10225338708409, -22.694623957529586, 0.0 ], [ -53.102252882564414, -22.694625708509591, 0.0 ], [ -53.102252378944115, -22.694627458590276, 0.0 ], [ -53.102251875323759, -22.694629209570337, 0.0 ], [ -53.102251372602723, -22.694630959651022, 0.0 ], [ -53.102250869881686, -22.694632710631026, 0.0 ], [ -53.102250368959346, -22.694634461611088, 0.0 ], [ -53.102249868036949, -22.694636213490412, 0.0 ], [ -53.102249368913192, -22.694637964470417, 0.0 ], [ -53.102248869789491, -22.694639716349798, 0.0 ], [ -53.102248371565054, -22.694641468229122, 0.0 ], [ -53.102247875139312, -22.694643220108503, 0.0 ], [ -53.102247379612834, -22.694644972887147, 0.0 ], [ -53.102246884086412, -22.694646725665791, 0.0 ], [ -53.102246390358573, -22.694648478444492, 0.0 ], [ -53.102245897530111, -22.694650231223136, 0.0 ], [ -53.102245405600968, -22.694651984901157, 0.0 ], [ -53.102244914571088, -22.69465373857912, 0.0 ], [ -53.102244424440585, -22.694655492257141, 0.0 ], [ -53.102243934310081, -22.694657245935105, 0.0 ], [ -53.102243445978218, -22.694658999613068, 0.0 ], [ -53.102242957646354, -22.694660754190409, 0.0 ], [ -53.10224247021381, -22.694662508767692, 0.0 ], [ -53.102241983680585, -22.694664263345032, 0.0 ], [ -53.102241498046681, -22.694666017922316, 0.0 ], [ -53.102241012412776, -22.694667772499656, 0.0 ], [ -53.102240527678191, -22.694669527976316, 0.0 ], [ -53.102240042943606, -22.6946712825536, 0.0 ], [ -53.102239559108341, -22.69467303803026, 0.0 ], [ -53.102239075273076, -22.694674793506863, 0.0 ], [ -53.10223859233713, -22.694676548983523, 0.0 ], [ -53.102238109401185, -22.694678304460126, 0.0 ], [ -53.102237627364559, -22.694680059936786, 0.0 ], [ -53.102237145327933, -22.694681815413389, 0.0 ], [ -53.102236663291364, -22.694683570890049, 0.0 ], [ -53.102236182154058, -22.694685326366653, 0.0 ], [ -53.102235700117433, -22.694687082742632, 0.0 ], [ -53.102235218980127, -22.694688838219236, 0.0 ], [ -53.102234737842821, -22.694690594595215, 0.0 ], [ -53.102234257604891, -22.694692350071875, 0.0 ], [ -53.102233776467585, -22.694694105548479, 0.0 ], [ -53.102233295330279, -22.694695861924458, 0.0 ], [ -53.102232814192973, -22.694697617401062, 0.0 ], [ -53.102232333055667, -22.694699373777041, 0.0 ], [ -53.102231851918418, -22.694701129253644, 0.0 ], [ -53.102231370781112, -22.694702884730305, 0.0 ], [ -53.102230889643806, -22.694704641106284, 0.0 ], [ -53.1022304085065, -22.694706396582887, 0.0 ], [ -53.102229926469874, -22.694708152059548, 0.0 ], [ -53.102229444433249, -22.694709907536151, 0.0 ], [ -53.10222896149736, -22.694711663012811, 0.0 ], [ -53.102228479460734, -22.694713418489414, 0.0 ], [ -53.102227995625469, -22.694715173966074, 0.0 ], [ -53.102227512689524, -22.694716929442677, 0.0 ], [ -53.102227028854259, -22.694718684020017, 0.0 ], [ -53.102226544119674, -22.694720439496621, 0.0 ], [ -53.102226059385089, -22.694722194073961, 0.0 ], [ -53.102225573751184, -22.694723948651244, 0.0 ], [ -53.10222508721796, -22.694725703228585, 0.0 ], [ -53.102224600684735, -22.694727457805868, 0.0 ], [ -53.102224113252191, -22.694729211483889, 0.0 ], [ -53.102223624920327, -22.694730966061172, 0.0 ], [ -53.102223136588464, -22.694732719739193, 0.0 ], [ -53.102222646457903, -22.694734473417157, 0.0 ], [ -53.1022221563274, -22.694736227095177, 0.0 ], [ -53.102221665297577, -22.694737979873821, 0.0 ], [ -53.102221173368434, -22.694739733551842, 0.0 ], [ -53.102220680539915, -22.694741486330486, 0.0 ], [ -53.102220185912813, -22.69474323820981, 0.0 ], [ -53.102219691285711, -22.694744990988511, 0.0 ], [ -53.102219195759233, -22.694746742867835, 0.0 ], [ -53.102218698434172, -22.694748494747216, 0.0 ], [ -53.102218200209734, -22.694750246626541, 0.0 ], [ -53.102217701085976, -22.694751997606545, 0.0 ], [ -53.102217201062956, -22.694753748586606, 0.0 ], [ -53.102216699241239, -22.694755499566611, 0.0 ], [ -53.102216196520203, -22.694757249647296, 0.0 ], [ -53.102215692899847, -22.694758999728037, 0.0 ], [ -53.102215187480851, -22.694760749808722, 0.0 ], [ -53.102214680263216, -22.694762498990087, 0.0 ], [ -53.102214172146262, -22.694764248171452, 0.0 ], [ -53.102213663129987, -22.694765997352874, 0.0 ], [ -53.102213152315073, -22.69476774563492, 0.0 ], [ -53.10221264060084, -22.694769493916965, 0.0 ], [ -53.102212127087967, -22.694771241299691, 0.0 ], [ -53.102211611776397, -22.694772989581736, 0.0 ], [ -53.102211096464885, -22.694774736065199, 0.0 ], [ -53.102210578455413, -22.694776483447924, 0.0 ], [ -53.102210060445884, -22.69477822993133, 0.0 ], [ -53.102209540637773, -22.694779975515416, 0.0 ], [ -53.102209019030965, -22.694781721998822, 0.0 ], [ -53.102208496524838, -22.694783467582909, 0.0 ], [ -53.102207973119448, -22.694785212267675, 0.0 ], [ -53.102207447915362, -22.694786957851761, 0.0 ], [ -53.102206921811955, -22.694788702536528, 0.0 ], [ -53.10220639480923, -22.694790446321974, 0.0 ], [ -53.102205866007864, -22.694792190107421, 0.0 ], [ -53.102205336307179, -22.694793933892868, 0.0 ], [ -53.102204805707174, -22.694795677678314, 0.0 ], [ -53.10220427330853, -22.694797420564441, 0.0 ], [ -53.102203740010566, -22.694799163450568, 0.0 ], [ -53.102203205813282, -22.694800906336695, 0.0 ], [ -53.102202669817302, -22.694802648323503, 0.0 ], [ -53.102202132922059, -22.69480439031031, 0.0 ], [ -53.102201595127497, -22.694806131397797, 0.0 ], [ -53.102201056433557, -22.694807873384605, 0.0 ], [ -53.102200515941036, -22.694809613572772, 0.0 ], [ -53.102199974549137, -22.69481135466026, 0.0 ], [ -53.102199432257976, -22.694813094848428, 0.0 ], [ -53.102198889067438, -22.694814835036539, 0.0 ], [ -53.10219834497758, -22.694816575224706, 0.0 ], [ -53.10219779908914, -22.694818314513554, 0.0 ], [ -53.102197252301323, -22.694820054701722, 0.0 ], [ -53.102196704614187, -22.694821793091251, 0.0 ], [ -53.10219615602773, -22.694823532380099, 0.0 ], [ -53.102195606541954, -22.69482527076957, 0.0 ], [ -53.102195056156859, -22.694827009159098, 0.0 ], [ -53.102194503973124, -22.694828746649307, 0.0 ], [ -53.102193951789388, -22.694830485038835, 0.0 ], [ -53.102193397807014, -22.694832221629667, 0.0 ], [ -53.102192843824639, -22.694833959119876, 0.0 ], [ -53.102192288043625, -22.694835696610085, 0.0 ], [ -53.102191731363291, -22.694837433200917, 0.0 ], [ -53.102191173783581, -22.694839168892486, 0.0 ], [ -53.102190615304607, -22.694840905483375, 0.0 ], [ -53.102190055926314, -22.694842641174887, 0.0 ], [ -53.102189495648645, -22.694844376866456, 0.0 ], [ -53.102188934471712, -22.694846112558025, 0.0 ], [ -53.102188372395403, -22.694847847350218, 0.0 ], [ -53.102187809419831, -22.694849582142467, 0.0 ], [ -53.102187246444203, -22.69485131693466, 0.0 ], [ -53.102186681669991, -22.694853051726909, 0.0 ], [ -53.102186115996403, -22.694854785619839, 0.0 ], [ -53.102185549423552, -22.694856519512712, 0.0 ], [ -53.102184982850645, -22.694858253405641, 0.0 ], [ -53.102184414479098, -22.694859986399194, 0.0 ], [ -53.10218384610755, -22.694861720292124, 0.0 ], [ -53.10218327683674, -22.694863453285677, 0.0 ], [ -53.102182707565873, -22.694865186279287, 0.0 ], [ -53.102182137395687, -22.69486691927284, 0.0 ], [ -53.10218156632618, -22.69486865136713, 0.0 ], [ -53.102180995256674, -22.694870384360684, 0.0 ], [ -53.102180424187168, -22.694872116454974, 0.0 ], [ -53.102179852218342, -22.694873848549207, 0.0 ], [ -53.102179280249516, -22.694875581542817, 0.0 ], [ -53.102178708280746, -22.694877313637051, 0.0 ], [ -53.102178135412601, -22.694879045731341, 0.0 ], [ -53.102177563443774, -22.694880777825574, 0.0 ], [ -53.102176990575629, -22.694882509919864, 0.0 ], [ -53.102176418606803, -22.694884242014098, 0.0 ], [ -53.102175846637977, -22.694885974108388, 0.0 ], [ -53.102175273769831, -22.694887706202621, 0.0 ], [ -53.102174701801005, -22.694889438296912, 0.0 ], [ -53.102174130731498, -22.694891171290465, 0.0 ], [ -53.102173559661992, -22.694892903384755, 0.0 ], [ -53.102172988592486, -22.694894636378308, 0.0 ], [ -53.102172417523036, -22.694896368472598, 0.0 ], [ -53.102171848252169, -22.694898101466151, 0.0 ], [ -53.102171278081983, -22.694899834459761, 0.0 ], [ -53.102170709710435, -22.694901567453314, 0.0 ], [ -53.102170141338888, -22.694903300446924, 0.0 ], [ -53.102169573866718, -22.694905033440477, 0.0 ], [ -53.10216900729381, -22.694906767333407, 0.0 ], [ -53.102168440720902, -22.69490850122628, 0.0 ], [ -53.102167875946691, -22.69491023511921, 0.0 ], [ -53.102167312071742, -22.694911969012139, 0.0 ], [ -53.102166748196851, -22.694913703804332, 0.0 ], [ -53.102166186120542, -22.694915438596581, 0.0 ], [ -53.102165625842929, -22.694917174288094, 0.0 ], [ -53.102165065565259, -22.694918909080343, 0.0 ], [ -53.102164507086286, -22.694920644771912, 0.0 ], [ -53.102163949506632, -22.694922381362744, 0.0 ], [ -53.102163393725618, -22.694924117953633, 0.0 ], [ -53.102162838843924, -22.694925854544522, 0.0 ], [ -53.102162284861492, -22.694927592034674, 0.0 ], [ -53.102161733577077, -22.694929329524882, 0.0 ], [ -53.102161183191981, -22.694931067015091, 0.0 ], [ -53.102160634605582, -22.694932805404619, 0.0 ], [ -53.102160087817765, -22.69493454469341, 0.0 ], [ -53.102159541929268, -22.694936283982258, 0.0 ], [ -53.102158998738787, -22.694938024170426, 0.0 ], [ -53.102158456447569, -22.694939764358594, 0.0 ], [ -53.10215791595499, -22.694941504546762, 0.0 ], [ -53.102157376361788, -22.694943245634249, 0.0 ], [ -53.102156838567225, -22.694944986721737, 0.0 ], [ -53.102156302571245, -22.694946728708544, 0.0 ], [ -53.102155768373962, -22.694948471594671, 0.0 ], [ -53.102155235075998, -22.694950213581421, 0.0 ], [ -53.102154702677353, -22.694951956467548, 0.0 ], [ -53.102154296183755, -22.694953292860134, 0.0 ] ] } },
{ "type": "Feature", "properties": { "Id": 0 }, "geometry": { "type": "LineString", "coordinates": [ [ -53.102280458476343, -22.694470573658009, 0.0 ], [ -53.10228005917736, -22.694472209524804, 0.0 ], [ -53.102279554657684, -22.694474272569551, 0.0 ], [ -53.102279048339369, -22.694476334715034, 0.0 ], [ -53.102278542021054, -22.694478397759781, 0.0 ], [ -53.102278033904099, -22.694480459905265, 0.0 ], [ -53.102277524887825, -22.694482522050691, 0.0 ], [ -53.102277014972231, -22.694484584196175, 0.0 ], [ -53.102276503257997, -22.694486645442282, 0.0 ], [ -53.102275990644387, -22.694488706688446, 0.0 ], [ -53.102275477131514, -22.694490767934553, 0.0 ], [ -53.102274961820001, -22.694492828281341, 0.0 ], [ -53.102274444709792, -22.694494888628185, 0.0 ], [ -53.10227392670032, -22.694496948974972, 0.0 ], [ -53.102273405992833, -22.69449900842244, 0.0 ], [ -53.102272884386082, -22.694501067869965, 0.0 ], [ -53.102272360980635, -22.694503126418113, 0.0 ], [ -53.102271836675868, -22.69450518496626, 0.0 ], [ -53.102271309673142, -22.694507242615089, 0.0 ], [ -53.102270780871777, -22.694509300263974, 0.0 ], [ -53.102270249372452, -22.694511357013482, 0.0 ], [ -53.102269716973808, -22.694513413762991, 0.0 ], [ -53.102269181877205, -22.694515470512499, 0.0 ], [ -53.102268644981962, -22.694517525463368, 0.0 ], [ -53.102268106288022, -22.694519581313557, 0.0 ], [ -53.102267564896181, -22.694521635365163, 0.0 ], [ -53.102267021705643, -22.694523690316032, 0.0 ], [ -53.102266475817146, -22.694525743468262, 0.0 ], [ -53.102265929029386, -22.694527797519811, 0.0 ], [ -53.10226537954361, -22.694529849772721, 0.0 ], [ -53.102264827359875, -22.694531902025631, 0.0 ], [ -53.10226427427682, -22.69453395427854, 0.0 ], [ -53.102263719395069, -22.694536005632131, 0.0 ], [ -53.102263161815415, -22.694538056985721, 0.0 ], [ -53.102262603336442, -22.694540107439934, 0.0 ], [ -53.102262042159452, -22.694542157894205, 0.0 ], [ -53.1022614800832, -22.694544207449155, 0.0 ], [ -53.102260916208252, -22.694546257004106, 0.0 ], [ -53.102260350534721, -22.694548306559057, 0.0 ], [ -53.102259783062493, -22.694550355214687, 0.0 ], [ -53.102259214690946, -22.694552403870318, 0.0 ], [ -53.10225864362144, -22.694554451626573, 0.0 ], [ -53.10225807255199, -22.694556499382884, 0.0 ], [ -53.102257498784525, -22.694558547139195, 0.0 ], [ -53.102256924117739, -22.694560593996187, 0.0 ], [ -53.102256347652258, -22.694562640853121, 0.0 ], [ -53.102255770287513, -22.694564686810793, 0.0 ], [ -53.102255192023449, -22.694566732768465, 0.0 ], [ -53.102254611960745, -22.694568778726136, 0.0 ], [ -53.102254030998665, -22.694570824683751, 0.0 ], [ -53.102253449137322, -22.694572869742103, 0.0 ], [ -53.10225286547734, -22.694574914800455, 0.0 ], [ -53.10225228091798, -22.69457695985875, 0.0 ], [ -53.102251695459358, -22.694579004917102, 0.0 ], [ -53.10225110910136, -22.694581049076135, 0.0 ], [ -53.102250520944722, -22.69458309323511, 0.0 ], [ -53.102249932788141, -22.694585136494823, 0.0 ], [ -53.102249343732183, -22.694587180653798, 0.0 ], [ -53.102248753776905, -22.694589223913511, 0.0 ], [ -53.102248162922365, -22.694591267173223, 0.0 ], [ -53.102247571168448, -22.694593310432879, 0.0 ], [ -53.102246978515211, -22.694595353692591, 0.0 ], [ -53.102246384962655, -22.694597396052927, 0.0 ], [ -53.102245791410098, -22.69459943931264, 0.0 ], [ -53.102245196958222, -22.694601481672976, 0.0 ], [ -53.102244602506346, -22.694603524033369, 0.0 ], [ -53.10224400715515, -22.694605566393705, 0.0 ], [ -53.102243410904634, -22.694607608754097, 0.0 ], [ -53.102242814654119, -22.694609650215114, 0.0 ], [ -53.102242217504283, -22.694611692575506, 0.0 ], [ -53.102241620354448, -22.694613734036579, 0.0 ], [ -53.102241023204613, -22.694615776396915, 0.0 ], [ -53.102240425155458, -22.694617817857988, 0.0 ], [ -53.102239827106303, -22.694619859319005, 0.0 ], [ -53.102239229057147, -22.694621900780078, 0.0 ], [ -53.102238630108673, -22.694623943140414, 0.0 ], [ -53.102238032059518, -22.694625984601487, 0.0 ], [ -53.102237433110986, -22.694628026062503, 0.0 ], [ -53.102236834162511, -22.694630067523576, 0.0 ], [ -53.102236236113356, -22.694632108984592, 0.0 ], [ -53.102235637164881, -22.694634150445665, 0.0 ], [ -53.102235038216406, -22.694636191906682, 0.0 ], [ -53.102234440167251, -22.694638233367755, 0.0 ], [ -53.102233842118096, -22.694640274828771, 0.0 ], [ -53.102233243169621, -22.694642316289844, 0.0 ], [ -53.102232646019729, -22.69464435865018, 0.0 ], [ -53.102232047970574, -22.694646400111253, 0.0 ], [ -53.102231450820739, -22.694648441572269, 0.0 ], [ -53.102230853670903, -22.694650483932662, 0.0 ], [ -53.102230256521068, -22.694652525393678, 0.0 ], [ -53.102229660270552, -22.694654567754071, 0.0 ], [ -53.102229064020037, -22.694656609215087, 0.0 ], [ -53.102228467769521, -22.69465865157548, 0.0 ], [ -53.102227871519005, -22.694660693935816, 0.0 ], [ -53.10222727616781, -22.694662735396889, 0.0 ], [ -53.102226679917294, -22.694664777757225, 0.0 ], [ -53.102226084566098, -22.694666820117618, 0.0 ], [ -53.102225489214902, -22.694668862477954, 0.0 ], [ -53.102224893863706, -22.694670903939027, 0.0 ], [ -53.10222429851251, -22.694672946299363, 0.0 ], [ -53.102223703161314, -22.694674988659756, 0.0 ], [ -53.102223107810119, -22.694677031020149, 0.0 ], [ -53.102222512458923, -22.694679073380485, 0.0 ], [ -53.102221917107727, -22.694681114841558, 0.0 ], [ -53.102221321756531, -22.694683157201894, 0.0 ], [ -53.102220726405335, -22.694685199562286, 0.0 ], [ -53.102220131054139, -22.694687241023303, 0.0 ], [ -53.102219534803623, -22.694689283383696, 0.0 ], [ -53.102218939452428, -22.694691325744031, 0.0 ], [ -53.102218343201912, -22.694693367205105, 0.0 ], [ -53.102217747850716, -22.694695409565441, 0.0 ], [ -53.1022171516002, -22.694697451026514, 0.0 ], [ -53.102216554450365, -22.69469949248753, 0.0 ], [ -53.102215958199849, -22.694701534847923, 0.0 ], [ -53.102215361050014, -22.694703576308939, 0.0 ], [ -53.102214763900179, -22.694705617770012, 0.0 ], [ -53.102214166750343, -22.694707659231028, 0.0 ], [ -53.102213568701188, -22.694709700692101, 0.0 ], [ -53.102212970652033, -22.694711742153117, 0.0 ], [ -53.102212372602878, -22.694713783614191, 0.0 ], [ -53.102211773654403, -22.694715824175887, 0.0 ], [ -53.102211174705928, -22.69471786563696, 0.0 ], [ -53.102210574858077, -22.694719906198657, 0.0 ], [ -53.102209975010283, -22.69472194765973, 0.0 ], [ -53.102209374263168, -22.694723988221426, 0.0 ], [ -53.102208773516054, -22.69472602878318, 0.0 ], [ -53.10220817186962, -22.694728069344876, 0.0 ], [ -53.102207570223129, -22.694730109007253, 0.0 ], [ -53.102206967677375, -22.694732149569006, 0.0 ], [ -53.102206365131622, -22.694734189231383, 0.0 ], [ -53.102205761686491, -22.694736229793136, 0.0 ], [ -53.102205157342098, -22.694738269455513, 0.0 ], [ -53.102204552997705, -22.694740309117947, 0.0 ], [ -53.102203947753935, -22.694742347881004, 0.0 ], [ -53.102203341610902, -22.694744387543381, 0.0 ], [ -53.102202734568493, -22.694746426306494, 0.0 ], [ -53.102202127526141, -22.694748465069551, 0.0 ], [ -53.102201519584412, -22.694750503832665, 0.0 ], [ -53.10220091074342, -22.694752542595722, 0.0 ], [ -53.102200301003052, -22.69475458045946, 0.0 ], [ -53.102199691262683, -22.694756619222574, 0.0 ], [ -53.102199079723732, -22.694758657086311, 0.0 ], [ -53.102198468184724, -22.694760694950048, 0.0 ], [ -53.102197855746397, -22.694762731914523, 0.0 ], [ -53.102197242408749, -22.69476476977826, 0.0 ], [ -53.102196628171839, -22.694766806742678, 0.0 ], [ -53.102196012136233, -22.694768843707152, 0.0 ], [ -53.102195396100626, -22.69477087977225, 0.0 ], [ -53.1021947791657, -22.694772916736667, 0.0 ], [ -53.102194161331454, -22.694774952801765, 0.0 ], [ -53.102193542597888, -22.69477698886692, 0.0 ], [ -53.102192923864322, -22.694779024032698, 0.0 ], [ -53.102192303332117, -22.694781060097796, 0.0 ], [ -53.102191681900536, -22.694783095263574, 0.0 ], [ -53.102191060469011, -22.694785130429409, 0.0 ], [ -53.102190438138166, -22.694787165595187, 0.0 ], [ -53.102189814908002, -22.694789200760965, 0.0 ], [ -53.102189190778518, -22.694791235027424, 0.0 ], [ -53.102188566648977, -22.694793269293882, 0.0 ], [ -53.102187940720853, -22.69479530356034, 0.0 ], [ -53.102187315692049, -22.694797337826856, 0.0 ], [ -53.102186688864549, -22.694799372093314, 0.0 ], [ -53.102186062037106, -22.694801405460453, 0.0 ], [ -53.102185434310286, -22.694803439726911, 0.0 ], [ -53.102184806583523, -22.69480547309405, 0.0 ], [ -53.102184177957383, -22.694807506461188, 0.0 ], [ -53.102183548431981, -22.694809539828327, 0.0 ], [ -53.102182918906522, -22.694811573195523, 0.0 ], [ -53.102182288481799, -22.694813605663342, 0.0 ], [ -53.10218165805702, -22.69481563903048, 0.0 ], [ -53.102181027632298, -22.694817671498299, 0.0 ], [ -53.102180396308199, -22.694819704865438, 0.0 ], [ -53.102179764984101, -22.694821737333257, 0.0 ], [ -53.102179132760739, -22.694823769801076, 0.0 ], [ -53.10217850053732, -22.694825802268895, 0.0 ], [ -53.102177867414582, -22.694827834736714, 0.0 ], [ -53.102177234291901, -22.694829867204589, 0.0 ], [ -53.102176601169162, -22.694831899672408, 0.0 ], [ -53.102175968046424, -22.694833931240908, 0.0 ], [ -53.102175334024423, -22.694835963708726, 0.0 ], [ -53.102174700901685, -22.694837995277226, 0.0 ], [ -53.102174065980307, -22.694840027745045, 0.0 ], [ -53.102173431958249, -22.694842059313544, 0.0 ], [ -53.102172797936248, -22.694844091781363, 0.0 ], [ -53.10217216301487, -22.694846123349862, 0.0 ], [ -53.102171528992812, -22.694848155817681, 0.0 ], [ -53.102170894071435, -22.69485018738618, 0.0 ], [ -53.102170259150114, -22.694852218954679, 0.0 ], [ -53.102169624228736, -22.694854251422498, 0.0 ], [ -53.102168989307359, -22.694856282990997, 0.0 ], [ -53.102168354385981, -22.694858314559497, 0.0 ], [ -53.10216772036398, -22.694860347027372, 0.0 ], [ -53.102167085442602, -22.694862378595872, 0.0 ], [ -53.102166450521224, -22.694864410164371, 0.0 ], [ -53.102165815599847, -22.69486644263219, 0.0 ], [ -53.102165181577845, -22.694868474200689, 0.0 ], [ -53.102164547555788, -22.694870505769188, 0.0 ], [ -53.10216391263441, -22.694872538237007, 0.0 ], [ -53.102163278612352, -22.694874569805506, 0.0 ], [ -53.102162644590351, -22.694876602273325, 0.0 ], [ -53.102162011467613, -22.694878634741144, 0.0 ], [ -53.102161377445555, -22.694880666309643, 0.0 ], [ -53.102160744322873, -22.694882698777462, 0.0 ], [ -53.102160112099455, -22.694884731245281, 0.0 ], [ -53.102159478976716, -22.694886763713157, 0.0 ], [ -53.102158846753355, -22.694888796180976, 0.0 ], [ -53.102158214529936, -22.694890828648795, 0.0 ], [ -53.102157583205837, -22.694892861116614, 0.0 ], [ -53.102156951881796, -22.694894894483753, 0.0 ], [ -53.102156320557697, -22.694896926951571, 0.0 ], [ -53.102155689233655, -22.69489895941939, 0.0 ], [ -53.102155058808876, -22.694900992786529, 0.0 ], [ -53.102154428384097, -22.694903025254348, 0.0 ], [ -53.102153797959375, -22.694905058621487, 0.0 ], [ -53.102153167534595, -22.694907091988682, 0.0 ], [ -53.102152538009193, -22.694909125355821, 0.0 ], [ -53.102151908483734, -22.69491115782364, 0.0 ], [ -53.102151278958331, -22.694913191190778, 0.0 ], [ -53.102150650332192, -22.694915224557917, 0.0 ], [ -53.102150021706109, -22.694917257925056, 0.0 ], [ -53.102149393079969, -22.694919291292194, 0.0 ], [ -53.102148764453887, -22.69492132555871, 0.0 ], [ -53.102148135827747, -22.694923358925848, 0.0 ], [ -53.102147508100984, -22.694925392292987, 0.0 ], [ -53.102146880374164, -22.694927425660126, 0.0 ], [ -53.102146252647401, -22.694929459926584, 0.0 ], [ -53.102145624920638, -22.694931493293723, 0.0 ], [ -53.102144998093138, -22.694933527560181, 0.0 ], [ -53.102144370366375, -22.694935560927377, 0.0 ], [ -53.102143743538875, -22.694937595193835, 0.0 ], [ -53.102143116711432, -22.694939628560974, 0.0 ], [ -53.102142489883931, -22.694941662827432, 0.0 ], [ -53.102141863955808, -22.69494369709389, 0.0 ], [ -53.102141237128365, -22.694945730461029, 0.0 ], [ -53.102140611200184, -22.694947764727488, 0.0 ], [ -53.102140002359192, -22.694949743236009, 0.0 ] ] } },
{ "type": "Feature", "properties": { "Id": 0 }, "geometry": { "type": "LineString", "coordinates": [ [ -53.102273266597933, -22.694468787604421, 0.0 ], [ -53.102272850211818, -22.694470432464414, 0.0 ], [ -53.102272419436588, -22.69447213128376, 0.0 ], [ -53.102271987761981, -22.694473831002426, 0.0 ], [ -53.10227155608743, -22.694475529821773, 0.0 ], [ -53.102271123513503, -22.694477229540439, 0.0 ], [ -53.102270690040257, -22.694478928359786, 0.0 ], [ -53.102270256567067, -22.694480627179132, 0.0 ], [ -53.102269821295181, -22.694482325099159, 0.0 ], [ -53.102269386023295, -22.694484023918505, 0.0 ], [ -53.102268949852089, -22.694485721838532, 0.0 ], [ -53.102268511882301, -22.694487419758559, 0.0 ], [ -53.102268073912455, -22.694489117678586, 0.0 ], [ -53.102267634143971, -22.694490814699293, 0.0 ], [ -53.102267193476166, -22.69449251172, 0.0 ], [ -53.102266751909042, -22.694494208740707, 0.0 ], [ -53.102266309442598, -22.694495905761414, 0.0 ], [ -53.102265865177515, -22.694497601882802, 0.0 ], [ -53.102265420013055, -22.694499298004132, 0.0 ], [ -53.102264973949332, -22.6945009932262, 0.0 ], [ -53.102264526086969, -22.694502689347587, 0.0 ], [ -53.102264076425968, -22.694504384569655, 0.0 ], [ -53.102263625865589, -22.694506078892402, 0.0 ], [ -53.102263174405948, -22.694507773215093, 0.0 ], [ -53.102262720248291, -22.694509467537841, 0.0 ], [ -53.102262265191371, -22.69451116096127, 0.0 ], [ -53.102261808335754, -22.694512854384698, 0.0 ], [ -53.102261349681498, -22.694514546908749, 0.0 ], [ -53.102260890127923, -22.694516239432858, 0.0 ], [ -53.102260427876388, -22.694517931057646, 0.0 ], [ -53.102259963826214, -22.694519622682378, 0.0 ], [ -53.1022594979774, -22.694521314307167, 0.0 ], [ -53.102259031229266, -22.694523005032636, 0.0 ], [ -53.102258561783174, -22.694524694858728, 0.0 ], [ -53.102258090538385, -22.694526384684877, 0.0 ], [ -53.102257617495013, -22.69452807451097, 0.0 ], [ -53.102257142652945, -22.694529763437799, 0.0 ], [ -53.102256666911615, -22.694531452364572, 0.0 ], [ -53.102256188472268, -22.694533140392082, 0.0 ], [ -53.102255709133601, -22.694534828419535, 0.0 ], [ -53.102255227996352, -22.694536515547725, 0.0 ], [ -53.102254745060407, -22.694538202675858, 0.0 ], [ -53.102254261225141, -22.694539888904728, 0.0 ], [ -53.102253775591237, -22.694541576032861, 0.0 ], [ -53.102253288158693, -22.694543261362355, 0.0 ], [ -53.102252799826829, -22.694544947591226, 0.0 ], [ -53.102252310595588, -22.694546632920719, 0.0 ], [ -53.102251819565765, -22.69454831825027, 0.0 ], [ -53.102251327636623, -22.694550002680444, 0.0 ], [ -53.10225083480816, -22.694551687110618, 0.0 ], [ -53.102250340181001, -22.694553371540792, 0.0 ], [ -53.10224984465458, -22.694555055971023, 0.0 ], [ -53.102249348228781, -22.694556739501877, 0.0 ], [ -53.10224885090372, -22.694558423032731, 0.0 ], [ -53.102248352679283, -22.694560106563642, 0.0 ], [ -53.102247852656205, -22.694561789195177, 0.0 ], [ -53.102247352633185, -22.694563471826712, 0.0 ], [ -53.102246851710788, -22.694565154458246, 0.0 ], [ -53.102246349889072, -22.694566837089837, 0.0 ], [ -53.102245847168092, -22.694568519721372, 0.0 ], [ -53.102245343547736, -22.694570201453587, 0.0 ], [ -53.10224483992738, -22.694571884085121, 0.0 ], [ -53.102244335407704, -22.694573565817336, 0.0 ], [ -53.102243829988709, -22.694575247549608, 0.0 ], [ -53.102243323670393, -22.694576928382503, 0.0 ], [ -53.102242818251398, -22.694578610114718, 0.0 ], [ -53.102242311033763, -22.694580291846933, 0.0 ], [ -53.102241803816128, -22.694581972679828, 0.0 ], [ -53.102241296598493, -22.69458365351278, 0.0 ], [ -53.102240788481538, -22.694585335244994, 0.0 ], [ -53.102240281263903, -22.69458701607789, 0.0 ], [ -53.102239772247628, -22.694588696910785, 0.0 ], [ -53.102239264130674, -22.69459037774368, 0.0 ], [ -53.102238755114399, -22.694592058576575, 0.0 ], [ -53.102238246997445, -22.694593739409527, 0.0 ], [ -53.10223773798117, -22.694595420242422, 0.0 ], [ -53.102237228964896, -22.694597101075317, 0.0 ], [ -53.102236719948621, -22.694598781908212, 0.0 ], [ -53.102236211831666, -22.694600462741107, 0.0 ], [ -53.102235702815392, -22.694602143574002, 0.0 ], [ -53.102235193799117, -22.694603824406954, 0.0 ], [ -53.102234685682163, -22.694605506139169, 0.0 ], [ -53.102234177565208, -22.694607186972064, 0.0 ], [ -53.102233670347573, -22.694608867804959, 0.0 ], [ -53.102233162230618, -22.694610548637854, 0.0 ], [ -53.102232655012983, -22.694612230370069, 0.0 ], [ -53.102232148694668, -22.694613911203021, 0.0 ], [ -53.102231642376353, -22.694615592935236, 0.0 ], [ -53.102231136058037, -22.694617274667451, 0.0 ], [ -53.102230631538362, -22.694618956399665, 0.0 ], [ -53.102230126119366, -22.69462063813188, 0.0 ], [ -53.10222962249901, -22.694622319864152, 0.0 ], [ -53.102229118878711, -22.694624002495686, 0.0 ], [ -53.102228616157674, -22.694625684227901, 0.0 ], [ -53.102228114335958, -22.694627366859436, 0.0 ], [ -53.102227612514241, -22.69462904949097, 0.0 ], [ -53.102227111591901, -22.694630732122562, 0.0 ], [ -53.102226611568824, -22.694632415653416, 0.0 ], [ -53.102226112445067, -22.694634098284951, 0.0 ], [ -53.102225614220686, -22.694635781815805, 0.0 ], [ -53.102225115996248, -22.694637465346716, 0.0 ], [ -53.102224618671187, -22.69463914887757, 0.0 ], [ -53.102224122245389, -22.694640832408425, 0.0 ], [ -53.102223625819647, -22.694642516838655, 0.0 ], [ -53.102223130293169, -22.694644201268829, 0.0 ], [ -53.102222635666067, -22.694645884799684, 0.0 ], [ -53.102222141038965, -22.694647569229915, 0.0 ], [ -53.102221647311126, -22.694649253660089, 0.0 ], [ -53.102221154482663, -22.694650938989582, 0.0 ], [ -53.102220661654144, -22.694652623419813, 0.0 ], [ -53.102220169725001, -22.694654308749307, 0.0 ], [ -53.102219678695178, -22.694655993179481, 0.0 ], [ -53.102219187665355, -22.694657678509031, 0.0 ], [ -53.102218697534795, -22.694659363838525, 0.0 ], [ -53.102218207404292, -22.694661049168019, 0.0 ], [ -53.102217718173108, -22.694662735396889, 0.0 ], [ -53.102217229841244, -22.694664420726383, 0.0 ], [ -53.10221674150938, -22.694666106955253, 0.0 ], [ -53.102216253177517, -22.694667792284747, 0.0 ], [ -53.102215766644292, -22.694669478513561, 0.0 ], [ -53.102215279211748, -22.694671164742431, 0.0 ], [ -53.102214793577843, -22.694672850971244, 0.0 ], [ -53.102214307044619, -22.694674538099434, 0.0 ], [ -53.102213822310034, -22.694676224328248, 0.0 ], [ -53.102213337575449, -22.694677911456381, 0.0 ], [ -53.102212852840864, -22.694679597685251, 0.0 ], [ -53.102212369005599, -22.694681284813385, 0.0 ], [ -53.102211885170334, -22.694682971941575, 0.0 ], [ -53.102211402234389, -22.694684659069708, 0.0 ], [ -53.102210919298443, -22.694686346197898, 0.0 ], [ -53.102210436362498, -22.694688033326031, 0.0 ], [ -53.102209954325872, -22.694689720454164, 0.0 ], [ -53.102209473188623, -22.694691408481674, 0.0 ], [ -53.102208992051317, -22.694693095609807, 0.0 ], [ -53.102208510914011, -22.694694783637317, 0.0 ], [ -53.102208030676024, -22.69469647166477, 0.0 ], [ -53.102207550438038, -22.69469815969228, 0.0 ], [ -53.102207070200109, -22.694699847719733, 0.0 ], [ -53.102206590861442, -22.694701535747242, 0.0 ], [ -53.102206111522776, -22.694703223774695, 0.0 ], [ -53.102205633083486, -22.694704911802205, 0.0 ], [ -53.102205154644139, -22.694706599829658, 0.0 ], [ -53.102204676204792, -22.694708288756487, 0.0 ], [ -53.102204198664822, -22.69470997678394, 0.0 ], [ -53.102203721124795, -22.69471166571077, 0.0 ], [ -53.102203243584768, -22.694713353738223, 0.0 ], [ -53.102202766044797, -22.694715042665052, 0.0 ], [ -53.10220228940409, -22.694716731591825, 0.0 ], [ -53.102201812763383, -22.694718420518655, 0.0 ], [ -53.102201336122732, -22.694720108546107, 0.0 ], [ -53.102200860381345, -22.694721797472937, 0.0 ], [ -53.102200384640014, -22.69472348639971, 0.0 ], [ -53.102199908898626, -22.694725176225859, 0.0 ], [ -53.102199433157296, -22.694726865152631, 0.0 ], [ -53.102198957415908, -22.694728554079461, 0.0 ], [ -53.102198482573897, -22.69473024300629, 0.0 ], [ -53.102198007731829, -22.694731932832383, 0.0 ], [ -53.102197531990441, -22.694733621759212, 0.0 ], [ -53.10219705714843, -22.694735310685985, 0.0 ], [ -53.102196582306362, -22.694737000512134, 0.0 ], [ -53.102196107464351, -22.694738689438907, 0.0 ], [ -53.102195631722964, -22.694740378365736, 0.0 ], [ -53.102195156880953, -22.694742067292509, 0.0 ], [ -53.102194681139565, -22.694743757118658, 0.0 ], [ -53.102194205398234, -22.694745446045431, 0.0 ], [ -53.102193729656847, -22.69474713497226, 0.0 ], [ -53.102193253915516, -22.694748823899033, 0.0 ], [ -53.102192777274809, -22.694750512825863, 0.0 ], [ -53.102192300634101, -22.694752201752692, 0.0 ], [ -53.102191823094131, -22.694753890679465, 0.0 ], [ -53.102191346453424, -22.694755578706975, 0.0 ], [ -53.102190868014134, -22.694757267633747, 0.0 ], [ -53.102190389574787, -22.694758955661257, 0.0 ], [ -53.10218991113544, -22.69476064368871, 0.0 ], [ -53.102189431796774, -22.694762332615539, 0.0 ], [ -53.102188951558844, -22.694764020642992, 0.0 ], [ -53.102188471320858, -22.694765707771126, 0.0 ], [ -53.102187990183552, -22.694767395798635, 0.0 ], [ -53.102187508146926, -22.694769082926769, 0.0 ], [ -53.102187025210981, -22.694770770954278, 0.0 ], [ -53.102186542275092, -22.694772457183092, 0.0 ], [ -53.102186057540507, -22.694774144311282, 0.0 ], [ -53.102185572805922, -22.694775831439415, 0.0 ], [ -53.102185087172018, -22.694777517668285, 0.0 ], [ -53.102184600638793, -22.694779203897099, 0.0 ], [ -53.102184113206192, -22.694780890125912, 0.0 ], [ -53.102183624874328, -22.694782575455463, 0.0 ], [ -53.102183134743825, -22.694784261684276, 0.0 ], [ -53.102182644613322, -22.69478594611445, 0.0 ], [ -53.102182152684179, -22.694787631444001, 0.0 ], [ -53.10218165985566, -22.694789315874175, 0.0 ], [ -53.102181166127878, -22.694791000304349, 0.0 ], [ -53.102180671500776, -22.69479268473458, 0.0 ], [ -53.102180175074977, -22.694794368265434, 0.0 ], [ -53.102179677749859, -22.694796051796288, 0.0 ], [ -53.102179179525479, -22.694797735327199, 0.0 ], [ -53.102178679502401, -22.694799417958734, 0.0 ], [ -53.102178177680742, -22.694801100590269, 0.0 ], [ -53.102177674959705, -22.694802782322483, 0.0 ], [ -53.102177171339349, -22.694804464054755, 0.0 ], [ -53.102176665920354, -22.69480614578697, 0.0 ], [ -53.102176158702719, -22.694807826619865, 0.0 ], [ -53.102175649686444, -22.69480950745276, 0.0 ], [ -53.10217514067017, -22.694811187386335, 0.0 ], [ -53.102174628955936, -22.694812867319911, 0.0 ], [ -53.102174117241702, -22.694814547253486, 0.0 ], [ -53.102173603728772, -22.694816226287742, 0.0 ], [ -53.10217308841726, -22.694817905322054, 0.0 ], [ -53.102172572206428, -22.69481958435631, 0.0 ], [ -53.102172055995538, -22.694821262491246, 0.0 ], [ -53.102171537086747, -22.694822940626182, 0.0 ], [ -53.102171018177899, -22.694824618761118, 0.0 ], [ -53.102170498369787, -22.694826295996734, 0.0 ], [ -53.1021699776623, -22.69482797323235, 0.0 ], [ -53.102169455156172, -22.694829650467966, 0.0 ], [ -53.102168932650102, -22.694831327703582, 0.0 ], [ -53.102168409244655, -22.694833004039879, 0.0 ], [ -53.102167884939888, -22.694834680376175, 0.0 ], [ -53.102167359735802, -22.694836356712472, 0.0 ], [ -53.102166833632452, -22.694838033048768, 0.0 ], [ -53.102166307529046, -22.694839709385008, 0.0 ], [ -53.10216578052632, -22.694841384821984, 0.0 ], [ -53.102165253523594, -22.694843061158281, 0.0 ], [ -53.102164725621549, -22.694844736595257, 0.0 ], [ -53.102164196820183, -22.694846412032234, 0.0 ], [ -53.102163668018818, -22.694848087469211, 0.0 ], [ -53.102163138318133, -22.694849762006868, 0.0 ], [ -53.102162609516768, -22.694851437443845, 0.0 ], [ -53.102162078916763, -22.694853112880821, 0.0 ], [ -53.102161549216078, -22.694854787418478, 0.0 ], [ -53.102161018616073, -22.694856462855455, 0.0 ], [ -53.102160488915388, -22.694858137393055, 0.0 ], [ -53.102159958315383, -22.694859812830032, 0.0 ], [ -53.102159427715378, -22.694861487367689, 0.0 ], [ -53.102158896216054, -22.694863161905346, 0.0 ], [ -53.102158365616049, -22.694864837342323, 0.0 ], [ -53.102157835016044, -22.694866511879979, 0.0 ], [ -53.102157305315359, -22.694868187316956, 0.0 ], [ -53.102156774715354, -22.694869861854613, 0.0 ], [ -53.102156244115349, -22.69487153729159, 0.0 ], [ -53.102155714414664, -22.69487321182919, 0.0 ], [ -53.102155184713979, -22.694874887266167, 0.0 ], [ -53.102154655912614, -22.694876562703143, 0.0 ], [ -53.102154126211929, -22.69487823814012, 0.0 ], [ -53.102153598309883, -22.694879913577097, 0.0 ], [ -53.102153069508518, -22.694881589014074, 0.0 ], [ -53.102152542505792, -22.69488326445105, 0.0 ], [ -53.102152014603746, -22.694884940787347, 0.0 ], [ -53.10215148850034, -22.694886616224323, 0.0 ], [ -53.102150962396934, -22.69488829256062, 0.0 ], [ -53.102150436293584, -22.694889968896916, 0.0 ], [ -53.102149911988818, -22.694891645233213, 0.0 ], [ -53.102149386784731, -22.694893321569509, 0.0 ], [ -53.102148862479964, -22.694894997905806, 0.0 ], [ -53.102148339074574, -22.694896675141422, 0.0 ], [ -53.102147815669127, -22.694898351477718, 0.0 ], [ -53.102147293163, -22.694900028713334, 0.0 ], [ -53.102146770656873, -22.694901705948951, 0.0 ], [ -53.102146249050122, -22.694903383184567, 0.0 ], [ -53.102145727443315, -22.694905060420183, 0.0 ], [ -53.102145206735884, -22.694906737655799, 0.0 ], [ -53.102144686028396, -22.694908414891415, 0.0 ], [ -53.102144165320908, -22.694910093026351, 0.0 ], [ -53.102143645512797, -22.694911770261967, 0.0 ], [ -53.102143126603949, -22.694913448396903, 0.0 ], [ -53.102142607695157, -22.694915126531839, 0.0 ], [ -53.102142088786309, -22.694916804666775, 0.0 ], [ -53.102141570776837, -22.694918482801711, 0.0 ], [ -53.102141052767308, -22.694920160936647, 0.0 ], [ -53.102140534757837, -22.694921839071583, 0.0 ], [ -53.102140017647628, -22.694923517206519, 0.0 ], [ -53.102139500537476, -22.694925196240774, 0.0 ], [ -53.102138984326643, -22.69492687437571, 0.0 ], [ -53.102138468115754, -22.694928553409966, 0.0 ], [ -53.102137951904922, -22.694930232444221, 0.0 ], [ -53.102137435694033, -22.694931910579157, 0.0 ], [ -53.10213692038252, -22.694933589613413, 0.0 ], [ -53.102136405970327, -22.694935268647669, 0.0 ], [ -53.102135890658758, -22.694936947681924, 0.0 ], [ -53.102135376246565, -22.69493862671618, 0.0 ], [ -53.102134861834372, -22.694940305750492, 0.0 ], [ -53.102134347422179, -22.694941985684068, 0.0 ], [ -53.102133833909249, -22.694943664718323, 0.0 ], [ -53.102133320396376, -22.694945343752579, 0.0 ], [ -53.102132806883503, -22.694947023686154, 0.0 ], [ -53.102132542482821, -22.694947890632591, 0.0 ] ] } },
{ "type": "Feature", "properties": { "Id": 0 }, "geometry": { "type": "LineString", "coordinates": [ [ -53.102257094089566, -22.694464772131482, 0.0 ], [ -53.102217183975824, -22.694617856528794, 0.0 ], [ -53.102190076610725, -22.694713333953132, 0.0 ], [ -53.102165326368663, -22.694798607669554, 0.0 ], [ -53.10214323542192, -22.694866569436613, 0.0 ], [ -53.102119213630772, -22.694944581127459, 0.0 ] ] } },
{ "type": "Feature", "properties": { "Id": 0 }, "geometry": { "type": "LineString", "coordinates": [ [ -53.102248628771179, -22.694462669516554, 0.0 ], [ -53.102248515456608, -22.694463115580277, 0.0 ], [ -53.102248095473215, -22.694464773030802, 0.0 ], [ -53.102247674590444, -22.694466430481327, 0.0 ], [ -53.10224725460705, -22.694468087931853, 0.0 ], [ -53.102246833724337, -22.694469744483058, 0.0 ], [ -53.102246413740943, -22.694471401933583, 0.0 ], [ -53.102245992858229, -22.694473059384165, 0.0 ], [ -53.102245571975516, -22.694474716834691, 0.0 ], [ -53.102245151092802, -22.694476374285216, 0.0 ], [ -53.102244731109408, -22.694478030836422, 0.0 ], [ -53.102244310226695, -22.694479688286947, 0.0 ], [ -53.102243889343981, -22.694481345737472, 0.0 ], [ -53.102243468461268, -22.694483002288678, 0.0 ], [ -53.102243047578554, -22.694484659739203, 0.0 ], [ -53.10224262669584, -22.694486317189728, 0.0 ], [ -53.102242204913807, -22.694487974640253, 0.0 ], [ -53.102241784031094, -22.694489631191459, 0.0 ], [ -53.102241363148323, -22.694491288641984, 0.0 ], [ -53.10224094136629, -22.694492946092566, 0.0 ], [ -53.102240520483576, -22.694494602643772, 0.0 ], [ -53.102240098701543, -22.694496260094297, 0.0 ], [ -53.102239677818829, -22.694497916645503, 0.0 ], [ -53.102239256036796, -22.694499574096028, 0.0 ], [ -53.102238834254763, -22.694501231546553, 0.0 ], [ -53.10223841247273, -22.694502888097759, 0.0 ], [ -53.102237990690696, -22.694504545548284, 0.0 ], [ -53.102237568908663, -22.69450620209949, 0.0 ], [ -53.102237146227253, -22.694507859550015, 0.0 ], [ -53.10223672444522, -22.69450951610122, 0.0 ], [ -53.102236302663187, -22.694511173551746, 0.0 ], [ -53.102235879981833, -22.694512830103008, 0.0 ], [ -53.10223545730048, -22.694514487553533, 0.0 ], [ -53.102235034619127, -22.694516144104739, 0.0 ], [ -53.102234611937774, -22.694517800655944, 0.0 ], [ -53.102234189256365, -22.69451945810647, 0.0 ], [ -53.102233766575011, -22.694521114657675, 0.0 ], [ -53.102233343893658, -22.694522772108201, 0.0 ], [ -53.102232920312986, -22.694524428659406, 0.0 ], [ -53.102232496732313, -22.694526085210612, 0.0 ], [ -53.10223207315164, -22.694527741761817, 0.0 ], [ -53.102231649570911, -22.694529398313023, 0.0 ], [ -53.102231225090918, -22.694531055763548, 0.0 ], [ -53.102230800610926, -22.694532711415434, 0.0 ], [ -53.102230375231613, -22.694534367966639, 0.0 ], [ -53.102229949852244, -22.694536024517845, 0.0 ], [ -53.102229524472932, -22.694537681069107, 0.0 ], [ -53.1022290981943, -22.694539336720993, 0.0 ], [ -53.102228671915611, -22.694540993272199, 0.0 ], [ -53.10222824383834, -22.694542648924084, 0.0 ], [ -53.102227816660388, -22.69454430457597, 0.0 ], [ -53.10222738858306, -22.694545960227856, 0.0 ], [ -53.102226959606469, -22.694547615879742, 0.0 ], [ -53.102226529730501, -22.694549271531628, 0.0 ], [ -53.10222609985459, -22.694550926284194, 0.0 ], [ -53.102225668179983, -22.69455258193608, 0.0 ], [ -53.102225236505433, -22.694554236688646, 0.0 ], [ -53.102224804830826, -22.694555891441212, 0.0 ], [ -53.102224371357636, -22.694557546193778, 0.0 ], [ -53.102223936985069, -22.694559200047024, 0.0 ], [ -53.102223502612503, -22.69456085479959, 0.0 ], [ -53.102223066441297, -22.69456250865278, 0.0 ], [ -53.102222630270148, -22.694564162506026, 0.0 ], [ -53.102222193199623, -22.694565815459953, 0.0 ], [ -53.102221754330458, -22.694567469313199, 0.0 ], [ -53.102221315461293, -22.694569122267126, 0.0 ], [ -53.102220874793488, -22.694570774321733, 0.0 ], [ -53.102220433226364, -22.694572427275659, 0.0 ], [ -53.10221999075992, -22.694574079330266, 0.0 ], [ -53.102219547394157, -22.694575731384873, 0.0 ], [ -53.102219102229753, -22.694577383439423, 0.0 ], [ -53.102218656166031, -22.69457903459471, 0.0 ], [ -53.102218209202931, -22.694580685749997, 0.0 ], [ -53.102217761340569, -22.694582336905285, 0.0 ], [ -53.102217311679567, -22.694583988060572, 0.0 ], [ -53.102216860219869, -22.694585638316482, 0.0 ], [ -53.102216408760228, -22.69458728767313, 0.0 ], [ -53.10221595460257, -22.694588937929097, 0.0 ], [ -53.10221550044497, -22.694590587285745, 0.0 ], [ -53.102215043589354, -22.694592235743016, 0.0 ], [ -53.102214586733737, -22.694593885099664, 0.0 ], [ -53.102214127180162, -22.694595532657672, 0.0 ], [ -53.102213666727323, -22.694597181114943, 0.0 ], [ -53.102213204475788, -22.694598828672952, 0.0 ], [ -53.102212741324934, -22.69460047623096, 0.0 ], [ -53.10221227637544, -22.694602122889592, 0.0 ], [ -53.102211809627249, -22.69460376954828, 0.0 ], [ -53.102211341979796, -22.694605415307649, 0.0 ], [ -53.102210873433023, -22.694607061066961, 0.0 ], [ -53.10221040398693, -22.69460870682633, 0.0 ], [ -53.102209932742142, -22.694610352585642, 0.0 ], [ -53.10220946059809, -22.694611997445691, 0.0 ], [ -53.102208986655342, -22.694613642305683, 0.0 ], [ -53.10220851271265, -22.694615287165732, 0.0 ], [ -53.102208037870582, -22.694616932025724, 0.0 ], [ -53.102207562129252, -22.694618575986453, 0.0 ], [ -53.102207085488544, -22.694620219947126, 0.0 ], [ -53.102206607948574, -22.694621863907855, 0.0 ], [ -53.102206129509227, -22.694623507868528, 0.0 ], [ -53.10220565106988, -22.694625150929937, 0.0 ], [ -53.102205171731271, -22.69462679489061, 0.0 ], [ -53.102204691493284, -22.694628437952019, 0.0 ], [ -53.102204211255298, -22.694630081013372, 0.0 ], [ -53.102203730117992, -22.694631724074782, 0.0 ], [ -53.102203248980743, -22.694633367136134, 0.0 ], [ -53.102202767843437, -22.694635010197544, 0.0 ], [ -53.102202285806811, -22.694636653258897, 0.0 ], [ -53.102201804669505, -22.69463829632025, 0.0 ], [ -53.10220132263288, -22.694639939381659, 0.0 ], [ -53.102200840596254, -22.694641581543692, 0.0 ], [ -53.102200358559685, -22.694643224605102, 0.0 ], [ -53.102199876523059, -22.694644867666455, 0.0 ], [ -53.102199394486433, -22.694646510727864, 0.0 ], [ -53.102198912449808, -22.694648153789217, 0.0 ], [ -53.102198430413182, -22.69464979595125, 0.0 ], [ -53.102197949275876, -22.694651439012659, 0.0 ], [ -53.102197468138627, -22.694653082973332, 0.0 ], [ -53.102196987900641, -22.694654726034742, 0.0 ], [ -53.102196507662654, -22.694656369096094, 0.0 ], [ -53.102196027424668, -22.694658013056824, 0.0 ], [ -53.102195548086058, -22.694659656118176, 0.0 ], [ -53.102195069646712, -22.694661300078906, 0.0 ], [ -53.102194591207365, -22.694662944039578, 0.0 ], [ -53.102194114566714, -22.694664588000308, 0.0 ], [ -53.102193637926007, -22.69466623196098, 0.0 ], [ -53.102193162184619, -22.694667876821029, 0.0 ], [ -53.102161397230645, -22.69478242436935, 0.0 ], [ -53.102122647242311, -22.694903880509628, 0.0 ], [ -53.102110436247585, -22.694942402070183, 0.0 ] ] } },
{ "type": "Feature", "properties": { "Id": 0 }, "geometry": { "type": "LineString", "coordinates": [ [ -53.102234772017084, -22.6944592287104, 0.0 ], [ -53.102234434771333, -22.6944605390226, 0.0 ], [ -53.102234032774334, -22.694462104742286, 0.0 ], [ -53.102233631676711, -22.694463671361291, 0.0 ], [ -53.102233230579088, -22.694465237080976, 0.0 ], [ -53.102232830380785, -22.694466803699981, 0.0 ], [ -53.102232430182482, -22.694468370318987, 0.0 ], [ -53.102232030883499, -22.694469936937992, 0.0 ], [ -53.102231631584516, -22.694471503556997, 0.0 ], [ -53.102231233184796, -22.694473071075322, 0.0 ], [ -53.102230835684452, -22.694474637694327, 0.0 ], [ -53.102230439083428, -22.694476205212652, 0.0 ], [ -53.102230042482461, -22.694477772730977, 0.0 ], [ -53.102229646780756, -22.694479340249302, 0.0 ], [ -53.102229251978372, -22.694480907767627, 0.0 ], [ -53.102228858075307, -22.694482476185271, 0.0 ], [ -53.102228464172242, -22.694484043703596, 0.0 ], [ -53.102228072067817, -22.694485612121241, 0.0 ], [ -53.102227679963391, -22.694487180538886, 0.0 ], [ -53.102227288758343, -22.69448874895653, 0.0 ], [ -53.102226898452557, -22.694490318273552, 0.0 ], [ -53.102226509046091, -22.694491886691196, 0.0 ], [ -53.102226120539001, -22.694493456008161, 0.0 ], [ -53.102225732931174, -22.694495025325125, 0.0 ], [ -53.102225346222724, -22.694496595541409, 0.0 ], [ -53.102224961312857, -22.694498164858373, 0.0 ], [ -53.102224576403046, -22.694499735074658, 0.0 ], [ -53.102224192392498, -22.694501305290942, 0.0 ], [ -53.102223810180647, -22.694502876406602, 0.0 ], [ -53.102223428868115, -22.694504446622886, 0.0 ], [ -53.102223047555583, -22.69450601773849, 0.0 ], [ -53.102222668041634, -22.694507589753414, 0.0 ], [ -53.102222289427061, -22.694509160869018, 0.0 ], [ -53.102221911711808, -22.694510732883998, 0.0 ], [ -53.102221533996556, -22.694512303999602, 0.0 ], [ -53.102221158079942, -22.694513876014526, 0.0 ], [ -53.102220781264009, -22.694515448029449, 0.0 ], [ -53.102220406246715, -22.694517020943692, 0.0 ], [ -53.102220031229422, -22.694518592958673, 0.0 ], [ -53.102219657111448, -22.694520165872916, 0.0 ], [ -53.102219282094154, -22.69452173788784, 0.0 ], [ -53.1022189088755, -22.694523310802083, 0.0 ], [ -53.102218534757526, -22.694524882817063, 0.0 ], [ -53.102218161538872, -22.694526455731307, 0.0 ], [ -53.102217787420898, -22.69452802864555, 0.0 ], [ -53.102217414202244, -22.694529601559793, 0.0 ], [ -53.102217040983589, -22.694531173574774, 0.0 ], [ -53.102216666865615, -22.694532746489017, 0.0 ], [ -53.102216293647018, -22.69453431940326, 0.0 ], [ -53.102215919529044, -22.694535891418184, 0.0 ], [ -53.102215544511751, -22.694537464332484, 0.0 ], [ -53.102215170393777, -22.694539036347408, 0.0 ], [ -53.102214795376483, -22.694540608362331, 0.0 ], [ -53.10221441945987, -22.694542180377255, 0.0 ], [ -53.102214043543256, -22.694543752392235, 0.0 ], [ -53.102213666727323, -22.694545324407159, 0.0 ], [ -53.102213289012013, -22.694546896422082, 0.0 ], [ -53.102212910397441, -22.694548467537686, 0.0 ], [ -53.102212530883548, -22.69455003865329, 0.0 ], [ -53.102212151369656, -22.694551609768951, 0.0 ], [ -53.102211770057124, -22.694553180884554, 0.0 ], [ -53.102211387845216, -22.694554751100839, 0.0 ], [ -53.102211004734045, -22.694556321317123, 0.0 ], [ -53.102210620723554, -22.694557891533407, 0.0 ], [ -53.102210234914367, -22.694559461749691, 0.0 ], [ -53.102209848205916, -22.694561031066712, 0.0 ], [ -53.10220946059809, -22.694562599484357, 0.0 ], [ -53.102209071191623, -22.694564168801321, 0.0 ], [ -53.102208679986575, -22.694565737218966, 0.0 ], [ -53.10220828698283, -22.694567304737291, 0.0 ], [ -53.102207893079765, -22.694568873154935, 0.0 ], [ -53.10220749737806, -22.694570439773941, 0.0 ], [ -53.102207099877717, -22.694572007292265, 0.0 ], [ -53.102206700578733, -22.694573573011951, 0.0 ], [ -53.102206298581791, -22.694575139630956, 0.0 ], [ -53.102205895685472, -22.694576704451322, 0.0 ], [ -53.102205490091251, -22.694578270171007, 0.0 ], [ -53.10220508359771, -22.694579834091996, 0.0 ], [ -53.102204673506833, -22.694581398013042, 0.0 ], [ -53.102204262516636, -22.694582961934088, 0.0 ], [ -53.102203847929218, -22.694584524955815, 0.0 ], [ -53.102203432442423, -22.694586087078221, 0.0 ], [ -53.102203013358348, -22.694587649200628, 0.0 ], [ -53.102202592475635, -22.694589210423658, 0.0 ], [ -53.102202168894962, -22.694590770747425, 0.0 ], [ -53.102201742616273, -22.694592331071192, 0.0 ], [ -53.102201313639682, -22.694593890495582, 0.0 ], [ -53.102200881965075, -22.69459544902071, 0.0 ], [ -53.102200448491885, -22.694597007545838, 0.0 ], [ -53.10220001142136, -22.694598565171589, 0.0 ], [ -53.102199571652875, -22.694600121898077, 0.0 ], [ -53.102199130085751, -22.694601677725188, 0.0 ], [ -53.102198684921348, -22.694603233552357, 0.0 ], [ -53.102198238857568, -22.694604788480149, 0.0 ], [ -53.102197789196566, -22.694606343407997, 0.0 ], [ -53.102197337736925, -22.69460789743647, 0.0 ], [ -53.102196884478587, -22.694609450565622, 0.0 ], [ -53.102196429421667, -22.694611003694831, 0.0 ], [ -53.102195971666731, -22.694612556823984, 0.0 ], [ -53.102195512113155, -22.694614109053873, 0.0 ], [ -53.10219505076094, -22.694615660384386, 0.0 ], [ -53.102194587610086, -22.694617211714899, 0.0 ], [ -53.102194122660592, -22.694618762146092, 0.0 ], [ -53.102193655912458, -22.694620312577342, 0.0 ], [ -53.102193188265005, -22.694621863008535, 0.0 ], [ -53.102192718818856, -22.694623412540409, 0.0 ], [ -53.102192247574123, -22.694624962072282, 0.0 ], [ -53.102191775430072, -22.694626511604156, 0.0 ], [ -53.102191301487323, -22.694628060236766, 0.0 ], [ -53.102190826645312, -22.69462960886932, 0.0 ], [ -53.102190350903925, -22.694631156602554, 0.0 ], [ -53.102189873363898, -22.694632705235108, 0.0 ], [ -53.102189394924608, -22.694634252968342, 0.0 ], [ -53.102188916485261, -22.694635799802256, 0.0 ], [ -53.102188436247275, -22.69463734753549, 0.0 ], [ -53.102187956009345, -22.694638894369461, 0.0 ], [ -53.10218747397272, -22.694640441203376, 0.0 ], [ -53.102186991936094, -22.69464198803729, 0.0 ], [ -53.102186509899468, -22.694643534871204, 0.0 ], [ -53.102186026963523, -22.694645081705119, 0.0 ], [ -53.102185543128257, -22.694646628539033, 0.0 ], [ -53.102185059292992, -22.694648174473627, 0.0 ], [ -53.102184575457727, -22.694649721307542, 0.0 ], [ -53.102184090723142, -22.694651267242136, 0.0 ], [ -53.102183605988557, -22.694652814076051, 0.0 ], [ -53.102183122153349, -22.694654360010645, 0.0 ], [ -53.102182637418764, -22.69465590594524, 0.0 ], [ -53.102182152684179, -22.694657452779154, 0.0 ], [ -53.102181668848914, -22.694658998713749, 0.0 ], [ -53.102181184114329, -22.69466054554772, 0.0 ], [ -53.102180700279064, -22.694662091482314, 0.0 ], [ -53.102180217343118, -22.694663638316229, 0.0 ], [ -53.102160638202861, -22.694728774413363, 0.0 ], [ -53.102160180447925, -22.694730327542516, 0.0 ], [ -53.102159721793669, -22.694731879772405, 0.0 ], [ -53.102159262240093, -22.694733432002238, 0.0 ], [ -53.102158802686574, -22.69473498423207, 0.0 ], [ -53.102158342233679, -22.69473653646196, 0.0 ], [ -53.102157880881464, -22.694738088691793, 0.0 ], [ -53.102157419529249, -22.694739640022306, 0.0 ], [ -53.102156956378394, -22.694741192252195, 0.0 ], [ -53.10215649322754, -22.694742743582708, 0.0 ], [ -53.102156029177365, -22.694744294013901, 0.0 ], [ -53.102155563328552, -22.694745845344414, 0.0 ], [ -53.102155097479738, -22.694747395775664, 0.0 ], [ -53.102154629832285, -22.694748946206857, 0.0 ], [ -53.102154161285455, -22.694750495738731, 0.0 ], [ -53.102153691839362, -22.694752046169924, 0.0 ], [ -53.10215322149395, -22.694753595701854, 0.0 ], [ -53.102152750249161, -22.694755144334408, 0.0 ], [ -53.102152278105109, -22.694756693866282, 0.0 ], [ -53.102151805061737, -22.694758242498835, 0.0 ], [ -53.102151331118989, -22.694759791131389, 0.0 ], [ -53.102150856276978, -22.694761339764, 0.0 ], [ -53.102150380535591, -22.694762887497234, 0.0 ], [ -53.102149903894883, -22.694764436129788, 0.0 ], [ -53.102149427254233, -22.694765983863022, 0.0 ], [ -53.102148949714206, -22.694767531596256, 0.0 ], [ -53.102148471274916, -22.69476907843017, 0.0 ], [ -53.102147992835569, -22.694770626163404, 0.0 ], [ -53.102147512597583, -22.694772172997318, 0.0 ], [ -53.102147033258916, -22.694773720730609, 0.0 ], [ -53.102146552121667, -22.694775267564523, 0.0 ], [ -53.102146071883681, -22.694776814398438, 0.0 ], [ -53.102145589847055, -22.694778361232352, 0.0 ], [ -53.102145108709749, -22.694779907166946, 0.0 ], [ -53.102144625773803, -22.694781454000861, 0.0 ], [ -53.102144143737178, -22.694782999935455, 0.0 ], [ -53.102143660801289, -22.69478454676937, 0.0 ], [ -53.102143177865344, -22.694786092703964, 0.0 ], [ -53.102142694030078, -22.694787639537878, 0.0 ], [ -53.102142211094133, -22.694789185472473, 0.0 ], [ -53.102141727258868, -22.694790731407068, 0.0 ], [ -53.102141243423603, -22.694792277341662, 0.0 ], [ -53.102140759588337, -22.694793823276257, 0.0 ], [ -53.102140275753072, -22.694795370110171, 0.0 ], [ -53.102139791917807, -22.694796916044822, 0.0 ], [ -53.102139308082542, -22.694798461979417, 0.0 ], [ -53.102138823347957, -22.694800007914012, 0.0 ], [ -53.102138339512692, -22.694801553848606, 0.0 ], [ -53.102137856576803, -22.694803099783201, 0.0 ], [ -53.102137372741538, -22.694804646617115, 0.0 ], [ -53.102136888906273, -22.69480619255171, 0.0 ], [ -53.102136405970327, -22.694807738486304, 0.0 ], [ -53.102135923034382, -22.694809285320218, 0.0 ], [ -53.102135440098436, -22.694810832154133, 0.0 ], [ -53.102134958061811, -22.694812378088727, 0.0 ], [ -53.102134476025185, -22.694813924922641, 0.0 ], [ -53.102133993988616, -22.694815471756556, 0.0 ], [ -53.10213351285131, -22.69481701859047, 0.0 ], [ -53.102133031714004, -22.694818565424384, 0.0 ], [ -53.102132551476018, -22.694820112258355, 0.0 ], [ -53.102132072137351, -22.69482165999159, 0.0 ], [ -53.102131592798742, -22.694823206825504, 0.0 ], [ -53.102131114359395, -22.694824754558738, 0.0 ], [ -53.102130635920048, -22.694826302291972, 0.0 ], [ -53.102130158380078, -22.694827850025206, 0.0 ], [ -53.10212968173937, -22.69482939775844, 0.0 ], [ -53.10212920599804, -22.694830946390994, 0.0 ], [ -53.102128730256652, -22.694832495023604, 0.0 ], [ -53.102128256313961, -22.694834043656158, 0.0 ], [ -53.102127782371213, -22.694835592288712, 0.0 ], [ -53.102127309327841, -22.694837141820585, 0.0 ], [ -53.102126838083052, -22.694838690453139, 0.0 ], [ -53.10212636683832, -22.694840239985069, 0.0 ], [ -53.102125896492907, -22.694841790416262, 0.0 ], [ -53.102125427946078, -22.694843339948136, 0.0 ], [ -53.102124959399305, -22.694844890379329, 0.0 ], [ -53.102124492651171, -22.694846441709899, 0.0 ], [ -53.102124026802358, -22.694847992141092, 0.0 ], [ -53.102123561852864, -22.694849543471605, 0.0 ], [ -53.102123098702009, -22.694851094802118, 0.0 ], [ -53.102122636450474, -22.694852647032008, 0.0 ], [ -53.102122175098259, -22.69485419926184, 0.0 ], [ -53.102121714645364, -22.694855751491673, 0.0 ], [ -53.102121255091788, -22.694857304620882, 0.0 ], [ -53.102120797336909, -22.694858856850715, 0.0 ], [ -53.102120339581973, -22.694860409979867, 0.0 ], [ -53.102119883625676, -22.694861964008396, 0.0 ], [ -53.102119427669436, -22.694863517137549, 0.0 ], [ -53.102118972612459, -22.694865071166078, 0.0 ], [ -53.102118517555482, -22.69486662519455, 0.0 ], [ -53.102118064297201, -22.694868179223022, 0.0 ], [ -53.102117610139544, -22.694869733251551, 0.0 ], [ -53.102117157780583, -22.694871288179343, 0.0 ], [ -53.102116704522246, -22.694872842207872, 0.0 ], [ -53.102116253062604, -22.694874396236344, 0.0 ], [ -53.102115800703587, -22.694875951164192, 0.0 ], [ -53.102115348344626, -22.694877506091984, 0.0 ], [ -53.102114896884927, -22.694879060120456, 0.0 ], [ -53.102114445425286, -22.694880615048305, 0.0 ], [ -53.102113993066268, -22.694882169976097, 0.0 ], [ -53.102113541606627, -22.694883724004626, 0.0 ], [ -53.102113089247609, -22.694885278932418, 0.0 ], [ -53.102112637787968, -22.694886832960947, 0.0 ], [ -53.102112184529631, -22.694888387888739, 0.0 ], [ -53.10211173217067, -22.694889941917268, 0.0 ], [ -53.102111278912332, -22.69489149594574, 0.0 ], [ -53.102110824754732, -22.694893049974212, 0.0 ], [ -53.102110370597075, -22.694894604002741, 0.0 ], [ -53.102109916439474, -22.694896158031213, 0.0 ], [ -53.102109460483177, -22.694897711160422, 0.0 ], [ -53.102109004526881, -22.694899265188894, 0.0 ], [ -53.102108547671321, -22.694900818318047, 0.0 ], [ -53.102108089916385, -22.694902370547936, 0.0 ], [ -53.102107631262129, -22.694903923677089, 0.0 ], [ -53.102107170809234, -22.694905475906921, 0.0 ], [ -53.102106710356338, -22.694907028136811, 0.0 ], [ -53.102106249004123, -22.694908579467324, 0.0 ], [ -53.102105785853269, -22.694910131697156, 0.0 ], [ -53.102105320903775, -22.694911682128406, 0.0 ], [ -53.102104855954281, -22.694913233458919, 0.0 ], [ -53.102104388306827, -22.694914783890113, 0.0 ], [ -53.102103920659374, -22.694916333421986, 0.0 ], [ -53.102103450313962, -22.694917882953916, 0.0 ], [ -53.102102979069173, -22.69491943248579, 0.0 ], [ -53.102102506025801, -22.694920981118344, 0.0 ], [ -53.102102031183733, -22.694922529750897, 0.0 ], [ -53.102101554543083, -22.694924077484131, 0.0 ], [ -53.102101076103736, -22.694925624318046, 0.0 ], [ -53.10210059586575, -22.69492717115196, 0.0 ], [ -53.102100113829124, -22.694928717086555, 0.0 ], [ -53.102099629993916, -22.694930263021149, 0.0 ], [ -53.102099143460634, -22.694931808056424, 0.0 ], [ -53.102098655128771, -22.694933353091699, 0.0 ], [ -53.102098164998267, -22.694934896328334, 0.0 ], [ -53.102097672169805, -22.69493643956497, 0.0 ], [ -53.102097177542646, -22.694937982801605, 0.0 ], [ -53.102096841196214, -22.69493902601522, 0.0 ] ] } },
{ "type": "Feature", "properties": { "Id": 0 }, "geometry": { "type": "LineString", "coordinates": [ [ -53.102226521636624, -22.694457180054769, 0.0 ], [ -53.102226170901019, -22.694458744875135, 0.0 ], [ -53.1022258057763, -22.694460369950093, 0.0 ], [ -53.102225440651523, -22.694461995024994, 0.0 ], [ -53.102225075526746, -22.694463619200633, 0.0 ], [ -53.102224710402027, -22.694465243376214, 0.0 ], [ -53.10222434437793, -22.694466868451173, 0.0 ], [ -53.102223977454571, -22.694468492626811, 0.0 ], [ -53.102223611430475, -22.694470116802393, 0.0 ], [ -53.102223243607739, -22.694471740978031, 0.0 ], [ -53.10222287668438, -22.694473365153613, 0.0 ], [ -53.102222507962324, -22.694474989329251, 0.0 ], [ -53.102222139240268, -22.69447661260557, 0.0 ], [ -53.10222177051827, -22.694478236781151, 0.0 ], [ -53.102221400896894, -22.69447986095679, 0.0 ], [ -53.102221031275519, -22.694481484233052, 0.0 ], [ -53.102220659855504, -22.69448310750937, 0.0 ], [ -53.102220289334866, -22.694484730785632, 0.0 ], [ -53.102219917015532, -22.694486354961271, 0.0 ], [ -53.102219544696197, -22.694487977338213, 0.0 ], [ -53.102219171477543, -22.694489600614531, 0.0 ], [ -53.102218797359569, -22.69449122389085, 0.0 ], [ -53.102218423241595, -22.694492846267792, 0.0 ], [ -53.102218048224302, -22.694494469544111, 0.0 ], [ -53.102217672307688, -22.694496091921053, 0.0 ], [ -53.102217295491755, -22.694497714298052, 0.0 ], [ -53.102216917776502, -22.694499336674994, 0.0 ], [ -53.10221653916193, -22.694500959051993, 0.0 ], [ -53.102216160547357, -22.694502580529615, 0.0 ], [ -53.102215781033408, -22.694504202906614, 0.0 ], [ -53.102215399720876, -22.694505824384237, 0.0 ], [ -53.102215018408344, -22.694507445861916, 0.0 ], [ -53.102214636196436, -22.694509067339538, 0.0 ], [ -53.102214252185945, -22.694510687917841, 0.0 ], [ -53.102213868175454, -22.69451230939552, 0.0 ], [ -53.102213482366267, -22.694513929973823, 0.0 ], [ -53.102213096557136, -22.694515550552183, 0.0 ], [ -53.10221270894931, -22.694517170231165, 0.0 ], [ -53.10221232044222, -22.694518790809525, 0.0 ], [ -53.102211930136434, -22.694520410488508, 0.0 ], [ -53.102211539830648, -22.694522030167491, 0.0 ], [ -53.102211147726223, -22.694523649846531, 0.0 ], [ -53.102210754722535, -22.694525268626194, 0.0 ], [ -53.10221035992015, -22.694526887405857, 0.0 ], [ -53.102209964218446, -22.694528506185577, 0.0 ], [ -53.102209567617422, -22.694530124065921, 0.0 ], [ -53.102209169217758, -22.694531742845584, 0.0 ], [ -53.102208769019455, -22.694533359826664, 0.0 ], [ -53.102208367921776, -22.694534977707008, 0.0 ], [ -53.102207965924833, -22.694536594688032, 0.0 ], [ -53.102207562129252, -22.694538211669112, 0.0 ], [ -53.10220715653503, -22.694539827750816, 0.0 ], [ -53.102206750041432, -22.69454144383252, 0.0 ], [ -53.102206341749252, -22.694543059914224, 0.0 ], [ -53.102205931658375, -22.694544675096608, 0.0 ], [ -53.102205519768859, -22.69454629027905, 0.0 ], [ -53.10220510698008, -22.694547904562114, 0.0 ], [ -53.102204692392604, -22.694549518845179, 0.0 ], [ -53.102204275107169, -22.694551133128243, 0.0 ], [ -53.102203856922415, -22.694552746511988, 0.0 ], [ -53.102203436939021, -22.694554359895733, 0.0 ], [ -53.102203016056308, -22.694555972380158, 0.0 ], [ -53.102202592475635, -22.694557584864583, 0.0 ], [ -53.102202167096266, -22.694559196449688, 0.0 ], [ -53.102201739918314, -22.694560808034794, 0.0 ], [ -53.102201310941723, -22.694562418720579, 0.0 ], [ -53.102200880166436, -22.694564029406365, 0.0 ], [ -53.102200446693246, -22.694565640092151, 0.0 ], [ -53.102200012320679, -22.694567248979297, 0.0 ], [ -53.102199575250154, -22.694568858765763, 0.0 ], [ -53.102199136380989, -22.694570466753589, 0.0 ], [ -53.102198695713184, -22.694572075640735, 0.0 ], [ -53.10219825414606, -22.694573683628562, 0.0 ], [ -53.102197809880977, -22.694575290717069, 0.0 ], [ -53.102197363817254, -22.694576897805518, 0.0 ], [ -53.102196916854211, -22.694578504894025, 0.0 ], [ -53.102196468092473, -22.694580111083212, 0.0 ], [ -53.102196017532151, -22.694581717272399, 0.0 ], [ -53.102195566072453, -22.694583322562266, 0.0 ], [ -53.102195112814172, -22.694584927852077, 0.0 ], [ -53.102194658656515, -22.694586533141944, 0.0 ], [ -53.102194202700275, -22.694588137532492, 0.0 ], [ -53.102193745844659, -22.694589741922982, 0.0 ], [ -53.102193288089723, -22.69459134631353, 0.0 ], [ -53.102192828536147, -22.694592949804758, 0.0 ], [ -53.102192368083251, -22.694594553295929, 0.0 ], [ -53.102191906731093, -22.694596156787156, 0.0 ], [ -53.102191444479558, -22.694597760278384, 0.0 ], [ -53.102190981328704, -22.694599362870235, 0.0 ], [ -53.10219051727853, -22.694600965462143, 0.0 ], [ -53.102190052329036, -22.694602568054052, 0.0 ], [ -53.102189586480165, -22.694604170645903, 0.0 ], [ -53.102189119732031, -22.694605772338491, 0.0 ], [ -53.102188652983898, -22.694607374930342, 0.0 ], [ -53.102188185336445, -22.694608976622931, 0.0 ], [ -53.102187717688992, -22.694610578315519, 0.0 ], [ -53.102187249142219, -22.69461218000805, 0.0 ], [ -53.102186779696069, -22.694613781700639, 0.0 ], [ -53.102186310249976, -22.69461538339317, 0.0 ], [ -53.102185840803884, -22.694616984186439, 0.0 ], [ -53.102185370458415, -22.69461858587897, 0.0 ], [ -53.102184900113002, -22.694620187571559, 0.0 ], [ -53.10218442976759, -22.694621788364771, 0.0 ], [ -53.102183959422121, -22.694623390057359, 0.0 ], [ -53.102183489076708, -22.694624990850627, 0.0 ], [ -53.102183018731296, -22.694626592543159, 0.0 ], [ -53.102182548385883, -22.694628193336428, 0.0 ], [ -53.102182078040414, -22.694629795028959, 0.0 ], [ -53.102181607695002, -22.694631395822228, 0.0 ], [ -53.102181137349589, -22.694632997514759, 0.0 ], [ -53.10218066790344, -22.694634599207347, 0.0 ], [ -53.102180198457347, -22.694636200899879, 0.0 ], [ -53.102179729011254, -22.694637802592467, 0.0 ], [ -53.102179260464482, -22.694639404285056, 0.0 ], [ -53.102178792816972, -22.694641005977587, 0.0 ], [ -53.102178325169518, -22.694642607670175, 0.0 ], [ -53.102177857522065, -22.694644210262027, 0.0 ], [ -53.102177391673251, -22.694645811954615, 0.0 ], [ -53.102176925824438, -22.694647414546523, 0.0 ], [ -53.102176460874944, -22.694649017138374, 0.0 ], [ -53.102175996824769, -22.694650619730282, 0.0 ], [ -53.102175533673915, -22.694652223221453, 0.0 ], [ -53.10217507142238, -22.694653825813361, 0.0 ], [ -53.102174609170845, -22.694655429304589, 0.0 ], [ -53.10217414871795, -22.69465703369508, 0.0 ], [ -53.102173688265054, -22.694658637186308, 0.0 ], [ -53.102173228711479, -22.694660240677536, 0.0 ], [ -53.102172770057223, -22.694661845068026, 0.0 ], [ -53.102172311403024, -22.694663449458574, 0.0 ], [ -53.102171853648088, -22.694665053849121, 0.0 ], [ -53.102171396792471, -22.694666658239669, 0.0 ], [ -53.102170939936912, -22.694668262630159, 0.0 ], [ -53.102170483980615, -22.694669867920027, 0.0 ], [ -53.102170028024318, -22.694671472310574, 0.0 ], [ -53.102169572967398, -22.694673077600385, 0.0 ], [ -53.102169117910421, -22.694674681990932, 0.0 ], [ -53.102168663752764, -22.694676287280799, 0.0 ], [ -53.102168209595163, -22.694677892570667, 0.0 ], [ -53.102167755437506, -22.694679497860477, 0.0 ], [ -53.102167302179225, -22.694681103150344, 0.0 ], [ -53.102166848021568, -22.694682708440212, 0.0 ], [ -53.102166394763287, -22.694684313730022, 0.0 ], [ -53.10216594150495, -22.694685919019889, 0.0 ], [ -53.102165489145989, -22.694687525209076, 0.0 ], [ -53.102165035887651, -22.694689130498944, 0.0 ], [ -53.102164582629371, -22.694690735788754, 0.0 ], [ -53.102164130270353, -22.694692341078621, 0.0 ], [ -53.102163677012015, -22.694693946368488, 0.0 ], [ -53.102163224653054, -22.694695552557675, 0.0 ], [ -53.102162771394717, -22.694697157847486, 0.0 ], [ -53.102162318136436, -22.694698763137353, 0.0 ], [ -53.102161864878099, -22.69470036842722, 0.0 ], [ -53.102161411619818, -22.694701973717088, 0.0 ], [ -53.10216095836148, -22.694703579006898, 0.0 ], [ -53.10216050420388, -22.694705184296765, 0.0 ], [ -53.102160050046223, -22.694706789586633, 0.0 ], [ -53.102159594989303, -22.6947083948765, 0.0 ], [ -53.102159140831645, -22.694709999266991, 0.0 ], [ -53.102158685774668, -22.694711604556858, 0.0 ], [ -53.102158229818428, -22.694713208947405, 0.0 ], [ -53.102157773862132, -22.694714814237216, 0.0 ], [ -53.102157317006515, -22.694716418627763, 0.0 ], [ -53.102156860150956, -22.694718023018311, 0.0 ], [ -53.10215640239602, -22.694719627408858, 0.0 ], [ -53.102155944641083, -22.694721230900029, 0.0 ], [ -53.102155485986827, -22.694722835290577, 0.0 ], [ -53.102155026433309, -22.694724438781805, 0.0 ], [ -53.102154566879733, -22.694726042272976, 0.0 ], [ -53.102154105527518, -22.694727645764203, 0.0 ], [ -53.102153644175303, -22.694729249255431, 0.0 ], [ -53.102153181923768, -22.694730852746602, 0.0 ], [ -53.102152718772913, -22.69473245533851, 0.0 ], [ -53.102152254722739, -22.694734057930361, 0.0 ], [ -53.102151790672565, -22.694735660522269, 0.0 ], [ -53.102151324823751, -22.694737262214858, 0.0 ], [ -53.102150858075618, -22.694738864806709, 0.0 ], [ -53.102150390428108, -22.694740466499297, 0.0 ], [ -53.102149921881335, -22.694742068191829, 0.0 ], [ -53.102149452435242, -22.694743668985097, 0.0 ], [ -53.10214898208983, -22.694745270677629, 0.0 ], [ -53.102148510845041, -22.694746871470898, 0.0 ], [ -53.102148039600308, -22.69474847136479, 0.0 ], [ -53.102147566556937, -22.694750072158058, 0.0 ], [ -53.102147092614189, -22.694751672052007, 0.0 ], [ -53.102146617772178, -22.694753271945899, 0.0 ], [ -53.10214614203079, -22.694754871839791, 0.0 ], [ -53.102145666289402, -22.69475647173374, 0.0 ], [ -53.102145188749432, -22.694758070728312, 0.0 ], [ -53.102144710310085, -22.694759669722941, 0.0 ], [ -53.102144231870739, -22.694761268717514, 0.0 ], [ -53.102143752532129, -22.694762867712143, 0.0 ], [ -53.102143271394823, -22.694764465807395, 0.0 ], [ -53.102142790257517, -22.694766064802025, 0.0 ], [ -53.102142308220891, -22.694767662897277, 0.0 ], [ -53.102141825284946, -22.69476926009321, 0.0 ], [ -53.102141341449681, -22.694770858188519, 0.0 ], [ -53.102140856715096, -22.694772455384452, 0.0 ], [ -53.102140371980568, -22.694774052580442, 0.0 ], [ -53.102139885447286, -22.694775649776375, 0.0 ], [ -53.102139398914062, -22.694777246972308, 0.0 ], [ -53.102138911481518, -22.694778843268978, 0.0 ], [ -53.102138423149654, -22.694780439565591, 0.0 ], [ -53.10213793391847, -22.694782035862204, 0.0 ], [ -53.102137443787967, -22.694783632158874, 0.0 ], [ -53.102136953657464, -22.694785228455487, 0.0 ], [ -53.102136462627584, -22.69478682385278, 0.0 ], [ -53.102135970698441, -22.694788419250131, 0.0 ], [ -53.102135477869979, -22.694790014647424, 0.0 ], [ -53.10213498414214, -22.694791610044717, 0.0 ], [ -53.102134490414358, -22.694793205442011, 0.0 ], [ -53.102133995787256, -22.694794799940041, 0.0 ], [ -53.102133500260777, -22.694796394438015, 0.0 ], [ -53.102133003835036, -22.694797988935989, 0.0 ], [ -53.102132507409237, -22.694799583433962, 0.0 ], [ -53.102132010084176, -22.694801177931993, 0.0 ], [ -53.102131511859739, -22.694802771530647, 0.0 ], [ -53.102131013635358, -22.694804365129301, 0.0 ], [ -53.102130513612281, -22.694805958727954, 0.0 ], [ -53.102130013589203, -22.694807552326608, 0.0 ], [ -53.102129513566183, -22.694809145925319, 0.0 ], [ -53.102129012643786, -22.694810739523973, 0.0 ], [ -53.10212851082207, -22.694812332223307, 0.0 ], [ -53.102128008101033, -22.694813924922641, 0.0 ], [ -53.102127505380054, -22.694815517621976, 0.0 ], [ -53.102127001759698, -22.694817110321367, 0.0 ], [ -53.102126497240022, -22.694818703020701, 0.0 ], [ -53.102125992720346, -22.694820294820715, 0.0 ], [ -53.10212548730135, -22.69482188662073, 0.0 ], [ -53.102124981882355, -22.694823479320064, 0.0 ], [ -53.10212447556404, -22.694825071120079, 0.0 ], [ -53.102123968346405, -22.694826662020773, 0.0 ], [ -53.10212346112877, -22.694828253820788, 0.0 ], [ -53.102122953011815, -22.694829845620859, 0.0 ], [ -53.10212244399554, -22.694831436521554, 0.0 ], [ -53.102121934979266, -22.694833027422249, 0.0 ], [ -53.102121425962991, -22.694834618322943, 0.0 ], [ -53.102120916047397, -22.694836209223638, 0.0 ], [ -53.102120405232483, -22.694837800124333, 0.0 ], [ -53.102119894417569, -22.694839391025027, 0.0 ], [ -53.102119382703336, -22.694840981026402, 0.0 ], [ -53.102118870989045, -22.694842571027777, 0.0 ], [ -53.102118358375492, -22.694844161928472, 0.0 ], [ -53.102117845761938, -22.694845751929847, 0.0 ], [ -53.102117332249065, -22.694847341931222, 0.0 ], [ -53.102116818736135, -22.694848931033277, 0.0 ], [ -53.102116304323943, -22.694850521034653, 0.0 ], [ -53.10211578991175, -22.694852110136708, 0.0 ], [ -53.10211527460018, -22.694853700138083, 0.0 ], [ -53.102114759288668, -22.694855289240138, 0.0 ], [ -53.102114243077835, -22.694856878342193, 0.0 ], [ -53.102113726866946, -22.694858467444249, 0.0 ], [ -53.102113209756794, -22.694860056546304, 0.0 ], [ -53.102112692646585, -22.694861645648359, 0.0 ], [ -53.102112175536433, -22.694863234750414, 0.0 ], [ -53.102111657526905, -22.69486482295315, 0.0 ], [ -53.102111139517433, -22.694866412055205, 0.0 ], [ -53.102110621507961, -22.694868000257941, 0.0 ], [ -53.102110102599113, -22.694869588460676, 0.0 ], [ -53.102109582790945, -22.694871176663412, 0.0 ], [ -53.102109062982834, -22.694872764866147, 0.0 ], [ -53.102108543174666, -22.694874353068883, 0.0 ], [ -53.102108023366554, -22.694875941271619, 0.0 ], [ -53.102107502659067, -22.694877528575034, 0.0 ], [ -53.102106981951636, -22.69487911677777, 0.0 ], [ -53.102106460344828, -22.694880704081186, 0.0 ], [ -53.10210593963734, -22.694882292283921, 0.0 ], [ -53.10210541713127, -22.694883879587337, 0.0 ], [ -53.102104895524462, -22.694885466890753, 0.0 ], [ -53.102104373018335, -22.694887054194169, 0.0 ], [ -53.102103850512265, -22.694888641497585, 0.0 ], [ -53.102103328006137, -22.694890228801, 0.0 ], [ -53.10210280460069, -22.694891816104359, 0.0 ], [ -53.1021022811953, -22.694893403407775, 0.0 ], [ -53.102101757789853, -22.694894989811871, 0.0 ], [ -53.102101234384406, -22.694896577115287, 0.0 ], [ -53.10210071007964, -22.694898163519383, 0.0 ], [ -53.10210018577493, -22.694899750822799, 0.0 ], [ -53.102099661470163, -22.694901337226895, 0.0 ], [ -53.102099136266077, -22.694902924530311, 0.0 ], [ -53.10209861196131, -22.694904510934407, 0.0 ], [ -53.10209808675728, -22.694906097338503, 0.0 ], [ -53.102097561553194, -22.694907683742542, 0.0 ], [ -53.102097036349107, -22.694909270146638, 0.0 ], [ -53.102096511145021, -22.694910856550734, 0.0 ], [ -53.102095985940934, -22.694912442954831, 0.0 ], [ -53.102095460736905, -22.694914029358927, 0.0 ], [ -53.102094934633499, -22.694915615763023, 0.0 ], [ -53.102094409429412, -22.694917202167119, 0.0 ], [ -53.102093883326006, -22.694918788571215, 0.0 ], [ -53.10209335812192, -22.694920374975254, 0.0 ], [ -53.10209283291789, -22.69492196137935, 0.0 ], [ -53.102092306814484, -22.694923546884127, 0.0 ], [ -53.102091781610397, -22.694925133288223, 0.0 ], [ -53.102091256406311, -22.694926719692319, 0.0 ], [ -53.102090731202225, -22.694928306096415, 0.0 ], [ -53.102090205998195, -22.694929892500511, 0.0 ], [ -53.102089680794109, -22.694931478904607, 0.0 ], [ -53.102089155590022, -22.694933065308646, 0.0 ], [ -53.102088631285255, -22.694934651712742, 0.0 ], [ -53.102088106081169, -22.694936239016158, 0.0 ], [ -53.102087917223571, -22.694936810085665, 0.0 ] ] } },
{ "type": "Feature", "properties": { "Id": 0 }, "geometry": { "type": "LineString", "coordinates": [ [ -53.102212295261154, -22.694453647517776, 0.0 ], [ -53.102198399836254, -22.69451625562067, 0.0 ], [ -53.10216485962053, -22.694644188678296, 0.0 ], [ -53.102164392872396, -22.694646061966125, 0.0 ], [ -53.102163924325623, -22.694647935253954, 0.0 ], [ -53.102163454879474, -22.694649807642463, 0.0 ], [ -53.102162984534061, -22.694651680930292, 0.0 ], [ -53.102162512390009, -22.694653553318801, 0.0 ], [ -53.102162039346581, -22.694655424807991, 0.0 ], [ -53.10216156540389, -22.694657296297123, 0.0 ], [ -53.102161088763182, -22.694659167786313, 0.0 ], [ -53.102160612122532, -22.694661038376182, 0.0 ], [ -53.102160132783865, -22.694662908966052, 0.0 ], [ -53.102159652545879, -22.694664779555865, 0.0 ], [ -53.102159170509253, -22.694666649246415, 0.0 ], [ -53.102158686673988, -22.694668518936965, 0.0 ], [ -53.102158201939403, -22.694670387728138, 0.0 ], [ -53.102157714506859, -22.694672256519368, 0.0 ], [ -53.102157225275676, -22.694674124411279, 0.0 ], [ -53.102156735145172, -22.694675992303132, 0.0 ], [ -53.10215624231671, -22.694677859295723, 0.0 ], [ -53.102155747689551, -22.694679725388994, 0.0 ], [ -53.10215525126381, -22.694681592381528, 0.0 ], [ -53.102154752140052, -22.694683457575479, 0.0 ], [ -53.102154252116975, -22.694685322769374, 0.0 ], [ -53.102153748496676, -22.694687187064005, 0.0 ], [ -53.102153243977, -22.69468905135858, 0.0 ], [ -53.102152736759365, -22.694690914753892, 0.0 ], [ -53.102152226843771, -22.694692778149147, 0.0 ], [ -53.10215171423016, -22.694694640645082, 0.0 ], [ -53.102151199817968, -22.694696502241754, 0.0 ], [ -53.102150683607135, -22.69469836383837, 0.0 ], [ -53.102150163798967, -22.694700223636346, 0.0 ], [ -53.102149642192217, -22.694702083434379, 0.0 ], [ -53.10214911698813, -22.694703943232355, 0.0 ], [ -53.102148589985404, -22.694705801231692, 0.0 ], [ -53.102148060284719, -22.694707659231028, 0.0 ], [ -53.102147526986755, -22.694709516331045, 0.0 ], [ -53.102146991890095, -22.694711373431119, 0.0 ], [ -53.102146453196212, -22.694713228732496, 0.0 ], [ -53.102145911804371, -22.694715084033874, 0.0 ], [ -53.102145368613833, -22.694716938435931, 0.0 ], [ -53.102144822725336, -22.694718792837989, 0.0 ], [ -53.10214427323956, -22.694720645441407, 0.0 ], [ -53.102143721955144, -22.694722498044825, 0.0 ], [ -53.10214316887209, -22.694724350648244, 0.0 ], [ -53.102142612191756, -22.694726201452966, 0.0 ], [ -53.102142054612102, -22.694728052257744, 0.0 ], [ -53.102141493435113, -22.694729903062523, 0.0 ], [ -53.102140930459541, -22.694731752967982, 0.0 ], [ -53.102140365685273, -22.694733601974121, 0.0 ], [ -53.102139799112422, -22.694735450080884, 0.0 ], [ -53.102139229841555, -22.694737298187704, 0.0 ], [ -53.102138658772049, -22.694739146294523, 0.0 ], [ -53.102138085903903, -22.694740993502023, 0.0 ], [ -53.102137510337798, -22.694742839810147, 0.0 ], [ -53.102136933872373, -22.694744686118327, 0.0 ], [ -53.102136355608309, -22.694746532426507, 0.0 ], [ -53.102135775545548, -22.69474837783531, 0.0 ], [ -53.102135193684205, -22.694750222344851, 0.0 ], [ -53.102134610024166, -22.694752066854335, 0.0 ], [ -53.102134025464863, -22.694753911363875, 0.0 ], [ -53.102133439106865, -22.69475575497404, 0.0 ], [ -53.102132850950284, -22.69475759858426, 0.0 ], [ -53.102132261894326, -22.694759441295162, 0.0 ], [ -53.102131671039729, -22.694761284006006, 0.0 ], [ -53.102131079285812, -22.694763126716907, 0.0 ], [ -53.102130485733312, -22.694764968528432, 0.0 ], [ -53.102129892180756, -22.694766810339956, 0.0 ], [ -53.10212929682956, -22.694768652151538, 0.0 ], [ -53.102128699679724, -22.694770493963063, 0.0 ], [ -53.102128102529889, -22.694772334875324, 0.0 ], [ -53.102127504480734, -22.694774175787529, 0.0 ], [ -53.102126904632883, -22.694776015800471, 0.0 ], [ -53.102126304785088, -22.694777856712676, 0.0 ], [ -53.102125704037974, -22.694779696725561, 0.0 ], [ -53.10212510239154, -22.694781536738503, 0.0 ], [ -53.102124499845729, -22.694783376751388, 0.0 ], [ -53.102123897299975, -22.694785216764274, 0.0 ], [ -53.102123293854902, -22.694787055877896, 0.0 ], [ -53.102122689510452, -22.694788895890781, 0.0 ], [ -53.102122085166059, -22.694790735004347, 0.0 ], [ -53.102121480821666, -22.694792574117969, 0.0 ], [ -53.102120875577896, -22.694794413231534, 0.0 ], [ -53.102120270334183, -22.6947962523451, 0.0 ], [ -53.102119664191093, -22.694798091458722, 0.0 ], [ -53.10211905894738, -22.694799930572287, 0.0 ], [ -53.102118452804291, -22.694801769685853, 0.0 ], [ -53.102117846661258, -22.694803608799475, 0.0 ], [ -53.102117240518169, -22.694805447013721, 0.0 ], [ -53.102116634375136, -22.694807286127286, 0.0 ], [ -53.102116029131423, -22.694809125240909, 0.0 ], [ -53.102115422988334, -22.694810964354474, 0.0 ], [ -53.102114817744621, -22.694812803468039, 0.0 ], [ -53.102114212500851, -22.694814642581662, 0.0 ], [ -53.102113607257138, -22.694816481695227, 0.0 ], [ -53.102113002912688, -22.694818321708112, 0.0 ], [ -53.102112398568295, -22.694820160821735, 0.0 ], [ -53.102111795123221, -22.6948219999353, 0.0 ], [ -53.102111191678091, -22.694823839948185, 0.0 ], [ -53.102110589132337, -22.694825679961127, 0.0 ], [ -53.102109987485903, -22.694827519974012, 0.0 ], [ -53.102109385839469, -22.694829359986954, 0.0 ], [ -53.102108785092298, -22.694831200899159, 0.0 ], [ -53.102108185244504, -22.694833040912044, 0.0 ], [ -53.102107586296029, -22.694834881824306, 0.0 ], [ -53.102106988246874, -22.694836722736511, 0.0 ], [ -53.102106390197719, -22.694838563648773, 0.0 ], [ -53.102105793047883, -22.694840405460297, 0.0 ], [ -53.102105195898048, -22.694842246372502, 0.0 ], [ -53.102104600546852, -22.694844088184084, 0.0 ], [ -53.102104004296336, -22.694845929096289, 0.0 ], [ -53.10210340894514, -22.69484777090787, 0.0 ], [ -53.102102814493264, -22.694849612719395, 0.0 ], [ -53.102102220041388, -22.694851454530976, 0.0 ], [ -53.102101625589512, -22.694853297241821, 0.0 ], [ -53.102101032036956, -22.694855139053402, 0.0 ], [ -53.102100438484399, -22.694856980864927, 0.0 ], [ -53.102099845831162, -22.694858823575828, 0.0 ], [ -53.102099252278606, -22.694860665387353, 0.0 ], [ -53.102098659625426, -22.694862508098197, 0.0 ], [ -53.102098066972189, -22.694864349909778, 0.0 ], [ -53.102097475218272, -22.694866192620623, 0.0 ], [ -53.102096882565036, -22.694868034432204, 0.0 ], [ -53.102096289911799, -22.694869877143049, 0.0 ], [ -53.102095698157882, -22.69487171985395, 0.0 ], [ -53.102095105504702, -22.694873561665474, 0.0 ], [ -53.102094512851465, -22.694875404376376, 0.0 ], [ -53.102093921097548, -22.6948772461879, 0.0 ], [ -53.102093328444312, -22.694879088898801, 0.0 ], [ -53.102092735791075, -22.694880930710326, 0.0 ], [ -53.102092143137838, -22.694882772521908, 0.0 ], [ -53.102091549585282, -22.694884615232752, 0.0 ], [ -53.102090956932102, -22.694886457044333, 0.0 ], [ -53.102090363379546, -22.694888298855858, 0.0 ], [ -53.102089768927669, -22.694890140667439, 0.0 ], [ -53.102089175375113, -22.694891982478964, 0.0 ], [ -53.102088580923237, -22.694893823391169, 0.0 ], [ -53.102087985572041, -22.69489566520275, 0.0 ], [ -53.102087390220845, -22.694897506114955, 0.0 ], [ -53.102086794869649, -22.694899347926537, 0.0 ], [ -53.102086198619133, -22.694901188838742, 0.0 ], [ -53.102085601469298, -22.694903029751003, 0.0 ], [ -53.102085004319463, -22.694904869763889, 0.0 ], [ -53.102084406270308, -22.694906710676094, 0.0 ], [ -53.102083807321833, -22.694908550689036, 0.0 ], [ -53.102083208373301, -22.694910390701921, 0.0 ], [ -53.102082608525507, -22.694912230714806, 0.0 ], [ -53.102082007778392, -22.694914070727748, 0.0 ], [ -53.102081406131958, -22.694915909841313, 0.0 ], [ -53.102080803586148, -22.694917748954879, 0.0 ], [ -53.102080201040394, -22.694919588068501, 0.0 ], [ -53.102079596696001, -22.694921427182067, 0.0 ], [ -53.102078992351551, -22.694923265396312, 0.0 ], [ -53.102078386208518, -22.694925103610615, 0.0 ], [ -53.102077779166109, -22.69492694182486, 0.0 ], [ -53.102077172123757, -22.694928779139786, 0.0 ], [ -53.102076563282708, -22.694930616454712, 0.0 ], [ -53.102075953542396, -22.694932453769695, 0.0 ], [ -53.102075528163027, -22.694933733504968, 0.0 ] ] } },
{ "type": "Feature", "properties": { "Id": 0 }, "geometry": { "type": "LineString", "coordinates": [ [ -53.102203549354272, -22.694451475655057, 0.0 ], [ -53.102203498992253, -22.694451704082837, 0.0 ], [ -53.10220316714242, -22.694453220339824, 0.0 ], [ -53.102202834393267, -22.694454736596754, 0.0 ], [ -53.102202501644115, -22.69445625285374, 0.0 ], [ -53.102202167995642, -22.694457769110727, 0.0 ], [ -53.102201834347113, -22.694459284468337, 0.0 ], [ -53.102201500698641, -22.694460800725324, 0.0 ], [ -53.102201166150849, -22.694462316082991, 0.0 ], [ -53.102200830703737, -22.694463831440601, 0.0 ], [ -53.102200495256625, -22.694465346798268, 0.0 ], [ -53.102200158910136, -22.694466862155934, 0.0 ], [ -53.102199821664385, -22.694468377513545, 0.0 ], [ -53.102199484418634, -22.694469892871211, 0.0 ], [ -53.102199146273563, -22.694471407329559, 0.0 ], [ -53.102198807229115, -22.694472922687169, 0.0 ], [ -53.102198467285405, -22.694474437145516, 0.0 ], [ -53.102198127341637, -22.694475951603863, 0.0 ], [ -53.102197785599287, -22.694477466062153, 0.0 ], [ -53.10219744385688, -22.694478979621181, 0.0 ], [ -53.102197101215211, -22.694480494079471, 0.0 ], [ -53.102196757674164, -22.694482007638499, 0.0 ], [ -53.102196412334536, -22.694483521197526, 0.0 ], [ -53.10219606699485, -22.694485034756497, 0.0 ], [ -53.102195720755844, -22.694486547416204, 0.0 ], [ -53.102195372718256, -22.694488060075855, 0.0 ], [ -53.102195023781292, -22.694489572735563, 0.0 ], [ -53.102194673945007, -22.694491085395214, 0.0 ], [ -53.102194323209403, -22.694492598054921, 0.0 ], [ -53.102193971574479, -22.694494109815253, 0.0 ], [ -53.102193618140916, -22.694495621575641, 0.0 ], [ -53.102193263808033, -22.694497133335972, 0.0 ], [ -53.10219290767651, -22.69449864419704, 0.0 ], [ -53.102192550645668, -22.694500155058051, 0.0 ], [ -53.102192192715506, -22.69450166591912, 0.0 ], [ -53.102191832986648, -22.694503176780131, 0.0 ], [ -53.102191471459207, -22.69450468674188, 0.0 ], [ -53.10219110903239, -22.694506196703571, 0.0 ], [ -53.102190745706309, -22.694507705765943, 0.0 ], [ -53.102190380581533, -22.694509215727692, 0.0 ], [ -53.102190013658173, -22.694510724790064, 0.0 ], [ -53.102189644936118, -22.694512232953116, 0.0 ], [ -53.102189275314743, -22.694513741116225, 0.0 ], [ -53.102188903894785, -22.694515249279277, 0.0 ], [ -53.102188530676131, -22.69451675654301, 0.0 ], [ -53.102188156558157, -22.694518263806799, 0.0 ], [ -53.102187780641543, -22.694519771070532, 0.0 ], [ -53.10218740382561, -22.694521278334264, 0.0 ], [ -53.102187025210981, -22.694522784698734, 0.0 ], [ -53.102186645697088, -22.694524291063146, 0.0 ], [ -53.102186265283876, -22.694525796528239, 0.0 ], [ -53.102185883072025, -22.694527302892652, 0.0 ], [ -53.102185499960797, -22.694528808357802, 0.0 ], [ -53.102185116849626, -22.694530313822895, 0.0 ], [ -53.102184731939758, -22.694531819287988, 0.0 ], [ -53.102184346130628, -22.694533323853761, 0.0 ], [ -53.102183959422121, -22.694534828419535, 0.0 ], [ -53.10218357271367, -22.694536332985308, 0.0 ], [ -53.102183184206524, -22.694537837551138, 0.0 ], [ -53.102182795699434, -22.694539342116911, 0.0 ], [ -53.102182407192288, -22.694540846682685, 0.0 ], [ -53.102182017785879, -22.694542351248458, 0.0 ], [ -53.102181627480093, -22.694543854914912, 0.0 ], [ -53.102181237174307, -22.694545358581365, 0.0 ], [ -53.102180845969201, -22.694546863147195, 0.0 ], [ -53.102180454764152, -22.694548366813649, 0.0 ], [ -53.102180063559047, -22.694549870480103, 0.0 ], [ -53.102179671454621, -22.694551374146556, 0.0 ], [ -53.102179280249516, -22.69455287781301, 0.0 ], [ -53.102178888145147, -22.694554381479463, 0.0 ], [ -53.102178496040722, -22.694555886045237, 0.0 ], [ -53.102178104835616, -22.694557389711747, 0.0 ], [ -53.102177712731191, -22.694558893378201, 0.0 ], [ -53.102177321526142, -22.694560397044654, 0.0 ], [ -53.102176930321036, -22.694561900711108, 0.0 ], [ -53.102176539115931, -22.694563405276881, 0.0 ], [ -53.102176148810202, -22.694564908943335, 0.0 ], [ -53.102175758504416, -22.694566412609788, 0.0 ], [ -53.10217536819863, -22.694567917175618, 0.0 ], [ -53.10217497879222, -22.694569421741392, 0.0 ], [ -53.102174590285074, -22.694570926307165, 0.0 ], [ -53.102174201777927, -22.694572430872938, 0.0 ], [ -53.102173814170158, -22.694573935438711, 0.0 ], [ -53.102173427461651, -22.694575440004485, 0.0 ], [ -53.10217304165252, -22.694576945469635, 0.0 ], [ -53.102172655843333, -22.694578450035408, 0.0 ], [ -53.102172271832842, -22.694579955500501, 0.0 ], [ -53.102171888721671, -22.694581460965594, 0.0 ], [ -53.102171505610443, -22.694582967330007, 0.0 ], [ -53.102171123398591, -22.694584472795157, 0.0 ], [ -53.102170742086059, -22.694585979159569, 0.0 ], [ -53.10217036167279, -22.694587484624662, 0.0 ], [ -53.102169981259578, -22.694588990989075, 0.0 ], [ -53.102169601745686, -22.694590498252865, 0.0 ], [ -53.102169223131114, -22.694592004617277, 0.0 ], [ -53.102168844516541, -22.69459351098169, 0.0 ], [ -53.102168466801288, -22.694595018245423, 0.0 ], [ -53.102168089085978, -22.694596524609892, 0.0 ], [ -53.102167712270045, -22.694598031873625, 0.0 ], [ -53.102167335454112, -22.694599539137357, 0.0 ], [ -53.102166958638179, -22.694601045501827, 0.0 ], [ -53.102166582721566, -22.694602552765559, 0.0 ], [ -53.102166206804952, -22.694604060029292, 0.0 ], [ -53.102165831787659, -22.694605567293024, 0.0 ], [ -53.102165455871045, -22.694607074556814, 0.0 ], [ -53.102165080853752, -22.694608581820546, 0.0 ], [ -53.102164704937138, -22.694610089084279, 0.0 ], [ -53.102164329919844, -22.694611596348068, 0.0 ], [ -53.102163954902551, -22.6946131036118, 0.0 ], [ -53.102163579885257, -22.694614611774853, 0.0 ], [ -53.102163204867963, -22.694616119038642, 0.0 ], [ -53.10216282895135, -22.694617626302374, 0.0 ], [ -53.102162453934056, -22.694619133566107, 0.0 ], [ -53.102162078017443, -22.694620640829839, 0.0 ], [ -53.10216170210083, -22.694622148093629, 0.0 ], [ -53.102161326184216, -22.694623654458042, 0.0 ], [ -53.102160949368283, -22.694625161721774, 0.0 ], [ -53.10216057345167, -22.694626668985563, 0.0 ], [ -53.102160195736417, -22.694628176249296, 0.0 ], [ -53.102159818920484, -22.694629682613709, 0.0 ], [ -53.102159441205231, -22.694631189877441, 0.0 ], [ -53.102159062590601, -22.694632696241911, 0.0 ], [ -53.102158683976029, -22.694634202606323, 0.0 ], [ -53.102158304462137, -22.694635708970736, 0.0 ], [ -53.102157924048925, -22.694637215335149, 0.0 ], [ -53.102157543635712, -22.694638721699619, 0.0 ], [ -53.102157162323124, -22.694640227164712, 0.0 ], [ -53.102156781010592, -22.694641733529124, 0.0 ], [ -53.102156397899421, -22.694643238994217, 0.0 ], [ -53.102156014788193, -22.694644744459367, 0.0 ], [ -53.102155629878382, -22.69464624992446, 0.0 ], [ -53.102155244968515, -22.694647754490234, 0.0 ], [ -53.102154859159384, -22.694649259955327, 0.0 ], [ -53.102154472450877, -22.6946507645211, 0.0 ], [ -53.102154084843107, -22.69465226908693, 0.0 ], [ -53.102153695436641, -22.694653773652703, 0.0 ], [ -53.102153306030232, -22.694655277319157, 0.0 ], [ -53.102152914825126, -22.694656780985611, 0.0 ], [ -53.102152522720701, -22.694658284652064, 0.0 ], [ -53.102152129716956, -22.694659788318518, 0.0 ], [ -53.102151734914571, -22.694661291085652, 0.0 ], [ -53.102151340112243, -22.694662793852785, 0.0 ], [ -53.102150942611843, -22.694664296619976, 0.0 ], [ -53.102150545111499, -22.69466579848779, 0.0 ], [ -53.102150144913196, -22.694667301254924, 0.0 ], [ -53.102149744714893, -22.694668802223418, 0.0 ], [ -53.102149341818631, -22.694670304091233, 0.0 ], [ -53.102148938023049, -22.694671805059727, 0.0 ], [ -53.102148533328091, -22.694673306028221, 0.0 ], [ -53.10214812683455, -22.694674806097396, 0.0 ], [ -53.102147719441632, -22.694676306166571, 0.0 ], [ -53.102147309350812, -22.694677806235745, 0.0 ], [ -53.102146899259935, -22.6946793054056, 0.0 ], [ -53.102146486471156, -22.694680804575398, 0.0 ], [ -53.102146072783, -22.694682302845933, 0.0 ], [ -53.102145658195525, -22.694683801116469, 0.0 ], [ -53.10214524180941, -22.694685299387004, 0.0 ], [ -53.102144823624656, -22.694686797657539, 0.0 ], [ -53.102144403641262, -22.694688295028755, 0.0 ], [ -53.102143982758548, -22.69468979150065, 0.0 ], [ -53.102143560077195, -22.694691287972489, 0.0 ], [ -53.102143136496522, -22.694692784444385, 0.0 ], [ -53.10214271111721, -22.694694280916281, 0.0 ], [ -53.102142283939202, -22.694695776488857, 0.0 ], [ -53.102141854962611, -22.694697271162113, 0.0 ], [ -53.102141425086643, -22.694698765835312, 0.0 ], [ -53.102140993412092, -22.694700260508569, 0.0 ], [ -53.102140560838166, -22.694701754282505, 0.0 ], [ -53.102140126465599, -22.694703248056385, 0.0 ], [ -53.102139689395131, -22.694704740931002, 0.0 ], [ -53.102139252324605, -22.694706233805618, 0.0 ], [ -53.10213881255612, -22.694707726680178, 0.0 ], [ -53.102138371888316, -22.694709218655476, 0.0 ], [ -53.102137929421872, -22.694710710630773, 0.0 ], [ -53.102137485156788, -22.694712201706693, 0.0 ], [ -53.102137039992385, -22.694713691883351, 0.0 ], [ -53.102136592129966, -22.694715182959271, 0.0 ], [ -53.102136143368284, -22.694716672236609, 0.0 ], [ -53.102135692807963, -22.69471816241321, 0.0 ], [ -53.102135240448945, -22.694719650791228, 0.0 ], [ -53.102134787190607, -22.694721140068509, 0.0 ], [ -53.102134332133687, -22.694722627547151, 0.0 ], [ -53.102133874378751, -22.694724115925169, 0.0 ], [ -53.102133415724495, -22.694725603403811, 0.0 ], [ -53.102132956170976, -22.694727089983189, 0.0 ], [ -53.102132493919441, -22.694728576562511, 0.0 ], [ -53.102132029869267, -22.694730062242513, 0.0 ], [ -53.102131564919716, -22.694731547922572, 0.0 ], [ -53.102131098171583, -22.694733032703255, 0.0 ], [ -53.10213063052413, -22.694734517483937, 0.0 ], [ -53.102130160178717, -22.694736002264619, 0.0 ], [ -53.102129688933928, -22.694737486146039, 0.0 ], [ -53.102129216789876, -22.694738969128082, 0.0 ], [ -53.102128742847185, -22.694740452110125, 0.0 ], [ -53.102128268005117, -22.694741935092168, 0.0 ], [ -53.102127791364467, -22.694743418074268, 0.0 ], [ -53.10212731382444, -22.694744900156991, 0.0 ], [ -53.102126835385093, -22.694746381340394, 0.0 ], [ -53.102126356046426, -22.694747863423117, 0.0 ], [ -53.102125874909177, -22.694749344606521, 0.0 ], [ -53.102125392872551, -22.694750825789924, 0.0 ], [ -53.102124909936606, -22.694752306074008, 0.0 ], [ -53.102124426101341, -22.694753786358092, 0.0 ], [ -53.102123941366756, -22.694755266642176, 0.0 ], [ -53.102123456632171, -22.694756746926259, 0.0 ], [ -53.102122970098947, -22.694758226311023, 0.0 ], [ -53.102122482666402, -22.694759705695844, 0.0 ], [ -53.102121995233858, -22.694761185080608, 0.0 ], [ -53.102121506901995, -22.694762664465372, 0.0 ], [ -53.102121017670811, -22.694764143850136, 0.0 ], [ -53.102120528439571, -22.694765622335581, 0.0 ], [ -53.102120038309067, -22.694767100821025, 0.0 ], [ -53.102119547279244, -22.694768579306469, 0.0 ], [ -53.102119056249421, -22.694770057791914, 0.0 ], [ -53.102118565219541, -22.694771536277358, 0.0 ], [ -53.102118073290399, -22.694773014762802, 0.0 ], [ -53.102117581361256, -22.694774493248246, 0.0 ], [ -53.102117088532793, -22.694775970834314, 0.0 ], [ -53.102116595704274, -22.694777449319758, 0.0 ], [ -53.102116102875812, -22.694778926905883, 0.0 ], [ -53.102115610047349, -22.694780404492008, 0.0 ], [ -53.10211511721883, -22.694781882977452, 0.0 ], [ -53.102114624390367, -22.694783360563576, 0.0 ], [ -53.102114131561905, -22.694784838149701, 0.0 ], [ -53.102113637834066, -22.694786316635145, 0.0 ], [ -53.102113145005603, -22.69478779422127, 0.0 ], [ -53.102112652177141, -22.694789272706714, 0.0 ], [ -53.102112159348621, -22.694790750292839, 0.0 ], [ -53.102111667419479, -22.694792228778283, 0.0 ], [ -53.102111175490336, -22.694793706364408, 0.0 ], [ -53.102110683561136, -22.694795184849852, 0.0 ], [ -53.102110191631994, -22.694796663335296, 0.0 ], [ -53.102109700602171, -22.694798141820741, 0.0 ], [ -53.102109209572347, -22.694799620306185, 0.0 ], [ -53.102108719441787, -22.694801098791629, 0.0 ], [ -53.102108229311284, -22.694802577277073, 0.0 ], [ -53.1021077400801, -22.694804055762518, 0.0 ], [ -53.102107250848917, -22.694805535147282, 0.0 ], [ -53.102106761617733, -22.694807013632726, 0.0 ], [ -53.10210627328587, -22.69480849301749, 0.0 ], [ -53.102105784953949, -22.694809972402254, 0.0 ], [ -53.102105296622085, -22.694811451787018, 0.0 ], [ -53.102104809189541, -22.694812931171782, 0.0 ], [ -53.102104321756997, -22.694814410556546, 0.0 ], [ -53.102103834324453, -22.69481588994131, 0.0 ], [ -53.102103347791228, -22.694817369326074, 0.0 ], [ -53.102102861258004, -22.694818849610158, 0.0 ], [ -53.102102375624099, -22.694820328994922, 0.0 ], [ -53.102101889090875, -22.694821809279006, 0.0 ], [ -53.10210140345697, -22.69482328866377, 0.0 ], [ -53.102100918722385, -22.69482476894791, 0.0 ], [ -53.102100433088481, -22.694826249231994, 0.0 ], [ -53.102099948353896, -22.694827729516078, 0.0 ], [ -53.102099464518631, -22.694829209800162, 0.0 ], [ -53.102098979784046, -22.694830690084245, 0.0 ], [ -53.102098495948781, -22.694832170368329, 0.0 ], [ -53.102098012113515, -22.694833650652413, 0.0 ], [ -53.10209752827825, -22.694835130936497, 0.0 ], [ -53.102097045342305, -22.69483661122058, 0.0 ], [ -53.102096561507039, -22.694838092403984, 0.0 ], [ -53.102096078571151, -22.694839572688068, 0.0 ], [ -53.102095596534525, -22.694841053871471, 0.0 ], [ -53.10209511359858, -22.694842534155555, 0.0 ], [ -53.102094631561954, -22.694844015339015, 0.0 ], [ -53.102094149525328, -22.694845495623099, 0.0 ], [ -53.102093667488703, -22.694846976806502, 0.0 ], [ -53.102093185452134, -22.694848457989906, 0.0 ], [ -53.102092703415508, -22.694849939173309, 0.0 ], [ -53.102092222278202, -22.694851420356713, 0.0 ], [ -53.102091741140896, -22.694852901540116, 0.0 ], [ -53.10209126000359, -22.69485438272352, 0.0 ], [ -53.102090778866284, -22.694855863906923, 0.0 ], [ -53.102090297729035, -22.694857345090384, 0.0 ], [ -53.102089816591729, -22.694858826273787, 0.0 ], [ -53.102089336353743, -22.694860307457191, 0.0 ], [ -53.102088855216437, -22.694861788640594, 0.0 ], [ -53.102088374978507, -22.694863269823998, 0.0 ], [ -53.102087894740521, -22.694864751007401, 0.0 ], [ -53.102087414502535, -22.694866233090124, 0.0 ], [ -53.102086934264548, -22.694867714273528, 0.0 ], [ -53.102086454026619, -22.694869195456988, 0.0 ], [ -53.102085974687952, -22.694870676640392, 0.0 ], [ -53.102085494449966, -22.694872158723115, 0.0 ], [ -53.10208501421198, -22.694873639906518, 0.0 ], [ -53.10208453487337, -22.694875121989242, 0.0 ], [ -53.102084054635384, -22.694876603172645, 0.0 ], [ -53.102083575296717, -22.694878084356048, 0.0 ], [ -53.102083095958051, -22.694879566438772, 0.0 ], [ -53.102082615720121, -22.694881047622232, 0.0 ], [ -53.102082136381455, -22.694882529704955, 0.0 ], [ -53.102081657042788, -22.694884010888359, 0.0 ], [ -53.102081176804802, -22.694885492971082, 0.0 ], [ -53.102080697466192, -22.694886974154485, 0.0 ], [ -53.102080218127526, -22.694888456237209, 0.0 ], [ -53.102079738788859, -22.694889937420612, 0.0 ], [ -53.102079258550873, -22.694891419503335, 0.0 ], [ -53.102078779212263, -22.694892900686796, 0.0 ], [ -53.102078299873597, -22.694894382769519, 0.0 ], [ -53.10207782053493, -22.694895863952922, 0.0 ], [ -53.102077341196321, -22.694897346035646, 0.0 ], [ -53.102076861857654, -22.694898827219049, 0.0 ], [ -53.102076382518987, -22.694900309301772, 0.0 ], [ -53.102075903180321, -22.694901790485176, 0.0 ], [ -53.102075422942391, -22.694903272567956, 0.0 ], [ -53.102074943603725, -22.694904753751359, 0.0 ], [ -53.102074464265058, -22.694906235834083, 0.0 ], [ -53.102073984926449, -22.694907717017486, 0.0 ], [ -53.102073505587782, -22.694909199100209, 0.0 ], [ -53.102073026249116, -22.694910680283613, 0.0 ], [ -53.102072546910449, -22.694912162366336, 0.0 ], [ -53.102072067571839, -22.694913644449059, 0.0 ], [ -53.102071588233173, -22.694915125632519, 0.0 ], [ -53.102071108894506, -22.694916607715243, 0.0 ], [ -53.102070630455216, -22.694918088898646, 0.0 ], [ -53.10207015111655, -22.694919570981369, 0.0 ], [ -53.102069671777883, -22.694921052164773, 0.0 ], [ -53.102069192439217, -22.694922534247496, 0.0 ], [ -53.102068713100607, -22.694924016330219, 0.0 ], [ -53.102068233761941, -22.69492549751368, 0.0 ], [ -53.102067754423274, -22.694926979596403, 0.0 ], [ -53.102067275084664, -22.694928460779806, 0.0 ], [ -53.102066795745998, -22.69492994286253, 0.0 ], [ -53.10206631910529, -22.694931419549334, 0.0 ], [ -53.102066311011413, -22.694931444730344, 0.0 ] ] } },
{ "type": "Feature", "properties": { "Id": 0 }, "geometry": { "type": "LineString", "coordinates": [ [ -53.102188143967624, -22.694447649939036, 0.0 ], [ -53.102166092591062, -22.694536983195178, 0.0 ], [ -53.102165607856477, -22.694538707195534, 0.0 ], [ -53.102165121323253, -22.69454043119589, 0.0 ], [ -53.102164633890709, -22.694542154296926, 0.0 ], [ -53.102164145558845, -22.694543878297281, 0.0 ], [ -53.102163656327662, -22.694545600498998, 0.0 ], [ -53.102163166197101, -22.694547323600034, 0.0 ], [ -53.102162674267959, -22.69454904580175, 0.0 ], [ -53.102162182338816, -22.694550768003523, 0.0 ], [ -53.102161688610977, -22.69455249020524, 0.0 ], [ -53.102161194883195, -22.694554212406956, 0.0 ], [ -53.102160700256093, -22.694555933709353, 0.0 ], [ -53.102160205628934, -22.694557655911069, 0.0 ], [ -53.102159710102512, -22.694559377213466, 0.0 ], [ -53.102159213676714, -22.694561098515862, 0.0 ], [ -53.102158718150292, -22.694562819818259, 0.0 ], [ -53.102158220825174, -22.694564541120656, 0.0 ], [ -53.102157724399433, -22.694566262423052, 0.0 ], [ -53.102157227973635, -22.694567983725449, 0.0 ], [ -53.102156730648574, -22.694569705027845, 0.0 ], [ -53.102156234222775, -22.694571426330242, 0.0 ], [ -53.102155736897714, -22.694573147632639, 0.0 ], [ -53.102155240471916, -22.694574868935035, 0.0 ], [ -53.102154744046175, -22.694576590237432, 0.0 ], [ -53.102154248519696, -22.694578311539829, 0.0 ], [ -53.102153752093955, -22.694580032842225, 0.0 ], [ -53.102153257466796, -22.694581755043941, 0.0 ], [ -53.102152762839694, -22.694583476346338, 0.0 ], [ -53.102152269111912, -22.694585198548054, 0.0 ], [ -53.102151775384073, -22.694586920749771, 0.0 ], [ -53.10215128345493, -22.694588642951487, 0.0 ], [ -53.102150791525787, -22.694590365153203, 0.0 ], [ -53.102150300495907, -22.69459208825424, 0.0 ], [ -53.102149811264724, -22.694593811355276, 0.0 ], [ -53.10214932203354, -22.694595534456312, 0.0 ], [ -53.102148834600996, -22.694597257557348, 0.0 ], [ -53.102148348967091, -22.694598981557704, 0.0 ], [ -53.102147863333187, -22.694600705558059, 0.0 ], [ -53.102147380397241, -22.694602430457735, 0.0 ], [ -53.102146897461296, -22.694604154458091, 0.0 ], [ -53.10214641722331, -22.694605880257143, 0.0 ], [ -53.1021459378847, -22.694607605156818, 0.0 ], [ -53.102145460344673, -22.694609330955814, 0.0 ], [ -53.102144985502662, -22.694611057654129, 0.0 ], [ -53.102144511559914, -22.694612784352444, 0.0 ], [ -53.102144039415862, -22.694614511950135, 0.0 ], [ -53.102143569070392, -22.69461623954777, 0.0 ], [ -53.102143101422939, -22.694617967145405, 0.0 ], [ -53.102142635574126, -22.694619695642416, 0.0 ], [ -53.102142171523951, -22.69462142503869, 0.0 ], [ -53.102141710171736, -22.694623154434964, 0.0 ], [ -53.10214125151748, -22.694624884730615, 0.0 ], [ -53.102140794661921, -22.694626615925529, 0.0 ], [ -53.102140340504263, -22.694628347120499, 0.0 ], [ -53.102139889044622, -22.694630079214733, 0.0 ], [ -53.102139440282883, -22.694631811309023, 0.0 ], [ -53.102138993319841, -22.694633544302576, 0.0 ], [ -53.102138549954077, -22.694635278195506, 0.0 ], [ -53.102138108386953, -22.694637012987698, 0.0 ], [ -53.102137668618468, -22.694638747779948, 0.0 ], [ -53.102137230648623, -22.69464048257214, 0.0 ], [ -53.102136795376737, -22.694642218263709, 0.0 ], [ -53.102136361903547, -22.694643954854598, 0.0 ], [ -53.10213592932962, -22.694645691445487, 0.0 ], [ -53.102135499453709, -22.694647428036319, 0.0 ], [ -53.102135069577741, -22.694649165526528, 0.0 ], [ -53.10213464239979, -22.694650903016736, 0.0 ], [ -53.102134215221838, -22.694652640506888, 0.0 ], [ -53.102133789842469, -22.694654378896416, 0.0 ], [ -53.102133365362477, -22.694656116386625, 0.0 ], [ -53.102132940882484, -22.694657854776153, 0.0 ], [ -53.102132517301811, -22.694659594064944, 0.0 ], [ -53.102132094620401, -22.694661332454473, 0.0 ], [ -53.102131672838368, -22.694663070844001, 0.0 ], [ -53.102131250157015, -22.694664810132849, 0.0 ], [ -53.102130828374982, -22.694666548522378, 0.0 ], [ -53.102130406592948, -22.694668287811169, 0.0 ], [ -53.102129984810915, -22.694670026200697, 0.0 ], [ -53.102129562129562, -22.694671764590225, 0.0 ], [ -53.102129139448209, -22.694673502979754, 0.0 ], [ -53.102128716766799, -22.694675242268545, 0.0 ], [ -53.102128292286807, -22.694676979758754, 0.0 ], [ -53.102127867806814, -22.694678718148282, 0.0 ], [ -53.102127443326822, -22.69468045653781, 0.0 ], [ -53.102127016148813, -22.694682194027962, 0.0 ], [ -53.102126588970862, -22.694683930618851, 0.0 ], [ -53.10212616089359, -22.694685668109059, 0.0 ], [ -53.102125730118303, -22.694687404699948, 0.0 ], [ -53.102125298443752, -22.69468914129078, 0.0 ], [ -53.102124865869825, -22.694690876982349, 0.0 ], [ -53.102124430597939, -22.694692612673919, 0.0 ], [ -53.102123993527414, -22.694694347466111, 0.0 ], [ -53.102123555557625, -22.694696082258361, 0.0 ], [ -53.102123113990501, -22.694697816151233, 0.0 ], [ -53.102122670624681, -22.694699549144843, 0.0 ], [ -53.102122225460278, -22.694701282138396, 0.0 ], [ -53.102121777597915, -22.694703014232687, 0.0 ], [ -53.102121327037594, -22.69470474632692, 0.0 ], [ -53.102120872879937, -22.694706476622571, 0.0 ], [ -53.10212041692364, -22.694708206918165, 0.0 ], [ -53.102119957370121, -22.694709936314439, 0.0 ], [ -53.102119495118586, -22.69471166481145, 0.0 ], [ -53.102119029269716, -22.694713393308405, 0.0 ], [ -53.102118559823623, -22.69471512000672, 0.0 ], [ -53.102118086780251, -22.694716845805772, 0.0 ], [ -53.102117611038864, -22.694718571604767, 0.0 ], [ -53.102117130800877, -22.694720295605123, 0.0 ], [ -53.102116646965669, -22.694722018706159, 0.0 ], [ -53.102116158633748, -22.694723741807195, 0.0 ], [ -53.102115666704606, -22.694725463109592, 0.0 ], [ -53.102115171178184, -22.694727183512668, 0.0 ], [ -53.102114671155107, -22.694728903016426, 0.0 ], [ -53.102114168434071, -22.694730621620863, 0.0 ], [ -53.102113662115755, -22.694732340225301, 0.0 ], [ -53.102113152200161, -22.694734057031042, 0.0 ], [ -53.102112639586608, -22.69473577293752, 0.0 ], [ -53.102112123375775, -22.694737488843998, 0.0 ], [ -53.102111604466927, -22.694739203851157, 0.0 ], [ -53.102111082860119, -22.694740917958939, 0.0 ], [ -53.10211055855541, -22.694742631167458, 0.0 ], [ -53.102110031552684, -22.69474434437592, 0.0 ], [ -53.102109501851999, -22.694746056685119, 0.0 ], [ -53.102108969453354, -22.694747768094999, 0.0 ], [ -53.102108435256014, -22.694749479504821, 0.0 ], [ -53.102107899260091, -22.694751190015381, 0.0 ], [ -53.102107361465528, -22.694752900525884, 0.0 ], [ -53.102106820972949, -22.694754610137124, 0.0 ], [ -53.102106279581108, -22.694756319748308, 0.0 ], [ -53.10210573639057, -22.694758028460228, 0.0 ], [ -53.102105191401392, -22.694759737172092, 0.0 ], [ -53.102104644613632, -22.694761445883955, 0.0 ], [ -53.102104096926496, -22.694763153696556, 0.0 ], [ -53.10210354834004, -22.6947648615091, 0.0 ], [ -53.102102998854264, -22.694766569321644, 0.0 ], [ -53.102102448469168, -22.694768276234925, 0.0 ], [ -53.102101897184752, -22.694769984047468, 0.0 ], [ -53.102101345001017, -22.694771690960749, 0.0 ], [ -53.102100792817282, -22.694773397873973, 0.0 ], [ -53.102100239734227, -22.694775103887878, 0.0 ], [ -53.102099686651172, -22.694776810801159, 0.0 ], [ -53.102099132668798, -22.694778517714383, 0.0 ], [ -53.102098579585743, -22.694780224627607, 0.0 ], [ -53.102098026502688, -22.694781931540888, 0.0 ], [ -53.102097473419633, -22.694783638454112, 0.0 ], [ -53.102096920336578, -22.694785345367336, 0.0 ], [ -53.102096368152843, -22.694787052280617, 0.0 ], [ -53.102095815969108, -22.694788759193841, 0.0 ], [ -53.102095264684692, -22.694790467006385, 0.0 ], [ -53.102094714299596, -22.694792174818986, 0.0 ], [ -53.10209416481382, -22.694793882631529, 0.0 ], [ -53.102093617126684, -22.694795590444073, 0.0 ], [ -53.102093069439547, -22.694797299155994, 0.0 ], [ -53.102092523551107, -22.694799007867857, 0.0 ], [ -53.10209197946125, -22.694800717479097, 0.0 ], [ -53.102091436270712, -22.694802427090281, 0.0 ], [ -53.10209089487887, -22.694804136701521, 0.0 ], [ -53.102090355285611, -22.694805847212024, 0.0 ], [ -53.102089817491049, -22.694807558621903, 0.0 ], [ -53.102089282394445, -22.694809270031726, 0.0 ], [ -53.102088749096424, -22.694810982340925, 0.0 ], [ -53.1020882175971, -22.694812694650068, 0.0 ], [ -53.102087688795734, -22.694814407858587, 0.0 ], [ -53.102087162692385, -22.694816121966426, 0.0 ], [ -53.102086638387618, -22.694817836074208, 0.0 ], [ -53.10208611768013, -22.694819551980686, 0.0 ], [ -53.102085599670659, -22.694821267887164, 0.0 ], [ -53.10208508345977, -22.694822983793642, 0.0 ], [ -53.102084569946896, -22.694824701498703, 0.0 ], [ -53.102084059131982, -22.694826419203821, 0.0 ], [ -53.102083550115708, -22.694828137808258, 0.0 ], [ -53.102083043797393, -22.694829856412696, 0.0 ], [ -53.102082539277717, -22.694831575916453, 0.0 ], [ -53.102082035657361, -22.69483329542021, 0.0 ], [ -53.102081534735021, -22.694835015823287, 0.0 ], [ -53.102081034711944, -22.694836736226364, 0.0 ], [ -53.102080537386826, -22.694838457528761, 0.0 ], [ -53.102080040061765, -22.694840178831157, 0.0 ], [ -53.102079544535286, -22.694841901032873, 0.0 ], [ -53.102079049908184, -22.69484362233527, 0.0 ], [ -53.102078556180402, -22.694845344536986, 0.0 ], [ -53.102078063351883, -22.694847067638023, 0.0 ], [ -53.10207757142274, -22.694848789839739, 0.0 ], [ -53.102077080392917, -22.694850512940775, 0.0 ], [ -53.102076589363094, -22.694852235142491, 0.0 ], [ -53.102076099232534, -22.694853958243527, 0.0 ], [ -53.10207560910203, -22.694855681344563, 0.0 ], [ -53.102075118971527, -22.6948574044456, 0.0 ], [ -53.102074628841024, -22.694859127546636, 0.0 ], [ -53.102074138710464, -22.694860850647672, 0.0 ], [ -53.102073647680641, -22.694862572849388, 0.0 ], [ -53.102073157550137, -22.694864295950481, 0.0 ], [ -53.102072665620994, -22.694866018152197, 0.0 ], [ -53.102072173691795, -22.694867741253233, 0.0 ], [ -53.102071680863332, -22.69486946345495, 0.0 ], [ -53.10207118803487, -22.694871184757346, 0.0 ], [ -53.102070693407711, -22.694872906959063, 0.0 ], [ -53.102070197881289, -22.694874628261459, 0.0 ], [ -53.102069700556171, -22.694876348664536, 0.0 ], [ -53.102069202331791, -22.694878069966933, 0.0 ], [ -53.102068703208033, -22.69487979037001, 0.0 ], [ -53.102068201386317, -22.69488150987371, 0.0 ], [ -53.102067698665337, -22.694883229377467, 0.0 ], [ -53.102067194145661, -22.694884947981905, 0.0 ], [ -53.102066686928026, -22.694886666586342, 0.0 ], [ -53.102066178811071, -22.69488838429146, 0.0 ], [ -53.102065667996158, -22.694890101097258, 0.0 ], [ -53.102065154483228, -22.694891817903056, 0.0 ], [ -53.102064638272395, -22.694893533809477, 0.0 ], [ -53.102064120262924, -22.694895248816636, 0.0 ], [ -53.102063599555436, -22.694896963823794, 0.0 ], [ -53.102063075250669, -22.694898677032256, 0.0 ], [ -53.102062549147263, -22.694900390240775, 0.0 ], [ -53.102062019446578, -22.694902102549975, 0.0 ], [ -53.102061486148614, -22.694903813959797, 0.0 ], [ -53.10206095105201, -22.694905524470357, 0.0 ], [ -53.102060412358128, -22.694907234081541, 0.0 ], [ -53.102059870966229, -22.694908943692724, 0.0 ], [ -53.102059326876372, -22.694910651505324, 0.0 ], [ -53.102058780088612, -22.694912359317868, 0.0 ], [ -53.102058230602836, -22.694914066231149, 0.0 ], [ -53.10205767931842, -22.694915772245054, 0.0 ], [ -53.102057124436726, -22.694917478258958, 0.0 ], [ -53.102056567756335, -22.694919183373543, 0.0 ], [ -53.102056009277362, -22.694920887588864, 0.0 ], [ -53.10205544810043, -22.69492259090481, 0.0 ], [ -53.102054884225481, -22.694924294220755, 0.0 ], [ -53.102054318551893, -22.69492599663738, 0.0 ], [ -53.102053751079723, -22.694927699054006, 0.0 ], [ -53.102053557725469, -22.694928277318127, 0.0 ] ] } },
{ "type": "Feature", "properties": { "Id": 0 }, "geometry": { "type": "LineString", "coordinates": [ [ -53.102179872003433, -22.694445595887487, 0.0 ], [ -53.102179781171913, -22.69444597270342, 0.0 ], [ -53.102179278450876, -22.69444804743938, 0.0 ], [ -53.102178774830577, -22.69445012217534, 0.0 ], [ -53.102178270310901, -22.6944521969113, 0.0 ], [ -53.102177765791225, -22.69445427164726, 0.0 ], [ -53.10217726037223, -22.6944563454839, 0.0 ], [ -53.102176754053914, -22.69445842021986, 0.0 ], [ -53.102176247735599, -22.6944604940565, 0.0 ], [ -53.102175739618644, -22.69446256789314, 0.0 ], [ -53.10217523150169, -22.69446464172978, 0.0 ], [ -53.102174722485415, -22.694466715566421, 0.0 ], [ -53.102174211670501, -22.694468788503741, 0.0 ], [ -53.102173699956268, -22.694470861441062, 0.0 ], [ -53.102173187342657, -22.694472934378382, 0.0 ], [ -53.102172673829784, -22.694475006416383, 0.0 ], [ -53.102172159417592, -22.694477078454383, 0.0 ], [ -53.102171643206702, -22.694479150492384, 0.0 ], [ -53.102171125197231, -22.694481222530328, 0.0 ], [ -53.102170607187702, -22.694483293669009, 0.0 ], [ -53.102130916508543, -22.694634325813468, 0.0 ], [ -53.102104215636984, -22.694738021242642, 0.0 ], [ -53.102074032590508, -22.694831258455793, 0.0 ], [ -53.102073384179278, -22.694833299017489, 0.0 ], [ -53.102072733969464, -22.694835338679866, 0.0 ], [ -53.102072084658914, -22.694837378342299, 0.0 ], [ -53.102071433549781, -22.694839418004676, 0.0 ], [ -53.102070782440592, -22.69484145766711, 0.0 ], [ -53.102070130432139, -22.694843496430167, 0.0 ], [ -53.10206947752431, -22.694845535193224, 0.0 ], [ -53.102068824616538, -22.694847573956338, 0.0 ], [ -53.102068170809389, -22.694849612719395, 0.0 ], [ -53.10206751700224, -22.694851651482509, 0.0 ], [ -53.102066863195148, -22.694853690245566, 0.0 ], [ -53.102066208488679, -22.694855728109303, 0.0 ], [ -53.102065553782268, -22.694857766872417, 0.0 ], [ -53.102064898176479, -22.694859804736154, 0.0 ], [ -53.102064242570691, -22.694861842599892, 0.0 ], [ -53.102063586964903, -22.694863881363005, 0.0 ], [ -53.102062931359171, -22.694865919226743, 0.0 ], [ -53.102062274854063, -22.69486795619116, 0.0 ], [ -53.102061618348955, -22.694869994054955, 0.0 ], [ -53.102060961843847, -22.694872031918692, 0.0 ], [ -53.102060304439476, -22.694874068883109, 0.0 ], [ -53.102059647035048, -22.694876106746904, 0.0 ], [ -53.102058989630621, -22.694878143711321, 0.0 ], [ -53.102058332226193, -22.694880181575058, 0.0 ], [ -53.102057673922445, -22.694882218539533, 0.0 ], [ -53.102057016518074, -22.69488425550395, 0.0 ], [ -53.102056358214327, -22.694886292468368, 0.0 ], [ -53.10205569901126, -22.694888329432786, 0.0 ], [ -53.102055040707512, -22.69489036639726, 0.0 ], [ -53.102054381504445, -22.694892403361678, 0.0 ], [ -53.102053722301378, -22.694894439426776, 0.0 ], [ -53.102053062199047, -22.69489647639125, 0.0 ], [ -53.10205240299598, -22.694898513355668, 0.0 ], [ -53.102051742893593, -22.694900549420765, 0.0 ], [ -53.102051082791206, -22.694902585485863, 0.0 ], [ -53.102050422688819, -22.694904622450338, 0.0 ], [ -53.102049762586432, -22.694906658515436, 0.0 ], [ -53.102049101584726, -22.694908694580533, 0.0 ], [ -53.102048441482339, -22.694910730645631, 0.0 ], [ -53.102047780480632, -22.694912766710786, 0.0 ], [ -53.102047119478925, -22.694914802775884, 0.0 ], [ -53.102046457577899, -22.694916838840982, 0.0 ], [ -53.102045796576192, -22.69491887490608, 0.0 ], [ -53.102045134675166, -22.694920910971234, 0.0 ], [ -53.102044473673459, -22.694922946137012, 0.0 ], [ -53.102043811772432, -22.69492498220211, 0.0 ], [ -53.10204354827107, -22.69492579159197, 0.0 ] ] } },
{ "type": "Feature", "properties": { "Id": 0 }, "geometry": { "type": "LineString", "coordinates": [ [ -53.102167762632121, -22.69444258855458, 0.0 ], [ -53.102167726659218, -22.694442727050159, 0.0 ], [ -53.102167324662275, -22.694444279279992, 0.0 ], [ -53.102166922665333, -22.694445831509881, 0.0 ], [ -53.102166520668334, -22.694447383739714, 0.0 ], [ -53.102166118671391, -22.694448935070227, 0.0 ], [ -53.102165715775129, -22.694450487300116, 0.0 ], [ -53.102165312878867, -22.694452038630629, 0.0 ], [ -53.102164909083228, -22.694453590860462, 0.0 ], [ -53.102164505287647, -22.694455142191032, 0.0 ], [ -53.102164101492065, -22.694456693521545, 0.0 ], [ -53.102163696797106, -22.694458244852058, 0.0 ], [ -53.102163292102205, -22.694459796182628, 0.0 ], [ -53.102162886507983, -22.69446134751314, 0.0 ], [ -53.102162480014385, -22.694462898843653, 0.0 ], [ -53.102162073520844, -22.694464449274847, 0.0 ], [ -53.102161667027246, -22.694466000605416, 0.0 ], [ -53.102161259634386, -22.69446755103661, 0.0 ], [ -53.102160852241468, -22.694469102367123, 0.0 ], [ -53.102160443949288, -22.694470652798316, 0.0 ], [ -53.102160034757731, -22.694472203229566, 0.0 ], [ -53.10215962556623, -22.694473752761439, 0.0 ], [ -53.102159215475353, -22.694475303192633, 0.0 ], [ -53.102158805384533, -22.694476853623826, 0.0 ], [ -53.102158394394337, -22.694478403155756, 0.0 ], [ -53.102157982504821, -22.69447995268763, 0.0 ], [ -53.102157569716042, -22.694481503118823, 0.0 ], [ -53.102157156927206, -22.694483052650696, 0.0 ], [ -53.10215674413837, -22.69448460128325, 0.0 ], [ -53.102156329550951, -22.69448615081518, 0.0 ], [ -53.102155914963475, -22.694487700347054, 0.0 ], [ -53.10215549947668, -22.694489248979608, 0.0 ], [ -53.102155083989885, -22.694490797612161, 0.0 ], [ -53.10215466760377, -22.694492346244715, 0.0 ], [ -53.102154251217655, -22.694493894877326, 0.0 ], [ -53.102153833032901, -22.694495443509879, 0.0 ], [ -53.102153415747523, -22.694496992142433, 0.0 ], [ -53.102152996663449, -22.694498539875667, 0.0 ], [ -53.102152578478695, -22.694500088508221, 0.0 ], [ -53.102152158495301, -22.694501636241455, 0.0 ], [ -53.102151738511907, -22.694503183974689, 0.0 ], [ -53.102151318528513, -22.69450473170798, 0.0 ], [ -53.102150896746423, -22.694506279441214, 0.0 ], [ -53.102150475863709, -22.694507827174448, 0.0 ], [ -53.102150054081676, -22.694509374008362, 0.0 ], [ -53.102149631400323, -22.694510921741596, 0.0 ], [ -53.10214920871897, -22.69451246857551, 0.0 ], [ -53.102148785138297, -22.694514016308744, 0.0 ], [ -53.102148361557624, -22.694515563142659, 0.0 ], [ -53.102147937976895, -22.694517109976573, 0.0 ], [ -53.102147513496902, -22.694518656810544, 0.0 ], [ -53.10214708901691, -22.694520203644458, 0.0 ], [ -53.102146663637598, -22.694521750478373, 0.0 ], [ -53.102146237358909, -22.694523296412967, 0.0 ], [ -53.102145811979597, -22.694524843246882, 0.0 ], [ -53.102145385700965, -22.694526389181476, 0.0 ], [ -53.102144958522956, -22.69452793601539, 0.0 ], [ -53.102144531345004, -22.694529481949985, 0.0 ], [ -53.102144104167053, -22.69453102788458, 0.0 ], [ -53.102143676089725, -22.694532574718494, 0.0 ], [ -53.102143248911773, -22.694534120653088, 0.0 ], [ -53.102142819935125, -22.694535666587683, 0.0 ], [ -53.102142391857853, -22.694537212522278, 0.0 ], [ -53.102141962881262, -22.694538757557552, 0.0 ], [ -53.102141533005295, -22.694540303492147, 0.0 ], [ -53.102141104028703, -22.694541849426741, 0.0 ], [ -53.102140674152736, -22.694543395361336, 0.0 ], [ -53.102140244276825, -22.694544940396611, 0.0 ], [ -53.102139813501537, -22.694546486331262, 0.0 ], [ -53.102139383625627, -22.694548031366537, 0.0 ], [ -53.102138952850339, -22.694549576401812, 0.0 ], [ -53.102138521175789, -22.694551122336406, 0.0 ], [ -53.102138090400501, -22.694552667371681, 0.0 ], [ -53.102137658725951, -22.694554212406956, 0.0 ], [ -53.102137227051344, -22.694555757442231, 0.0 ], [ -53.102136795376737, -22.694557302477506, 0.0 ], [ -53.102136363702186, -22.694558847512781, 0.0 ], [ -53.102135932027579, -22.694560392548055, 0.0 ], [ -53.102135499453709, -22.69456193758333, 0.0 ], [ -53.102135066879782, -22.694563482618605, 0.0 ], [ -53.102134634305912, -22.69456502765388, 0.0 ], [ -53.102134201731985, -22.694566572689155, 0.0 ], [ -53.102133769158058, -22.69456811772443, 0.0 ], [ -53.102133335684869, -22.694569662759704, 0.0 ], [ -53.102132903110942, -22.69457120689566, 0.0 ], [ -53.102132469637695, -22.694572751930934, 0.0 ], [ -53.102132036164505, -22.694574296966209, 0.0 ], [ -53.102131602691259, -22.694575841102164, 0.0 ], [ -53.102131169218069, -22.694577386137439, 0.0 ], [ -53.102130735744822, -22.694578931172714, 0.0 ], [ -53.102130302271576, -22.694580475308669, 0.0 ], [ -53.102129868798386, -22.694582020343944, 0.0 ], [ -53.102129435325139, -22.694583564479899, 0.0 ], [ -53.102129000952573, -22.694585109515174, 0.0 ], [ -53.102128567479383, -22.694586653651072, 0.0 ], [ -53.102128134006136, -22.694588198686347, 0.0 ], [ -53.10212769963357, -22.694589742822302, 0.0 ], [ -53.10212726616038, -22.694591287857577, 0.0 ], [ -53.102126831787814, -22.694592831993532, 0.0 ], [ -53.102126398314567, -22.694594377028807, 0.0 ], [ -53.102125963942058, -22.694595921164762, 0.0 ], [ -53.102125529569491, -22.694597466200037, 0.0 ], [ -53.102125096096245, -22.694599010335992, 0.0 ], [ -53.102124661723735, -22.694600555371267, 0.0 ], [ -53.102124228250489, -22.694602099507222, 0.0 ], [ -53.102123793877922, -22.694603644542497, 0.0 ], [ -53.102123360404732, -22.694605188678452, 0.0 ], [ -53.102122926032166, -22.694606733713726, 0.0 ], [ -53.102122492558919, -22.694608277849682, 0.0 ], [ -53.10212205818641, -22.694609822884956, 0.0 ], [ -53.102121624713163, -22.694611367020912, 0.0 ], [ -53.102121191239917, -22.694612912056186, 0.0 ], [ -53.102120757766727, -22.694614456192141, 0.0 ], [ -53.10212032429348, -22.694616001227416, 0.0 ], [ -53.10211989082029, -22.694617545363371, 0.0 ], [ -53.102119457347044, -22.694619090398646, 0.0 ], [ -53.102119023873797, -22.694620635433921, 0.0 ], [ -53.102118590400607, -22.694622179569876, 0.0 ], [ -53.102118157826681, -22.694623724605151, 0.0 ], [ -53.102117724353434, -22.694625269640426, 0.0 ], [ -53.102117291779564, -22.694626813776381, 0.0 ], [ -53.102116859205637, -22.694628358811656, 0.0 ], [ -53.102116426631767, -22.694629903846931, 0.0 ], [ -53.10211599405784, -22.694631448882205, 0.0 ], [ -53.102115561483913, -22.69463299391748, 0.0 ], [ -53.102115128910043, -22.694634538952755, 0.0 ], [ -53.102114697235436, -22.69463608398803, 0.0 ], [ -53.102114265560886, -22.694637629023305, 0.0 ], [ -53.102113832986959, -22.69463917405858, 0.0 ], [ -53.102113402211728, -22.694640719093854, 0.0 ], [ -53.102112970537121, -22.694642264129129, 0.0 ], [ -53.102112538862514, -22.694643809164404, 0.0 ], [ -53.102112108087283, -22.694645354199679, 0.0 ], [ -53.102111677311996, -22.694646899234954, 0.0 ], [ -53.102111246536765, -22.694648445169548, 0.0 ], [ -53.102110816660797, -22.694649990204823, 0.0 ], [ -53.102110385885567, -22.694651535240098, 0.0 ], [ -53.102109956009599, -22.694653081174692, 0.0 ], [ -53.102109526133688, -22.694654626209967, 0.0 ], [ -53.10210909625772, -22.694656172144562, 0.0 ], [ -53.10210866638181, -22.694657717179837, 0.0 ], [ -53.102108237405218, -22.694659263114431, 0.0 ], [ -53.10210780842857, -22.694660809049026, 0.0 ], [ -53.102107379451979, -22.694662354983677, 0.0 ], [ -53.102080186651278, -22.694765248217607, 0.0 ], [ -53.102053548732272, -22.694851421256033, 0.0 ], [ -53.102031194284166, -22.694922724004471, 0.0 ] ] } },
{ "type": "Feature", "properties": { "Id": 0 }, "geometry": { "type": "LineString", "coordinates": [ [ -53.102158990644853, -22.694440410396567, 0.0 ], [ -53.102128621438681, -22.694556972426312, 0.0 ], [ -53.102106491821075, -22.694634467007006, 0.0 ], [ -53.102078647911242, -22.694735994170742, 0.0 ], [ -53.102067373110742, -22.694772514739725, 0.0 ], [ -53.102066853302574, -22.694774094848526, 0.0 ], [ -53.102066332595143, -22.694775675856704, 0.0 ], [ -53.102065810089016, -22.694777255965562, 0.0 ], [ -53.102065287582889, -22.694778836074363, 0.0 ], [ -53.102064764177499, -22.694780416183221, 0.0 ], [ -53.102064239872732, -22.694781996292022, 0.0 ], [ -53.102063716467285, -22.69478357640088, 0.0 ], [ -53.102063192162575, -22.694785155610418, 0.0 ], [ -53.102062667857808, -22.694786735719219, 0.0 ], [ -53.102062143553042, -22.694788315828077, 0.0 ], [ -53.102061620147595, -22.694789895936879, 0.0 ], [ -53.102061097641524, -22.694791476045737, 0.0 ], [ -53.102060575135397, -22.694793056154595, 0.0 ], [ -53.102060053528589, -22.694794637162715, 0.0 ], [ -53.102059533720478, -22.694796218170893, 0.0 ], [ -53.10205901391231, -22.694797799179071, 0.0 ], [ -53.102058496802158, -22.694799381086511, 0.0 ], [ -53.102057980591269, -22.694800962994009, 0.0 ], [ -53.102057466179076, -22.694802544901506, 0.0 ], [ -53.102056953565523, -22.694804127708267, 0.0 ], [ -53.102056442750609, -22.694805711414404, 0.0 ], [ -53.102055933734334, -22.69480729512054, 0.0 ], [ -53.102055428315339, -22.694808879725997, 0.0 ], [ -53.102054923795663, -22.694810465230717, 0.0 ], [ -53.102054421973946, -22.694812050735493, 0.0 ], [ -53.102053921051549, -22.694813636240269, 0.0 ], [ -53.102053422827169, -22.694815222644365, 0.0 ], [ -53.10205292730069, -22.694816809947781, 0.0 ], [ -53.102052432673588, -22.694818397251197, 0.0 ], [ -53.102051939845126, -22.694819985453933, 0.0 ], [ -53.102051448815246, -22.694821573656668, 0.0 ], [ -53.102050959584062, -22.694823162758723, 0.0 ], [ -53.102050472151518, -22.694824751860779, 0.0 ], [ -53.102049985618294, -22.694826340962834, 0.0 ], [ -53.102049501783029, -22.694827930964209, 0.0 ], [ -53.102049018847083, -22.694829521864904, 0.0 ], [ -53.102048536810457, -22.694831111866279, 0.0 ], [ -53.102048056572528, -22.694832703666293, 0.0 ], [ -53.102047577233861, -22.694834294566988, 0.0 ], [ -53.102047099693834, -22.694835886367002, 0.0 ], [ -53.102046623952504, -22.694837478167017, 0.0 ], [ -53.102046148211116, -22.694839070866408, 0.0 ], [ -53.102045674268425, -22.694840662666422, 0.0 ], [ -53.102045201224996, -22.694842256265076, 0.0 ], [ -53.102044729080944, -22.69484384896441, 0.0 ], [ -53.102044257836212, -22.694845442563064, 0.0 ], [ -53.102043787490743, -22.694847036161718, 0.0 ], [ -53.10204331804465, -22.694848629760429, 0.0 ], [ -53.102042849497877, -22.694850223359083, 0.0 ], [ -53.102042381850424, -22.694851817857057, 0.0 ], [ -53.102041914202914, -22.69485341235503, 0.0 ], [ -53.102041447454781, -22.694855005953741, 0.0 ], [ -53.102040981605967, -22.694856601351034, 0.0 ], [ -53.102040516656473, -22.694858195849008, 0.0 ], [ -53.102040051706979, -22.694859790346982, 0.0 ], [ -53.102039587656805, -22.694861385744332, 0.0 ], [ -53.102039122707311, -22.694862980242306, 0.0 ], [ -53.102038659556456, -22.694864575639599, 0.0 ], [ -53.102038195506282, -22.694866171036892, 0.0 ], [ -53.102037732355427, -22.694867766434243, 0.0 ], [ -53.102037269204573, -22.694869361831536, 0.0 ], [ -53.102036806953038, -22.694870957228829, 0.0 ], [ -53.102036343802183, -22.69487255262618, 0.0 ], [ -53.102035880651329, -22.694874148023473, 0.0 ], [ -53.102035418399794, -22.694875743420766, 0.0 ], [ -53.102034955248939, -22.69487733881806, 0.0 ], [ -53.102034492098085, -22.69487893421541, 0.0 ], [ -53.10203402894723, -22.694880528713384, 0.0 ], [ -53.102033564897056, -22.694882124110677, 0.0 ], [ -53.102033101746201, -22.694883719508027, 0.0 ], [ -53.102032636796707, -22.694885314905321, 0.0 ], [ -53.102032172746533, -22.694886909403294, 0.0 ], [ -53.102031707797039, -22.694888503901268, 0.0 ], [ -53.102031241948225, -22.694890099298618, 0.0 ], [ -53.102030776099411, -22.694891693796592, 0.0 ], [ -53.102030309351278, -22.694893288294566, 0.0 ], [ -53.102029841703768, -22.694894881893219, 0.0 ], [ -53.102029374056315, -22.69489647639125, 0.0 ], [ -53.102028905509542, -22.694898069989904, 0.0 ], [ -53.102028436063449, -22.694899663588558, 0.0 ], [ -53.10202796571798, -22.694901257187212, 0.0 ], [ -53.102027495372568, -22.694902850785866, 0.0 ], [ -53.102027023228516, -22.694904444384576, 0.0 ], [ -53.102026551983727, -22.694906037083911, 0.0 ], [ -53.102026078940355, -22.694907629783245, 0.0 ], [ -53.102025605896927, -22.694909222482579, 0.0 ], [ -53.102025131954235, -22.694910815181913, 0.0 ], [ -53.102024657112167, -22.694912407881247, 0.0 ], [ -53.102024182270156, -22.694913999681319, 0.0 ], [ -53.102023707428089, -22.694915592380653, 0.0 ], [ -53.102023230787438, -22.694917184180667, 0.0 ], [ -53.102022754146731, -22.694918775980682, 0.0 ], [ -53.10202227750608, -22.694920367780696, 0.0 ], [ -53.102022237935898, -22.694920499981038, 0.0 ] ] } },
{ "type": "Feature", "properties": { "Id": 0 }, "geometry": { "type": "LineString", "coordinates": [ [ -53.102147517993501, -22.69443756134433, 0.0 ], [ -53.10212920509872, -22.694503971780819, 0.0 ], [ -53.102128682592593, -22.694505559084234, 0.0 ], [ -53.102128156489186, -22.69450714548833, 0.0 ], [ -53.102127628587141, -22.694508731892427, 0.0 ], [ -53.102127097087816, -22.694510317397203, 0.0 ], [ -53.102126564689172, -22.694511902002603, 0.0 ], [ -53.102126029592569, -22.694513486608059, 0.0 ], [ -53.102125492697269, -22.694515070314196, 0.0 ], [ -53.102124954003386, -22.694516654020333, 0.0 ], [ -53.102124413510808, -22.69451823682715, 0.0 ], [ -53.102123871219646, -22.694519818734591, 0.0 ], [ -53.102123327129789, -22.694521401541408, 0.0 ], [ -53.102122782140668, -22.694522983448906, 0.0 ], [ -53.102122236252171, -22.694524564457026, 0.0 ], [ -53.102092814032119, -22.694622004202074, 0.0 ], [ -53.102074719672544, -22.694686965830783, 0.0 ], [ -53.102048069163004, -22.694781088876084, 0.0 ], [ -53.102022554497239, -22.694867166586448, 0.0 ], [ -53.102007262425161, -22.694916780385086, 0.0 ] ] } },
{ "type": "Feature", "properties": { "Id": 0 }, "geometry": { "type": "LineString", "coordinates": [ [ -53.102138425847613, -22.69443530314669, 0.0 ], [ -53.102138406062522, -22.694435382286997, 0.0 ], [ -53.10213807241405, -22.694436697995172, 0.0 ], [ -53.102137737866258, -22.694438014602667, 0.0 ], [ -53.102137403318466, -22.694439330310786, 0.0 ], [ -53.102137067871354, -22.694440646018961, 0.0 ], [ -53.102136731524922, -22.69444196082776, 0.0 ], [ -53.102136395178434, -22.694443276535935, 0.0 ], [ -53.102136057932682, -22.69444459224411, 0.0 ], [ -53.102135718888292, -22.694445907052909, 0.0 ], [ -53.102135379843844, -22.694447221861765, 0.0 ], [ -53.102135039900134, -22.694448536670563, 0.0 ], [ -53.102134699956423, -22.694449850580099, 0.0 ], [ -53.102134358214016, -22.694451165388955, 0.0 ], [ -53.102134015572346, -22.694452479298434, 0.0 ], [ -53.1021336720313, -22.69445379320797, 0.0 ], [ -53.102133328490254, -22.694455106218129, 0.0 ], [ -53.102132983150625, -22.694456420127665, 0.0 ], [ -53.10213263691162, -22.694457733137824, 0.0 ], [ -53.102132290672614, -22.69445904614804, 0.0 ], [ -53.102131942635026, -22.694460359158199, 0.0 ], [ -53.102131593698061, -22.694461671269096, 0.0 ], [ -53.102131243861777, -22.694462983379935, 0.0 ], [ -53.102130893126173, -22.694464295490775, 0.0 ], [ -53.102130540591929, -22.694465607601671, 0.0 ], [ -53.102130188057686, -22.694466918813191, 0.0 ], [ -53.102129833724803, -22.694468230024768, 0.0 ], [ -53.1021294784926, -22.694469541236288, 0.0 ], [ -53.102129122361077, -22.694470852447864, 0.0 ], [ -53.102128765330235, -22.694472162760064, 0.0 ], [ -53.102128406500697, -22.694473473072264, 0.0 ], [ -53.102128046771895, -22.694474782485202, 0.0 ], [ -53.102127685244454, -22.694476092797402, 0.0 ], [ -53.102127323716957, -22.694477402210282, 0.0 ], [ -53.102126960390876, -22.694478710723899, 0.0 ], [ -53.1021265952661, -22.69448002013678, 0.0 ], [ -53.10212622924206, -22.69448132865034, 0.0 ], [ -53.102125862318644, -22.694482636264581, 0.0 ], [ -53.102125493596589, -22.694483943878879, 0.0 ], [ -53.10212512397527, -22.69448525149312, 0.0 ], [ -53.102124753454575, -22.694486559107361, 0.0 ], [ -53.102124381135241, -22.694487865822282, 0.0 ], [ -53.102124007916586, -22.69448917253726, 0.0 ], [ -53.102123632899293, -22.694490479252181, 0.0 ], [ -53.102123256982679, -22.694491785967102, 0.0 ], [ -53.102122880166746, -22.694493091782704, 0.0 ], [ -53.102122502451493, -22.694494396698985, 0.0 ], [ -53.102122122937601, -22.694495702514587, 0.0 ], [ -53.102121742524332, -22.694497007430925, 0.0 ], [ -53.1021213612118, -22.694498312347207, 0.0 ], [ -53.102120978100629, -22.694499616364169, 0.0 ], [ -53.102120594989401, -22.694500921280451, 0.0 ], [ -53.10212021007959, -22.694502225297413, 0.0 ], [ -53.10211982427046, -22.694503528415055, 0.0 ], [ -53.102119437561953, -22.694504832432017, 0.0 ], [ -53.102119049054807, -22.694506135549659, 0.0 ], [ -53.102118660547717, -22.694507438667301, 0.0 ], [ -53.102118270241931, -22.694508740885624, 0.0 ], [ -53.102117879936145, -22.694510043103946, 0.0 ], [ -53.102117487831777, -22.694511345322269, 0.0 ], [ -53.102117094828031, -22.694512647540591, 0.0 ], [ -53.102116700924967, -22.694513949758914, 0.0 ], [ -53.102116306122582, -22.694515251077917, 0.0 ], [ -53.102115910420878, -22.694516552396919, 0.0 ], [ -53.102115513819854, -22.694517853715922, 0.0 ], [ -53.10211511631951, -22.694519154135605, 0.0 ], [ -53.102114717919846, -22.694520454555288, 0.0 ], [ -53.102114319520183, -22.694521754974971, 0.0 ], [ -53.10211391932188, -22.694523055394654, 0.0 ], [ -53.102113518224257, -22.694524354915018, 0.0 ], [ -53.102113116227315, -22.694525655334701, 0.0 ], [ -53.102112713330996, -22.694526954855064, 0.0 ], [ -53.102112310434734, -22.694528253476051, 0.0 ], [ -53.102111906639152, -22.694529552996414, 0.0 ], [ -53.102111501044874, -22.694530851617458, 0.0 ], [ -53.102111095450653, -22.694532151137821, 0.0 ], [ -53.102110688957112, -22.694533448859545, 0.0 ], [ -53.102110281564194, -22.694534747480589, 0.0 ], [ -53.102109874171333, -22.694536046101575, 0.0 ], [ -53.102109464979776, -22.694537343823299, 0.0 ], [ -53.102109055788276, -22.694538641545023, 0.0 ], [ -53.102108646596719, -22.694539939266747, 0.0 ], [ -53.102108235606522, -22.694541236988471, 0.0 ], [ -53.102107824616382, -22.694542533810818, 0.0 ], [ -53.102107413626186, -22.694543831532542, 0.0 ], [ -53.102107001736726, -22.694545128354946, 0.0 ], [ -53.10210658894789, -22.69454642517735, 0.0 ], [ -53.102106177058374, -22.694547721999697, 0.0 ], [ -53.102105764269538, -22.694549018822102, 0.0 ], [ -53.102105350581439, -22.694550315644506, 0.0 ], [ -53.102104937792603, -22.69455161246691, 0.0 ], [ -53.102104524104448, -22.694552909289314, 0.0 ], [ -53.102104110416349, -22.694554206111661, 0.0 ], [ -53.102103697627513, -22.694555502034746, 0.0 ], [ -53.102103283939357, -22.69455679885715, 0.0 ], [ -53.102102870251201, -22.694558095679554, 0.0 ], [ -53.102102456563102, -22.694559392501901, 0.0 ], [ -53.102102043774266, -22.694560689324305, 0.0 ], [ -53.10210163098543, -22.69456198524739, 0.0 ], [ -53.102101218196594, -22.694563282069794, 0.0 ], [ -53.102100805407815, -22.694564578892141, 0.0 ], [ -53.102100393518299, -22.694565875714545, 0.0 ], [ -53.102099981628783, -22.694567173436269, 0.0 ], [ -53.102099570638643, -22.694568470258673, 0.0 ], [ -53.102099160547766, -22.69456976798034, 0.0 ], [ -53.102098749557626, -22.694571064802744, 0.0 ], [ -53.102098340366069, -22.694572362524468, 0.0 ], [ -53.102097931174569, -22.694573660246192, 0.0 ], [ -53.102097522882332, -22.694574957967916, 0.0 ], [ -53.102097115489471, -22.694576255689583, 0.0 ], [ -53.102096708995873, -22.694577554310627, 0.0 ], [ -53.102096302502332, -22.69457885293167, 0.0 ], [ -53.102095897807374, -22.694580151552714, 0.0 ], [ -53.102095494011792, -22.694581450173757, 0.0 ], [ -53.10209509021621, -22.694582748794801, 0.0 ], [ -53.102094688219267, -22.694584048315107, 0.0 ], [ -53.102094287121588, -22.694585347835471, 0.0 ], [ -53.102093887822605, -22.694586648255154, 0.0 ], [ -53.102093488523622, -22.694587947775517, 0.0 ], [ -53.102093091023278, -22.69458924909452, 0.0 ], [ -53.102092695321574, -22.694590549514203, 0.0 ], [ -53.102092299619869, -22.694591850833206, 0.0 ], [ -53.102091906616181, -22.694593152152208, 0.0 ], [ -53.102091514511756, -22.694594453471211, 0.0 ], [ -53.10209112330665, -22.694595755689534, 0.0 ], [ -53.102090733900184, -22.694597058807176, 0.0 ], [ -53.102090346292414, -22.694598361924818, 0.0 ], [ -53.102089960483227, -22.69459966504246, 0.0 ], [ -53.102089575573416, -22.694600968160103, 0.0 ], [ -53.102089193361564, -22.694602273076384, 0.0 ], [ -53.102088812048976, -22.694603577093346, 0.0 ], [ -53.102088432535083, -22.694604882009628, 0.0 ], [ -53.102088054819831, -22.694606187825286, 0.0 ], [ -53.102087679802537, -22.694607493640888, 0.0 ], [ -53.102087305684563, -22.694608800355809, 0.0 ], [ -53.102086932465909, -22.69461010707073, 0.0 ], [ -53.102086561945214, -22.694611413785651, 0.0 ], [ -53.102086192323895, -22.694612721399949, 0.0 ], [ -53.10208582450116, -22.69461402901419, 0.0 ], [ -53.102085458477063, -22.69461533752775, 0.0 ], [ -53.102085093352343, -22.694616646041311, 0.0 ], [ -53.102084730026206, -22.694617955454248, 0.0 ], [ -53.102084367599446, -22.694619264867129, 0.0 ], [ -53.102084006971324, -22.694620574280009, 0.0 ], [ -53.102083648141786, -22.694621884592266, 0.0 ], [ -53.102083289312304, -22.694623194904466, 0.0 ], [ -53.102082932281462, -22.694624505216723, 0.0 ], [ -53.102082577049259, -22.694625816428243, 0.0 ], [ -53.102082222716376, -22.694627127639762, 0.0 ], [ -53.102081869282813, -22.694628438851339, 0.0 ], [ -53.102081516748569, -22.694629750962179, 0.0 ], [ -53.102081166012965, -22.694631063073075, 0.0 ], [ -53.102080815277361, -22.694632375183915, 0.0 ], [ -53.102080466340396, -22.694633688194131, 0.0 ], [ -53.102080118302752, -22.69463500120429, 0.0 ], [ -53.102079770265163, -22.694636314214506, 0.0 ], [ -53.102079424026158, -22.694637627224665, 0.0 ], [ -53.102079078686472, -22.694638941134201, 0.0 ], [ -53.102078734246163, -22.69464025414436, 0.0 ], [ -53.102078389805797, -22.694641568053896, 0.0 ], [ -53.102078047164127, -22.694642882862695, 0.0 ], [ -53.102077704522401, -22.694644196772231, 0.0 ], [ -53.102077362780051, -22.694645511581029, 0.0 ], [ -53.102077021037644, -22.694646825490565, 0.0 ], [ -53.102076681093934, -22.694648140299364, 0.0 ], [ -53.102076341150166, -22.694649456007539, 0.0 ], [ -53.102076001206456, -22.694650770816395, 0.0 ], [ -53.102075662162065, -22.694652085625194, 0.0 ], [ -53.102075324016937, -22.694653401333369, 0.0 ], [ -53.102074985871866, -22.694654717041487, 0.0 ], [ -53.102074648626115, -22.694656031850343, 0.0 ], [ -53.102074311380306, -22.694657347558518, 0.0 ], [ -53.102073974134555, -22.694658663266637, 0.0 ], [ -53.102073637788124, -22.694659978974812, 0.0 ], [ -53.102073301441692, -22.694661295582307, 0.0 ], [ -53.102072965095203, -22.694662611290426, 0.0 ], [ -53.102072628748772, -22.694663926998601, 0.0 ], [ -53.10207229330166, -22.694665243606039, 0.0 ], [ -53.102071956955228, -22.694666559314214, 0.0 ], [ -53.10207162150806, -22.69466787502239, 0.0 ], [ -53.102071286060948, -22.694669191629828, 0.0 ], [ -53.102070950613836, -22.694670507338003, 0.0 ], [ -53.102070615166724, -22.694671823945498, 0.0 ], [ -53.102070278820293, -22.694673139653617, 0.0 ], [ -53.102069943373124, -22.694674455361792, 0.0 ], [ -53.102069607026692, -22.69467577196923, 0.0 ], [ -53.10206927157958, -22.694677087677405, 0.0 ], [ -53.102068934333829, -22.694678403385581, 0.0 ], [ -53.102068597987341, -22.694679719093699, 0.0 ], [ -53.102068260741589, -22.694681035701194, 0.0 ], [ -53.102067923495838, -22.694682351409369, 0.0 ], [ -53.102067586250087, -22.694683666218168, 0.0 ], [ -53.102067248104959, -22.694684981926343, 0.0 ], [ -53.102066909060568, -22.694686297634462, 0.0 ], [ -53.102066570016177, -22.694687612443317, 0.0 ], [ -53.10206623007241, -22.694688928151493, 0.0 ], [ -53.102065890128699, -22.694690242960291, 0.0 ], [ -53.102065549285612, -22.694691557769147, 0.0 ], [ -53.102065207543262, -22.694692872577946, 0.0 ], [ -53.102064865800855, -22.694694186487482, 0.0 ], [ -53.102064522259866, -22.69469550129628, 0.0 ], [ -53.10206417871882, -22.694696815205816, 0.0 ], [ -53.102063834278511, -22.694698129115295, 0.0 ], [ -53.102063488039505, -22.694699442125511, 0.0 ], [ -53.1020631418005, -22.69470075603499, 0.0 ], [ -53.102062794662174, -22.694702069045206, 0.0 ], [ -53.102062446624586, -22.694703382055366, 0.0 ], [ -53.102062096788302, -22.694704694166262, 0.0 ], [ -53.102061746952018, -22.694706007176421, 0.0 ], [ -53.102061395317094, -22.694707319287318, 0.0 ], [ -53.10206104278285, -22.694708630498837, 0.0 ], [ -53.102060688449967, -22.694709942609734, 0.0 ], [ -53.102060334117084, -22.694711253821254, 0.0 ], [ -53.102059977086242, -22.694712564133511, 0.0 ], [ -53.1020596200554, -22.69471387534503, 0.0 ], [ -53.102059261225861, -22.694715184757911, 0.0 ], [ -53.10205890059774, -22.694716495070168, 0.0 ], [ -53.102058539070299, -22.694717804483048, 0.0 ], [ -53.102058175744162, -22.694719113895928, 0.0 ], [ -53.102057811518762, -22.694720422409546, 0.0 ], [ -53.102057444595346, -22.694721730923106, 0.0 ], [ -53.10205707677261, -22.694723038537347, 0.0 ], [ -53.102056708050611, -22.694724346151588, 0.0 ], [ -53.102056336630596, -22.694725652866566, 0.0 ], [ -53.102055964311262, -22.694726959581487, 0.0 ], [ -53.102055589293968, -22.694728265397089, 0.0 ], [ -53.102055213377355, -22.69472957121269, 0.0 ], [ -53.102054835662102, -22.694730877028292, 0.0 ], [ -53.10205445524889, -22.694732181944573, 0.0 ], [ -53.102054073936301, -22.694733485961535, 0.0 ], [ -53.10205368992581, -22.694734789978554, 0.0 ], [ -53.102053304116623, -22.694736093096196, 0.0 ], [ -53.102052916508853, -22.694737396213839, 0.0 ], [ -53.102052527102387, -22.694738698432161, 0.0 ], [ -53.102052134998019, -22.694739999751164, 0.0 ], [ -53.102051741994273, -22.694741301070167, 0.0 ], [ -53.102051346292569, -22.69474260148985, 0.0 ], [ -53.102050948792225, -22.694743901909476, 0.0 ], [ -53.102050549493242, -22.694745202329159, 0.0 ], [ -53.102050149294939, -22.694746500950203, 0.0 ], [ -53.102013575665922, -22.69486648849761, 0.0 ], [ -53.101999428430815, -22.694914835151451, 0.0 ] ] } },
{ "type": "Feature", "properties": { "Id": 0 }, "geometry": { "type": "LineString", "coordinates": [ [ -53.102127843525125, -22.694432675327675, 0.0 ], [ -53.102102432281356, -22.694518175673238, 0.0 ], [ -53.102072592775869, -22.694612251953799, 0.0 ], [ -53.102072099947407, -22.694613948075187, 0.0 ], [ -53.102071607118944, -22.694615643297254, 0.0 ], [ -53.102071115189744, -22.694617339418642, 0.0 ], [ -53.102070624159921, -22.694619035540029, 0.0 ], [ -53.102070133130098, -22.694620731661416, 0.0 ], [ -53.102069643898915, -22.694622428682067, 0.0 ], [ -53.102069153768412, -22.694624124803454, 0.0 ], [ -53.102068665436548, -22.694625821824161, 0.0 ], [ -53.102068177104627, -22.694627518844868, 0.0 ], [ -53.102067689672083, -22.694629215865575, 0.0 ], [ -53.102067203138859, -22.694630912886282, 0.0 ], [ -53.102066717504954, -22.694632609906989, 0.0 ], [ -53.102066231871049, -22.694634307827016, 0.0 ], [ -53.102065747136464, -22.694636005747043, 0.0 ], [ -53.102065263301199, -22.69463770366707, 0.0 ], [ -53.102064779465934, -22.694639401587096, 0.0 ], [ -53.102064297429365, -22.694641099507066, 0.0 ], [ -53.102063815392739, -22.694642798326413, 0.0 ], [ -53.102063334255433, -22.694644497145759, 0.0 ], [ -53.102062853118127, -22.694646195965106, 0.0 ], [ -53.102062373779461, -22.694647894784453, 0.0 ], [ -53.102061894440851, -22.694649593603799, 0.0 ], [ -53.102061416001504, -22.694651293322465, 0.0 ], [ -53.102060938461477, -22.694652992141812, 0.0 ], [ -53.102060460921507, -22.694654691860478, 0.0 ], [ -53.102059985180119, -22.694656391579144, 0.0 ], [ -53.102059509438789, -22.69465809219713, 0.0 ], [ -53.102059034596721, -22.694659791915797, 0.0 ], [ -53.102058560654029, -22.694661492533783, 0.0 ], [ -53.102058086711281, -22.694663193151825, 0.0 ], [ -53.102057614567229, -22.694664893769811, 0.0 ], [ -53.102057142423121, -22.694666594387797, 0.0 ], [ -53.102056671178389, -22.694668295905103, 0.0 ], [ -53.102056200832976, -22.694669997422409, 0.0 ], [ -53.102055730487507, -22.694671698040395, 0.0 ], [ -53.102055261041414, -22.694673399557701, 0.0 ], [ -53.102054791595322, -22.694675101974326, 0.0 ], [ -53.102054323048549, -22.694676803491632, 0.0 ], [ -53.102053854501719, -22.694678505008937, 0.0 ], [ -53.102053386854266, -22.694680207425563, 0.0 ], [ -53.102052919206812, -22.694681908942925, 0.0 ], [ -53.102052451559359, -22.694683611359551, 0.0 ], [ -53.102051984811226, -22.694685312876857, 0.0 ], [ -53.102051518063092, -22.694687015293482, 0.0 ], [ -53.102051051314902, -22.694688717710108, 0.0 ], [ -53.102050584566769, -22.694690420126733, 0.0 ], [ -53.102050117818635, -22.694692122543358, 0.0 ], [ -53.102049651969821, -22.694693824959984, 0.0 ], [ -53.102049185221688, -22.694695526477346, 0.0 ], [ -53.102048718473554, -22.694697228893972, 0.0 ], [ -53.102048252624741, -22.694698931310597, 0.0 ], [ -53.10204778587655, -22.694700633727223, 0.0 ], [ -53.102047319128417, -22.694702336143848, 0.0 ], [ -53.102046852380283, -22.694704037661154, 0.0 ], [ -53.10204638473283, -22.694705740077779, 0.0 ], [ -53.102045917085377, -22.694707441595085, 0.0 ], [ -53.102045449437924, -22.694709144011767, 0.0 ], [ -53.102044981790414, -22.694710845529073, 0.0 ], [ -53.102044513243641, -22.694712547046379, 0.0 ], [ -53.102044043797548, -22.694714249463004, 0.0 ], [ -53.102043574351455, -22.69471595098031, 0.0 ], [ -53.102043104905306, -22.694717651598296, 0.0 ], [ -53.102042634559893, -22.694719353115602, 0.0 ], [ -53.102042163315161, -22.694721054632907, 0.0 ], [ -53.102041691171053, -22.694722755250893, 0.0 ], [ -53.102041219027001, -22.694724455868879, 0.0 ], [ -53.102040745983572, -22.694726156486865, 0.0 ], [ -53.102040272040881, -22.694727857104851, 0.0 ], [ -53.102039797198813, -22.694729556823518, 0.0 ], [ -53.102039322356802, -22.694731257441561, 0.0 ], [ -53.102038845716095, -22.694732957160227, 0.0 ], [ -53.102038368176125, -22.694734655979516, 0.0 ], [ -53.102037890636097, -22.69473635569824, 0.0 ], [ -53.102037411297431, -22.694738054517529, 0.0 ], [ -53.102036931059502, -22.694739753336876, 0.0 ], [ -53.102036449922196, -22.694741452156222, 0.0 ], [ -53.10203596788557, -22.694743150076249, 0.0 ], [ -53.102035484050305, -22.694744847996276, 0.0 ], [ -53.10203499931572, -22.694746545916303, 0.0 ], [ -53.102034513681815, -22.69474824293701, 0.0 ], [ -53.102034026249271, -22.694749939957717, 0.0 ], [ -53.102033537917407, -22.694751636978424, 0.0 ], [ -53.102033047786904, -22.694753333099811, 0.0 ], [ -53.102032556757024, -22.694755029221199, 0.0 ], [ -53.102032064827881, -22.694756724443209, 0.0 ], [ -53.102031570200779, -22.694758419665277, 0.0 ], [ -53.102031074674301, -22.694760114887345, 0.0 ], [ -53.10203057734924, -22.694761809210092, 0.0 ], [ -53.102030079124802, -22.69476350353284, 0.0 ], [ -53.102029579101725, -22.694765196956212, 0.0 ], [ -53.102029076380745, -22.69476689037964, 0.0 ], [ -53.102028572760389, -22.694768582903748, 0.0 ], [ -53.102028067341394, -22.6947702754278, 0.0 ], [ -53.102027561023078, -22.694771967951908, 0.0 ], [ -53.102027052006804, -22.694773659576697, 0.0 ], [ -53.10202654209121, -22.694775350302109, 0.0 ], [ -53.102026031276296, -22.694777041027578, 0.0 ], [ -53.102025518662742, -22.694778731753047, 0.0 ], [ -53.102025004250493, -22.694780422478459, 0.0 ], [ -53.1020244898383, -22.694782112304608, 0.0 ], [ -53.102023973627468, -22.694783802130701, 0.0 ], [ -53.102023456517259, -22.69478549105753, 0.0 ], [ -53.102022938507787, -22.694787180883623, 0.0 ], [ -53.102022419598939, -22.694788869810452, 0.0 ], [ -53.102021899790827, -22.694790558737225, 0.0 ], [ -53.102021379982659, -22.694792246764735, 0.0 ], [ -53.102020859275171, -22.694793935691507, 0.0 ], [ -53.102020337668421, -22.694795623719017, 0.0 ], [ -53.102019816061613, -22.69479731174647, 0.0 ], [ -53.102019294454806, -22.694799000673299, 0.0 ], [ -53.102018771948735, -22.694800688700752, 0.0 ], [ -53.102018249442608, -22.694802376728262, 0.0 ], [ -53.102017726037161, -22.694804064755715, 0.0 ], [ -53.102017203531091, -22.694805752783225, 0.0 ], [ -53.102016681024963, -22.694807440810678, 0.0 ], [ -53.102016158518836, -22.694809128838187, 0.0 ], [ -53.102015636012766, -22.69481081686564, 0.0 ], [ -53.102015113506638, -22.69481250489315, 0.0 ], [ -53.102014591899831, -22.694814193819923, 0.0 ], [ -53.10201407029308, -22.694815881847433, 0.0 ], [ -53.102013549585593, -22.694817570774205, 0.0 ], [ -53.102013029777481, -22.694819258801715, 0.0 ], [ -53.102012509969313, -22.694820947728488, 0.0 ], [ -53.102011991060522, -22.694822637554637, 0.0 ], [ -53.102011473050993, -22.69482432648141, 0.0 ], [ -53.102010955940841, -22.694826016307559, 0.0 ], [ -53.102010438830632, -22.694827705234388, 0.0 ], [ -53.102009924418439, -22.6948293959598, 0.0 ], [ -53.102009410006247, -22.69483108578595, 0.0 ], [ -53.102008897392636, -22.694832776511362, 0.0 ], [ -53.102008385678403, -22.694834467236831, 0.0 ], [ -53.102007874863489, -22.694836158861619, 0.0 ], [ -53.102007366746534, -22.694837850486351, 0.0 ], [ -53.102006859528899, -22.69483954301046, 0.0 ], [ -53.102006353210584, -22.694841235534568, 0.0 ], [ -53.102005849590228, -22.69484292805862, 0.0 ], [ -53.102005346869248, -22.694844621482048, 0.0 ], [ -53.102004846846171, -22.694846315804796, 0.0 ], [ -53.102004348621733, -22.694848010127544, 0.0 ], [ -53.102003851296672, -22.694849704450235, 0.0 ], [ -53.102003356669513, -22.694851399672302, 0.0 ], [ -53.102002863841051, -22.69485309579369, 0.0 ], [ -53.102002372811228, -22.694854791915077, 0.0 ], [ -53.102001882680725, -22.694856488935784, 0.0 ], [ -53.102001394348804, -22.694858185956491, 0.0 ], [ -53.102000907815579, -22.694859882977198, 0.0 ], [ -53.102000422181675, -22.694861580897168, 0.0 ], [ -53.10199993834641, -22.694863278817195, 0.0 ], [ -53.101999454511201, -22.694864976737222, 0.0 ], [ -53.101998972474576, -22.694866675556568, 0.0 ], [ -53.10199849043795, -22.694868374375915, 0.0 ], [ -53.101998010199964, -22.694870073195261, 0.0 ], [ -53.101997529961977, -22.694871772014608, 0.0 ], [ -53.101997050623368, -22.694873471733274, 0.0 ], [ -53.101996572184021, -22.694875170552621, 0.0 ], [ -53.101996093744674, -22.694876870271287, 0.0 ], [ -53.101995615305384, -22.694878569989953, 0.0 ], [ -53.101995136866037, -22.694880269708619, 0.0 ], [ -53.10199465932601, -22.694881969427286, 0.0 ], [ -53.10199418178604, -22.694883668246632, 0.0 ], [ -53.101993703346693, -22.694885367965298, 0.0 ], [ -53.101993224907346, -22.694887067683965, 0.0 ], [ -53.101992746468056, -22.694888767402631, 0.0 ], [ -53.10199226802871, -22.694890466221977, 0.0 ], [ -53.101991788690043, -22.694892165940644, 0.0 ], [ -53.101991308452057, -22.69489386475999, 0.0 ], [ -53.101990828214127, -22.694895563579337, 0.0 ], [ -53.101990347076821, -22.694897262398683, 0.0 ], [ -53.101989865040196, -22.69489896031871, 0.0 ], [ -53.10198938120493, -22.694900659138057, 0.0 ], [ -53.101988897369665, -22.694902356158764, 0.0 ], [ -53.101988411735761, -22.694904054078791, 0.0 ], [ -53.101987925202536, -22.694905751099498, 0.0 ], [ -53.101987436870672, -22.694907448120205, 0.0 ], [ -53.101986947639489, -22.694909144241592, 0.0 ], [ -53.101986456609666, -22.694910840362922, 0.0 ], [ -53.1019862470676, -22.694911561619222, 0.0 ] ] } },
{ "type": "Feature", "properties": { "Id": 0 }, "geometry": { "type": "LineString", "coordinates": [ [ -53.102118609286322, -22.694430382056453, 0.0 ], [ -53.10211806699516, -22.694432202284247, 0.0 ], [ -53.102117513912106, -22.69443406118296, 0.0 ], [ -53.102116959929731, -22.694435919182297, 0.0 ], [ -53.102116406846676, -22.694437778080953, 0.0 ], [ -53.102115853763621, -22.69443963697961, 0.0 ], [ -53.102115300680566, -22.694441494978946, 0.0 ], [ -53.102114748496831, -22.694443353877659, 0.0 ], [ -53.102114196313096, -22.694445212776316, 0.0 ], [ -53.102113644129304, -22.694447071674972, 0.0 ], [ -53.102113091945569, -22.694448930573628, 0.0 ], [ -53.102112540661153, -22.694450789472285, 0.0 ], [ -53.102111989376795, -22.694452649270318, 0.0 ], [ -53.102111438092379, -22.694454508168974, 0.0 ], [ -53.102110886807964, -22.69445636706763, 0.0 ], [ -53.102110336422868, -22.694458226865606, 0.0 ], [ -53.102109786937092, -22.69446008576432, 0.0 ], [ -53.102109236551996, -22.694461945562296, 0.0 ], [ -53.10210868706622, -22.694463805360272, 0.0 ], [ -53.102108138479764, -22.694465664258928, 0.0 ], [ -53.102107588993988, -22.694467524056961, 0.0 ], [ -53.102107041306851, -22.694469383854937, 0.0 ], [ -53.102106492720395, -22.694471244552233, 0.0 ], [ -53.102105945033315, -22.694473104350266, 0.0 ], [ -53.102105397346179, -22.694474964148242, 0.0 ], [ -53.102104850558362, -22.694476824845538, 0.0 ], [ -53.102104303770545, -22.694478684643514, 0.0 ], [ -53.102103757882105, -22.694480545340866, 0.0 ], [ -53.102103211993608, -22.694482406038162, 0.0 ], [ -53.102102667004431, -22.694484265836138, 0.0 ], [ -53.102102122015253, -22.694486126533491, 0.0 ], [ -53.102101577925453, -22.694487988130106, 0.0 ], [ -53.102101033835595, -22.694489848827402, 0.0 ], [ -53.102100489745737, -22.694491709524755, 0.0 ], [ -53.102099946555256, -22.69449357112137, 0.0 ], [ -53.102099404264038, -22.694495431818666, 0.0 ], [ -53.102098861972877, -22.694497293415338, 0.0 ], [ -53.102098319681659, -22.694499155011954, 0.0 ], [ -53.102097777390497, -22.694501016608569, 0.0 ], [ -53.102097235998599, -22.694502878205242, 0.0 ], [ -53.102096695506077, -22.694504739801857, 0.0 ], [ -53.102096154114179, -22.694506601398473, 0.0 ], [ -53.102095613621657, -22.694508462995145, 0.0 ], [ -53.102095073129078, -22.69451032549108, 0.0 ], [ -53.102094532636556, -22.694512187087696, 0.0 ], [ -53.102093993043297, -22.694514048684368, 0.0 ], [ -53.102093452550776, -22.694515911180304, 0.0 ], [ -53.102092912957517, -22.694517772776919, 0.0 ], [ -53.102092373364314, -22.694519635272911, 0.0 ], [ -53.102091833771055, -22.694521496869527, 0.0 ], [ -53.102091294177853, -22.694523359365519, 0.0 ], [ -53.102090755483914, -22.694525220962134, 0.0 ], [ -53.102090215890712, -22.69452708345807, 0.0 ], [ -53.10208967629751, -22.694528945054742, 0.0 ], [ -53.102089136704251, -22.694530807550677, 0.0 ], [ -53.102088598010369, -22.694532670046613, 0.0 ], [ -53.10208805841711, -22.694534531643285, 0.0 ], [ -53.102087518823907, -22.69453639413922, 0.0 ], [ -53.102086979230648, -22.694538255735893, 0.0 ], [ -53.102086439637446, -22.694540118231828, 0.0 ], [ -53.102085899144868, -22.694541979828443, 0.0 ], [ -53.102085359551666, -22.694543841425116, 0.0 ], [ -53.102084819059087, -22.694545703921051, 0.0 ], [ -53.102084278566565, -22.694547565517666, 0.0 ], [ -53.102083738073986, -22.694549427114339, 0.0 ], [ -53.102083197581464, -22.694551288710954, 0.0 ], [ -53.102082656189566, -22.69455315030757, 0.0 ], [ -53.102082114797724, -22.694555012803562, 0.0 ], [ -53.102081572506506, -22.694556873500858, 0.0 ], [ -53.102081031114665, -22.69455873509753, 0.0 ], [ -53.102080488823447, -22.694560596694146, 0.0 ], [ -53.102079945632966, -22.694562458290761, 0.0 ], [ -53.102079402442428, -22.694564318988114, 0.0 ], [ -53.10207885925189, -22.694566180584729, 0.0 ], [ -53.102078315162089, -22.694568041282025, 0.0 ], [ -53.102077771072231, -22.694569901979321, 0.0 ], [ -53.102077226083054, -22.694571762676674, 0.0 ], [ -53.102076680194614, -22.694573623373969, 0.0 ], [ -53.102076134306117, -22.694575484071265, 0.0 ], [ -53.10207558841762, -22.694577343869298, 0.0 ], [ -53.102075041629803, -22.694579204566594, 0.0 ], [ -53.102074493942723, -22.69458106436457, 0.0 ], [ -53.102073946255587, -22.694582924162603, 0.0 ], [ -53.10207339766913, -22.694584783960579, 0.0 ], [ -53.102072849082674, -22.694586643758555, 0.0 ], [ -53.102072300496218, -22.694588503556531, 0.0 ], [ -53.102071750111122, -22.694590363354564, 0.0 ], [ -53.102071200625346, -22.69459222225322, 0.0 ], [ -53.10207065024025, -22.694594082051196, 0.0 ], [ -53.102070098955835, -22.694595940949853, 0.0 ], [ -53.102069548570796, -22.694597799848566, 0.0 ], [ -53.102068996387004, -22.694599659646542, 0.0 ], [ -53.102068445102645, -22.694601518545198, 0.0 ], [ -53.102067892918853, -22.694603377443855, 0.0 ], [ -53.102067339835799, -22.694605235443191, 0.0 ], [ -53.102066787652063, -22.694607094341904, 0.0 ], [ -53.102066234569008, -22.694608953240561, 0.0 ], [ -53.102065680586634, -22.694610812139217, 0.0 ], [ -53.102065127503579, -22.694612670138554, 0.0 ], [ -53.102064573521204, -22.694614529037267, 0.0 ], [ -53.10206401863951, -22.694616387036604, 0.0 ], [ -53.102063464657135, -22.69461824503594, 0.0 ], [ -53.102062909775441, -22.694620103035277, 0.0 ], [ -53.102062354893746, -22.694621961933933, 0.0 ], [ -53.102061800011995, -22.694623819933327, 0.0 ], [ -53.102061244230981, -22.694625677932663, 0.0 ], [ -53.102060688449967, -22.694627535932, 0.0 ], [ -53.102060133568273, -22.694629393931336, 0.0 ], [ -53.102059576887939, -22.694631251930673, 0.0 ], [ -53.102059021106925, -22.69463310993001, 0.0 ], [ -53.102058465325854, -22.694634967929403, 0.0 ], [ -53.10205790864552, -22.69463682502942, 0.0 ], [ -53.102057352864506, -22.694638683028757, 0.0 ], [ -53.102056796184172, -22.694640541028093, 0.0 ], [ -53.102056239503781, -22.69464239902743, 0.0 ], [ -53.102055682823448, -22.694644256127447, 0.0 ], [ -53.102055126143114, -22.69464611412684, 0.0 ], [ -53.10205456946278, -22.694647972126177, 0.0 ], [ -53.102054012782446, -22.694649829226194, 0.0 ], [ -53.102053456102055, -22.69465168722553, 0.0 ], [ -53.102052899421722, -22.694653545224867, 0.0 ], [ -53.102052342741388, -22.69465540232494, 0.0 ], [ -53.102051785161734, -22.694657260324277, 0.0 ], [ -53.102051228481344, -22.694659118323614, 0.0 ], [ -53.10205067180101, -22.694660975423631, 0.0 ], [ -53.102050115120676, -22.694662833422967, 0.0 ], [ -53.102049558440342, -22.694664691422304, 0.0 ], [ -53.102049001760008, -22.694666549421697, 0.0 ], [ -53.102048445079618, -22.694668406521714, 0.0 ], [ -53.102047889298603, -22.694670264521051, 0.0 ], [ -53.10204733261827, -22.694672122520387, 0.0 ], [ -53.102046776837255, -22.694673980519724, 0.0 ], [ -53.102046220156922, -22.694675838519061, 0.0 ], [ -53.102045664375851, -22.694677695619134, 0.0 ], [ -53.102034760096046, -22.694716799940295, 0.0 ], [ -53.102012673645959, -22.694792240469496, 0.0 ], [ -53.101979554312948, -22.694902900248621, 0.0 ], [ -53.10197749486548, -22.694909388857184, 0.0 ] ] } },
{ "type": "Feature", "properties": { "Id": 0 }, "geometry": { "type": "LineString", "coordinates": [ [ -53.102104937792603, -22.694426987115719, 0.0 ], [ -53.102104849659042, -22.694427323462151, 0.0 ], [ -53.102104535795661, -22.694428519560461, 0.0 ], [ -53.102104219234263, -22.694429714759508, 0.0 ], [ -53.102103901773603, -22.694430910857818, 0.0 ], [ -53.102103582514303, -22.694432106056809, 0.0 ], [ -53.102103261456307, -22.694433300356479, 0.0 ], [ -53.102102939498991, -22.69443449555547, 0.0 ], [ -53.102102616642412, -22.69443568985514, 0.0 ], [ -53.102102291987137, -22.694436883255491, 0.0 ], [ -53.102101966432542, -22.694438077555162, 0.0 ], [ -53.102101639978684, -22.69443927095557, 0.0 ], [ -53.10210131262545, -22.694440464355921, 0.0 ], [ -53.102100984372896, -22.694441657756272, 0.0 ], [ -53.102100655221022, -22.694442851156623, 0.0 ], [ -53.102100325169829, -22.694444044556974, 0.0 ], [ -53.102099995118635, -22.694445237058005, 0.0 ], [ -53.102099664168122, -22.694446429559036, 0.0 ], [ -53.102099333217609, -22.694447622959387, 0.0 ], [ -53.102099002267096, -22.694448815460419, 0.0 ], [ -53.102098670417263, -22.69445000796145, 0.0 ], [ -53.10209833946675, -22.694451200462481, 0.0 ], [ -53.102098007616917, -22.694452392963512, 0.0 ], [ -53.102097675767084, -22.694453585464544, 0.0 ], [ -53.102097344816571, -22.694454778864895, 0.0 ], [ -53.102097013866057, -22.694455971365926, 0.0 ], [ -53.102096682915544, -22.694457163866957, 0.0 ], [ -53.102096352864351, -22.694458356367988, 0.0 ], [ -53.102096022813157, -22.694459549768339, 0.0 ], [ -53.102095693661283, -22.69446074316869, 0.0 ], [ -53.102095365408729, -22.694461935669779, 0.0 ], [ -53.102095037156175, -22.69446312907013, 0.0 ], [ -53.102094710702318, -22.694464322470481, 0.0 ], [ -53.102094384248403, -22.694465516770151, 0.0 ], [ -53.102094058693808, -22.694466710170502, 0.0 ], [ -53.102093733139213, -22.694467904470173, 0.0 ], [ -53.102093409383315, -22.694469097870524, 0.0 ], [ -53.102093085627359, -22.694470292170195, 0.0 ], [ -53.102092762770724, -22.694471486469865, 0.0 ], [ -53.102092440813465, -22.694472680769536, 0.0 ], [ -53.102092118856149, -22.694473875968583, 0.0 ], [ -53.102091797798209, -22.694475070268254, 0.0 ], [ -53.102091477639533, -22.694476265467245, 0.0 ], [ -53.102091157480913, -22.694477459766915, 0.0 ], [ -53.102090838221557, -22.694478654965906, 0.0 ], [ -53.102090519861576, -22.694479850164896, 0.0 ], [ -53.102090201501539, -22.694481045363887, 0.0 ], [ -53.102089884040879, -22.694482241462254, 0.0 ], [ -53.102089566580219, -22.694483436661244, 0.0 ], [ -53.102089250018821, -22.694484631860234, 0.0 ], [ -53.1020889343568, -22.694485827958545, 0.0 ], [ -53.102088618694779, -22.694487024056855, 0.0 ], [ -53.102088303932021, -22.694488220155165, 0.0 ], [ -53.10208798916932, -22.694489416253532, 0.0 ], [ -53.102087675305938, -22.694490612351842, 0.0 ], [ -53.102087361442557, -22.694491808450152, 0.0 ], [ -53.102087048478438, -22.694493004548463, 0.0 ], [ -53.102086735514376, -22.694494201546092, 0.0 ], [ -53.102086423449634, -22.694495397644459, 0.0 ], [ -53.102086111384892, -22.694496594642089, 0.0 ], [ -53.10208579932015, -22.6944977907404, 0.0 ], [ -53.102085488154728, -22.694498987738029, 0.0 ], [ -53.102085177888625, -22.694500184735716, 0.0 ], [ -53.102084866723203, -22.694501381733346, 0.0 ], [ -53.10208455735642, -22.694502579630296, 0.0 ], [ -53.102084247090318, -22.694503776627926, 0.0 ], [ -53.102083937723478, -22.694504973625612, 0.0 ], [ -53.102083628356695, -22.694506171522562, 0.0 ], [ -53.102083319889232, -22.694507368520192, 0.0 ], [ -53.102083011421826, -22.694508566417142, 0.0 ], [ -53.102082702954363, -22.694509763414828, 0.0 ], [ -53.102082394486899, -22.694510961311778, 0.0 ], [ -53.102082086918756, -22.694512159208728, 0.0 ], [ -53.102081779350613, -22.694513357105677, 0.0 ], [ -53.102081471782469, -22.694514555002684, 0.0 ], [ -53.102081165113646, -22.694515752899633, 0.0 ], [ -53.102080857545502, -22.694516950796583, 0.0 ], [ -53.102080550876678, -22.694518148693589, 0.0 ], [ -53.102080243308535, -22.694519347489859, 0.0 ], [ -53.102079936639711, -22.694520545386808, 0.0 ], [ -53.102079629970888, -22.694521743283758, 0.0 ], [ -53.102079322402744, -22.694522941180765, 0.0 ], [ -53.102079014834601, -22.694524139077714, 0.0 ], [ -53.102078708165834, -22.694525336974664, 0.0 ], [ -53.102078400597691, -22.69452653487167, 0.0 ], [ -53.102078092130228, -22.69452773276862, 0.0 ], [ -53.102077784562084, -22.69452893066557, 0.0 ], [ -53.102077475195301, -22.694530128562519, 0.0 ], [ -53.102077166727838, -22.694531326459526, 0.0 ], [ -53.102076857361055, -22.694532524356475, 0.0 ], [ -53.102076547994272, -22.694533721354105, 0.0 ], [ -53.10207623772817, -22.694534919251055, 0.0 ], [ -53.102075926562748, -22.694536116248742, 0.0 ], [ -53.102075615397268, -22.694537313246371, 0.0 ], [ -53.102075303332526, -22.694538510244001, 0.0 ], [ -53.102074990368465, -22.694539706342312, 0.0 ], [ -53.102074676505083, -22.694540903339998, 0.0 ], [ -53.102074362641702, -22.694542099438308, 0.0 ], [ -53.102074047878943, -22.694543295536619, 0.0 ], [ -53.102073732216923, -22.694544491634929, 0.0 ], [ -53.102073414756262, -22.694545687733239, 0.0 ], [ -53.102073097295545, -22.694546882932229, 0.0 ], [ -53.102072778935565, -22.694548078131277, 0.0 ], [ -53.102072459676208, -22.694549273330267, 0.0 ], [ -53.102072138618269, -22.694550468529258, 0.0 ], [ -53.102071816660953, -22.694551662828928, 0.0 ], [ -53.102071493804374, -22.694552857128599, 0.0 ], [ -53.102071170048418, -22.69455405052895, 0.0 ], [ -53.102070845393143, -22.694555243929301, 0.0 ], [ -53.102070518939229, -22.694556437329652, 0.0 ], [ -53.102070190686732, -22.694557630730003, 0.0 ], [ -53.102069861534858, -22.694558823231034, 0.0 ], [ -53.102069531483664, -22.694560015732122, 0.0 ], [ -53.102069199633831, -22.694561207333834, 0.0 ], [ -53.102068865985359, -22.694562398935545, 0.0 ], [ -53.10206853143751, -22.69456358963788, 0.0 ], [ -53.102068195091078, -22.694564780340272, 0.0 ], [ -53.102067856946007, -22.694565971042664, 0.0 ], [ -53.10206751700224, -22.694567160845736, 0.0 ], [ -53.10206717615921, -22.694568350648808, 0.0 ], [ -53.102066832618164, -22.69456953955256, 0.0 ], [ -53.102066488177854, -22.694570728456313, 0.0 ], [ -53.102066141938849, -22.694571916460745, 0.0 ], [ -53.102065793901204, -22.694573103565858, 0.0 ], [ -53.102065444064976, -22.694574291570234, 0.0 ], [ -53.102065092430053, -22.694575477776027, 0.0 ], [ -53.102064739895809, -22.69457666488114, 0.0 ], [ -53.102064385562926, -22.694577851086933, 0.0 ], [ -53.102064029431347, -22.69457903639335, 0.0 ], [ -53.102063672400504, -22.694580221699823, 0.0 ], [ -53.102063313571023, -22.694581407006297, 0.0 ], [ -53.102062953842221, -22.694582591413393, 0.0 ], [ -53.102062592314724, -22.694583775820547, 0.0 ], [ -53.102062229887963, -22.694584960227701, 0.0 ], [ -53.102061865662506, -22.694586143735478, 0.0 ], [ -53.102061500537786, -22.694587327243312, 0.0 ], [ -53.10206113451369, -22.694588509851826, 0.0 ], [ -53.102060766691011, -22.694589693359603, 0.0 ], [ -53.102060398868275, -22.694590875068798, 0.0 ], [ -53.1020600292469, -22.694592057677255, 0.0 ], [ -53.102059658726205, -22.694593240285769, 0.0 ], [ -53.102059287306247, -22.694594421994907, 0.0 ], [ -53.102058914986912, -22.694595602804782, 0.0 ], [ -53.102058541768258, -22.694596784513976, 0.0 ], [ -53.102058167650284, -22.694597965323794, 0.0 ], [ -53.10205779353231, -22.694599147032989, 0.0 ], [ -53.102057417615697, -22.694600327842807, 0.0 ], [ -53.102057041699084, -22.694601507753362, 0.0 ], [ -53.10205666488315, -22.69460268856318, 0.0 ], [ -53.102056287167898, -22.694603868473678, 0.0 ], [ -53.102055908553268, -22.694605049283552, 0.0 ], [ -53.102055529938696, -22.694606229194051, 0.0 ], [ -53.102055151324123, -22.694607409104606, 0.0 ], [ -53.102054770910911, -22.694608588115784, 0.0 ], [ -53.102054391397019, -22.694609768026339, 0.0 ], [ -53.102054010983807, -22.694610947936837, 0.0 ], [ -53.102053629671218, -22.694612126948073, 0.0 ], [ -53.102053248358686, -22.694613306858571, 0.0 ], [ -53.102052867046154, -22.694614485869806, 0.0 ], [ -53.102052485733566, -22.694615664880985, 0.0 ], [ -53.102052103521714, -22.694616844791483, 0.0 ], [ -53.102051721309863, -22.694618023802718, 0.0 ], [ -53.102051339997274, -22.694619202813897, 0.0 ], [ -53.102050957785423, -22.694620382724452, 0.0 ], [ -53.102050575573571, -22.69462156173563, 0.0 ], [ -53.10205019336172, -22.694622740746865, 0.0 ], [ -53.102049811149811, -22.694623919758044, 0.0 ], [ -53.10204942893796, -22.694625099668542, 0.0 ], [ -53.102049046726108, -22.694626278679777, 0.0 ], [ -53.1020486645142, -22.694627457690956, 0.0 ], [ -53.102048283201668, -22.694628637601511, 0.0 ], [ -53.102047901889136, -22.694629817512009, 0.0 ], [ -53.102047521475868, -22.694630996523244, 0.0 ], [ -53.102047140163336, -22.694632176433743, 0.0 ], [ -53.102046759750124, -22.694633356344298, 0.0 ], [ -53.102046380236231, -22.694634536254796, 0.0 ], [ -53.102046000722339, -22.694635716165351, 0.0 ], [ -53.10204562120839, -22.694636896975169, 0.0 ], [ -53.102045243493137, -22.694638076885667, 0.0 ], [ -53.102044864878565, -22.694639257695542, 0.0 ], [ -53.102044488062631, -22.69464043850536, 0.0 ], [ -53.102044111246698, -22.694641619315234, 0.0 ], [ -53.102043735330085, -22.694642800125052, 0.0 ], [ -53.102043360312791, -22.694643981834247, 0.0 ], [ -53.102042986194817, -22.694645163543441, 0.0 ], [ -53.102042612076843, -22.694646345252579, 0.0 ], [ -53.102042239757509, -22.694647526961774, 0.0 ], [ -53.102041867438174, -22.694648709570231, 0.0 ], [ -53.102041496917479, -22.694649892178745, 0.0 ], [ -53.102041126396841, -22.694651074787203, 0.0 ], [ -53.102040757674786, -22.694652258295037, 0.0 ], [ -53.10204038985205, -22.694653440903551, 0.0 ], [ -53.102040022928691, -22.694654625310648, 0.0 ], [ -53.102039656904594, -22.694655808818482, 0.0 ], [ -53.102039292679194, -22.694656993225635, 0.0 ], [ -53.102038929353057, -22.694658177632732, 0.0 ], [ -53.102038567825616, -22.694659362939205, 0.0 ], [ -53.102038206298118, -22.694660548245679, 0.0 ], [ -53.102037847468637, -22.694661733552095, 0.0 ], [ -53.102037489538475, -22.694662919757889, 0.0 ], [ -53.102037132507633, -22.694664106863002, 0.0 ], [ -53.10203677727543, -22.694665293068795, 0.0 ], [ -53.102036422942547, -22.694666480173851, 0.0 ], [ -53.102036069508983, -22.694667667278964, 0.0 ], [ -53.10203571697474, -22.694668855283396, 0.0 ], [ -53.102035366239136, -22.694670043287829, 0.0 ], [ -53.102035015503532, -22.694671231292261, 0.0 ], [ -53.102034665667247, -22.694672420196014, 0.0 ], [ -53.102034316730283, -22.694673608200389, 0.0 ], [ -53.102033967793318, -22.694674797104142, 0.0 ], [ -53.10203362065505, -22.694675986007894, 0.0 ], [ -53.102033272617405, -22.694677174911646, 0.0 ], [ -53.102032925479079, -22.694678363815399, 0.0 ], [ -53.102032578340754, -22.694679552719151, 0.0 ], [ -53.102032231202486, -22.694680741622903, 0.0 ], [ -53.10203188496348, -22.694681930526656, 0.0 ], [ -53.102031537825155, -22.694683119430351, 0.0 ], [ -53.102031190686887, -22.694684309233423, 0.0 ], [ -53.102030844447881, -22.694685498137176, 0.0 ], [ -53.102030496410237, -22.694686687040928, 0.0 ], [ -53.102030149271911, -22.694687875045361, 0.0 ], [ -53.102029801234323, -22.694689063949113, 0.0 ], [ -53.102029452297359, -22.694690252852865, 0.0 ], [ -53.102029103360394, -22.694691440857241, 0.0 ], [ -53.10202875262479, -22.694692628861674, 0.0 ], [ -53.102028402788505, -22.694693816866106, 0.0 ], [ -53.102028051153582, -22.694695003971219, 0.0 ], [ -53.102027698619338, -22.694696191076332, 0.0 ], [ -53.102027345185775, -22.694697378181388, 0.0 ], [ -53.102026989953572, -22.694698565286501, 0.0 ], [ -53.102026634721369, -22.694699751492294, 0.0 ], [ -53.102026276791207, -22.694700937698087, 0.0 ], [ -53.102025918861045, -22.694702123004504, 0.0 ], [ -53.102025559132187, -22.694703308310977, 0.0 ], [ -53.102025197604746, -22.694704492718131, 0.0 ], [ -53.102024834278666, -22.694705677125228, 0.0 ], [ -53.102024469153889, -22.694706860633062, 0.0 ], [ -53.102024103129793, -22.694708043241576, 0.0 ], [ -53.102023734407794, -22.694709225850033, 0.0 ], [ -53.102023363887099, -22.694710408458548, 0.0 ], [ -53.102022991567765, -22.694711590167685, 0.0 ], [ -53.102022617449791, -22.69471277097756, 0.0 ], [ -53.102022240633858, -22.694713950888058, 0.0 ], [ -53.102021861119965, -22.694715130798613, 0.0 ], [ -53.102021479807433, -22.694716308910472, 0.0 ], [ -53.102021095796886, -22.694717487022388, 0.0 ], [ -53.102020709987755, -22.694718665134246, 0.0 ], [ -53.101998543497928, -22.694782705857165, 0.0 ], [ -53.101971948746382, -22.694870707217319, 0.0 ], [ -53.101961611938805, -22.694905444430674, 0.0 ] ] } },
{ "type": "Feature", "properties": { "Id": 0 }, "geometry": { "type": "LineString", "coordinates": [ [ -53.102096808820647, -22.694424968137753, 0.0 ], [ -53.102096576795532, -22.694425871956355, 0.0 ], [ -53.10209623954978, -22.694427174174677, 0.0 ], [ -53.10209590050539, -22.694428476393, 0.0 ], [ -53.102095559662303, -22.694429777712003, 0.0 ], [ -53.102095217020633, -22.694431079031006, 0.0 ], [ -53.102094871680947, -22.694432379450689, 0.0 ], [ -53.102094525441942, -22.694433680769691, 0.0 ], [ -53.102094176504977, -22.694434980290055, 0.0 ], [ -53.102093826668749, -22.694436279810418, 0.0 ], [ -53.102093475033826, -22.694437579330781, 0.0 ], [ -53.102093122499582, -22.694438878851145, 0.0 ], [ -53.102092768166699, -22.694440177472188, 0.0 ], [ -53.10209241203512, -22.694441476093175, 0.0 ], [ -53.102092055004277, -22.694442774714219, 0.0 ], [ -53.102091697074115, -22.694444073335262, 0.0 ], [ -53.102091338244634, -22.694445371056986, 0.0 ], [ -53.102090978515832, -22.69444666877871, 0.0 ], [ -53.102090616988335, -22.694447966500434, 0.0 ], [ -53.102090255460894, -22.694449264222101, 0.0 ], [ -53.102089893034076, -22.694450561044505, 0.0 ], [ -53.102089529707996, -22.694451858766229, 0.0 ], [ -53.102089166381859, -22.694453155588633, 0.0 ], [ -53.102088802156459, -22.6944544533103, 0.0 ], [ -53.102088437931002, -22.694455750132704, 0.0 ], [ -53.102088072806282, -22.694457046955108, 0.0 ], [ -53.102087707681505, -22.694458343777512, 0.0 ], [ -53.102087342556786, -22.694459640599916, 0.0 ], [ -53.102086977432009, -22.694460937422264, 0.0 ], [ -53.102086612307289, -22.694462235143988, 0.0 ], [ -53.102086247182513, -22.694463531966392, 0.0 ], [ -53.102085882057793, -22.694464828788796, 0.0 ], [ -53.102085517832336, -22.694466126510463, 0.0 ], [ -53.102085153606936, -22.694467423332867, 0.0 ], [ -53.102084789381479, -22.694468721054591, 0.0 ], [ -53.102084426055399, -22.694470018776315, 0.0 ], [ -53.102084063628581, -22.694471316498039, 0.0 ], [ -53.102083701201821, -22.694472614219706, 0.0 ], [ -53.102083340573643, -22.694473911941429, 0.0 ], [ -53.102082979945521, -22.694475210562473, 0.0 ], [ -53.10208262111604, -22.694476509183517, 0.0 ], [ -53.102082262286558, -22.69447780780456, 0.0 ], [ -53.102081905255659, -22.694479106425604, 0.0 ], [ -53.102081549124136, -22.69448040594591, 0.0 ], [ -53.102081193891934, -22.694481705466274, 0.0 ], [ -53.10208084135769, -22.694483005885957, 0.0 ], [ -53.102080488823447, -22.69448430630564, 0.0 ], [ -53.102080138087842, -22.694485606725323, 0.0 ], [ -53.102079790050254, -22.694486907145006, 0.0 ], [ -53.102079442911929, -22.694488208464008, 0.0 ], [ -53.102079096672924, -22.694489510682331, 0.0 ], [ -53.102078753131934, -22.694490812900654, 0.0 ], [ -53.102078410490208, -22.694492115118976, 0.0 ], [ -53.102078069647177, -22.694493418236618, 0.0 ], [ -53.10207773060273, -22.69449472135426, 0.0 ], [ -53.102077392457659, -22.694496024471903, 0.0 ], [ -53.102077055211907, -22.694497328488865, 0.0 ], [ -53.102076719764739, -22.694498631606507, 0.0 ], [ -53.102076384317627, -22.694499936522789, 0.0 ], [ -53.102076050669154, -22.694501240539751, 0.0 ], [ -53.102075717920002, -22.694502545456089, 0.0 ], [ -53.102075386070169, -22.694503850372371, 0.0 ], [ -53.102075055119656, -22.694505155288653, 0.0 ], [ -53.102074725068462, -22.694506460204934, 0.0 ], [ -53.102074395017269, -22.694507765121216, 0.0 ], [ -53.102074065865395, -22.694509070936817, 0.0 ], [ -53.102073737612841, -22.694510375853099, 0.0 ], [ -53.102073409360287, -22.694511681668757, 0.0 ], [ -53.10207308110779, -22.694512987484359, 0.0 ], [ -53.102072753754555, -22.69451429329996, 0.0 ], [ -53.102072426401321, -22.694515599115562, 0.0 ], [ -53.102072099947407, -22.694516904931163, 0.0 ], [ -53.102071772594172, -22.694518210746764, 0.0 ], [ -53.102071446140258, -22.694519515663046, 0.0 ], [ -53.10207111878708, -22.694520821478704, 0.0 ], [ -53.102070791433846, -22.694522127294306, 0.0 ], [ -53.102070464080612, -22.694523433109907, 0.0 ], [ -53.102070136727377, -22.694524738026189, 0.0 ], [ -53.102069809374143, -22.69452604384179, 0.0 ], [ -53.102069481121589, -22.694527348758072, 0.0 ], [ -53.102069151969772, -22.69452865457373, 0.0 ], [ -53.102068822817898, -22.694529959490012, 0.0 ], [ -53.102068492766705, -22.694531264406294, 0.0 ], [ -53.102068161816192, -22.694532568423256, 0.0 ], [ -53.102067830865678, -22.694533873339537, 0.0 ], [ -53.102067498116526, -22.694535177356499, 0.0 ], [ -53.102067165367373, -22.694536481373461, 0.0 ], [ -53.102066830819524, -22.694537784491104, 0.0 ], [ -53.102066496271732, -22.694539088508066, 0.0 ], [ -53.1020661599253, -22.694540391625708, 0.0 ], [ -53.102065821780229, -22.69454169384403, 0.0 ], [ -53.102065483635101, -22.694542996961673, 0.0 ], [ -53.102065143691391, -22.694544299179995, 0.0 ], [ -53.102064801948984, -22.694545600498998, 0.0 ], [ -53.102064459307314, -22.694546901818001, 0.0 ], [ -53.102064113967629, -22.694548203137003, 0.0 ], [ -53.102063768628, -22.694549503556686, 0.0 ], [ -53.102063420590355, -22.694550803976369, 0.0 ], [ -53.10206307075407, -22.694552103496733, 0.0 ], [ -53.102062719119147, -22.694553403017096, 0.0 ], [ -53.102062366584903, -22.69455470163814, 0.0 ], [ -53.1020620113527, -22.694555999359864, 0.0 ], [ -53.102061653422538, -22.694557297081531, 0.0 ], [ -53.102061294593057, -22.694558594803254, 0.0 ], [ -53.102060932166239, -22.694559891625659, 0.0 ], [ -53.102060568840159, -22.694561187548743, 0.0 ], [ -53.102060202816062, -22.694562482572451, 0.0 ], [ -53.102059834094007, -22.694563777596215, 0.0 ], [ -53.102059462674049, -22.69456507172066, 0.0 ], [ -53.102059089455395, -22.694566365845048, 0.0 ], [ -53.102058712639462, -22.694567658170854, 0.0 ], [ -53.102058334024832, -22.694568950496603, 0.0 ], [ -53.102057951812981, -22.694570242822408, 0.0 ], [ -53.10205756780249, -22.694571533349517, 0.0 ], [ -53.102057180194663, -22.694572823876683, 0.0 ], [ -53.102056789888877, -22.694574113504473, 0.0 ], [ -53.102056396885189, -22.694575402232999, 0.0 ], [ -53.102056002082804, -22.694576690062149, 0.0 ], [ -53.102055603683141, -22.694577977891299, 0.0 ], [ -53.102055203484838, -22.694579264821186, 0.0 ], [ -53.102054800588519, -22.694580550851697, 0.0 ], [ -53.102054396792937, -22.694581836882207, 0.0 ], [ -53.102053989400076, -22.694583122013398, 0.0 ], [ -53.102053581107839, -22.694584407144646, 0.0 ], [ -53.102053171016962, -22.694585691376517, 0.0 ], [ -53.102052758228183, -22.694586975608388, 0.0 ], [ -53.102052344540027, -22.694588259840259, 0.0 ], [ -53.102051929952552, -22.69458954317281, 0.0 ], [ -53.102051513566437, -22.694590825606099, 0.0 ], [ -53.102051095381682, -22.69459210893865, 0.0 ], [ -53.102050676297608, -22.694593391371882, 0.0 ], [ -53.102050256314214, -22.694594672905794, 0.0 ], [ -53.102049835431501, -22.694595955339025, 0.0 ], [ -53.102033812210607, -22.694650519905508, 0.0 ], [ -53.102020884456238, -22.694694336674274, 0.0 ], [ -53.102006074420729, -22.694734843937852, 0.0 ], [ -53.102005623860407, -22.694736116478566, 0.0 ], [ -53.102005172400766, -22.694737389918544, 0.0 ], [ -53.102004720941068, -22.694738663358578, 0.0 ], [ -53.102004268582107, -22.694739936798612, 0.0 ], [ -53.102003817122409, -22.69474120933927, 0.0 ], [ -53.102003365662767, -22.694742482779304, 0.0 ], [ -53.10200291330375, -22.694743756219339, 0.0 ], [ -53.102002461844108, -22.694745028759996, 0.0 ], [ -53.10200201128373, -22.694746302200031, 0.0 ], [ -53.102001559824089, -22.694747575640065, 0.0 ], [ -53.102001109263767, -22.694748849080099, 0.0 ], [ -53.102000659602709, -22.694750123419396, 0.0 ], [ -53.102000209941707, -22.694751396859431, 0.0 ], [ -53.101999761179968, -22.694752671198785, 0.0 ], [ -53.101999313317606, -22.694753944638762, 0.0 ], [ -53.101998865455244, -22.694755219877436, 0.0 ], [ -53.101998419391521, -22.69475649421679, 0.0 ], [ -53.101997973327741, -22.694757769455464, 0.0 ], [ -53.101997529062658, -22.694759044694138, 0.0 ], [ -53.101997084797574, -22.694760319932755, 0.0 ], [ -53.10199664233113, -22.694761595171428, 0.0 ], [ -53.101996201663326, -22.694762872208742, 0.0 ], [ -53.101995761894841, -22.694764148346735, 0.0 ], [ -53.101995323025676, -22.694765425384048, 0.0 ], [ -53.101994885955207, -22.694766702421362, 0.0 ], [ -53.101994450683321, -22.694767980357938, 0.0 ], [ -53.101994017210075, -22.694769258294571, 0.0 ], [ -53.101993584636205, -22.694770537130523, 0.0 ], [ -53.101993153860917, -22.694771815966476, 0.0 ], [ -53.101992725783646, -22.694773095701748, 0.0 ], [ -53.101992298605637, -22.694774376336341, 0.0 ], [ -53.101991873226325, -22.694775656970933, 0.0 ], [ -53.101991449645652, -22.694776937605525, 0.0 ], [ -53.101991026964299, -22.694778219139437, 0.0 ], [ -53.101990606081586, -22.694779500673349, 0.0 ], [ -53.101990186997512, -22.694780783106637, 0.0 ], [ -53.101989769712077, -22.694782066439188, 0.0 ], [ -53.101989353325962, -22.69478334887242, 0.0 ], [ -53.101988938738486, -22.694784632204971, 0.0 ], [ -53.101988525050331, -22.694785916436842, 0.0 ], [ -53.101988112261552, -22.694787200668713, 0.0 ], [ -53.101987701271355, -22.694788484900585, 0.0 ], [ -53.101987291180478, -22.694789770031832, 0.0 ], [ -53.101986881988978, -22.694791055163023, 0.0 ], [ -53.10198647459606, -22.694792340294214, 0.0 ], [ -53.101986068102519, -22.694793626324724, 0.0 ], [ -53.101985662508298, -22.694794912355292, 0.0 ], [ -53.10198525781334, -22.694796199285122, 0.0 ], [ -53.101984854017758, -22.694797485315632, 0.0 ], [ -53.101984451121496, -22.69479877224552, 0.0 ], [ -53.101984049124553, -22.69480005917535, 0.0 ], [ -53.101983647127554, -22.6948013470045, 0.0 ], [ -53.101983246929251, -22.694802633934387, 0.0 ], [ -53.101982847630268, -22.694803921763537, 0.0 ], [ -53.101982448331285, -22.694805209592687, 0.0 ], [ -53.101982049931621, -22.694806497421894, 0.0 ], [ -53.101981651531958, -22.694807786150363, 0.0 ], [ -53.101981254031614, -22.694809073979513, 0.0 ], [ -53.10198085743059, -22.69481036270804, 0.0 ], [ -53.101980460829566, -22.69481165143651, 0.0 ], [ -53.101980065127862, -22.694812940165036, 0.0 ], [ -53.101979669426157, -22.694814228893506, 0.0 ], [ -53.101979274623773, -22.694815518521295, 0.0 ], [ -53.101978878922068, -22.694816807249822, 0.0 ], [ -53.101978485019004, -22.694818095978292, 0.0 ], [ -53.101978090216676, -22.694819385606138, 0.0 ], [ -53.101977695414291, -22.694820674334608, 0.0 ], [ -53.101977301511226, -22.694821963962397, 0.0 ], [ -53.101976907608162, -22.694823252690924, 0.0 ], [ -53.101976512805777, -22.694824542318713, 0.0 ], [ -53.101976118902712, -22.694825831946559, 0.0 ], [ -53.101975724999647, -22.694827120675029, 0.0 ], [ -53.101975330197263, -22.694828410302875, 0.0 ], [ -53.101974935394935, -22.694829699031345, 0.0 ], [ -53.10197454149187, -22.694830988659135, 0.0 ], [ -53.101974145790166, -22.694832277387661, 0.0 ], [ -53.101973750987781, -22.694833566116131, 0.0 ], [ -53.101973355286077, -22.694834854844657, 0.0 ], [ -53.101972959584373, -22.694836144472447, 0.0 ], [ -53.101972562983349, -22.694837433200917, 0.0 ], [ -53.101972166382325, -22.694838721030123, 0.0 ], [ -53.101971769781301, -22.694840009758593, 0.0 ], [ -53.101971372280957, -22.694841298487063, 0.0 ], [ -53.101970973881294, -22.69484258631627, 0.0 ], [ -53.10197057548163, -22.69484387414542, 0.0 ], [ -53.101970177081967, -22.694845161974627, 0.0 ], [ -53.101969777782983, -22.694846449803777, 0.0 ], [ -53.101969378484, -22.694847737632927, 0.0 ], [ -53.101968978285697, -22.694849025462133, 0.0 ], [ -53.101968578087394, -22.694850313291283, 0.0 ], [ -53.101968177889034, -22.694851601120433, 0.0 ], [ -53.101967777690732, -22.69485288805032, 0.0 ], [ -53.101967376593109, -22.69485417587947, 0.0 ], [ -53.101966975495486, -22.694855462809301, 0.0 ], [ -53.101966574397863, -22.694856750638507, 0.0 ], [ -53.101966173300241, -22.694858037568338, 0.0 ], [ -53.101965771303242, -22.694859324498168, 0.0 ], [ -53.101965370205619, -22.694860612327375, 0.0 ], [ -53.101964968208677, -22.694861899257205, 0.0 ], [ -53.101964566211734, -22.694863186187035, 0.0 ], [ -53.101964164214792, -22.694864473116922, 0.0 ], [ -53.101963763117112, -22.694865760046753, 0.0 ], [ -53.10196336112017, -22.694867047875903, 0.0 ], [ -53.101962959123227, -22.69486833480579, 0.0 ], [ -53.101962557126285, -22.69486962173562, 0.0 ], [ -53.101962155129343, -22.69487090866545, 0.0 ], [ -53.101961754031663, -22.694872195595281, 0.0 ], [ -53.101961352034721, -22.694873483424487, 0.0 ], [ -53.101960950037778, -22.694874770354318, 0.0 ], [ -53.101960548940156, -22.694876057284148, 0.0 ], [ -53.101960147842533, -22.694877345113355, 0.0 ], [ -53.101959746744853, -22.694878632043185, 0.0 ], [ -53.101959345647231, -22.694879918973015, 0.0 ], [ -53.101958945448928, -22.694881206802222, 0.0 ], [ -53.101958545250625, -22.694882494631372, 0.0 ], [ -53.101958145052322, -22.694883781561202, 0.0 ], [ -53.101957744854019, -22.694885069390409, 0.0 ], [ -53.101957345555036, -22.694886357219559, 0.0 ], [ -53.101956946255996, -22.694887645048709, 0.0 ], [ -53.101956547856332, -22.694888932877916, 0.0 ], [ -53.101956149456669, -22.694890220707066, 0.0 ], [ -53.101955751057005, -22.694891508536273, 0.0 ], [ -53.101955353556662, -22.694892797264743, 0.0 ], [ -53.101954956056318, -22.694894085093892, 0.0 ], [ -53.101954559455294, -22.694895373822419, 0.0 ], [ -53.101954163753589, -22.694896662550889, 0.0 ], [ -53.101953767152565, -22.694897951279358, 0.0 ], [ -53.101953372350238, -22.694899240007885, 0.0 ], [ -53.101952977547853, -22.694900528736355, 0.0 ], [ -53.101952582745469, -22.694901817464881, 0.0 ], [ -53.101952189741723, -22.694903104394712, 0.0 ] ] } },
{ "type": "Feature", "properties": { "Id": 0 }, "geometry": { "type": "LineString", "coordinates": [ [ -53.102082349520799, -22.694421377144806, 0.0 ], [ -53.102082206528564, -22.694421987784438, 0.0 ], [ -53.102081882772609, -22.694423364646525, 0.0 ], [ -53.102081558117391, -22.694424741508556, 0.0 ], [ -53.102081234361435, -22.694426118370643, 0.0 ], [ -53.10208091060548, -22.694427495232674, 0.0 ], [ -53.102080585950262, -22.694428872994024, 0.0 ], [ -53.102080261294986, -22.694430249856111, 0.0 ], [ -53.102079936639711, -22.694431626718142, 0.0 ], [ -53.102079611984436, -22.69443300268091, 0.0 ], [ -53.102079287329218, -22.69443437954294, 0.0 ], [ -53.102078961774623, -22.694435756404971, 0.0 ], [ -53.102078636220028, -22.694437133267058, 0.0 ], [ -53.10207831066549, -22.694438510129089, 0.0 ], [ -53.102077985110895, -22.6944398860918, 0.0 ], [ -53.102077658656981, -22.694441262953887, 0.0 ], [ -53.102077332203066, -22.694442638916598, 0.0 ], [ -53.102077005749152, -22.694444015778686, 0.0 ], [ -53.102076679295294, -22.694445391741397, 0.0 ], [ -53.10207635194206, -22.694446768603427, 0.0 ], [ -53.102076024588825, -22.694448144566195, 0.0 ], [ -53.102075697235591, -22.694449520528906, 0.0 ], [ -53.102075368983037, -22.694450896491617, 0.0 ], [ -53.102075040730483, -22.694452272454384, 0.0 ], [ -53.102074712477929, -22.694453648417095, 0.0 ], [ -53.102074383326112, -22.694455024379806, 0.0 ], [ -53.102074054174238, -22.694456400342574, 0.0 ], [ -53.102073725022365, -22.694457776305285, 0.0 ], [ -53.102073394971171, -22.694459151368676, 0.0 ], [ -53.102073064919978, -22.694460527331444, 0.0 ], [ -53.102072734868784, -22.694461903294155, 0.0 ], [ -53.102072403918271, -22.694463278357546, 0.0 ], [ -53.102072072967758, -22.694464653420994, 0.0 ], [ -53.102071741117925, -22.694466028484385, 0.0 ], [ -53.102071409268092, -22.694467404447096, 0.0 ], [ -53.102071077418259, -22.694468779510544, 0.0 ], [ -53.102070744669106, -22.694470154573935, 0.0 ], [ -53.102070411919954, -22.694471529637326, 0.0 ], [ -53.102070078271481, -22.694472903801397, 0.0 ], [ -53.102069744622952, -22.694474278864845, 0.0 ], [ -53.10206941097448, -22.694475653928237, 0.0 ], [ -53.102069076426687, -22.694477028092308, 0.0 ], [ -53.102068740979576, -22.694478403155756, 0.0 ], [ -53.102068405532464, -22.694479777319827, 0.0 ], [ -53.102068070085352, -22.694481151483899, 0.0 ], [ -53.102067733738863, -22.69448252564797, 0.0 ], [ -53.102067397392432, -22.694483899812099, 0.0 ], [ -53.102067061046, -22.69448527397617, 0.0 ], [ -53.102066722900872, -22.694486648140241, 0.0 ], [ -53.102066385655121, -22.694488022304313, 0.0 ], [ -53.10206604751005, -22.694489396468441, 0.0 ], [ -53.102065708465659, -22.694490769733193, 0.0 ], [ -53.102065369421211, -22.694492143897264, 0.0 ], [ -53.102065029477501, -22.694493517162016, 0.0 ], [ -53.102064689533734, -22.694494891326144, 0.0 ], [ -53.102064349590023, -22.694496264590896, 0.0 ], [ -53.102064007847616, -22.694497637855648, 0.0 ], [ -53.102063667004586, -22.694499011120399, 0.0 ], [ -53.102063324362859, -22.694500384385208, 0.0 ], [ -53.10206298262051, -22.694501757649959, 0.0 ], [ -53.102062639079463, -22.694503130015391, 0.0 ], [ -53.102062295538474, -22.694504503280143, 0.0 ], [ -53.102061951997428, -22.694505876544895, 0.0 ], [ -53.102061607557118, -22.694507248910384, 0.0 ], [ -53.102061262217433, -22.694508621275816, 0.0 ], [ -53.102060916877747, -22.694509994540567, 0.0 ], [ -53.102060570638798, -22.694511366905999, 0.0 ], [ -53.102060224399793, -22.694512739271431, 0.0 ], [ -53.102059877261468, -22.69451411163692, 0.0 ], [ -53.102059530123199, -22.694515483103032, 0.0 ], [ -53.102059181186235, -22.694516855468464, 0.0 ], [ -53.10205883314859, -22.694518227833896, 0.0 ], [ -53.102058483312305, -22.694519599300008, 0.0 ], [ -53.102058133476021, -22.69452097166544, 0.0 ], [ -53.102057783639736, -22.694522343131609, 0.0 ], [ -53.102057432004869, -22.694523714597722, 0.0 ], [ -53.102057080369946, -22.694525086063834, 0.0 ], [ -53.102056728735022, -22.694526457529946, 0.0 ], [ -53.102056376200778, -22.694527828996058, 0.0 ], [ -53.102056022767215, -22.694529200462171, 0.0 ], [ -53.102055668434332, -22.694530571028963, 0.0 ], [ -53.102055314101449, -22.694531942495132, 0.0 ], [ -53.102054958869189, -22.694533313061925, 0.0 ], [ -53.102054603636986, -22.694534684528037, 0.0 ], [ -53.102054246606144, -22.694536055094829, 0.0 ], [ -53.102053889575302, -22.694537425661622, 0.0 ], [ -53.10205353164514, -22.694538796228414, 0.0 ], [ -53.102053172815658, -22.694540165895887, 0.0 ], [ -53.1020528130868, -22.69454153646268, 0.0 ], [ -53.102052451559359, -22.694542906130152, 0.0 ], [ -53.102052090031862, -22.694544275797625, 0.0 ], [ -53.102051727605101, -22.694545644565778, 0.0 ], [ -53.102051363379701, -22.694547014233251, 0.0 ], [ -53.102050999154244, -22.694548383001404, 0.0 ], [ -53.102050633130148, -22.694549751769557, 0.0 ], [ -53.102050266206788, -22.69455111963839, 0.0 ], [ -53.102049897484733, -22.694552487507224, 0.0 ], [ -53.102049527863358, -22.694553855376057, 0.0 ], [ -53.1020491564434, -22.69455522324489, 0.0 ], [ -53.102048784124065, -22.694556590214404, 0.0 ], [ -53.102048410905411, -22.694557957183918, 0.0 ], [ -53.102048035888117, -22.694559323254111, 0.0 ], [ -53.102047659072184, -22.694560689324305, 0.0 ], [ -53.102047280457612, -22.694562054495179, 0.0 ], [ -53.102046900943662, -22.694563419666054, 0.0 ], [ -53.102046519631131, -22.694564784836928, 0.0 ], [ -53.102046136519959, -22.694566149108425, 0.0 ], [ -53.102045751610092, -22.69456751337998, 0.0 ], [ -53.102045364901642, -22.694568876752214, 0.0 ], [ -53.102044977293815, -22.694570239225129, 0.0 ], [ -53.102044586988086, -22.694571601697987, 0.0 ], [ -53.102044194883661, -22.694572964170902, 0.0 ], [ -53.102043800980596, -22.694574325744497, 0.0 ], [ -53.102043405278891, -22.694575686418773, 0.0 ], [ -53.102043007778548, -22.694577047092992, 0.0 ], [ -53.102042607580245, -22.694578406867947, 0.0 ], [ -53.102042205583302, -22.694579765743526, 0.0 ], [ -53.102041801787664, -22.694581124619162, 0.0 ], [ -53.102041395294123, -22.694582482595479, 0.0 ], [ -53.102040987001885, -22.694583840571738, 0.0 ], [ -53.102040576011746, -22.694585196749358, 0.0 ], [ -53.10204016322291, -22.694586553826355, 0.0 ], [ -53.102039747736114, -22.694587909104655, 0.0 ], [ -53.10203933045068, -22.694589264383012, 0.0 ], [ -53.102038910467286, -22.694590617862673, 0.0 ], [ -53.102038487785933, -22.694591971342334, 0.0 ], [ -53.102038062406621, -22.694593324822051, 0.0 ], [ -53.102037634329292, -22.694594676503073, 0.0 ], [ -53.102037204453381, -22.694596028184094, 0.0 ], [ -53.102036771879455, -22.694597378965796, 0.0 ], [ -53.102036335708306, -22.694598728848234, 0.0 ], [ -53.10203589773846, -22.694600077831296, 0.0 ], [ -53.102035456171336, -22.694601426814359, 0.0 ], [ -53.102035012805572, -22.694602773998781, 0.0 ], [ -53.102034565842473, -22.694604121183204, 0.0 ], [ -53.102034116181471, -22.694605466568987, 0.0 ], [ -53.102033662923191, -22.69460681195477, 0.0 ], [ -53.102033207866214, -22.694608156441234, 0.0 ], [ -53.102032749211958, -22.694609499129058, 0.0 ], [ -53.102032287859743, -22.694610841816825, 0.0 ], [ -53.102031823809568, -22.694612183605329, 0.0 ], [ -53.102005946717043, -22.694692438205436, 0.0 ], [ -53.1019879593768, -22.69475033835738, 0.0 ], [ -53.101939065935085, -22.694899845251598, 0.0 ] ] } },
{ "type": "Feature", "properties": { "Id": 0 }, "geometry": { "type": "LineString", "coordinates": [ [ -53.102072686305405, -22.694418977753571, 0.0 ], [ -53.102072647634543, -22.694419162114571, 0.0 ], [ -53.102072288805061, -22.694420882517647, 0.0 ], [ -53.102071929975523, -22.694422602920724, 0.0 ], [ -53.102071570246721, -22.694424323323801, 0.0 ], [ -53.10207121051792, -22.694426043726878, 0.0 ], [ -53.102070849889742, -22.694427764129955, 0.0 ], [ -53.102070489261621, -22.694429484533032, 0.0 ], [ -53.1020701286335, -22.694431204936109, 0.0 ], [ -53.102069767106002, -22.694432925339186, 0.0 ], [ -53.102069404679241, -22.694434644842943, 0.0 ], [ -53.102069042252481, -22.69443636524602, 0.0 ], [ -53.102068678926344, -22.694438084749777, 0.0 ], [ -53.102068315600263, -22.694439804253534, 0.0 ], [ -53.102067951374806, -22.694441524656611, 0.0 ], [ -53.102067586250087, -22.694443244160368, 0.0 ], [ -53.10206722022599, -22.694444963664125, 0.0 ], [ -53.102066854201894, -22.694446682268506, 0.0 ], [ -53.102066487278535, -22.694448401772263, 0.0 ], [ -53.102066119455799, -22.6944501203767, 0.0 ], [ -53.102065750733743, -22.694451839880458, 0.0 ], [ -53.102065382011745, -22.694453558484895, 0.0 ], [ -53.10206501149105, -22.694455277089332, 0.0 ], [ -53.102064640071035, -22.69445699569377, 0.0 ], [ -53.10206426865102, -22.694458713398888, 0.0 ], [ -53.102063895432366, -22.694460432003268, 0.0 ], [ -53.102063522213712, -22.694462149708386, 0.0 ], [ -53.102063147196418, -22.694463867413504, 0.0 ], [ -53.102062771279805, -22.694465585118621, 0.0 ], [ -53.102062394463871, -22.694467302823739, 0.0 ], [ -53.102062016748619, -22.69446901962948, 0.0 ], [ -53.102061638134046, -22.694470737334598, 0.0 ], [ -53.102061258620154, -22.694472454140396, 0.0 ], [ -53.102060877307622, -22.694474170946194, 0.0 ], [ -53.102060495095714, -22.694475886852672, 0.0 ], [ -53.102060111984542, -22.694477603658413, 0.0 ], [ -53.102049444226452, -22.69452867885542, 0.0 ], [ -53.10203506496623, -22.694579637140521, 0.0 ], [ -53.102020054381967, -22.694621807250542, 0.0 ], [ -53.102019477916542, -22.69462347639228, 0.0 ], [ -53.102018899652478, -22.694625145534019, 0.0 ], [ -53.102018321388357, -22.694626814675701, 0.0 ], [ -53.102017743124293, -22.69462848291812, 0.0 ], [ -53.102017164860229, -22.694630152059801, 0.0 ], [ -53.102016585696845, -22.69463182030222, 0.0 ], [ -53.10201600743278, -22.694633489443959, 0.0 ], [ -53.102015429168659, -22.694635157686321, 0.0 ], [ -53.102014851803915, -22.694636826828059, 0.0 ], [ -53.102014274439171, -22.694638495969741, 0.0 ], [ -53.102013697973746, -22.69464016511148, 0.0 ], [ -53.102013122407641, -22.694641835152538, 0.0 ], [ -53.102012548640175, -22.69464350429422, 0.0 ], [ -53.102011975772029, -22.694645175234598, 0.0 ], [ -53.102011403803203, -22.694646845275656, 0.0 ], [ -53.102010834532337, -22.694648516215977, 0.0 ], [ -53.102010266160789, -22.694650188055675, 0.0 ], [ -53.102009699587938, -22.694651859895373, 0.0 ], [ -53.10200913571299, -22.694653532634391, 0.0 ], [ -53.102008573636738, -22.694655205373408, 0.0 ], [ -53.102008014258388, -22.694656879911008, 0.0 ], [ -53.102007457578054, -22.694658554448665, 0.0 ], [ -53.102006903595679, -22.694660228986322, 0.0 ], [ -53.102006352311264, -22.694661905322619, 0.0 ], [ -53.102005803724808, -22.694663582558235, 0.0 ], [ -53.102005258735687, -22.694665259793851, 0.0 ], [ -53.102004716444469, -22.694666938828107, 0.0 ], [ -53.102004178649906, -22.694668618761682, 0.0 ], [ -53.102003644452566, -22.694670299594634, 0.0 ], [ -53.102003112953241, -22.694671981326849, 0.0 ], [ -53.102002586849835, -22.694673663958383, 0.0 ], [ -53.102002063444445, -22.694675347489238, 0.0 ], [ -53.102001544535597, -22.694677032818788, 0.0 ], [ -53.102001028324764, -22.694678718148282, 0.0 ], [ -53.102000515711211, -22.694680405276415, 0.0 ], [ -53.102000006694936, -22.694682092404605, 0.0 ], [ -53.101999499477301, -22.694683780432058, 0.0 ], [ -53.101998994957626, -22.694685469358888, 0.0 ], [ -53.101998493135909, -22.69468715918498, 0.0 ], [ -53.101997993112832, -22.694688849011129, 0.0 ], [ -53.101997495787771, -22.694690539736598, 0.0 ], [ -53.101996999361972, -22.69469223136133, 0.0 ], [ -53.101996503835551, -22.694693922986119, 0.0 ], [ -53.101996010107712, -22.694695614610907, 0.0 ], [ -53.101995518178569, -22.694697307134959, 0.0 ], [ -53.101995026249426, -22.694698998759748, 0.0 ], [ -53.101994534320283, -22.694700691283856, 0.0 ], [ -53.101994043290404, -22.694702383807908, 0.0 ], [ -53.1019935531599, -22.694704076332016, 0.0 ], [ -53.101993062130077, -22.694705769755444, 0.0 ], [ -53.101992571100254, -22.694707462279496, 0.0 ], [ -53.101992079171055, -22.694709153904284, 0.0 ], [ -53.101991586342592, -22.694710846428393, 0.0 ], [ -53.10199109351413, -22.694712538053125, 0.0 ], [ -53.101990598886971, -22.694714229677913, 0.0 ], [ -53.10199010246123, -22.694715921302702, 0.0 ], [ -53.101989605136112, -22.694717612028114, 0.0 ], [ -53.101989105113091, -22.694719301854263, 0.0 ], [ -53.101988604190694, -22.694720991680356, 0.0 ], [ -53.101988099671019, -22.694722680607185, 0.0 ], [ -53.101987593352703, -22.694724369533958, 0.0 ], [ -53.101987084336429, -22.694726056662148, 0.0 ], [ -53.101986572622195, -22.694727743790281, 0.0 ], [ -53.101986057310683, -22.694729430019152, 0.0 ], [ -53.101985539301154, -22.694731115348645, 0.0 ], [ -53.101985018593666, -22.6947327988795, 0.0 ], [ -53.101984494288956, -22.694734482410411, 0.0 ], [ -53.10198396728623, -22.694736165941265, 0.0 ], [ -53.101983437585545, -22.69473784767348, 0.0 ], [ -53.101982905186901, -22.694739528506375, 0.0 ], [ -53.101982370090241, -22.69474120933927, 0.0 ], [ -53.101981832295678, -22.694742889272902, 0.0 ], [ -53.101981291803156, -22.694744568307158, 0.0 ], [ -53.101980749511938, -22.694746246442094, 0.0 ], [ -53.101980204522761, -22.69474792457703, 0.0 ], [ -53.101979657735001, -22.694749601812646, 0.0 ], [ -53.101979108249225, -22.694751278148942, 0.0 ], [ -53.10197855606549, -22.694752954485239, 0.0 ], [ -53.101978002982435, -22.694754629922215, 0.0 ], [ -53.101977447201364, -22.694756304459816, 0.0 ], [ -53.10197688962171, -22.694757978997472, 0.0 ], [ -53.101976330243417, -22.69475965263581, 0.0 ], [ -53.101975769066428, -22.694761326274147, 0.0 ], [ -53.101975206090856, -22.694762999013165, 0.0 ], [ -53.101974641316588, -22.694764671752182, 0.0 ], [ -53.101974075643056, -22.694766343591823, 0.0 ], [ -53.101973508170829, -22.694768015431521, 0.0 ], [ -53.101972938899962, -22.694769686371899, 0.0 ], [ -53.101972368729776, -22.69477135731222, 0.0 ], [ -53.101971796760949, -22.694773028252598, 0.0 ], [ -53.101971223892804, -22.694774698293656, 0.0 ], [ -53.101970650125338, -22.694776368334658, 0.0 ], [ -53.101970075458553, -22.694778037476397, 0.0 ], [ -53.101969498993128, -22.694779706618135, 0.0 ], [ -53.101968922527703, -22.694781375759817, 0.0 ], [ -53.101968345162959, -22.694783044901556, 0.0 ], [ -53.101967765999575, -22.694784714043294, 0.0 ], [ -53.101967186836134, -22.694786382285656, 0.0 ], [ -53.10196660767275, -22.694788050528075, 0.0 ], [ -53.101966026710727, -22.694789718770437, 0.0 ], [ -53.101965446648023, -22.694791387012856, 0.0 ], [ -53.101964864786623, -22.694793054355955, 0.0 ], [ -53.1019642838246, -22.694794722598317, 0.0 ], [ -53.101963701963257, -22.694796390840736, 0.0 ], [ -53.101963120101857, -22.694798058183778, 0.0 ], [ -53.101962537341194, -22.694799725526877, 0.0 ], [ -53.101961955479794, -22.694801393769239, 0.0 ], [ -53.101961373618451, -22.694803061112339, 0.0 ], [ -53.101960791757108, -22.694804729354757, 0.0 ], [ -53.101960209895708, -22.6948063966978, 0.0 ], [ -53.101959628034365, -22.694808064940219, 0.0 ], [ -53.101959047072341, -22.694809733182581, 0.0 ], [ -53.101958466110261, -22.69481140052568, 0.0 ], [ -53.101931309282463, -22.694897918903791, 0.0 ] ] } },
{ "type": "Feature", "properties": { "Id": 0 }, "geometry": { "type": "LineString", "coordinates": [ [ -53.102059522029265, -22.694415708717941, 0.0 ], [ -53.102059111039125, -22.694417162921695, 0.0 ], [ -53.102058685659756, -22.694418666588149, 0.0 ], [ -53.102058261179764, -22.694420171153922, 0.0 ], [ -53.102057837599091, -22.694421674820376, 0.0 ], [ -53.102057415817058, -22.694423179386149, 0.0 ], [ -53.102056994035024, -22.694424683951979, 0.0 ], [ -53.10205657405163, -22.694426189417072, 0.0 ], [ -53.102056154967556, -22.694427693982846, 0.0 ], [ -53.102055736782802, -22.694429199447939, 0.0 ], [ -53.102055319497367, -22.694430705812351, 0.0 ], [ -53.102054904010572, -22.694432211277501, 0.0 ], [ -53.102054489423097, -22.694433717641914, 0.0 ], [ -53.102054076634261, -22.694435224006327, 0.0 ], [ -53.102053664744801, -22.694436730370739, 0.0 ], [ -53.102053253754605, -22.694438237634529, 0.0 ], [ -53.102052844563104, -22.694439744898261, 0.0 ], [ -53.102052437170187, -22.694441253061314, 0.0 ], [ -53.102052030676646, -22.694442761224423, 0.0 ], [ -53.102051625981687, -22.694444269387475, 0.0 ], [ -53.102051222186105, -22.694445777550527, 0.0 ], [ -53.102050821088483, -22.694447286612956, 0.0 ], [ -53.10205042089018, -22.694448795675328, 0.0 ], [ -53.102049807552532, -22.694451187872005, 0.0 ], [ -53.10202755472784, -22.694543854914912, 0.0 ], [ -53.102009121323874, -22.694609897528721, 0.0 ], [ -53.101999651462677, -22.694646870456666, 0.0 ], [ -53.101999217989487, -22.69464837232448, 0.0 ], [ -53.10199878451624, -22.694649874192294, 0.0 ], [ -53.101998351043051, -22.694651376060108, 0.0 ], [ -53.101997918469124, -22.694652877927922, 0.0 ], [ -53.101997484995877, -22.694654379795736, 0.0 ], [ -53.101997052422007, -22.69465588076423, 0.0 ], [ -53.10199661894876, -22.694657382632045, 0.0 ], [ -53.101996186374834, -22.694658884499859, 0.0 ], [ -53.101995753800963, -22.694660386367673, 0.0 ], [ -53.101995320327717, -22.694661888235487, 0.0 ], [ -53.101994887753847, -22.694663390103301, 0.0 ], [ -53.1019944542806, -22.694664891971115, 0.0 ], [ -53.101994021706673, -22.694666393838986, 0.0 ], [ -53.101993588233483, -22.6946678957068, 0.0 ], [ -53.101993154760237, -22.694669396675295, 0.0 ], [ -53.10199272128699, -22.694670898543109, 0.0 ], [ -53.1019922878138, -22.694672400410923, 0.0 ], [ -53.101991853441234, -22.694673901379417, 0.0 ], [ -53.101991419967987, -22.694675403247231, 0.0 ], [ -53.101990985595478, -22.694676904215726, 0.0 ], [ -53.101990550323592, -22.69467840518422, 0.0 ], [ -53.101990115951025, -22.694679907052034, 0.0 ], [ -53.101989680679196, -22.694681408020529, 0.0 ], [ -53.10198924540731, -22.694682908989023, 0.0 ], [ -53.101988809236104, -22.694684409957517, 0.0 ], [ -53.101988373064898, -22.694685910926012, 0.0 ], [ -53.10198793599443, -22.694687410995186, 0.0 ], [ -53.101987498923904, -22.694688911963681, 0.0 ], [ -53.101987061853379, -22.694690412032855, 0.0 ], [ -53.101986623883533, -22.69469191300135, 0.0 ], [ -53.101986185014368, -22.694693413070524, 0.0 ], [ -53.101985746145203, -22.694694913139699, 0.0 ], [ -53.101985307276095, -22.694696413208874, 0.0 ], [ -53.10198486750761, -22.694697913278048, 0.0 ], [ -53.101984426839806, -22.694699412447903, 0.0 ], [ -53.101983985272682, -22.694700912517078, 0.0 ], [ -53.101983543705558, -22.694702411686933, 0.0 ], [ -53.101983101239114, -22.694703910856731, 0.0 ], [ -53.10198265877267, -22.694705410026586, 0.0 ], [ -53.10198221450753, -22.694706909196441, 0.0 ], [ -53.101981770242446, -22.694708407466976, 0.0 ], [ -53.101981325078043, -22.694709905737511, 0.0 ], [ -53.10198087901432, -22.694711404907366, 0.0 ], [ -53.101980432950597, -22.694712902278582, 0.0 ], [ -53.101979985088178, -22.694714400549117, 0.0 ], [ -53.101979537225816, -22.694715898819652, 0.0 ], [ -53.101979088464134, -22.694717396190811, 0.0 ], [ -53.101978638803075, -22.694718893562026, 0.0 ], [ -53.101978188242754, -22.694720390933242, 0.0 ], [ -53.101977735883736, -22.694721887405137, 0.0 ], [ -53.101977283524775, -22.694723383877033, 0.0 ], [ -53.101976830266437, -22.694724880348929, 0.0 ], [ -53.101976376108837, -22.694726376820768, 0.0 ], [ -53.10197592105186, -22.694727873292663, 0.0 ], [ -53.1019754641963, -22.694729368865239, 0.0 ], [ -53.101975007340684, -22.694730864437815, 0.0 ], [ -53.101974548686428, -22.694732359111015, 0.0 ], [ -53.101974089132852, -22.694733854683591, 0.0 ], [ -53.101973629579277, -22.694735349356847, 0.0 ], [ -53.101973168227119, -22.694736844030103, 0.0 ], [ -53.101972705076264, -22.694738337803983, 0.0 ], [ -53.101972241925409, -22.69473983157792, 0.0 ], [ -53.101971777875235, -22.694741325351856, 0.0 ], [ -53.101971312026365, -22.694742819125736, 0.0 ], [ -53.101970845278231, -22.694744312000353, 0.0 ], [ -53.101970377630778, -22.69474580487497, 0.0 ], [ -53.101969909084005, -22.694747297749529, 0.0 ], [ -53.101969439637912, -22.694748789724827, 0.0 ], [ -53.101968968393123, -22.694750281700124, 0.0 ], [ -53.101968496249071, -22.694751772776044, 0.0 ], [ -53.101968023205643, -22.694753264751341, 0.0 ], [ -53.101967548363632, -22.694754755827262, 0.0 ], [ -53.101967073521564, -22.694756246003919, 0.0 ], [ -53.101966596880914, -22.69475773707984, 0.0 ], [ -53.101966119340887, -22.694759227256498, 0.0 ], [ -53.10196564000222, -22.694760716533779, 0.0 ], [ -53.101965159764291, -22.694762205811116, 0.0 ], [ -53.101964678626985, -22.694763695088398, 0.0 ], [ -53.101964196590359, -22.694765184365735, 0.0 ], [ -53.101963712755094, -22.694766672743697, 0.0 ], [ -53.101963228020509, -22.694768161121715, 0.0 ], [ -53.101962742386604, -22.694769648600357, 0.0 ], [ -53.10196225495406, -22.694771136078998, 0.0 ], [ -53.101961766622196, -22.694772623557697, 0.0 ], [ -53.101961276491693, -22.694774110137018, 0.0 ], [ -53.101960785461813, -22.694775596716397, 0.0 ], [ -53.10196029353267, -22.694777082396399, 0.0 ], [ -53.101959799804888, -22.694778568076401, 0.0 ], [ -53.101959305177729, -22.694780053756404, 0.0 ], [ -53.101958809651308, -22.694781538537143, 0.0 ], [ -53.10195831232619, -22.694783023317825, 0.0 ], [ -53.101957813202489, -22.694784507199188, 0.0 ], [ -53.101957314078732, -22.694785991080607, 0.0 ], [ -53.101956812257015, -22.69478747406265, 0.0 ], [ -53.101956310435355, -22.694788957944013, 0.0 ], [ -53.101955805915679, -22.694790440026736, 0.0 ], [ -53.101955301396004, -22.694791922109459, 0.0 ], [ -53.101954794178369, -22.694793404192183, 0.0 ], [ -53.101954286960733, -22.694794885375643, 0.0 ], [ -53.101953777944459, -22.694796366559046, 0.0 ], [ -53.101953267129545, -22.69479784774245, 0.0 ], [ -53.101952754515992, -22.694799328026534, 0.0 ], [ -53.101952241902382, -22.694800807411298, 0.0 ], [ -53.101951726590869, -22.694802286796062, 0.0 ], [ -53.101951210380037, -22.694803766180826, 0.0 ], [ -53.101950693269828, -22.69480524466627, 0.0 ], [ -53.101950174361036, -22.694806723151714, 0.0 ], [ -53.101949653653548, -22.694808200737839, 0.0 ], [ -53.101949132046741, -22.694809677424644, 0.0 ], [ -53.101948608641351, -22.694811155010768, 0.0 ], [ -53.101948084336584, -22.694812630798253, 0.0 ], [ -53.101947559132498, -22.694814107485001, 0.0 ], [ -53.101947032129772, -22.694815583272486, 0.0 ], [ -53.101946505127046, -22.694817059059972, 0.0 ], [ -53.101945977225, -22.694818533948137, 0.0 ], [ -53.101945447524315, -22.694820008836302, 0.0 ], [ -53.10194491782363, -22.694821483724468, 0.0 ], [ -53.101944388122945, -22.694822958612633, 0.0 ], [ -53.10194385752294, -22.694824433500742, 0.0 ], [ -53.101943326023616, -22.694825907489587, 0.0 ], [ -53.101942794524291, -22.694827382377753, 0.0 ], [ -53.101942263024966, -22.694828856366598, 0.0 ], [ -53.101941731525642, -22.694830330355444, 0.0 ], [ -53.101941200026317, -22.694831805243552, 0.0 ], [ -53.101940668526993, -22.694833279232398, 0.0 ], [ -53.101940137926988, -22.694834753221244, 0.0 ], [ -53.101939606427663, -22.694836228109409, 0.0 ], [ -53.101939075827659, -22.694837702098255, 0.0 ], [ -53.101938546126974, -22.694839176986363, 0.0 ], [ -53.101938016426288, -22.694840651874529, 0.0 ], [ -53.101937487624923, -22.694842126762694, 0.0 ], [ -53.101936959722877, -22.694843601650859, 0.0 ], [ -53.101936431820832, -22.694845077438345, 0.0 ], [ -53.101935905717426, -22.69484655322583, 0.0 ], [ -53.101935380513339, -22.694848029013258, 0.0 ], [ -53.101934856208629, -22.694849505700063, 0.0 ], [ -53.101934333702502, -22.694850982386868, 0.0 ], [ -53.101933812095695, -22.694852459073672, 0.0 ], [ -53.101933291388264, -22.694853936659797, 0.0 ], [ -53.101932773378735, -22.694855415145241, 0.0 ], [ -53.101932256268583, -22.694856893630686, 0.0 ], [ -53.101931740957014, -22.69485837211613, 0.0 ], [ -53.10193122744414, -22.694859852400214, 0.0 ], [ -53.101930715729907, -22.694861331784978, 0.0 ], [ -53.101930205814313, -22.694862812968381, 0.0 ], [ -53.101929697697358, -22.694864293252465, 0.0 ], [ -53.101929191379043, -22.694865775335245, 0.0 ], [ -53.101928686859367, -22.694867257417968, 0.0 ], [ -53.10192818413833, -22.694868740400011, 0.0 ], [ -53.101927682316671, -22.694870223382054, 0.0 ], [ -53.101927183192913, -22.694871707263417, 0.0 ], [ -53.101926684968475, -22.694873191144836, 0.0 ], [ -53.101926188542734, -22.694874675026199, 0.0 ], [ -53.101925693016256, -22.694876160706201, 0.0 ], [ -53.101925200187793, -22.694877645486883, 0.0 ], [ -53.101924707359331, -22.694879131166942, 0.0 ], [ -53.101924217228827, -22.694880617746264, 0.0 ], [ -53.101923727098267, -22.694882104325586, 0.0 ], [ -53.101923239665723, -22.694883590904965, 0.0 ], [ -53.101922752233179, -22.694885078383606, 0.0 ], [ -53.101922266599274, -22.694886566761625, 0.0 ], [ -53.101921781864689, -22.694888054240266, 0.0 ], [ -53.101921298928744, -22.694889542618228, 0.0 ], [ -53.101920816892118, -22.694891031895565, 0.0 ], [ -53.101920335754869, -22.694892520273527, 0.0 ], [ -53.101919855516883, -22.694894009550865, 0.0 ], [ -53.101919538056222, -22.694894996107166, 0.0 ] ] } },
{ "type": "Feature", "properties": { "Id": 0 }, "geometry": { "type": "LineString", "coordinates": [ [ -53.10205064841864, -22.694413505378918, 0.0 ], [ -53.102050483842731, -22.694414196957553, 0.0 ], [ -53.102050026087795, -22.694416118808817, 0.0 ], [ -53.102049568332859, -22.694418040660025, 0.0 ], [ -53.102049110577923, -22.694419963410553, 0.0 ], [ -53.102048651923724, -22.694421885261761, 0.0 ], [ -53.102048192370148, -22.694423807112969, 0.0 ], [ -53.102047732816573, -22.694425728064857, 0.0 ], [ -53.102047272363677, -22.694427649916065, 0.0 ], [ -53.102046811910782, -22.694429571767273, 0.0 ], [ -53.102046350558567, -22.694431492719161, 0.0 ], [ -53.102045888307032, -22.694433413671049, 0.0 ], [ -53.102045426055554, -22.694435334622938, 0.0 ], [ -53.102044962904699, -22.694437255574826, 0.0 ], [ -53.102044499753845, -22.694439176526714, 0.0 ], [ -53.10204403570367, -22.694441097478602, 0.0 ], [ -53.10204357075412, -22.694443017531171, 0.0 ], [ -53.102043104905306, -22.694444938483059, 0.0 ], [ -53.102042638157172, -22.694446858535628, 0.0 ], [ -53.102042171409039, -22.694448778588196, 0.0 ], [ -53.102041703761586, -22.694450698640765, 0.0 ], [ -53.102041235214813, -22.694452617794013, 0.0 ], [ -53.102040765768663, -22.694454537846582, 0.0 ], [ -53.102040296322571, -22.694456456999831, 0.0 ], [ -53.102039825077838, -22.694458376153079, 0.0 ], [ -53.10203935383305, -22.694460295306328, 0.0 ], [ -53.102038880789678, -22.694462214459577, 0.0 ], [ -53.102038407746306, -22.694464132713506, 0.0 ], [ -53.102037933803558, -22.694466050967435, 0.0 ], [ -53.102037458062171, -22.694467969221364, 0.0 ], [ -53.10203698232084, -22.694469887475293, 0.0 ], [ -53.102036505680132, -22.694471805729222, 0.0 ], [ -53.102036027240842, -22.694473723083831, 0.0 ], [ -53.102035548801496, -22.694475640438384, 0.0 ], [ -53.102035068563509, -22.694477557792993, 0.0 ], [ -53.102034587426203, -22.694479474248283, 0.0 ], [ -53.102034105389635, -22.694481391602892, 0.0 ], [ -53.102033622453689, -22.694483308058182, 0.0 ], [ -53.102033138618424, -22.694485224513471, 0.0 ], [ -53.102032652984519, -22.694487140069441, 0.0 ], [ -53.102032167350615, -22.694489055625354, 0.0 ], [ -53.10203167991807, -22.694490971181324, 0.0 ], [ -53.102031191586207, -22.694492886737294, 0.0 ], [ -53.102030702354966, -22.694494802293264, 0.0 ], [ -53.102030212224463, -22.694496716949857, 0.0 ], [ -53.10202972029532, -22.694498631606507, 0.0 ], [ -53.102029228366177, -22.694500546263157, 0.0 ], [ -53.102028735537658, -22.694502460020487, 0.0 ], [ -53.102028241809876, -22.694504374677081, 0.0 ], [ -53.102027747182717, -22.694506288434411, 0.0 ], [ -53.102027251656295, -22.694508202191741, 0.0 ], [ -53.102026755230554, -22.694510115949072, 0.0 ], [ -53.102026257905436, -22.694512028807026, 0.0 ], [ -53.102025760580318, -22.694513942564356, 0.0 ], [ -53.102025262355937, -22.694515855422367, 0.0 ], [ -53.10202476323218, -22.694517768280321, 0.0 ], [ -53.102024264108479, -22.694519681138331, 0.0 ], [ -53.102023764085402, -22.694521593996342, 0.0 ], [ -53.102023263163005, -22.694523506854296, 0.0 ], [ -53.102022762240665, -22.694525419712306, 0.0 ], [ -53.102022260418948, -22.694527331670997, 0.0 ], [ -53.102021758597232, -22.694529244528951, 0.0 ], [ -53.102021255876195, -22.694531156487642, 0.0 ], [ -53.102020753155216, -22.694533068446333, 0.0 ], [ -53.10202024953486, -22.694534981304287, 0.0 ], [ -53.102019745914504, -22.694536893262978, 0.0 ], [ -53.102019242294148, -22.694538805221612, 0.0 ], [ -53.102018737774472, -22.694540717180303, 0.0 ], [ -53.102018233254796, -22.694542629138994, 0.0 ], [ -53.102017728735177, -22.694544541097628, 0.0 ], [ -53.102017224215501, -22.694546453056319, 0.0 ], [ -53.102016718796506, -22.69454836411569, 0.0 ], [ -53.10201621427683, -22.694550276074324, 0.0 ], [ -53.102015708857834, -22.694552188033015, 0.0 ], [ -53.102015203438839, -22.694554099991649, 0.0 ], [ -53.102014698019843, -22.69455601195034, 0.0 ], [ -53.102014193500167, -22.694557923909031, 0.0 ], [ -53.102013688081172, -22.694559835867665, 0.0 ], [ -53.102013182662233, -22.694561747826356, 0.0 ], [ -53.102012678142557, -22.694563659785047, 0.0 ], [ -53.102012172723562, -22.694565571743681, 0.0 ], [ -53.102011668203886, -22.694567483702372, 0.0 ], [ -53.10201116368421, -22.694569395661063, 0.0 ], [ -53.102010659164534, -22.694571307619697, 0.0 ], [ -53.102010155544178, -22.694573220477707, 0.0 ], [ -53.102009651024559, -22.694575132436341, 0.0 ], [ -53.102009147404203, -22.694577045294352, 0.0 ], [ -53.102008644683167, -22.694578957253043, 0.0 ], [ -53.102008141962131, -22.694580870110997, 0.0 ], [ -53.102007639241094, -22.694582782969007, 0.0 ], [ -53.102007137419434, -22.694584695827018, 0.0 ], [ -53.102006635597718, -22.694586608684972, 0.0 ], [ -53.102006134675321, -22.694588521542983, 0.0 ], [ -53.102005634652301, -22.694590435300313, 0.0 ], [ -53.102005133729904, -22.694592348158324, 0.0 ], [ -53.102004634606146, -22.694594261915597, 0.0 ], [ -53.102004134583126, -22.694596175672928, 0.0 ], [ -53.102003635459369, -22.694598088530938, 0.0 ], [ -53.102003136335611, -22.694600002288212, 0.0 ], [ -53.10200263721191, -22.694601916045542, 0.0 ], [ -53.102002138088153, -22.694603829802872, 0.0 ], [ -53.102001638964452, -22.694605743560146, 0.0 ], [ -53.102001139840695, -22.694607657317476, 0.0 ], [ -53.102000640716938, -22.694609571074807, 0.0 ], [ -53.102000141593237, -22.694611484832137, 0.0 ], [ -53.10199964157016, -22.694613397690091, 0.0 ], [ -53.101999142446402, -22.694615311447421, 0.0 ], [ -53.101998642423382, -22.694617225204752, 0.0 ], [ -53.101998141500985, -22.694619138062706, 0.0 ], [ -53.101997641477908, -22.694621051820036, 0.0 ], [ -53.101997139656248, -22.694622964678047, 0.0 ], [ -53.101996637834532, -22.694624877536, 0.0 ], [ -53.101996136012815, -22.694626790394011, 0.0 ], [ -53.101995632392459, -22.694628703252022, 0.0 ], [ -53.10199512877216, -22.694630616109976, 0.0 ], [ -53.101994625151804, -22.694632528068666, 0.0 ], [ -53.101994119732808, -22.694634440027357, 0.0 ], [ -53.101993613414493, -22.694636351985991, 0.0 ], [ -53.101993107096177, -22.694638263944682, 0.0 ], [ -53.101992598979223, -22.694640175903373, 0.0 ], [ -53.101992089962948, -22.694642086962688, 0.0 ], [ -53.101991580047354, -22.694643998022059, 0.0 ], [ -53.10199106923244, -22.694645908182054, 0.0 ], [ -53.10199055751815, -22.694647819241425, 0.0 ], [ -53.101990044005277, -22.6946497285021, 0.0 ], [ -53.101989529593084, -22.694651638662151, 0.0 ], [ -53.101989013382195, -22.694653547922826, 0.0 ], [ -53.101988496272043, -22.694655457183558, 0.0 ], [ -53.101987977363251, -22.694657365544913, 0.0 ], [ -53.101987457555083, -22.694659273906325, 0.0 ], [ -53.101986935948275, -22.69466118226768, 0.0 ], [ -53.101986412542885, -22.694663089729772, 0.0 ], [ -53.101985888238119, -22.694664997191808, 0.0 ], [ -53.101985361235393, -22.69466690375458, 0.0 ], [ -53.101984833333347, -22.694668809417976, 0.0 ], [ -53.101984302733342, -22.694670715081372, 0.0 ], [ -53.101983771234018, -22.694672620744825, 0.0 ], [ -53.101983237036734, -22.694674525508901, 0.0 ], [ -53.101982701940074, -22.694676430272978, 0.0 ], [ -53.101982164145511, -22.694678333238471, 0.0 ], [ -53.101981624552309, -22.694680237103228, 0.0 ], [ -53.101981082261091, -22.694682139169345, 0.0 ], [ -53.101980538171233, -22.694684042134782, 0.0 ], [ -53.101979992282793, -22.694685943301579, 0.0 ], [ -53.101979443696337, -22.694687844468376, 0.0 ], [ -53.101978892411921, -22.694689744735911, 0.0 ], [ -53.101978339328866, -22.694691645003388, 0.0 ], [ -53.101977783547852, -22.694693543472226, 0.0 ], [ -53.101977225968142, -22.694695441941064, 0.0 ], [ -53.101976664791209, -22.694697340409903, 0.0 ], [ -53.10197610181558, -22.694699237080101, 0.0 ], [ -53.101975536142049, -22.6947011337503, 0.0 ], [ -53.101974967770502, -22.694703029521179, 0.0 ], [ -53.101974395801676, -22.694704924392681, 0.0 ], [ -53.101973822034211, -22.69470681926424, 0.0 ], [ -53.101973245568786, -22.69470871323648, 0.0 ], [ -53.101972666405402, -22.6947106063094, 0.0 ], [ -53.101972084544002, -22.694712498483, 0.0 ], [ -53.1019714999847, -22.694714389757223, 0.0 ], [ -53.101970912727381, -22.694716281031504, 0.0 ], [ -53.101970322772161, -22.694718171406464, 0.0 ], [ -53.101969731018244, -22.694720060882048, 0.0 ], [ -53.101969136566368, -22.694721950357689, 0.0 ], [ -53.101968540315852, -22.694723838933953, 0.0 ], [ -53.101967941367377, -22.694725726610955, 0.0 ], [ -53.101967339720886, -22.694727614287899, 0.0 ], [ -53.101966737175132, -22.694729501065581, 0.0 ], [ -53.1019661310321, -22.694731386943886, 0.0 ], [ -53.101965523989691, -22.694733272822248, 0.0 ], [ -53.101964914249379, -22.694735157801233, 0.0 ], [ -53.101964302710371, -22.694737042780275, 0.0 ], [ -53.101963688473404, -22.694738926859941, 0.0 ], [ -53.101963073337117, -22.694740810939606, 0.0 ], [ -53.101962455502871, -22.694742693220689, 0.0 ], [ -53.101961836769306, -22.694744576401035, 0.0 ], [ -53.101961215337781, -22.694746458682062, 0.0 ], [ -53.101960593006936, -22.694748340063825, 0.0 ], [ -53.101959967978075, -22.694750221445531, 0.0 ], [ -53.101959342049952, -22.694752101927918, 0.0 ], [ -53.101958714323189, -22.694753982410305, 0.0 ], [ -53.101958085697049, -22.694755862892691, 0.0 ], [ -53.101957454373007, -22.694757742475815, 0.0 ], [ -53.101956822149589, -22.694759621159562, 0.0 ], [ -53.101956189026851, -22.69476149984331, 0.0 ], [ -53.101955553206153, -22.694763378527057, 0.0 ], [ -53.101954917385513, -22.694765256311484, 0.0 ], [ -53.101954279766176, -22.694767134095912, 0.0 ], [ -53.101953640348199, -22.694769011880339, 0.0 ], [ -53.101953000930223, -22.694770888765447, 0.0 ], [ -53.101952359713607, -22.694772765650555, 0.0 ], [ -53.101951716698352, -22.694774641636343, 0.0 ], [ -53.10195107368304, -22.694776518521451, 0.0 ], [ -53.101950428869145, -22.694778393607919, 0.0 ], [ -53.10194978405525, -22.694780269593707, 0.0 ], [ -53.101949137442716, -22.694782144680175, 0.0 ], [ -53.101948490830125, -22.694784019766644, 0.0 ], [ -53.101947842418951, -22.694785894853112, 0.0 ], [ -53.101947194007778, -22.69478776993958, 0.0 ], [ -53.101946544697228, -22.694789644126729, 0.0 ], [ -53.101945894487415, -22.694791518313878, 0.0 ], [ -53.101945243378225, -22.694793392501026, 0.0 ], [ -53.101944591369772, -22.694795266688175, 0.0 ], [ -53.101943939361263, -22.694797139976004, 0.0 ], [ -53.10194328735281, -22.694799013263832, 0.0 ], [ -53.101942634444981, -22.694800886551604, 0.0 ], [ -53.101941980637832, -22.694802759839433, 0.0 ], [ -53.10194132683074, -22.694804633127262, 0.0 ], [ -53.101940673023591, -22.694806506415091, 0.0 ], [ -53.101940018317123, -22.69480837970292, 0.0 ], [ -53.101939364510031, -22.694810252091429, 0.0 ], [ -53.101938708904243, -22.694812125379258, 0.0 ], [ -53.101938054197774, -22.69481399776771, 0.0 ], [ -53.101937399491362, -22.694815870156219, 0.0 ], [ -53.101936743885574, -22.694817743444048, 0.0 ], [ -53.101936089179105, -22.694819615832557, 0.0 ], [ -53.101935433573374, -22.694821488221066, 0.0 ], [ -53.101934778866905, -22.694823360609576, 0.0 ], [ -53.101934124160437, -22.694825232998085, 0.0 ], [ -53.101933468554705, -22.694827106285857, 0.0 ], [ -53.101932813848236, -22.694828978674366, 0.0 ], [ -53.101932159141768, -22.694830851062875, 0.0 ], [ -53.101931503536036, -22.694832723451384, 0.0 ], [ -53.101930848829568, -22.694834595839893, 0.0 ], [ -53.101930194123099, -22.694836468228402, 0.0 ], [ -53.101929539416687, -22.694838340616855, 0.0 ], [ -53.101928884710219, -22.694840213005364, 0.0 ], [ -53.10192823000375, -22.694842085393873, 0.0 ], [ -53.101927575297339, -22.694843957782382, 0.0 ], [ -53.10192692059087, -22.694845830170891, 0.0 ], [ -53.101926265884401, -22.6948477025594, 0.0 ], [ -53.10192561117799, -22.694849574947852, 0.0 ], [ -53.101924956471521, -22.694851447336362, 0.0 ], [ -53.101924302664372, -22.694853319724871, 0.0 ], [ -53.10192364795796, -22.69485519211338, 0.0 ], [ -53.101922993251492, -22.694857064501889, 0.0 ], [ -53.101922339444343, -22.694858936890398, 0.0 ], [ -53.101921685637251, -22.694860810178227, 0.0 ], [ -53.101921030930782, -22.694862682566679, 0.0 ], [ -53.10192037712369, -22.694864554955188, 0.0 ], [ -53.101919723316541, -22.694866427343698, 0.0 ], [ -53.101919069509393, -22.694868299732207, 0.0 ], [ -53.101918415702301, -22.694870172120716, 0.0 ], [ -53.101917762794471, -22.694872044509225, 0.0 ], [ -53.101917108987323, -22.694873916897677, 0.0 ], [ -53.101916455180231, -22.694875790185506, 0.0 ], [ -53.101915802272401, -22.694877662574015, 0.0 ], [ -53.101915149364629, -22.694879534962524, 0.0 ], [ -53.1019144964568, -22.694881407351033, 0.0 ], [ -53.101913843548971, -22.694883280638862, 0.0 ], [ -53.101913190641199, -22.694885153027371, 0.0 ], [ -53.101912537733369, -22.694887026315143, 0.0 ], [ -53.101911884825597, -22.694888898703653, 0.0 ], [ -53.101911232817088, -22.694890771991481, 0.0 ], [ -53.101910579909315, -22.694892644379991, 0.0 ], [ -53.101910539439814, -22.69489276129184, 0.0 ] ] } },
{ "type": "Feature", "properties": { "Id": 0 }, "geometry": { "type": "LineString", "coordinates": [ [ -53.102035600062834, -22.694409768695834, 0.0 ], [ -53.102035182777399, -22.694411319127028, 0.0 ], [ -53.102034718727225, -22.694413049422621, 0.0 ], [ -53.10203425557637, -22.694414780617592, 0.0 ], [ -53.102033792425516, -22.694416511812506, 0.0 ], [ -53.102033331073301, -22.694418243007476, 0.0 ], [ -53.102032869721143, -22.69441997420239, 0.0 ], [ -53.102032409268247, -22.69442170629668, 0.0 ], [ -53.102031950613991, -22.694423438390913, 0.0 ], [ -53.102031491959735, -22.694425170485204, 0.0 ], [ -53.102031035104119, -22.694426902579437, 0.0 ], [ -53.102030578248559, -22.694428635573047, 0.0 ], [ -53.102030123191582, -22.69443036766728, 0.0 ], [ -53.102029669033982, -22.69443210066089, 0.0 ], [ -53.102029216674964, -22.694433834553763, 0.0 ], [ -53.102028764316003, -22.694435567547373, 0.0 ], [ -53.102028313755625, -22.694437301440246, 0.0 ], [ -53.102027863195303, -22.694439035333176, 0.0 ], [ -53.102027414433564, -22.694440770125368, 0.0 ], [ -53.102026966571202, -22.694442504018298, 0.0 ], [ -53.10202651870884, -22.694444238810547, 0.0 ], [ -53.102026072645117, -22.69444597360274, 0.0 ], [ -53.102025626581337, -22.694447708394989, 0.0 ], [ -53.102025181416934, -22.694449444086558, 0.0 ], [ -53.102024737151851, -22.694451178878751, 0.0 ], [ -53.102024292886767, -22.69445291457032, 0.0 ], [ -53.102023849521004, -22.694454650261832, 0.0 ], [ -53.10202340705456, -22.694456385953401, 0.0 ], [ -53.102022964588116, -22.694458121644971, 0.0 ], [ -53.102022522121672, -22.694459857336483, 0.0 ], [ -53.102022080554548, -22.694461593028052, 0.0 ], [ -53.102021638987424, -22.694463328719621, 0.0 ], [ -53.102021197420299, -22.694465065310453, 0.0 ], [ -53.102020756752495, -22.694466801002022, 0.0 ], [ -53.10202031608469, -22.694468536693591, 0.0 ], [ -53.102019874517566, -22.694470273284423, 0.0 ], [ -53.102019433849762, -22.694472008975993, 0.0 ], [ -53.102018993181957, -22.694473745566881, 0.0 ], [ -53.102018552514153, -22.694475481258394, 0.0 ], [ -53.102018110947029, -22.694477216949963, 0.0 ], [ -53.102017669379904, -22.694478953540852, 0.0 ], [ -53.1020172287121, -22.694480689232364, 0.0 ], [ -53.102016786245656, -22.694482424923933, 0.0 ], [ -53.102016344678532, -22.694484160615502, 0.0 ], [ -53.102015902212088, -22.694485896307015, 0.0 ], [ -53.102015458846324, -22.694487631998584, 0.0 ], [ -53.102015015480561, -22.694489367690096, 0.0 ], [ -53.102014572114797, -22.694491103381665, 0.0 ], [ -53.102014127849657, -22.694492838173915, 0.0 ], [ -53.102013682685254, -22.694494572966107, 0.0 ], [ -53.102013236621531, -22.694496307758357, 0.0 ], [ -53.102012790557808, -22.694498042550606, 0.0 ], [ -53.102012343594765, -22.694499777342799, 0.0 ], [ -53.102011894833026, -22.694501512135048, 0.0 ], [ -53.102011446071344, -22.694503246027921, 0.0 ], [ -53.102010996410343, -22.69450497992085, 0.0 ], [ -53.102010545849964, -22.694506713813723, 0.0 ], [ -53.102010093491003, -22.694508447706653, 0.0 ], [ -53.102009641131986, -22.694510180700206, 0.0 ], [ -53.102009186974385, -22.694511913693816, 0.0 ], [ -53.102008731917408, -22.694513646687426, 0.0 ], [ -53.102008275061792, -22.694515378781659, 0.0 ], [ -53.102007817306855, -22.69451711087595, 0.0 ], [ -53.102007358652656, -22.694518842970183, 0.0 ], [ -53.102006898199761, -22.694520574165097, 0.0 ], [ -53.102006435948226, -22.694522305360067, 0.0 ], [ -53.102005972797372, -22.694524036554981, 0.0 ], [ -53.102005507847878, -22.694525766850631, 0.0 ], [ -53.102005041999064, -22.694527497146225, 0.0 ], [ -53.102004573452234, -22.6945292265425, 0.0 ], [ -53.102004104006141, -22.694530955938831, 0.0 ], [ -53.102003633660729, -22.694532685335105, 0.0 ], [ -53.102003161516677, -22.694534413832116, 0.0 ], [ -53.102002687573929, -22.694536142329071, 0.0 ], [ -53.102002212731918, -22.694537870826025, 0.0 ], [ -53.10200173699053, -22.69453959842366, 0.0 ], [ -53.102001259450503, -22.694541326021351, 0.0 ], [ -53.102000781910533, -22.694543053618986, 0.0 ], [ -53.102000302571867, -22.694544780317301, 0.0 ], [ -53.10199982233388, -22.694546507914936, 0.0 ], [ -53.101999341196574, -22.694548234613308, 0.0 ], [ -53.101998860059325, -22.694549961311623, 0.0 ], [ -53.10199837712338, -22.694551687110618, 0.0 ], [ -53.101997894187434, -22.694553413808933, 0.0 ], [ -53.101997411251489, -22.694555139607985, 0.0 ], [ -53.101996926516904, -22.69455686540698, 0.0 ], [ -53.101996441782319, -22.694558592105295, 0.0 ], [ -53.101995957047734, -22.694560317904291, 0.0 ], [ -53.101995471413829, -22.694562043703286, 0.0 ], [ -53.101994985779925, -22.694563769502338, 0.0 ], [ -53.10199450014602, -22.694565494402013, 0.0 ], [ -53.101994014512115, -22.694567220201009, 0.0 ], [ -53.101993527978891, -22.694568946, 0.0 ], [ -53.101993042344986, -22.694570671798999, 0.0 ], [ -53.101992555811762, -22.694572397598051, 0.0 ], [ -53.101992070177857, -22.694574122497727, 0.0 ], [ -53.101991584543953, -22.694575848296722, 0.0 ], [ -53.101991098910048, -22.694577574095717, 0.0 ], [ -53.101990614175463, -22.694579299894713, 0.0 ], [ -53.101990128541559, -22.694581026593085, 0.0 ], [ -53.101989644706293, -22.69458275239208, 0.0 ], [ -53.101989160871028, -22.694584478191075, 0.0 ], [ -53.101988677035763, -22.69458620488939, 0.0 ], [ -53.101988194999137, -22.694587931587705, 0.0 ], [ -53.101987712962568, -22.694589658286077, 0.0 ], [ -53.101987231825262, -22.694591384984392, 0.0 ], [ -53.101986750687956, -22.694593111682707, 0.0 ], [ -53.10198627134929, -22.694594839280342, 0.0 ], [ -53.10198579291, -22.694596566878033, 0.0 ], [ -53.101985315369973, -22.694598294475668, 0.0 ], [ -53.101984838729265, -22.694600022073303, 0.0 ], [ -53.101984363887254, -22.694601750570314, 0.0 ], [ -53.101983889045187, -22.694603479067268, 0.0 ], [ -53.101983416001815, -22.694605207564223, 0.0 ], [ -53.101982944757026, -22.694606936960554, 0.0 ], [ -53.101982473512294, -22.694608666356828, 0.0 ], [ -53.101982003166881, -22.694610395753102, 0.0 ], [ -53.101981533720789, -22.694612125149433, 0.0 ], [ -53.101981065173959, -22.694613855445027, 0.0 ], [ -53.101980597526506, -22.694615584841301, 0.0 ], [ -53.101980129879053, -22.694617315136952, 0.0 ], [ -53.101979663130919, -22.694619045432546, 0.0 ], [ -53.101979197282105, -22.694620775728197, 0.0 ], [ -53.101978731433292, -22.69462250692311, 0.0 ], [ -53.101978266483798, -22.694624237218704, 0.0 ], [ -53.101977801534247, -22.694625968413675, 0.0 ], [ -53.101977336584753, -22.694627698709269, 0.0 ], [ -53.101976872534578, -22.694629429904239, 0.0 ], [ -53.101976408484404, -22.694631160199833, 0.0 ], [ -53.10197594443423, -22.694632891394804, 0.0 ], [ -53.101975479484736, -22.694634622589717, 0.0 ], [ -53.101975015434562, -22.694636352885311, 0.0 ], [ -53.101974551384387, -22.694638084080282, 0.0 ], [ -53.101974086434893, -22.694639814375876, 0.0 ], [ -53.101973621485399, -22.694641545570846, 0.0 ], [ -53.101973156535905, -22.69464327586644, 0.0 ], [ -53.101972691586411, -22.694645006162034, 0.0 ], [ -53.101972225737597, -22.694646736457685, 0.0 ], [ -53.101971758989464, -22.694648466753279, 0.0 ], [ -53.101971292241331, -22.694650197048929, 0.0 ], [ -53.10197082459382, -22.694651927344523, 0.0 ], [ -53.101970356047048, -22.694653656740797, 0.0 ], [ -53.101969887500275, -22.694655387036448, 0.0 ], [ -53.101969417154862, -22.694657116432722, 0.0 ], [ -53.101968946809393, -22.694658844929677, 0.0 ], [ -53.101968474665341, -22.694660574326008, 0.0 ], [ -53.101968002521232, -22.694662302822962, 0.0 ], [ -53.101967528578541, -22.694664031319917, 0.0 ], [ -53.101967053736473, -22.694665759816928, 0.0 ], [ -53.101966577995142, -22.694667487414563, 0.0 ], [ -53.101966100455115, -22.694669215012198, 0.0 ], [ -53.101965622015825, -22.694670941710569, 0.0 ], [ -53.101965141777839, -22.694672668408884, 0.0 ], [ -53.101964660640533, -22.694674395107199, 0.0 ], [ -53.101964177704588, -22.694676121805514, 0.0 ], [ -53.101963692970003, -22.69467784670519, 0.0 ], [ -53.101963206436778, -22.694679572504242, 0.0 ], [ -53.101962719004234, -22.694681297403918, 0.0 ], [ -53.101962228873731, -22.694683021404273, 0.0 ], [ -53.101961737843908, -22.694684745404629, 0.0 ], [ -53.101961244116069, -22.694686469404985, 0.0 ], [ -53.101960749488967, -22.694688192506021, 0.0 ], [ -53.101960253063169, -22.694689915607057, 0.0 ], [ -53.101959754838788, -22.694691637808774, 0.0 ], [ -53.101959254815711, -22.69469335911117, 0.0 ], [ -53.101958753893314, -22.694695081312886, 0.0 ], [ -53.101958251172334, -22.694696802615283, 0.0 ], [ -53.101957746652658, -22.69469852301836, 0.0 ], [ -53.101957241233663, -22.694700243421437, 0.0 ], [ -53.101956734915348, -22.694701963824514, 0.0 ], [ -53.101956226798393, -22.694703683328271, 0.0 ], [ -53.101955716882799, -22.694705402832028, 0.0 ], [ -53.101955206067885, -22.694707122335785, 0.0 ], [ -53.101954694353594, -22.694708841839542, 0.0 ], [ -53.101954181740041, -22.69471056044398, 0.0 ], [ -53.101953668227168, -22.694712279048417, 0.0 ], [ -53.101953152915655, -22.694713996753478, 0.0 ], [ -53.101952636704766, -22.694715714458596, 0.0 ], [ -53.101952120493934, -22.694717432163714, 0.0 ], [ -53.101951602484405, -22.694719149868831, 0.0 ], [ -53.101951084474933, -22.694720867573949, 0.0 ], [ -53.101950564666765, -22.694722584379747, 0.0 ], [ -53.101950044858654, -22.694724301185488, 0.0 ], [ -53.101949524151166, -22.694726018890606, 0.0 ], [ -53.101949002544416, -22.694727734797084, 0.0 ], [ -53.101948480937608, -22.694729451602882, 0.0 ], [ -53.101947958431481, -22.694731168408623, 0.0 ], [ -53.101947435026091, -22.694732884315101, 0.0 ], [ -53.101946911620644, -22.69473460022158, 0.0 ], [ -53.101946388215197, -22.694736317027377, 0.0 ], [ -53.10194586391043, -22.694738032933856, 0.0 ], [ -53.1019453387064, -22.694739748840277, 0.0 ], [ -53.101944814401634, -22.694741464746755, 0.0 ], [ -53.101944289197547, -22.694743180653234, 0.0 ], [ -53.101943763993461, -22.694744896559712, 0.0 ], [ -53.101943238789374, -22.694746611566813, 0.0 ], [ -53.101942712686025, -22.694748327473292, 0.0 ], [ -53.101942187481939, -22.69475004337977, 0.0 ], [ -53.101941662277852, -22.694751759286191, 0.0 ], [ -53.101941136174446, -22.69475347519267, 0.0 ], [ -53.10194061097036, -22.694755191099148, 0.0 ], [ -53.10194008576633, -22.694756907005626, 0.0 ], [ -53.101939560562244, -22.694758622912047, 0.0 ], [ -53.101939036257477, -22.694760338818526, 0.0 ], [ -53.10193851105339, -22.694762055624324, 0.0 ], [ -53.101937986748624, -22.694763771530802, 0.0 ], [ -53.101937463343234, -22.694765487437223, 0.0 ], [ -53.101936939937787, -22.694767204243021, 0.0 ], [ -53.101936417431659, -22.694768921048819, 0.0 ], [ -53.101935894925589, -22.694770637854617, 0.0 ], [ -53.101935372419462, -22.694772354660415, 0.0 ], [ -53.101934851711974, -22.694774071466156, 0.0 ], [ -53.101934331004543, -22.694775789171274, 0.0 ], [ -53.101933811196375, -22.694777506876392, 0.0 ], [ -53.101933291388264, -22.694779224581509, 0.0 ], [ -53.101932773378735, -22.694780942286627, 0.0 ], [ -53.101932255369263, -22.694782659991745, 0.0 ], [ -53.101931737359735, -22.694784377696806, 0.0 ], [ -53.101931220249583, -22.694786096301243, 0.0 ], [ -53.101930704038693, -22.694787814905681, 0.0 ], [ -53.101930187827861, -22.694789533510118, 0.0 ], [ -53.101929672516349, -22.694791252114555, 0.0 ], [ -53.101929157204779, -22.694792970718993, 0.0 ], [ -53.101928642792586, -22.69479468932343, 0.0 ], [ -53.101928128380393, -22.694796408827187, 0.0 ], [ -53.101927613968144, -22.694798127431568, 0.0 ], [ -53.101927099555951, -22.694799846935325, 0.0 ], [ -53.101926585143758, -22.694801565539763, 0.0 ], [ -53.101926071630885, -22.69480328504352, 0.0 ], [ -53.101925558117955, -22.694805003647957, 0.0 ], [ -53.101925044605082, -22.694806723151714, 0.0 ], [ -53.101924531092209, -22.694808442655471, 0.0 ], [ -53.101924017579279, -22.694810161259909, 0.0 ], [ -53.101923504066406, -22.694811880763666, 0.0 ], [ -53.101922989654213, -22.694813599368047, 0.0 ], [ -53.10192247614134, -22.694815318871804, 0.0 ], [ -53.101898316753875, -22.694889726079964, 0.0 ] ] } },
{ "type": "Feature", "properties": { "Id": 0 }, "geometry": { "type": "LineString", "coordinates": [ [ -53.102026051960706, -22.694407397183568, 0.0 ], [ -53.102025693131168, -22.694408878366971, 0.0 ], [ -53.102025166128499, -22.694411051129066, 0.0 ], [ -53.102024638226453, -22.694413224790424, 0.0 ], [ -53.102024111223727, -22.694415397552518, 0.0 ], [ -53.102023582422362, -22.694417571213876, 0.0 ], [ -53.102023053620997, -22.694419743975971, 0.0 ], [ -53.102022524819631, -22.694421916738008, 0.0 ], [ -53.102021994219626, -22.694424089500103, 0.0 ], [ -53.102021463619621, -22.694426262262141, 0.0 ], [ -53.102020933019617, -22.694428434124916, 0.0 ], [ -53.102020400620972, -22.694430606886954, 0.0 ], [ -53.102019868222271, -22.694432778749672, 0.0 ], [ -53.102019334924307, -22.694434950612447, 0.0 ], [ -53.102018800727024, -22.694437122475165, 0.0 ], [ -53.10201826563042, -22.69443929343862, 0.0 ], [ -53.102017730533817, -22.694441465301338, 0.0 ], [ -53.102017193638517, -22.694443636264737, 0.0 ], [ -53.102016656743274, -22.694445807228192, 0.0 ], [ -53.102016118948711, -22.69444797819159, 0.0 ], [ -53.102015579355452, -22.694450149154989, 0.0 ], [ -53.10201503976225, -22.694452319219124, 0.0 ], [ -53.102014498370352, -22.694454489283203, 0.0 ], [ -53.10201395697851, -22.694456659347281, 0.0 ], [ -53.102013413787972, -22.694458829411417, 0.0 ], [ -53.102012869698115, -22.694460998576176, 0.0 ], [ -53.102012324708994, -22.694463167740935, 0.0 ], [ -53.102011778820497, -22.694465336905751, 0.0 ], [ -53.10201123203268, -22.694467506070509, 0.0 ], [ -53.102010683446224, -22.694469674335949, 0.0 ], [ -53.102010133960448, -22.694471842601388, 0.0 ], [ -53.102009583575352, -22.694474009967564, 0.0 ], [ -53.102009032290994, -22.694476178233003, 0.0 ], [ -53.102008479207882, -22.694478345599123, 0.0 ], [ -53.102007925225507, -22.694480512965242, 0.0 ], [ -53.102007369444493, -22.694482679432042, 0.0 ], [ -53.102006812764159, -22.694484845898899, 0.0 ], [ -53.102006254285186, -22.694487012365698, 0.0 ], [ -53.102005694906836, -22.694489177933178, 0.0 ], [ -53.102005133729904, -22.694491343500658, 0.0 ], [ -53.102004571653595, -22.694493509068138, 0.0 ], [ -53.102004007778703, -22.694495673736299, 0.0 ], [ -53.102003443004435, -22.694497838404459, 0.0 ], [ -53.102002875532264, -22.694500003072619, 0.0 ], [ -53.102002308060037, -22.69450216684146, 0.0 ], [ -53.10200173788985, -22.6945043306103, 0.0 ], [ -53.102001166820344, -22.694506493479821, 0.0 ], [ -53.102000593952198, -22.694508656349342, 0.0 ], [ -53.102000019285413, -22.694510819218863, 0.0 ], [ -53.101999442819988, -22.694512981189064, 0.0 ], [ -53.101998865455244, -22.694515143159265, 0.0 ], [ -53.10199828629186, -22.694517304230146, 0.0 ], [ -53.10199770443046, -22.694519465301028, 0.0 ], [ -53.101997121669797, -22.694521626371909, 0.0 ], [ -53.101996538009757, -22.694523786543471, 0.0 ], [ -53.101995951651816, -22.694525946715032, 0.0 ], [ -53.101995365293817, -22.694528105987274, 0.0 ], [ -53.101994776237916, -22.694530265259516, 0.0 ], [ -53.101994186282639, -22.694532424531701, 0.0 ], [ -53.101993595428041, -22.694534582904623, 0.0 ], [ -53.101993003674124, -22.694536742176865, 0.0 ], [ -53.101992410121568, -22.694538899650468, 0.0 ], [ -53.101991816569011, -22.69454105802339, 0.0 ], [ -53.101991221217816, -22.694543216396255, 0.0 ], [ -53.1019906249673, -22.694545373869857, 0.0 ], [ -53.101990028716784, -22.69454753134346, 0.0 ], [ -53.101989430667629, -22.694549688817062, 0.0 ], [ -53.101988832618474, -22.694551845391288, 0.0 ], [ -53.101988233669999, -22.694554002864891, 0.0 ], [ -53.101987634721525, -22.694556159439173, 0.0 ], [ -53.10198703487373, -22.694558316912776, 0.0 ], [ -53.101986435025935, -22.694560473487002, 0.0 ], [ -53.101985834278764, -22.694562630061284, 0.0 ], [ -53.10198523353165, -22.694564786635567, 0.0 ], [ -53.101984632784536, -22.694566943209793, 0.0 ], [ -53.101984032037421, -22.694569099784076, 0.0 ], [ -53.101983430390931, -22.694571256358358, 0.0 ], [ -53.101982829643816, -22.694573412932641, 0.0 ], [ -53.101982228896702, -22.694575569506867, 0.0 ], [ -53.101981628149588, -22.69457772608115, 0.0 ], [ -53.101981027402474, -22.694579882655432, 0.0 ], [ -53.101980426655302, -22.694582040128978, 0.0 ], [ -53.101979826807508, -22.694584196703261, 0.0 ], [ -53.101979227859033, -22.694586354176863, 0.0 ], [ -53.101978628910558, -22.694588510751146, 0.0 ], [ -53.101978029962083, -22.694590668224691, 0.0 ], [ -53.101977431912928, -22.694592825698294, 0.0 ], [ -53.101976834763093, -22.694594983171896, 0.0 ], [ -53.101976238512577, -22.694597140645499, 0.0 ], [ -53.101975643161381, -22.694599299018364, 0.0 ], [ -53.101975047810186, -22.694601457391286, 0.0 ], [ -53.101974453358309, -22.694603615764208, 0.0 ], [ -53.101973859805753, -22.694605774137131, 0.0 ], [ -53.101973266253196, -22.694607932510053, 0.0 ], [ -53.10197267359996, -22.694610090882918, 0.0 ], [ -53.101972081846043, -22.69461225015516, 0.0 ], [ -53.101971490092126, -22.694614409427402, 0.0 ], [ -53.101970899237585, -22.694616567800324, 0.0 ], [ -53.101970308382988, -22.694618727072566, 0.0 ], [ -53.101969717528391, -22.694620886344808, 0.0 ], [ -53.101969127573113, -22.694623045616993, 0.0 ], [ -53.101968537617893, -22.694625204889235, 0.0 ], [ -53.101967947662615, -22.694627364161477, 0.0 ], [ -53.101967357707338, -22.694629524333038, 0.0 ], [ -53.101966768651437, -22.69463168360528, 0.0 ], [ -53.101966179595479, -22.694633842877522, 0.0 ], [ -53.101965589640201, -22.694636002149707, 0.0 ], [ -53.101965000584244, -22.694638162321269, 0.0 ], [ -53.101964411528343, -22.694640321593511, 0.0 ], [ -53.101963822472385, -22.694642480865753, 0.0 ], [ -53.101963232517107, -22.694644640137994, 0.0 ], [ -53.101962643461206, -22.694646800309556, 0.0 ], [ -53.101962053505929, -22.694648959581798, 0.0 ], [ -53.101961463550651, -22.694651118853983, 0.0 ], [ -53.101960872696054, -22.694653278126225, 0.0 ], [ -53.101960282740833, -22.694655437398467, 0.0 ], [ -53.101959691886236, -22.694657595771389, 0.0 ], [ -53.101959100132319, -22.694659755043631, 0.0 ], [ -53.101958508378402, -22.694661914315873, 0.0 ], [ -53.101957916624485, -22.694664072688738, 0.0 ], [ -53.101957323971305, -22.69466623106166, 0.0 ], [ -53.101956730418749, -22.694668389434582, 0.0 ], [ -53.101956136866193, -22.694670547807505, 0.0 ], [ -53.101955541514997, -22.694672706180427, 0.0 ], [ -53.10195494706312, -22.694674864553292, 0.0 ], [ -53.101954350812605, -22.694677022026895, 0.0 ], [ -53.101953754562089, -22.694679179500497, 0.0 ], [ -53.101953156512934, -22.694681336974099, 0.0 ], [ -53.101952558463779, -22.694683494447645, 0.0 ], [ -53.101951959515304, -22.694685651021928, 0.0 ], [ -53.101951359667453, -22.69468780759621, 0.0 ], [ -53.101950758920339, -22.694689964170493, 0.0 ], [ -53.101950156374585, -22.694692120744719, 0.0 ], [ -53.101949553828831, -22.694694276419682, 0.0 ], [ -53.101948949484381, -22.694696432094645, 0.0 ], [ -53.101948344240668, -22.694698587769551, 0.0 ], [ -53.101947738097579, -22.694700742545194, 0.0 ], [ -53.101947131055226, -22.694702898220157, 0.0 ], [ -53.101946522214178, -22.694705052096424, 0.0 ], [ -53.101945911574546, -22.694707206872067, 0.0 ], [ -53.101945300934858, -22.694709360748334, 0.0 ], [ -53.101944687597211, -22.694711513725338, 0.0 ], [ -53.101944073360244, -22.694713666702285, 0.0 ], [ -53.101943458223957, -22.694715819679288, 0.0 ], [ -53.101942841289031, -22.694717972656292, 0.0 ], [ -53.101942222555465, -22.694720124733919, 0.0 ], [ -53.101941602922579, -22.694722275912284, 0.0 ], [ -53.101940980591735, -22.694724427090591, 0.0 ], [ -53.10194035736157, -22.694726578268899, 0.0 ], [ -53.101939732332767, -22.694728728547943, 0.0 ], [ -53.101939106404586, -22.694730878826931, 0.0 ], [ -53.101938477778504, -22.694733028206656, 0.0 ], [ -53.101937847353724, -22.694735176687004, 0.0 ], [ -53.101937215130306, -22.694737326066672, 0.0 ], [ -53.101936581108305, -22.694739473647758, 0.0 ], [ -53.101935945287607, -22.694741621228786, 0.0 ], [ -53.101935307668271, -22.694743768809815, 0.0 ], [ -53.101934668250294, -22.69474591549158, 0.0 ], [ -53.101934026134359, -22.69474806127397, 0.0 ], [ -53.101933382219784, -22.694750207056359, 0.0 ], [ -53.101932736506569, -22.694752351939428, 0.0 ], [ -53.101932088994658, -22.694754496822497, 0.0 ], [ -53.101931439684165, -22.694756640806304, 0.0 ], [ -53.101930788574975, -22.694758784790054, 0.0 ], [ -53.101930135667203, -22.694760927874484, 0.0 ], [ -53.101929480960735, -22.694763070958913, 0.0 ], [ -53.101928824455626, -22.694765213144024, 0.0 ], [ -53.101928166151879, -22.694767355329134, 0.0 ], [ -53.101927506049549, -22.694769496614924, 0.0 ], [ -53.101926844148522, -22.694771637900715, 0.0 ], [ -53.101926181348176, -22.694773778287185, 0.0 ], [ -53.101925516749134, -22.694775918673656, 0.0 ], [ -53.101924850351509, -22.694778059060127, 0.0 ], [ -53.101924182155244, -22.694780198547278, 0.0 ], [ -53.10192351305966, -22.694782337135109, 0.0 ], [ -53.101922842165379, -22.69478447572294, 0.0 ], [ -53.101922169472516, -22.694786614310772, 0.0 ], [ -53.101921495880276, -22.694788751999283, 0.0 ], [ -53.101920820489454, -22.694790889687738, 0.0 ], [ -53.101920144199255, -22.694793027376249, 0.0 ], [ -53.101919467009736, -22.694795164165441, 0.0 ], [ -53.101918788021635, -22.694797300954633, 0.0 ], [ -53.101918107234837, -22.694799436844505, 0.0 ], [ -53.10191742554872, -22.694801572734377, 0.0 ], [ -53.101916742963283, -22.694803708624192, 0.0 ], [ -53.101916059478526, -22.694805843614745, 0.0 ], [ -53.10191537419513, -22.694807978605297, 0.0 ], [ -53.101914688012414, -22.694810113595793, 0.0 ], [ -53.101914000930378, -22.694812247687025, 0.0 ], [ -53.101913312948966, -22.694814381778258, 0.0 ], [ -53.101912623168971, -22.694816515869491, 0.0 ], [ -53.101911933388976, -22.694818649061347, 0.0 ], [ -53.101911241810342, -22.694820783152579, 0.0 ], [ -53.101910550231651, -22.694822916344492, 0.0 ], [ -53.101909856854377, -22.694825048637028, 0.0 ], [ -53.101909163477046, -22.694827181828941, 0.0 ], [ -53.101908468301133, -22.694829314121478, 0.0 ], [ -53.101907773125163, -22.694831445514751, 0.0 ], [ -53.10190707615061, -22.694833577807344, 0.0 ], [ -53.101906379176, -22.694835709200561, 0.0 ], [ -53.101905681302128, -22.694837841493154, 0.0 ], [ -53.101904983428199, -22.694839972886371, 0.0 ], [ -53.10190428375563, -22.694842103380324, 0.0 ], [ -53.101903584083118, -22.694844234773598, 0.0 ], [ -53.101902884410549, -22.694846365267495, 0.0 ], [ -53.101902182939341, -22.694848495761448, 0.0 ], [ -53.101901481468133, -22.694850626255345, 0.0 ], [ -53.101900779996981, -22.694852756749299, 0.0 ], [ -53.101900077626453, -22.694854887243196, 0.0 ], [ -53.101899374356606, -22.69485701683783, 0.0 ], [ -53.101898671086758, -22.694859147331726, 0.0 ], [ -53.10189796781691, -22.69486127692636, 0.0 ], [ -53.101897263647743, -22.694863406520938, 0.0 ], [ -53.101896559478575, -22.694865536115572, 0.0 ], [ -53.101895854410088, -22.694867665710149, 0.0 ], [ -53.101895149341601, -22.694869794405463, 0.0 ], [ -53.101894443373794, -22.69487192400004, 0.0 ], [ -53.101893737405987, -22.694874052695354, 0.0 ], [ -53.101893031438237, -22.694876182289931, 0.0 ], [ -53.101892324571054, -22.694878310985246, 0.0 ], [ -53.101891617703927, -22.694880439680503, 0.0 ], [ -53.101890910836801, -22.69488256837576, 0.0 ], [ -53.101890203070354, -22.694884697071075, 0.0 ], [ -53.101889495303908, -22.694886824867012, 0.0 ], [ -53.101889276768645, -22.69488748137212, 0.0 ] ] } },
{ "type": "Feature", "properties": { "Id": 0 }, "geometry": { "type": "LineString", "coordinates": [ [ -53.102014404840872, -22.69440450496387, 0.0 ], [ -53.102014143138149, -22.694405585049651, 0.0 ], [ -53.102013680886614, -22.694407490713104, 0.0 ], [ -53.102013218635079, -22.69440939457786, 0.0 ], [ -53.102012756383544, -22.694411299341937, 0.0 ], [ -53.10201229323269, -22.694413204106013, 0.0 ], [ -53.102011829182516, -22.694415108870146, 0.0 ], [ -53.102011365132341, -22.694417012734903, 0.0 ], [ -53.102010901082167, -22.694418917498979, 0.0 ], [ -53.102010436132673, -22.694420821363792, 0.0 ], [ -53.102009970283859, -22.694422725228549, 0.0 ], [ -53.102009504435046, -22.694424629093305, 0.0 ], [ -53.102009037686912, -22.694426532958062, 0.0 ], [ -53.102008570039459, -22.694428435923555, 0.0 ], [ -53.102008102391949, -22.694430339788312, 0.0 ], [ -53.102007633845176, -22.694432242753749, 0.0 ], [ -53.102007164399083, -22.694434146618505, 0.0 ], [ -53.102006694053671, -22.694436049583999, 0.0 ], [ -53.102006223708202, -22.694437951650116, 0.0 ], [ -53.10200575156415, -22.694439854615553, 0.0 ], [ -53.102005279420041, -22.694441757580989, 0.0 ], [ -53.102004806376669, -22.694443659647106, 0.0 ], [ -53.102004332433978, -22.69444556171328, 0.0 ], [ -53.10200385759191, -22.694447463779397, 0.0 ], [ -53.102003381850523, -22.694449364946195, 0.0 ], [ -53.102002906109192, -22.694451267012312, 0.0 ], [ -53.102002428569165, -22.694453168179109, 0.0 ], [ -53.102001950129875, -22.694455069345906, 0.0 ], [ -53.102001470791208, -22.694456970512761, 0.0 ], [ -53.102000990553222, -22.694458870780238, 0.0 ], [ -53.102000508516596, -22.694460771047716, 0.0 ], [ -53.102000026479971, -22.694462671315193, 0.0 ], [ -53.101999542644762, -22.694464571582671, 0.0 ], [ -53.101999057910177, -22.694466470950829, 0.0 ], [ -53.101998572276273, -22.694468370318987, 0.0 ], [ -53.101998085743048, -22.694470269687145, 0.0 ], [ -53.101997598310447, -22.694472169055302, 0.0 ], [ -53.101997109079264, -22.694474067524141, 0.0 ], [ -53.101996618049441, -22.694475965992979, 0.0 ], [ -53.101996127019618, -22.694477864461817, 0.0 ], [ -53.101995634191098, -22.694479762031335, 0.0 ], [ -53.101995140463316, -22.694481659600854, 0.0 ], [ -53.101994644936894, -22.694483557170372, 0.0 ], [ -53.101994148511096, -22.69448545473989, 0.0 ], [ -53.101993651186035, -22.694487351410089, 0.0 ], [ -53.101993152062278, -22.694489248080288, 0.0 ], [ -53.10199265293852, -22.694491143851167, 0.0 ], [ -53.10199215201618, -22.694493040521365, 0.0 ], [ -53.101991650194464, -22.694494936292244, 0.0 ], [ -53.101991146574107, -22.694496832063123, 0.0 ], [ -53.101990642953751, -22.694498726934683, 0.0 ], [ -53.101990137534756, -22.694500622705505, 0.0 ], [ -53.10198963211576, -22.694502517577064, 0.0 ], [ -53.101989124898182, -22.694504412448623, 0.0 ], [ -53.101988616781171, -22.694506306420863, 0.0 ], [ -53.101988107764896, -22.694508201292422, 0.0 ], [ -53.101987598748622, -22.694510095264661, 0.0 ], [ -53.101987087933708, -22.694511989236844, 0.0 ], [ -53.101986576219474, -22.694513882309764, 0.0 ], [ -53.101986063605921, -22.694515776282003, 0.0 ], [ -53.101985550093048, -22.694517669354923, 0.0 ], [ -53.101985036580118, -22.694519562427843, 0.0 ], [ -53.101984521268605, -22.694521455500706, 0.0 ], [ -53.101984005957092, -22.694523348573625, 0.0 ], [ -53.101983489746203, -22.694525240747225, 0.0 ], [ -53.101982972636051, -22.694527133820145, 0.0 ], [ -53.101982454626523, -22.694529025993688, 0.0 ], [ -53.101981935717731, -22.694530918167288, 0.0 ], [ -53.101981416808883, -22.694532810340888, 0.0 ], [ -53.101980897000772, -22.694534701615169, 0.0 ], [ -53.101980376293284, -22.694536593788712, 0.0 ], [ -53.101979855585853, -22.694538485062992, 0.0 ], [ -53.101936751080132, -22.694693158562359, 0.0 ], [ -53.101898165667762, -22.694819950380349, 0.0 ], [ -53.101892802111081, -22.694838216510448, 0.0 ], [ -53.101892274209035, -22.694840106885351, 0.0 ], [ -53.10189174540767, -22.694841997260312, 0.0 ], [ -53.101891216606305, -22.694843886735953, 0.0 ], [ -53.10189068690562, -22.694845777110856, 0.0 ], [ -53.101890157204934, -22.694847666586497, 0.0 ], [ -53.10188962570561, -22.694849556062138, 0.0 ], [ -53.101889093306966, -22.694851445537722, 0.0 ], [ -53.101888560908321, -22.694853334114043, 0.0 ], [ -53.101888025811718, -22.694855222690308, 0.0 ], [ -53.101887490715058, -22.694857111266629, 0.0 ], [ -53.101886952920495, -22.694858998943573, 0.0 ], [ -53.101886414226612, -22.694860886620575, 0.0 ], [ -53.101885874633354, -22.694862773398256, 0.0 ], [ -53.101885332342192, -22.694864660175881, 0.0 ], [ -53.101884789151654, -22.694866546054186, 0.0 ], [ -53.101884243263157, -22.694868431033228, 0.0 ], [ -53.101883695576021, -22.694870316012214, 0.0 ], [ -53.101883146090302, -22.694872200091936, 0.0 ], [ -53.101882593906566, -22.694874084171602, 0.0 ], [ -53.101882039024815, -22.694875967351948, 0.0 ], [ -53.101881482344481, -22.694877849633031, 0.0 ], [ -53.101880922966188, -22.694879731014737, 0.0 ], [ -53.101880360889879, -22.694881612396443, 0.0 ], [ -53.101879797014988, -22.69488349197951, 0.0 ], [ -53.101879337461412, -22.694885012733096, 0.0 ] ] } },
{ "type": "Feature", "properties": { "Id": 0 }, "geometry": { "type": "LineString", "coordinates": [ [ -53.102005533928207, -22.694402302524225, 0.0 ], [ -53.102005142723101, -22.694403950082176, 0.0 ], [ -53.102004693961419, -22.694405839557817, 0.0 ], [ -53.102004244300417, -22.694407729033401, 0.0 ], [ -53.102003793740039, -22.694409617609722, 0.0 ], [ -53.102003343179717, -22.694411507085363, 0.0 ], [ -53.102002892619339, -22.694413395661627, 0.0 ], [ -53.102002441159698, -22.694415284237948, 0.0 ], [ -53.10200198880068, -22.694417172814212, 0.0 ], [ -53.102001536441719, -22.694419061390533, 0.0 ], [ -53.102001083183382, -22.694420949966798, 0.0 ], [ -53.102000629025781, -22.694422837643799, 0.0 ], [ -53.102000174868124, -22.69442472622012, 0.0 ], [ -53.101999719811204, -22.694426613897065, 0.0 ], [ -53.101999263854907, -22.694428501574066, 0.0 ], [ -53.101998806999291, -22.694430389251011, 0.0 ], [ -53.101998350143731, -22.694432276028692, 0.0 ], [ -53.101997892388795, -22.694434163705637, 0.0 ], [ -53.101997432835219, -22.694436050483318, 0.0 ], [ -53.101996973281643, -22.694437937260943, 0.0 ], [ -53.101996512828748, -22.694439824038625, 0.0 ], [ -53.101996051476533, -22.69444171081625, 0.0 ], [ -53.101995589224998, -22.694443596694612, 0.0 ], [ -53.101995126074144, -22.694445482572917, 0.0 ], [ -53.101994662023969, -22.694447368451222, 0.0 ], [ -53.101994197074475, -22.694449254329584, 0.0 ], [ -53.101993731225662, -22.694451140207889, 0.0 ], [ -53.101993264477528, -22.694453025186931, 0.0 ], [ -53.101992795930755, -22.694454910165916, 0.0 ], [ -53.101992327383982, -22.694456795144959, 0.0 ], [ -53.101991857038513, -22.694458679224624, 0.0 ], [ -53.101991385793781, -22.69446056330429, 0.0 ], [ -53.101990912750409, -22.694462447384012, 0.0 ], [ -53.101990439706981, -22.694464331463678, 0.0 ], [ -53.10198996486497, -22.694466214644024, 0.0 ], [ -53.101989488224262, -22.694468097824426, 0.0 ], [ -53.101989011583555, -22.694469981004772, 0.0 ], [ -53.101988533144265, -22.694471863285798, 0.0 ], [ -53.101988052906279, -22.694473745566881, 0.0 ], [ -53.101987571768973, -22.694475627847908, 0.0 ], [ -53.101987089732347, -22.694477509229614, 0.0 ], [ -53.101986605897082, -22.69447939061132, 0.0 ], [ -53.101986121162497, -22.694481271993084, 0.0 ], [ -53.101985634629273, -22.69448315247547, 0.0 ], [ -53.101985146297409, -22.694485032957857, 0.0 ], [ -53.101984657066225, -22.694486913440244, 0.0 ], [ -53.101984166036402, -22.694488793023311, 0.0 ], [ -53.10198367410726, -22.694490672606435, 0.0 ], [ -53.101983179480101, -22.694492551290182, 0.0 ], [ -53.101982683953679, -22.694494429973929, 0.0 ], [ -53.101982187527881, -22.694496308657676, 0.0 ], [ -53.10198168840418, -22.694498186442104, 0.0 ], [ -53.101981188381103, -22.694500064226531, 0.0 ], [ -53.101980686559386, -22.694501942010959, 0.0 ], [ -53.10198018293903, -22.694503818896067, 0.0 ], [ -53.101979677520035, -22.694505694881855, 0.0 ], [ -53.101979171201776, -22.694507571766962, 0.0 ], [ -53.101978663084765, -22.69450944775275, 0.0 ], [ -53.10197815406849, -22.694511322839219, 0.0 ], [ -53.101977643253576, -22.694513197925687, 0.0 ], [ -53.101977130640023, -22.694515073012155, 0.0 ], [ -53.10197661712715, -22.694516948098624, 0.0 ], [ -53.10197610181558, -22.694518822285772, 0.0 ], [ -53.101975586504068, -22.694520696472921, 0.0 ], [ -53.101975068494596, -22.69452256976075, 0.0 ], [ -53.101974550485068, -22.694524443947898, 0.0 ], [ -53.101974030676956, -22.694526317235727, 0.0 ], [ -53.101973509969469, -22.694528190523556, 0.0 ], [ -53.101972988362661, -22.694530062912008, 0.0 ], [ -53.101972465856591, -22.694531935300517, 0.0 ], [ -53.101971942451144, -22.694533807689027, 0.0 ], [ -53.101971418146377, -22.694535680077536, 0.0 ], [ -53.101970892042971, -22.694537552466045, 0.0 ], [ -53.101970365939621, -22.694539423955234, 0.0 ], [ -53.101969838936895, -22.694541295444367, 0.0 ], [ -53.10196931103485, -22.694543166933556, 0.0 ], [ -53.101968782233484, -22.694545038422746, 0.0 ], [ -53.101968253432119, -22.694546909012615, 0.0 ], [ -53.101967723731434, -22.694548780501748, 0.0 ], [ -53.101967193131429, -22.694550651091618, 0.0 ], [ -53.101966661632105, -22.694552521681487, 0.0 ], [ -53.10196613013278, -22.694554392271357, 0.0 ], [ -53.101965598633456, -22.69455626286117, 0.0 ], [ -53.101965065335435, -22.694558133451039, 0.0 ], [ -53.10196453293679, -22.694560003141589, 0.0 ], [ -53.101963999638826, -22.694561873731459, 0.0 ], [ -53.101963465441543, -22.694563743421952, 0.0 ], [ -53.101962932143579, -22.694565614011822, 0.0 ], [ -53.101962397946295, -22.694567483702372, 0.0 ], [ -53.101961863748954, -22.694569353392922, 0.0 ], [ -53.101961328652351, -22.694571223083415, 0.0 ], [ -53.101960794455067, -22.694573092773965, 0.0 ], [ -53.101960259358464, -22.694574963363834, 0.0 ], [ -53.101959724261803, -22.694576833054384, 0.0 ], [ -53.10195919006452, -22.694578702744877, 0.0 ], [ -53.101958654967916, -22.694580572435427, 0.0 ], [ -53.101958119871313, -22.694582442125977, 0.0 ], [ -53.101957585673972, -22.69458431181647, 0.0 ], [ -53.101957051476688, -22.69458618240634, 0.0 ], [ -53.101956517279405, -22.69458805209689, 0.0 ], [ -53.101955983082121, -22.69458992178744, 0.0 ], [ -53.101955448884837, -22.694591791477933, 0.0 ], [ -53.101954915586816, -22.694593662067803, 0.0 ], [ -53.101954381389533, -22.694595531758353, 0.0 ], [ -53.101953848091568, -22.694597402348222, 0.0 ], [ -53.101953314793604, -22.694599272038715, 0.0 ], [ -53.10195278149564, -22.694601142628585, 0.0 ], [ -53.101952248197676, -22.694603012319135, 0.0 ], [ -53.101951715798975, -22.694604882908948, 0.0 ], [ -53.101951182501011, -22.694606752599498, 0.0 ], [ -53.101950650102367, -22.694608623189367, 0.0 ], [ -53.101950117703723, -22.694610493779237, 0.0 ], [ -53.101949584405759, -22.69461236346973, 0.0 ], [ -53.101949052007114, -22.6946142340596, 0.0 ], [ -53.10194851960847, -22.69461610375015, 0.0 ], [ -53.101947987209826, -22.694617974340019, 0.0 ], [ -53.101947454811125, -22.694619844929832, 0.0 ], [ -53.10194692241248, -22.694621714620382, 0.0 ], [ -53.101946390013836, -22.694623585210252, 0.0 ], [ -53.101945856715872, -22.694625455800121, 0.0 ], [ -53.101945324317228, -22.694627325490615, 0.0 ], [ -53.101944791918584, -22.694629196080484, 0.0 ], [ -53.101944259519939, -22.694631065771034, 0.0 ], [ -53.101943727121295, -22.694632936360904, 0.0 ], [ -53.101943193823274, -22.694634806051397, 0.0 ], [ -53.10194266142463, -22.694636676641267, 0.0 ], [ -53.101942128126666, -22.694638546331817, 0.0 ], [ -53.101941595728022, -22.694640416921686, 0.0 ], [ -53.101941062430058, -22.694642286612179, 0.0 ], [ -53.101940529132094, -22.694644157202049, 0.0 ], [ -53.101939995834073, -22.694646026892599, 0.0 ], [ -53.101939462536109, -22.694647896583092, 0.0 ], [ -53.101938928338825, -22.694649766273642, 0.0 ], [ -53.101938395040861, -22.694651636863512, 0.0 ], [ -53.101937860843577, -22.694653506554062, 0.0 ], [ -53.101937326646294, -22.694655376244555, 0.0 ], [ -53.101936792448953, -22.694657245935105, 0.0 ], [ -53.101936257352349, -22.694659115625655, 0.0 ], [ -53.101935723155066, -22.694660985316148, 0.0 ], [ -53.101935188058462, -22.694662855006698, 0.0 ], [ -53.101934652961802, -22.694664723797928, 0.0 ], [ -53.101934116965879, -22.694666593488478, 0.0 ], [ -53.101933581869275, -22.694668463178971, 0.0 ], [ -53.101933045873352, -22.694670331970201, 0.0 ], [ -53.101932508978052, -22.694672201660751, 0.0 ], [ -53.101931972982129, -22.694674070451924, 0.0 ], [ -53.101931436086886, -22.694675939243155, 0.0 ], [ -53.101930898292267, -22.694677808933704, 0.0 ], [ -53.101930361397024, -22.694679677724878, 0.0 ], [ -53.101929823602461, -22.694681546516108, 0.0 ], [ -53.101929284908522, -22.694683415307338, 0.0 ], [ -53.101928747113959, -22.694685284098512, 0.0 ], [ -53.10192820842002, -22.694687151990422, 0.0 ], [ -53.101927669726138, -22.694689020781652, 0.0 ], [ -53.101927130132935, -22.694690889572826, 0.0 ], [ -53.101926591438996, -22.694692757464736, 0.0 ], [ -53.101926051845794, -22.694694626255966, 0.0 ], [ -53.101925511353215, -22.69469649414782, 0.0 ], [ -53.101924971760013, -22.69469836293905, 0.0 ], [ -53.101924432166754, -22.694700230830961, 0.0 ], [ -53.101923891674232, -22.694702099622134, 0.0 ], [ -53.101923351181654, -22.694703967514045, 0.0 ], [ -53.101922810689132, -22.694705835405955, 0.0 ], [ -53.101922270196553, -22.694707704197128, 0.0 ], [ -53.101921729704031, -22.694709572089039, 0.0 ], [ -53.101921189211453, -22.694711439980949, 0.0 ], [ -53.101920648718931, -22.694713308772123, 0.0 ], [ -53.101920107327032, -22.694715176664033, 0.0 ], [ -53.101919566834511, -22.694717044555944, 0.0 ], [ -53.101919026341932, -22.694718912447797, 0.0 ], [ -53.10191848495009, -22.694720781239027, 0.0 ], [ -53.101917944457512, -22.694722649130881, 0.0 ], [ -53.10191740396499, -22.694724517022792, 0.0 ], [ -53.101916863472411, -22.694726385814022, 0.0 ], [ -53.101916322979889, -22.694728253705875, 0.0 ], [ -53.10191578248731, -22.694730121597786, 0.0 ], [ -53.101915241994789, -22.694731990389016, 0.0 ], [ -53.10191470150221, -22.69473385828087, 0.0 ], [ -53.101914161009688, -22.6947357270721, 0.0 ], [ -53.101913621416429, -22.69473759496401, 0.0 ], [ -53.101913081823227, -22.694739463755184, 0.0 ], [ -53.101912542230025, -22.694741332546414, 0.0 ], [ -53.101912002636766, -22.694743200438324, 0.0 ], [ -53.101911463043564, -22.694745069229498, 0.0 ], [ -53.101910924349625, -22.694746938020728, 0.0 ], [ -53.101910384756422, -22.694748806811958, 0.0 ], [ -53.101909846961803, -22.694750675603132, 0.0 ], [ -53.101909308267921, -22.694752544394362, 0.0 ], [ -53.101908770473358, -22.694754414084912, 0.0 ], [ -53.101908232678738, -22.694756282876085, 0.0 ], [ -53.101907694884176, -22.694758151667315, 0.0 ], [ -53.101907157988933, -22.694760021357865, 0.0 ], [ -53.101906621093633, -22.694761890149039, 0.0 ], [ -53.10190608509771, -22.694763759839589, 0.0 ], [ -53.101905549101787, -22.694765629530139, 0.0 ], [ -53.101905013105807, -22.694767499220688, 0.0 ], [ -53.101904478009203, -22.694769368911182, 0.0 ], [ -53.1019039429126, -22.694771239501051, 0.0 ], [ -53.101903408715316, -22.694773109191601, 0.0 ], [ -53.101902874517975, -22.694774978882151, 0.0 ], [ -53.101902340320692, -22.694776849471964, 0.0 ], [ -53.101901806123408, -22.694778719162514, 0.0 ], [ -53.101901271926124, -22.694780589752384, 0.0 ], [ -53.10190073862816, -22.694782460342253, 0.0 ], [ -53.101900204430876, -22.694784330032746, 0.0 ], [ -53.101899671132855, -22.694786200622616, 0.0 ], [ -53.101899137834891, -22.694788071212486, 0.0 ], [ -53.101898603637608, -22.694789940902979, 0.0 ], [ -53.101898070339644, -22.694791811492848, 0.0 ], [ -53.10189753614236, -22.694793681183398, 0.0 ], [ -53.101897001945019, -22.694795551773268, 0.0 ], [ -53.101896467747736, -22.694797422363081, 0.0 ], [ -53.101895933550452, -22.694799292053631, 0.0 ], [ -53.101895398453848, -22.694801161744181, 0.0 ], [ -53.101894863357245, -22.69480303233405, 0.0 ], [ -53.101894327361265, -22.694804902024543, 0.0 ], [ -53.101893792264661, -22.694806771715093, 0.0 ], [ -53.101893255369419, -22.694808641405643, 0.0 ], [ -53.101892718474119, -22.694810510196817, 0.0 ], [ -53.101892181578876, -22.694812379887367, 0.0 ], [ -53.101891643784313, -22.694814249577917, 0.0 ], [ -53.101891105090374, -22.694816118369147, 0.0 ], [ -53.101890566396492, -22.69481798716032, 0.0 ], [ -53.101890025903913, -22.69481985595155, 0.0 ], [ -53.101889485411391, -22.694821723843461, 0.0 ], [ -53.101888944918812, -22.694823592634634, 0.0 ], [ -53.101888402627651, -22.694825460526545, 0.0 ], [ -53.101887859437113, -22.694827328418455, 0.0 ], [ -53.101887316246632, -22.694829196310309, 0.0 ], [ -53.101886771257455, -22.6948310633029, 0.0 ], [ -53.101886226268277, -22.694832930295433, 0.0 ], [ -53.101885679480461, -22.694834797288024, 0.0 ], [ -53.101885131793381, -22.694836664280615, 0.0 ], [ -53.101884583206925, -22.694838530373829, 0.0 ], [ -53.101884033721149, -22.6948403964671, 0.0 ], [ -53.101883483336053, -22.694842262560314, 0.0 ], [ -53.101882931152318, -22.694844127754266, 0.0 ], [ -53.101882378069263, -22.69484599294816, 0.0 ], [ -53.101881824086888, -22.694847857242792, 0.0 ], [ -53.101881268305874, -22.694849721537366, 0.0 ], [ -53.101880710726164, -22.694851585831998, 0.0 ], [ -53.10188015224719, -22.694853449227253, 0.0 ], [ -53.101879592868897, -22.694855312622508, 0.0 ], [ -53.101879031691908, -22.6948571751185, 0.0 ], [ -53.101878468716336, -22.694859037614435, 0.0 ], [ -53.101877904841388, -22.694860900110427, 0.0 ], [ -53.1018773391678, -22.694862761707043, 0.0 ], [ -53.101876771695629, -22.694864622404339, 0.0 ], [ -53.101876203324082, -22.694866483101691, 0.0 ], [ -53.101875632254576, -22.694868343798987, 0.0 ], [ -53.101875060285749, -22.694870203596963, 0.0 ], [ -53.101874485618964, -22.694872063394939, 0.0 ], [ -53.101873910052859, -22.694873921394333, 0.0 ], [ -53.101873332688115, -22.694875780292989, 0.0 ], [ -53.101872752625411, -22.694877638292326, 0.0 ], [ -53.101872171663331, -22.694879495392343, 0.0 ], [ -53.101871588003348, -22.694881352492359, 0.0 ], [ -53.101871079886394, -22.694882962278825, 0.0 ] ] } },
{ "type": "Feature", "properties": { "Id": 0 }, "geometry": { "type": "LineString", "coordinates": [ [ -53.101992456886308, -22.694399055072267, 0.0 ], [ -53.101992362457509, -22.694399430988881, 0.0 ], [ -53.101991818367708, -22.694401593858402, 0.0 ], [ -53.10199127427785, -22.694403755828603, 0.0 ], [ -53.101990729288673, -22.694405918698124, 0.0 ], [ -53.101990184299552, -22.694408080668325, 0.0 ], [ -53.101989638411055, -22.694410242638526, 0.0 ], [ -53.101989092522558, -22.694412404608727, 0.0 ], [ -53.101988546634061, -22.694414566578928, 0.0 ], [ -53.101987998946925, -22.694416728549129, 0.0 ], [ -53.101987452159165, -22.69441889051933, 0.0 ], [ -53.101986904472028, -22.694421052489531, 0.0 ], [ -53.101986355885572, -22.694423213560412, 0.0 ], [ -53.101985807299116, -22.694425375530614, 0.0 ], [ -53.10198525781334, -22.694427536601495, 0.0 ], [ -53.101984708327564, -22.694429697672376, 0.0 ], [ -53.101984157043148, -22.694431858743258, 0.0 ], [ -53.101983605758733, -22.694434019814139, 0.0 ], [ -53.101983054474317, -22.69443618088502, 0.0 ], [ -53.101982502290582, -22.694438341056525, 0.0 ], [ -53.101981948308207, -22.694440501228087, 0.0 ], [ -53.101981394325833, -22.694442661399648, 0.0 ], [ -53.101980840343458, -22.69444482157121, 0.0 ], [ -53.101980284562444, -22.694446981742772, 0.0 ], [ -53.10197972878143, -22.694449141015014, 0.0 ], [ -53.101979171201776, -22.694451301186575, 0.0 ], [ -53.101978613622066, -22.69445346045876, 0.0 ], [ -53.101978055143093, -22.694455619731002, 0.0 ], [ -53.1019774957648, -22.694457778103924, 0.0 ], [ -53.10197693548713, -22.694459937376166, 0.0 ], [ -53.101976373410878, -22.694462095749088, 0.0 ], [ -53.101975811334569, -22.694464254122011, 0.0 ], [ -53.101975248358997, -22.694466412494876, 0.0 ], [ -53.101974684484048, -22.694468569968478, 0.0 ], [ -53.101974118810517, -22.694470727442081, 0.0 ], [ -53.101973553136929, -22.694472884915683, 0.0 ], [ -53.101972985664702, -22.694475042389229, 0.0 ], [ -53.101972417293155, -22.694477198963511, 0.0 ], [ -53.101971848921664, -22.694479356437114, 0.0 ], [ -53.101971278751478, -22.694481513011397, 0.0 ], [ -53.101970707681971, -22.694483668686303, 0.0 ], [ -53.101970136612465, -22.694485825260585, 0.0 ], [ -53.101969563744319, -22.694487980935548, 0.0 ], [ -53.101968990876173, -22.694490137509774, 0.0 ], [ -53.101968417108708, -22.694492292285418, 0.0 ], [ -53.101967842441923, -22.694494447960381, 0.0 ], [ -53.101967266875818, -22.694496603635287, 0.0 ], [ -53.101966690410393, -22.69449875841093, 0.0 ], [ -53.101966113944968, -22.694500914085893, 0.0 ], [ -53.101965535680904, -22.694503068861479, 0.0 ], [ -53.101964958316159, -22.694505223637123, 0.0 ], [ -53.101964379152719, -22.694507377513389, 0.0 ], [ -53.101963799989335, -22.694509532289032, 0.0 ], [ -53.101963219926631, -22.694511686165356, 0.0 ], [ -53.101962639863871, -22.694513840940942, 0.0 ], [ -53.101962058901847, -22.694515994817266, 0.0 ], [ -53.101961477040504, -22.694518148693589, 0.0 ], [ -53.101960895179104, -22.694520302569856, 0.0 ], [ -53.101960312418441, -22.69452245644618, 0.0 ], [ -53.101959729657779, -22.694524610322446, 0.0 ], [ -53.101959145997739, -22.69452676329945, 0.0 ], [ -53.101958562337757, -22.694528917175717, 0.0 ], [ -53.101957978677717, -22.694531070152721, 0.0 ], [ -53.101957394118415, -22.694533224029044, 0.0 ], [ -53.101956809559056, -22.694535377005991, 0.0 ], [ -53.101956224999753, -22.694537529982995, 0.0 ], [ -53.101955639541075, -22.694539683859261, 0.0 ], [ -53.101955054082453, -22.694541836836265, 0.0 ], [ -53.101954468623774, -22.694543989813212, 0.0 ], [ -53.101953882265832, -22.694546142790216, 0.0 ], [ -53.101953295907833, -22.694548295767163, 0.0 ], [ -53.101952709549892, -22.694550448744167, 0.0 ], [ -53.101952123191893, -22.694552601721171, 0.0 ], [ -53.101951536833894, -22.694554754698117, 0.0 ], [ -53.101950950475953, -22.694556907675121, 0.0 ], [ -53.101950363218634, -22.694559060652068, 0.0 ], [ -53.101949776860693, -22.694561213629072, 0.0 ], [ -53.101949189603374, -22.694563366606019, 0.0 ], [ -53.101948603245376, -22.694565519583023, 0.0 ], [ -53.101948015988114, -22.69456767255997, 0.0 ], [ -53.101947429630115, -22.694569825536973, 0.0 ], [ -53.101946843272174, -22.694571978513977, 0.0 ], [ -53.101946256014855, -22.694574131490924, 0.0 ], [ -53.101945669656914, -22.694576284467928, 0.0 ], [ -53.101945083298915, -22.694578437444875, 0.0 ], [ -53.101944497840236, -22.694580590421879, 0.0 ], [ -53.101943911482294, -22.694582743398826, 0.0 ], [ -53.101943326023616, -22.694584897275149, 0.0 ], [ -53.101942739665674, -22.694587050252096, 0.0 ], [ -53.101942155106315, -22.69458920412842, 0.0 ], [ -53.101941569647693, -22.694591357105423, 0.0 ], [ -53.101940985088333, -22.69459351098169, 0.0 ], [ -53.101940400529031, -22.694595664858014, 0.0 ], [ -53.101939815969672, -22.69459781873428, 0.0 ], [ -53.101939232309689, -22.694599972610604, 0.0 ], [ -53.10193864864965, -22.694602126486927, 0.0 ], [ -53.101938065888987, -22.694604280363194, 0.0 ], [ -53.101937482229005, -22.694606434239518, 0.0 ], [ -53.101936899468285, -22.694608588115784, 0.0 ], [ -53.101936315808302, -22.694610741992108, 0.0 ], [ -53.101935733047583, -22.694612895868431, 0.0 ], [ -53.10193515028692, -22.694615050644018, 0.0 ], [ -53.10193456662688, -22.694617204520341, 0.0 ], [ -53.101933982966898, -22.694619358396608, 0.0 ], [ -53.101933399306915, -22.694621512272931, 0.0 ], [ -53.101932815646876, -22.694623666149255, 0.0 ], [ -53.101932231986893, -22.694625820025522, 0.0 ], [ -53.101931647427534, -22.694627973901845, 0.0 ], [ -53.101931061968912, -22.694630126878792, 0.0 ], [ -53.101930476510233, -22.694632280755116, 0.0 ], [ -53.101929891051611, -22.694634433732062, 0.0 ], [ -53.101929304693613, -22.694636587608386, 0.0 ], [ -53.101928717436294, -22.69463874058539, 0.0 ], [ -53.101928129279713, -22.694640893562337, 0.0 ], [ -53.101927541123075, -22.694643045640021, 0.0 ], [ -53.101926952067117, -22.694645198616968, 0.0 ], [ -53.101926362111897, -22.694647350694652, 0.0 ], [ -53.10192577035798, -22.694649502772279, 0.0 ], [ -53.101925178604063, -22.694651654849963, 0.0 ], [ -53.101924585950826, -22.694653806028271, 0.0 ], [ -53.10192399239827, -22.694655958105955, 0.0 ], [ -53.101923397047074, -22.694658108384942, 0.0 ], [ -53.101922800796558, -22.694660259563307, 0.0 ], [ -53.101922203646723, -22.694662409842294, 0.0 ], [ -53.101921605597568, -22.694664560121282, 0.0 ], [ -53.101921005749773, -22.694666709501007, 0.0 ], [ -53.101920405002659, -22.694668859779995, 0.0 ], [ -53.101919802456848, -22.6946710082604, 0.0 ], [ -53.101919198112455, -22.694673157640068, 0.0 ], [ -53.101918592868742, -22.694675305221097, 0.0 ], [ -53.101917985826333, -22.694677453701502, 0.0 ], [ -53.101917377884661, -22.69467960128253, 0.0 ], [ -53.101916767244973, -22.694681747964239, 0.0 ], [ -53.101916155705965, -22.694683894645948, 0.0 ], [ -53.101915542368317, -22.694686041327714, 0.0 ], [ -53.101914927232087, -22.694688187110103, 0.0 ], [ -53.101914309397841, -22.694690331993172, 0.0 ], [ -53.101913690664276, -22.694692476876241, 0.0 ], [ -53.101913070132014, -22.694694620860048, 0.0 ], [ -53.101912446901849, -22.694696764843798, 0.0 ], [ -53.101911821873045, -22.694698907928228, 0.0 ], [ -53.101911195045545, -22.694701051012657, 0.0 ], [ -53.101910565520143, -22.694703193197768, 0.0 ], [ -53.101909934196044, -22.694705334483558, 0.0 ], [ -53.101909300174043, -22.694707475769349, 0.0 ], [ -53.101908664353346, -22.694709616155819, 0.0 ], [ -53.101908025834689, -22.69471175564297, 0.0 ], [ -53.101907385517393, -22.694713895130121, 0.0 ], [ -53.101906742502138, -22.694716033717953, 0.0 ], [ -53.101906096788866, -22.694718171406464, 0.0 ], [ -53.101905448377693, -22.694720308195599, 0.0 ], [ -53.10190479726856, -22.694722444984791, 0.0 ], [ -53.101904144360731, -22.694724580874663, 0.0 ], [ -53.101903488754942, -22.694726715865215, 0.0 ], [ -53.101902830451195, -22.694728850855711, 0.0 ], [ -53.101902170348865, -22.694730984946943, 0.0 ], [ -53.101901508447838, -22.694733118138856, 0.0 ], [ -53.101900843848796, -22.694735251330712, 0.0 ], [ -53.101900176551851, -22.694737383623306, 0.0 ], [ -53.101899508355586, -22.694739515915899, 0.0 ], [ -53.101898837461363, -22.694741647309115, 0.0 ], [ -53.101898164768443, -22.694743777803069, 0.0 ], [ -53.10189749027694, -22.694745908296966, 0.0 ], [ -53.101896813986741, -22.6947480378916, 0.0 ], [ -53.101896135897903, -22.694750167486177, 0.0 ], [ -53.101895456010425, -22.694752296181491, 0.0 ], [ -53.101894774324307, -22.694754424876749, 0.0 ], [ -53.101894091738927, -22.694756552672743, 0.0 ], [ -53.101893407354851, -22.694758680468681, 0.0 ], [ -53.101892721172078, -22.694760808264618, 0.0 ], [ -53.101892034090042, -22.694762935161293, 0.0 ], [ -53.101891345209367, -22.694765062057911, 0.0 ], [ -53.101890655429372, -22.694767188055266, 0.0 ], [ -53.101889964750058, -22.694769314052564, 0.0 ], [ -53.101889272272047, -22.694771440049863, 0.0 ], [ -53.101888578894773, -22.694773565147841, 0.0 ], [ -53.101887884618122, -22.694775690245876, 0.0 ], [ -53.101887188542889, -22.694777815343855, 0.0 ], [ -53.1018864924676, -22.694779940441833, 0.0 ], [ -53.101885795493047, -22.694782064640549, 0.0 ], [ -53.101885097619117, -22.694784188839208, 0.0 ], [ -53.101884398845868, -22.694786313037866, 0.0 ], [ -53.101883699173356, -22.694788436337205, 0.0 ], [ -53.101882999500788, -22.694790560535921, 0.0 ], [ -53.101882298928899, -22.69479268383526, 0.0 ], [ -53.101881597457691, -22.694794807134599, 0.0 ], [ -53.101855173577349, -22.694879012456397, 0.0 ] ] } },
{ "type": "Feature", "properties": { "Id": 0 }, "geometry": { "type": "LineString", "coordinates": [ [ -53.101984388168944, -22.694397051382794, 0.0 ], [ -53.101984212801142, -22.6943977123845, 0.0 ], [ -53.101983731663836, -22.694399523619097, 0.0 ], [ -53.10198325052653, -22.694401334853694, 0.0 ], [ -53.101982768489904, -22.694403146987611, 0.0 ], [ -53.101982287352655, -22.694404958222208, 0.0 ], [ -53.101981806215349, -22.694406769456805, 0.0 ], [ -53.101981325078043, -22.694408580691402, 0.0 ], [ -53.101980843041417, -22.694410392825318, 0.0 ], [ -53.101980361904111, -22.694412204059915, 0.0 ], [ -53.101979879867542, -22.694414015294512, 0.0 ], [ -53.101979398730236, -22.694415826529109, 0.0 ], [ -53.101978916693611, -22.694417637763706, 0.0 ], [ -53.101978435556305, -22.694419449897623, 0.0 ], [ -53.101977953519679, -22.694421261132277, 0.0 ], [ -53.10197747238243, -22.694423072366874, 0.0 ], [ -53.101976990345804, -22.694424883601471, 0.0 ], [ -53.101976508309178, -22.694426694836068, 0.0 ], [ -53.101976026272553, -22.694428506070665, 0.0 ], [ -53.101975545135247, -22.694430317305262, 0.0 ], [ -53.101975063098621, -22.694432129439178, 0.0 ], [ -53.101974581062052, -22.694433940673775, 0.0 ], [ -53.101974099025426, -22.694435751908372, 0.0 ], [ -53.101973616988801, -22.694437563142969, 0.0 ], [ -53.101973134952175, -22.694439374377566, 0.0 ], [ -53.101972652016229, -22.694441185612163, 0.0 ], [ -53.101972169979604, -22.69444299684676, 0.0 ], [ -53.101971687942978, -22.694444808081357, 0.0 ], [ -53.101971205906409, -22.694446619316011, 0.0 ], [ -53.101970722970464, -22.694448430550608, 0.0 ], [ -53.101970240933838, -22.694450241785205, 0.0 ], [ -53.101969757997892, -22.694452053019802, 0.0 ], [ -53.101969275061947, -22.694453864254399, 0.0 ], [ -53.101968793025321, -22.694455675488996, 0.0 ], [ -53.101968310089376, -22.694457485824273, 0.0 ], [ -53.101967827153487, -22.69445929705887, 0.0 ], [ -53.101967344217542, -22.694461108293467, 0.0 ], [ -53.101966861281596, -22.694462919528064, 0.0 ], [ -53.101966378345651, -22.694464730762661, 0.0 ], [ -53.101965895409705, -22.694466541997258, 0.0 ], [ -53.10196541247376, -22.694468352332535, 0.0 ], [ -53.101964928638495, -22.694470163567132, 0.0 ], [ -53.101964445702549, -22.694471974801729, 0.0 ], [ -53.101963961867284, -22.694473786036326, 0.0 ], [ -53.101963478931339, -22.694475596371603, 0.0 ], [ -53.10196299509613, -22.694477407606257, 0.0 ], [ -53.101962512160185, -22.694479218840854, 0.0 ], [ -53.10196202832492, -22.694481029176131, 0.0 ], [ -53.101961544489654, -22.694482840410728, 0.0 ], [ -53.101961060654389, -22.694484651645325, 0.0 ], [ -53.101960576819124, -22.694486461980603, 0.0 ], [ -53.101960093883179, -22.6944882732152, 0.0 ], [ -53.101959610047913, -22.694490084449797, 0.0 ], [ -53.101959126212648, -22.694491894785074, 0.0 ], [ -53.101958642377383, -22.694493706019671, 0.0 ], [ -53.101958157642798, -22.694495516354948, 0.0 ], [ -53.101957673807533, -22.694497327589545, 0.0 ], [ -53.101957189972325, -22.694499137924822, 0.0 ], [ -53.101956706137059, -22.694500949159419, 0.0 ], [ -53.101956222301794, -22.694502760394016, 0.0 ], [ -53.101955737567209, -22.694504570729293, 0.0 ], [ -53.101955253731944, -22.69450638196389, 0.0 ], [ -53.101954769896679, -22.694508192299168, 0.0 ], [ -53.101954285162094, -22.694510003533765, 0.0 ], [ -53.101953801326829, -22.694511813869042, 0.0 ], [ -53.101953317491564, -22.694513625103696, 0.0 ], [ -53.101952832756979, -22.694515435438973, 0.0 ], [ -53.101952348921714, -22.69451724667357, 0.0 ], [ -53.101951864187129, -22.694519057008847, 0.0 ], [ -53.101951380351863, -22.694520868243444, 0.0 ], [ -53.101950895617279, -22.694522678578721, 0.0 ], [ -53.101950411782013, -22.694524489813318, 0.0 ], [ -53.101949927047428, -22.694526300148596, 0.0 ], [ -53.10194944321222, -22.694528111383192, 0.0 ], [ -53.101948958477635, -22.69452992171847, 0.0 ], [ -53.10194847464237, -22.694531732953067, 0.0 ], [ -53.101947989907785, -22.694533543288344, 0.0 ], [ -53.10194750607252, -22.694535354522941, 0.0 ], [ -53.101947021337935, -22.694537164858218, 0.0 ], [ -53.10194653750267, -22.694538976092815, 0.0 ], [ -53.101946052768085, -22.694540786428092, 0.0 ], [ -53.10194556893282, -22.694542597662689, 0.0 ], [ -53.101945084198235, -22.694544407997967, 0.0 ], [ -53.10194460036297, -22.694546219232564, 0.0 ], [ -53.101944115628385, -22.694548029567841, 0.0 ], [ -53.101943631793119, -22.694549840802438, 0.0 ], [ -53.101943147058535, -22.694551652037092, 0.0 ], [ -53.101942663223269, -22.694553462372369, 0.0 ], [ -53.101942179388004, -22.694555273606966, 0.0 ], [ -53.101941694653419, -22.694557083942243, 0.0 ], [ -53.101941210818211, -22.69455889517684, 0.0 ], [ -53.101940726982946, -22.694560705512117, 0.0 ], [ -53.101940243147681, -22.694562516746714, 0.0 ], [ -53.101939758413096, -22.694564327981311, 0.0 ], [ -53.10193927457783, -22.694566138316588, 0.0 ], [ -53.101938790742565, -22.694567949551185, 0.0 ], [ -53.1019383069073, -22.694569760785782, 0.0 ], [ -53.101937822172715, -22.69457157112106, 0.0 ], [ -53.10193733833745, -22.694573382355657, 0.0 ], [ -53.101936854502185, -22.694575192690934, 0.0 ], [ -53.1019363697676, -22.694577003925531, 0.0 ], [ -53.101935885033015, -22.694578814260808, 0.0 ], [ -53.10193540029843, -22.694580625495405, 0.0 ], [ -53.101934915563845, -22.694582435830682, 0.0 ], [ -53.10193443082926, -22.694584247065279, 0.0 ], [ -53.101933946094675, -22.694586057400556, 0.0 ], [ -53.101933460460771, -22.694587867735891, 0.0 ], [ -53.101932974826866, -22.694589678970488, 0.0 ], [ -53.101932489192961, -22.694591489305765, 0.0 ], [ -53.101932003559057, -22.694593299641042, 0.0 ], [ -53.101931517025832, -22.694595109976319, 0.0 ], [ -53.101931030492608, -22.694596920311596, 0.0 ], [ -53.101930543060064, -22.694598730646874, 0.0 ], [ -53.10193005652684, -22.694600540082831, 0.0 ], [ -53.101929568194976, -22.694602350418108, 0.0 ], [ -53.101929080762432, -22.694604160753386, 0.0 ], [ -53.101928592430568, -22.694605970189343, 0.0 ], [ -53.101928103199384, -22.69460778052462, 0.0 ], [ -53.101927613968144, -22.694609589960578, 0.0 ], [ -53.10192712473696, -22.694611399396535, 0.0 ], [ -53.101926634606457, -22.694613208832493, 0.0 ], [ -53.101926144475954, -22.694615018268451, 0.0 ], [ -53.101925653446131, -22.694616827704408, 0.0 ], [ -53.101925161516931, -22.694618637140366, 0.0 ], [ -53.101924669587788, -22.694620445677003, 0.0 ], [ -53.101924177658645, -22.694622254213641, 0.0 ], [ -53.101923683930806, -22.694624063649599, 0.0 ], [ -53.101923190203024, -22.69462587218618, 0.0 ], [ -53.101922696475242, -22.694627680722817, 0.0 ], [ -53.101922200948763, -22.694629488360135, 0.0 ], [ -53.101921705422342, -22.694631296896773, 0.0 ], [ -53.101921209895863, -22.694633104534091, 0.0 ], [ -53.101920712570802, -22.694634913070729, 0.0 ], [ -53.101920215245684, -22.694636720708047, 0.0 ], [ -53.101919717021303, -22.694638528345365, 0.0 ], [ -53.101919217897546, -22.694640335083363, 0.0 ], [ -53.101918718773788, -22.694642142720681, 0.0 ], [ -53.101918217851448, -22.69464394945868, 0.0 ], [ -53.101917716929051, -22.694645756196621, 0.0 ], [ -53.101917215107335, -22.69464756293462, 0.0 ], [ -53.101916712386299, -22.694649369672618, 0.0 ], [ -53.101916208765999, -22.694651175511297, 0.0 ], [ -53.101915704246323, -22.694652981349975, 0.0 ], [ -53.101915198827328, -22.694654787188654, 0.0 ], [ -53.101914692509013, -22.694656593027275, 0.0 ], [ -53.101914186190697, -22.694658398865954, 0.0 ], [ -53.101913678073743, -22.694660203805313, 0.0 ], [ -53.101913169057468, -22.694662008744672, 0.0 ], [ -53.101912659141874, -22.694663813684031, 0.0 ], [ -53.10191214832696, -22.694665617724013, 0.0 ], [ -53.101911636612726, -22.694667421764052, 0.0 ], [ -53.101911123999116, -22.694669225804091, 0.0 ], [ -53.101910610486243, -22.69467102984413, 0.0 ], [ -53.10191009607405, -22.694672833884113, 0.0 ], [ -53.101909579863161, -22.694674637024832, 0.0 ], [ -53.101909063652329, -22.694676440165551, 0.0 ], [ -53.1019085456428, -22.694678242406894, 0.0 ], [ -53.101908027633328, -22.694680045547614, 0.0 ], [ -53.10190750782516, -22.694681847789013, 0.0 ], [ -53.101906987117729, -22.694683650030356, 0.0 ], [ -53.101906466410242, -22.694685452271756, 0.0 ], [ -53.101905943904171, -22.694687253613836, 0.0 ], [ -53.101905420498724, -22.694689054955859, 0.0 ], [ -53.101904896193957, -22.694690856297939, 0.0 ], [ -53.101904371889191, -22.694692657640019, 0.0 ], [ -53.101903845785785, -22.694694458082722, 0.0 ], [ -53.101903318783116, -22.694696258525482, 0.0 ], [ -53.10190279088107, -22.694698058968186, 0.0 ], [ -53.101902262079705, -22.694699859410946, 0.0 ], [ -53.101901732379019, -22.69470165895433, 0.0 ], [ -53.101901201779015, -22.69470345849777, 0.0 ], [ -53.10190067027969, -22.694705258041154, 0.0 ], [ -53.101900137880989, -22.694707057584594, 0.0 ], [ -53.101899604583025, -22.694708856228715, 0.0 ], [ -53.101899070385741, -22.694710654872779, 0.0 ], [ -53.101898536188457, -22.6947124535169, 0.0 ], [ -53.101898000192534, -22.694714252160963, 0.0 ], [ -53.101897463297234, -22.694716049905708, 0.0 ], [ -53.101896925502672, -22.694717847650509, 0.0 ], [ -53.101896386808789, -22.694719645395253, 0.0 ], [ -53.10189584811485, -22.694721443140054, 0.0 ], [ -53.101895307622328, -22.694723239985478, 0.0 ], [ -53.10189476623043, -22.69472503683096, 0.0 ], [ -53.101894224838588, -22.694726833676384, 0.0 ], [ -53.10189368164805, -22.694728630521809, 0.0 ], [ -53.101893138457513, -22.69473042646797, 0.0 ], [ -53.101892593468392, -22.694732223313395, 0.0 ], [ -53.101892048479215, -22.694734019259556, 0.0 ], [ -53.101891502590718, -22.694735814306341, 0.0 ], [ -53.101890955802901, -22.694737610252446, 0.0 ], [ -53.101890408115821, -22.694739405299288, 0.0 ], [ -53.101889859529365, -22.694741200346073, 0.0 ], [ -53.101889310043589, -22.694742995392858, 0.0 ], [ -53.101888759658493, -22.69474478954038, 0.0 ], [ -53.101888209273397, -22.694746584587165, 0.0 ], [ -53.101887657089662, -22.69474837873463, 0.0 ], [ -53.101887104905927, -22.694750171982832, 0.0 ], [ -53.101886550923552, -22.694751966130298, 0.0 ], [ -53.101885996941178, -22.694753759378443, 0.0 ], [ -53.101885442059483, -22.694755553525908, 0.0 ], [ -53.101884886278413, -22.694757345874791, 0.0 ], [ -53.101884329598079, -22.694759139122937, 0.0 ], [ -53.101883772917745, -22.694760932371082, 0.0 ], [ -53.101883214438772, -22.694762724719908, 0.0 ], [ -53.101882655959741, -22.694764517068791, 0.0 ], [ -53.101882096581448, -22.694766309417616, 0.0 ], [ -53.101881536303836, -22.694768100867122, 0.0 ], [ -53.101880975126846, -22.694769892316629, 0.0 ], [ -53.101880413050594, -22.694771683766135, 0.0 ], [ -53.101879850974285, -22.694773475215641, 0.0 ], [ -53.101879287099393, -22.694775266665204, 0.0 ], [ -53.101878723224445, -22.69477705721539, 0.0 ], [ -53.101878158450234, -22.694778847765576, 0.0 ], [ -53.101877592776646, -22.694780638315763, 0.0 ], [ -53.101877027103058, -22.694782428865949, 0.0 ], [ -53.101876459630887, -22.694784219416135, 0.0 ], [ -53.10187589215866, -22.694786009067002, 0.0 ], [ -53.101875323787112, -22.694787798717869, 0.0 ], [ -53.101874754516246, -22.694789588368735, 0.0 ], [ -53.101874185245435, -22.694791377120339, 0.0 ], [ -53.101873614175929, -22.694793166771206, 0.0 ], [ -53.101873043106423, -22.694794955522752, 0.0 ], [ -53.101872472036916, -22.694796744274299, 0.0 ], [ -53.101871899168771, -22.694798533025846, 0.0 ], [ -53.101871326300625, -22.694800320878073, 0.0 ], [ -53.101870752533159, -22.6948021087303, 0.0 ], [ -53.101870177866374, -22.694803897481847, 0.0 ], [ -53.101869603199589, -22.694805685334074, 0.0 ], [ -53.101869027633484, -22.694807472286982, 0.0 ], [ -53.101868451168059, -22.694809260139209, 0.0 ], [ -53.101867874702634, -22.694811047991436, 0.0 ], [ -53.101867297337833, -22.694812834944344, 0.0 ], [ -53.101866719973088, -22.694814621897251, 0.0 ], [ -53.101866141709024, -22.694816408850158, 0.0 ], [ -53.10186556344496, -22.694818195803066, 0.0 ], [ -53.101864984281576, -22.694819982755973, 0.0 ], [ -53.101864405118135, -22.694821768809561, 0.0 ], [ -53.101863825055432, -22.694823555762468, 0.0 ], [ -53.101863244992728, -22.694825341815999, 0.0 ], [ -53.101862664030705, -22.694827127869587, 0.0 ], [ -53.101862083068625, -22.694828913923175, 0.0 ], [ -53.101861502106601, -22.694830699976762, 0.0 ], [ -53.101860920245258, -22.69483248603035, 0.0 ], [ -53.101860338383858, -22.694834272083938, 0.0 ], [ -53.101859755623195, -22.694836057238206, 0.0 ], [ -53.101859173761795, -22.694837843291793, 0.0 ], [ -53.101858591001132, -22.694839629345381, 0.0 ], [ -53.10185800734115, -22.694841414499649, 0.0 ], [ -53.10185742458043, -22.694843199653917, 0.0 ], [ -53.101856840920448, -22.694844985707505, 0.0 ], [ -53.101856257260408, -22.694846770861716, 0.0 ], [ -53.101855673600426, -22.694848556015984, 0.0 ], [ -53.101855089041067, -22.694850341170252, 0.0 ], [ -53.101854505381084, -22.69485212632452, 0.0 ], [ -53.101853920821725, -22.694853911478788, 0.0 ], [ -53.101853336262423, -22.694855696633056, 0.0 ], [ -53.101852751703063, -22.694857481787324, 0.0 ], [ -53.101852167143761, -22.694859266941592, 0.0 ], [ -53.101851582584402, -22.69486105209586, 0.0 ], [ -53.1018509980251, -22.694862837250071, 0.0 ], [ -53.101850413465741, -22.694864622404339, 0.0 ], [ -53.101849828906438, -22.694866407558607, 0.0 ], [ -53.101849243447759, -22.694868192712875, 0.0 ], [ -53.101848658888457, -22.694869977867143, 0.0 ], [ -53.101848074329098, -22.694871763021411, 0.0 ], [ -53.101847489769796, -22.694873548175678, 0.0 ], [ -53.101846905210493, -22.694875333329946, 0.0 ], [ -53.101846413281294, -22.6948768369964, 0.0 ] ] } },
{ "type": "Feature", "properties": { "Id": 0 }, "geometry": { "type": "LineString", "coordinates": [ [ -53.101971966732833, -22.694393966708162, 0.0 ], [ -53.101971661862649, -22.694395111545134, 0.0 ], [ -53.101971274254879, -22.694396568446848, 0.0 ], [ -53.101970886647052, -22.694398025348562, 0.0 ], [ -53.101970499039282, -22.694399481350956, 0.0 ], [ -53.101970111431456, -22.69440093825267, 0.0 ], [ -53.101969723823629, -22.694402395154384, 0.0 ], [ -53.101969337115179, -22.694403852056098, 0.0 ], [ -53.101968949507352, -22.694405308957812, 0.0 ], [ -53.101968561899582, -22.694406764960206, 0.0 ], [ -53.101968175191075, -22.69440822186192, 0.0 ], [ -53.101967787583305, -22.694409678763634, 0.0 ], [ -53.101967400874798, -22.694411135665348, 0.0 ], [ -53.101967014166348, -22.694412592567062, 0.0 ], [ -53.101966626558522, -22.694414049468776, 0.0 ], [ -53.101966239850071, -22.69441550637049, 0.0 ], [ -53.101965853141564, -22.694416963272204, 0.0 ], [ -53.101965466433114, -22.694418420173918, 0.0 ], [ -53.101965080623927, -22.694419877075632, 0.0 ], [ -53.101964693915477, -22.694421333977346, 0.0 ], [ -53.10196430720697, -22.694422790879059, 0.0 ], [ -53.101963921397839, -22.694424248680093, 0.0 ], [ -53.101963534689332, -22.694425705581807, 0.0 ], [ -53.101963148880202, -22.694427162483521, 0.0 ], [ -53.101962763071015, -22.694428619385235, 0.0 ], [ -53.101962377261884, -22.694430077186269, 0.0 ], [ -53.101961991452697, -22.694431534087983, 0.0 ], [ -53.101961605643567, -22.694432990989696, 0.0 ], [ -53.101961219834379, -22.69443444879073, 0.0 ], [ -53.101960834924569, -22.694435905692444, 0.0 ], [ -53.101960449115381, -22.694437363493478, 0.0 ], [ -53.101960064205571, -22.694438820395192, 0.0 ], [ -53.101959679295703, -22.694440278196225, 0.0 ], [ -53.101959293486573, -22.694441735997259, 0.0 ], [ -53.101958908576705, -22.694443192898973, 0.0 ], [ -53.101958523666895, -22.694444650700007, 0.0 ], [ -53.101958137857707, -22.694446107601721, 0.0 ], [ -53.101957752947897, -22.694447565402754, 0.0 ], [ -53.101957367138766, -22.694449022304468, 0.0 ], [ -53.101956981329579, -22.694450480105502, 0.0 ], [ -53.101956595520448, -22.694451937007216, 0.0 ], [ -53.101956208811941, -22.69445339390893, 0.0 ], [ -53.101955822103491, -22.69445485171002, 0.0 ], [ -53.101955435394984, -22.694456308611734, 0.0 ], [ -53.101955048686534, -22.694457765513448, 0.0 ], [ -53.101954661078707, -22.694459222415162, 0.0 ], [ -53.101954272571561, -22.694460679316876, 0.0 ], [ -53.101953884064471, -22.69446213531927, 0.0 ], [ -53.101953495557325, -22.694463592220984, 0.0 ], [ -53.101953106150859, -22.694465049122698, 0.0 ], [ -53.10195271584513, -22.694466505125092, 0.0 ], [ -53.101952325539344, -22.694467961127486, 0.0 ], [ -53.101951934334238, -22.694469417129824, 0.0 ], [ -53.10195154222987, -22.694470873132218, 0.0 ], [ -53.101951149226124, -22.694472328235292, 0.0 ], [ -53.101950756222379, -22.694473784237687, 0.0 ], [ -53.101950362319315, -22.694475239340761, 0.0 ], [ -53.10194996751693, -22.694476694443836, 0.0 ], [ -53.101921261157258, -22.694580326021196, 0.0 ], [ -53.1018988932193, -22.694662738994168, 0.0 ], [ -53.101850183239321, -22.694815698385753, 0.0 ], [ -53.10183264556008, -22.694873417773977, 0.0 ] ] } },
{ "type": "Feature", "properties": { "Id": 0 }, "geometry": { "type": "LineString", "coordinates": [ [ -53.101963754123915, -22.694391927045729, 0.0 ], [ -53.101963539185931, -22.694392746328163, 0.0 ], [ -53.101963119202537, -22.694394341725456, 0.0 ], [ -53.101962700118463, -22.694395938022069, 0.0 ], [ -53.101962280135069, -22.694397533419362, 0.0 ], [ -53.101961859252356, -22.694399128816713, 0.0 ], [ -53.101961438369642, -22.694400724214006, 0.0 ], [ -53.101961017486929, -22.694402319611299, 0.0 ], [ -53.101960595704895, -22.69440391500865, 0.0 ], [ -53.101960173023542, -22.694405510405943, 0.0 ], [ -53.101959750342189, -22.694407104903917, 0.0 ], [ -53.101959327660779, -22.69440870030121, 0.0 ], [ -53.101958903180787, -22.694410294799241, 0.0 ], [ -53.101958478700794, -22.694411889297214, 0.0 ], [ -53.101958054220802, -22.694413483795188, 0.0 ], [ -53.101957627942113, -22.694415078293162, 0.0 ], [ -53.101957202562801, -22.694416672791192, 0.0 ], [ -53.101956775384849, -22.694418266389846, 0.0 ], [ -53.101956347307521, -22.6944198599885, 0.0 ], [ -53.101955919230249, -22.694421454486474, 0.0 ], [ -53.101955490253658, -22.694423047185808, 0.0 ], [ -53.101955060377691, -22.694424640784518, 0.0 ], [ -53.10195463050178, -22.694426234383172, 0.0 ], [ -53.101954198827173, -22.694427827082507, 0.0 ], [ -53.101953767152565, -22.694429419781841, 0.0 ], [ -53.101953334578695, -22.694431012481175, 0.0 ], [ -53.101952901105449, -22.694432605180566, 0.0 ], [ -53.101952465833563, -22.694434196980581, 0.0 ], [ -53.101952030561733, -22.694435789679915, 0.0 ], [ -53.101951594390528, -22.694437381479929, 0.0 ], [ -53.101951157320002, -22.694438972380624, 0.0 ], [ -53.101950719350157, -22.694440564180638, 0.0 ], [ -53.101950280480992, -22.694442155081333, 0.0 ], [ -53.101949840712564, -22.694443745982028, 0.0 ], [ -53.101949400044759, -22.694445336882723, 0.0 ], [ -53.101948957578315, -22.694446926884098, 0.0 ], [ -53.101948515111815, -22.694448517784849, 0.0 ], [ -53.101948070846731, -22.694450107786224, 0.0 ], [ -53.101947625682328, -22.694451696888279, 0.0 ], [ -53.101947179618605, -22.694453286889654, 0.0 ], [ -53.101946732655563, -22.69445487599171, 0.0 ], [ -53.101946285692463, -22.694456465093765, 0.0 ], [ -53.101945836930781, -22.69445805419582, 0.0 ], [ -53.10194538726978, -22.694459642398556, 0.0 ], [ -53.101944936709401, -22.694461230601291, 0.0 ], [ -53.10194448614908, -22.694462819703347, 0.0 ], [ -53.101944033790062, -22.694464407006706, 0.0 ], [ -53.101943581431101, -22.694465995209441, 0.0 ], [ -53.101943129072083, -22.694467583412177, 0.0 ], [ -53.101942674914483, -22.694469170715593, 0.0 ], [ -53.101942220756825, -22.694470758019008, 0.0 ], [ -53.101941765699905, -22.694472346221744, 0.0 ], [ -53.101941310642928, -22.69447393352516, 0.0 ], [ -53.101940854686632, -22.694475519929256, 0.0 ], [ -53.101940398730392, -22.694477107232672, 0.0 ], [ -53.101939942774095, -22.694478694536087, 0.0 ], [ -53.101939485918479, -22.694480280940184, 0.0 ], [ -53.101939028163599, -22.694481868243599, 0.0 ], [ -53.101938570408663, -22.694483454647695, 0.0 ], [ -53.101938112653727, -22.694485041051735, 0.0 ], [ -53.101937654898791, -22.694486628355151, 0.0 ], [ -53.101937197143911, -22.694488214759247, 0.0 ], [ -53.101936738489655, -22.694489801163343, 0.0 ], [ -53.1019362798354, -22.694491387567439, 0.0 ], [ -53.101935822080463, -22.694492973971535, 0.0 ], [ -53.101935363426264, -22.694494560375631, 0.0 ], [ -53.101934904772008, -22.694496147679047, 0.0 ], [ -53.101934446117752, -22.694497734083143, 0.0 ], [ -53.101933988362816, -22.694499320487182, 0.0 ], [ -53.10193352970856, -22.694500906891278, 0.0 ], [ -53.101933071953681, -22.694502493295374, 0.0 ], [ -53.101932614198745, -22.69450407969947, 0.0 ], [ -53.101932156443809, -22.694505667002886, 0.0 ], [ -53.101931698688929, -22.694507253406982, 0.0 ], [ -53.101931241833313, -22.694508839811078, 0.0 ], [ -53.101930784977696, -22.694510427114494, 0.0 ], [ -53.10193032812208, -22.69451201441791, 0.0 ], [ -53.10192987216584, -22.694513600821949, 0.0 ], [ -53.101929417108863, -22.694515188125365, 0.0 ], [ -53.101928962051943, -22.694516775428781, 0.0 ], [ -53.101928506994966, -22.694518362732197, 0.0 ], [ -53.101928052837309, -22.694519950934932, 0.0 ], [ -53.101927599579028, -22.694521538238348, 0.0 ], [ -53.101927146320691, -22.694523125541764, 0.0 ], [ -53.10192669396173, -22.694524713744499, 0.0 ], [ -53.101926242502032, -22.694526301947235, 0.0 ], [ -53.10192579104239, -22.694527890149971, 0.0 ], [ -53.101925340482012, -22.694529478352706, 0.0 ], [ -53.10192489082101, -22.694531066555442, 0.0 ], [ -53.101924441160008, -22.694532655657497, 0.0 ], [ -53.10192399239827, -22.694534243860232, 0.0 ], [ -53.101923544535907, -22.694535832962288, 0.0 ], [ -53.101923096673545, -22.694537422064343, 0.0 ], [ -53.101922649710502, -22.694539011166398, 0.0 ], [ -53.101922202747403, -22.694540600268454, 0.0 ], [ -53.101921757583, -22.694542190269829, 0.0 ], [ -53.101921311519277, -22.694543779371884, 0.0 ], [ -53.101920867254194, -22.694545369373259, 0.0 ], [ -53.10192042298911, -22.694546959374634, 0.0 ], [ -53.101919979623347, -22.694548549376009, 0.0 ], [ -53.101919536257526, -22.694550139377384, 0.0 ], [ -53.101919093791082, -22.694551729378759, 0.0 ], [ -53.101918652223958, -22.694553320279454, 0.0 ], [ -53.101918210656834, -22.694554911180148, 0.0 ], [ -53.101917769989029, -22.694556501181523, 0.0 ], [ -53.101917330220544, -22.694558092082218, 0.0 ], [ -53.101916890452117, -22.694559682982913, 0.0 ], [ -53.101916451582952, -22.694561274782984, 0.0 ], [ -53.101916013613106, -22.694562865683679, 0.0 ], [ -53.101915575643261, -22.694564457483693, 0.0 ], [ -53.101915138572735, -22.694566049283708, 0.0 ], [ -53.10191470150221, -22.694567641083722, 0.0 ], [ -53.101914266230381, -22.694569232883737, 0.0 ], [ -53.101913830059175, -22.694570824683751, 0.0 ], [ -53.101913395686609, -22.694572416483766, 0.0 ], [ -53.101912961314099, -22.694574009183157, 0.0 ], [ -53.101912527840852, -22.694575601882491, 0.0 ], [ -53.101912094367606, -22.694577194581825, 0.0 ], [ -53.101911661793736, -22.694578787281159, 0.0 ], [ -53.101911230119129, -22.694580379980493, 0.0 ], [ -53.101910798444578, -22.694581972679828, 0.0 ], [ -53.101910367669291, -22.694583566278538, 0.0 ], [ -53.10190993779338, -22.694585159877192, 0.0 ], [ -53.101909507917412, -22.694586753475846, 0.0 ], [ -53.101909078940821, -22.6945883470745, 0.0 ], [ -53.101908650863493, -22.694589940673154, 0.0 ], [ -53.101908222786221, -22.694591534271865, 0.0 ], [ -53.101907795608213, -22.694593128769839, 0.0 ], [ -53.101907369329581, -22.694594723267812, 0.0 ], [ -53.101906943050949, -22.694596317765786, 0.0 ], [ -53.101906517671637, -22.694597912263816, 0.0 ], [ -53.101906092292268, -22.69459950676179, 0.0 ], [ -53.101905667812275, -22.694601101259764, 0.0 ], [ -53.101905244231602, -22.694602696657057, 0.0 ], [ -53.101904821550249, -22.694604292054407, 0.0 ], [ -53.101904398868896, -22.694605887451701, 0.0 ], [ -53.101903976187486, -22.694607482848994, 0.0 ], [ -53.101903555304773, -22.694609078246344, 0.0 ], [ -53.101903134422059, -22.694610674542957, 0.0 ], [ -53.101902713539346, -22.694612269940251, 0.0 ], [ -53.101902293555952, -22.694613866236864, 0.0 ], [ -53.101901874471878, -22.694615462533534, 0.0 ], [ -53.101901455387804, -22.694617058830147, 0.0 ], [ -53.10190103630373, -22.69461865512676, 0.0 ], [ -53.101900617219655, -22.69462025142343, 0.0 ], [ -53.101900199034901, -22.694621847720043, 0.0 ], [ -53.101899780850147, -22.694623444916033, 0.0 ], [ -53.101899362665392, -22.694625041212646, 0.0 ], [ -53.101898944480638, -22.694626637509259, 0.0 ], [ -53.101898526295884, -22.694628234705249, 0.0 ], [ -53.101898109010506, -22.694629831001862, 0.0 ], [ -53.101897690825751, -22.694631427298475, 0.0 ], [ -53.101897271741677, -22.694633024494465, 0.0 ], [ -53.101896853556923, -22.694634620791078, 0.0 ], [ -53.101896435372169, -22.694636217087691, 0.0 ], [ -53.101896016288094, -22.694637813384361, 0.0 ], [ -53.10189559720402, -22.694639409680974, 0.0 ], [ -53.101895177220626, -22.694641005977587, 0.0 ], [ -53.101894757237233, -22.694642602274257, 0.0 ], [ -53.101894336354519, -22.694644197671551, 0.0 ], [ -53.101893915471805, -22.694645793968164, 0.0 ], [ -53.101893493689715, -22.694647389365457, 0.0 ], [ -53.101893071907682, -22.694648984762807, 0.0 ], [ -53.101892649226329, -22.694650580160101, 0.0 ], [ -53.101892225645656, -22.694652175557394, 0.0 ], [ -53.101891801165664, -22.694653770954744, 0.0 ], [ -53.101891375786295, -22.694655365452718, 0.0 ], [ -53.101890950406982, -22.694656959950692, 0.0 ], [ -53.101890523229031, -22.694658554448665, 0.0 ], [ -53.101890095151703, -22.694660148047376, 0.0 ], [ -53.101889667074431, -22.69466174254535, 0.0 ], [ -53.10188923719852, -22.694663336144004, 0.0 ], [ -53.101888806423233, -22.694664928843338, 0.0 ], [ -53.101888373849306, -22.694666522441992, 0.0 ], [ -53.101887941275436, -22.694668114242006, 0.0 ], [ -53.10188750600355, -22.694669706941397, 0.0 ], [ -53.101887070731664, -22.694671298741412, 0.0 ], [ -53.101886633661195, -22.694672890541426, 0.0 ], [ -53.10188619479203, -22.694674482341441, 0.0 ], [ -53.101885755023545, -22.694676073242135, 0.0 ], [ -53.101885314355741, -22.69467766324351, 0.0 ], [ -53.101884870989977, -22.694679253244885, 0.0 ], [ -53.101884426724894, -22.69468084324626, 0.0 ], [ -53.101883980661114, -22.694682432348316, 0.0 ], [ -53.101883532798752, -22.694684021450371, 0.0 ], [ -53.10188308403707, -22.694685609653106, 0.0 ], [ -53.101882632577372, -22.694687197855842, 0.0 ], [ -53.101882179319091, -22.694688785159258, 0.0 ], [ -53.101881724262114, -22.694690372462674, 0.0 ], [ -53.101881268305874, -22.69469195886677, 0.0 ], [ -53.101880809651618, -22.694693545270866, 0.0 ], [ -53.101880348299403, -22.694695130775642, 0.0 ], [ -53.101879886047868, -22.694696715381042, 0.0 ], [ -53.101879421098374, -22.694698299986499, 0.0 ], [ -53.101878954350241, -22.694699883692635, 0.0 ], [ -53.101878484904091, -22.694701467398772, 0.0 ], [ -53.101878013659359, -22.694703050205533, 0.0 ], [ -53.101877539716668, -22.69470463211303, 0.0 ], [ -53.10187706397528, -22.694706213121208, 0.0 ], [ -53.101876584636614, -22.694707794129329, 0.0 ], [ -53.101876104398684, -22.694709374238187, 0.0 ], [ -53.101875620563419, -22.694710954347045, 0.0 ], [ -53.101875134929514, -22.694712532657206, 0.0 ], [ -53.101874646597594, -22.694714110967425, 0.0 ], [ -53.101874155567771, -22.694715688378267, 0.0 ], [ -53.101873662739308, -22.694717265789166, 0.0 ], [ -53.10187316721283, -22.694718842300688, 0.0 ], [ -53.101872669887769, -22.69472041791289, 0.0 ], [ -53.101872169864691, -22.69472199352515, 0.0 ], [ -53.101871668043032, -22.694723568238032, 0.0 ], [ -53.101871164422676, -22.694725142051595, 0.0 ], [ -53.10187065810436, -22.694726715865215, 0.0 ], [ -53.101870150886725, -22.694728288779459, 0.0 ], [ -53.101869640971131, -22.694729861693702, 0.0 ], [ -53.101869130156217, -22.694731433708625, 0.0 ], [ -53.101868617542607, -22.694733005723606, 0.0 ], [ -53.101868103130414, -22.694734577738529, 0.0 ], [ -53.101867586919582, -22.694736148854133, 0.0 ], [ -53.101867069809373, -22.694737719070417, 0.0 ], [ -53.101866551799901, -22.694739289286701, 0.0 ], [ -53.101866031991733, -22.694740859503042, 0.0 ], [ -53.101865510384982, -22.694742429719327, 0.0 ], [ -53.101864988778175, -22.694743999036291, 0.0 ], [ -53.101864465372728, -22.694745568353255, 0.0 ], [ -53.101863941067961, -22.6947471367709, 0.0 ], [ -53.101863415863932, -22.694748705188545, 0.0 ], [ -53.101862889760525, -22.694750274505509, 0.0 ], [ -53.101862363657119, -22.694751842023834, 0.0 ], [ -53.101861835755074, -22.694753410441479, 0.0 ], [ -53.101861307853028, -22.694754977959803, 0.0 ], [ -53.101860779051663, -22.694756546377448, 0.0 ], [ -53.101860250250297, -22.694758113895773, 0.0 ], [ -53.101859720549612, -22.694759681414098, 0.0 ], [ -53.101859190848927, -22.694761248932423, 0.0 ], [ -53.101858661148242, -22.694762816450748, 0.0 ], [ -53.101858130548237, -22.694764383969073, 0.0 ], [ -53.101857599948232, -22.694765951487454, 0.0 ], [ -53.101857069348227, -22.694767518106403, 0.0 ], [ -53.101856539647542, -22.694769085624785, 0.0 ], [ -53.101856009047538, -22.694770653143109, 0.0 ], [ -53.101855478447533, -22.694772220661434, 0.0 ], [ -53.101854948746848, -22.694773788179759, 0.0 ], [ -53.101854419046163, -22.694775355698084, 0.0 ], [ -53.101853890244797, -22.694776923216409, 0.0 ], [ -53.101853361443432, -22.694778491634054, 0.0 ], [ -53.101852832642066, -22.694780059152379, 0.0 ], [ -53.101852305639341, -22.694781627570023, 0.0 ], [ -53.101851778636615, -22.694783195987668, 0.0 ], [ -53.101851251633889, -22.694784764405313, 0.0 ], [ -53.101850726429859, -22.694786332822957, 0.0 ], [ -53.101850202125092, -22.694787902139922, 0.0 ], [ -53.101849678719645, -22.694789471456886, 0.0 ], [ -53.101849156213575, -22.69479104077385, 0.0 ], [ -53.101848634606768, -22.694792610990135, 0.0 ], [ -53.10184811389928, -22.694794181206476, 0.0 ], [ -53.101847594990488, -22.69479575142276, 0.0 ], [ -53.101847077880279, -22.694797322538363, 0.0 ], [ -53.101846560770127, -22.694798893653967, 0.0 ], [ -53.101846046357934, -22.694800465668891, 0.0 ], [ -53.101845532845005, -22.694802037683871, 0.0 ], [ -53.101845020231451, -22.694803609698795, 0.0 ], [ -53.101844509416537, -22.694805182613038, 0.0 ], [ -53.101844000400263, -22.694806755527281, 0.0 ], [ -53.101843491383988, -22.694808328441582, 0.0 ], [ -53.101842984166353, -22.694809902255145, 0.0 ], [ -53.101842478747358, -22.694811476068708, 0.0 ], [ -53.101841973328362, -22.694813050781647, 0.0 ], [ -53.101841469708006, -22.69481462549453, 0.0 ], [ -53.10184096698697, -22.694816200207413, 0.0 ], [ -53.10184046606463, -22.694817775819672, 0.0 ], [ -53.101839965142233, -22.694819351431875, 0.0 ], [ -53.101839465119156, -22.694820927044077, 0.0 ], [ -53.101838966894775, -22.694822502656336, 0.0 ], [ -53.101838468670337, -22.694824079167859, 0.0 ], [ -53.101837972244596, -22.694825655679438, 0.0 ], [ -53.101837475818797, -22.69482723219096, 0.0 ], [ -53.101836981191695, -22.694828809601859, 0.0 ], [ -53.101836486564537, -22.694830386113381, 0.0 ], [ -53.101835992836754, -22.69483196352428, 0.0 ], [ -53.101835500008292, -22.694833540935122, 0.0 ], [ -53.101835008079092, -22.69483511924534, 0.0 ], [ -53.10183451614995, -22.694836696656182, 0.0 ], [ -53.101834025120127, -22.694838274966344, 0.0 ], [ -53.101833534989623, -22.694839853276562, 0.0 ], [ -53.10183304485912, -22.694841431586781, 0.0 ], [ -53.10183255562788, -22.694843009896942, 0.0 ], [ -53.101832067296016, -22.694844589106481, 0.0 ], [ -53.101831578964152, -22.694846167416642, 0.0 ], [ -53.101831090632288, -22.694847746626181, 0.0 ], [ -53.101830603199744, -22.694849325835662, 0.0 ], [ -53.1018301157672, -22.6948509050452, 0.0 ], [ -53.101829629233976, -22.694852483355362, 0.0 ], [ -53.101829142700751, -22.69485406346422, 0.0 ], [ -53.101828656167527, -22.694855642673701, 0.0 ], [ -53.101828170533622, -22.69485722188324, 0.0 ], [ -53.101827684899717, -22.694858801092778, 0.0 ], [ -53.101827199265813, -22.694860381201579, 0.0 ], [ -53.101826713631908, -22.694861960411117, 0.0 ], [ -53.101826227998004, -22.694863539620599, 0.0 ], [ -53.101825742364099, -22.694865119729457, 0.0 ], [ -53.101825256730194, -22.694866698938938, 0.0 ], [ -53.101824771995609, -22.694868279047796, 0.0 ], [ -53.101824286361705, -22.694869858257334, 0.0 ], [ -53.101823862780975, -22.694871236918004, 0.0 ] ] } },
{ "type": "Feature", "properties": { "Id": 0 }, "geometry": { "type": "LineString", "coordinates": [ [ -53.101948441367426, -22.694388124712134, 0.0 ], [ -53.101948240818615, -22.694388894531812, 0.0 ], [ -53.101947941344349, -22.694390045664022, 0.0 ], [ -53.10194764276946, -22.694391197695552, 0.0 ], [ -53.101947344194514, -22.694392348827819, 0.0 ], [ -53.101947045619625, -22.694393500859348, 0.0 ], [ -53.101946747044678, -22.694394651991558, 0.0 ], [ -53.101946449369109, -22.694395804023088, 0.0 ], [ -53.101946151693483, -22.694396956054618, 0.0 ], [ -53.101945854017913, -22.694398107186828, 0.0 ], [ -53.101945557241606, -22.694399259218414, 0.0 ], [ -53.101945260465357, -22.694400411249944, 0.0 ], [ -53.101944963689107, -22.694401563281474, 0.0 ], [ -53.10194466781212, -22.694402715313004, 0.0 ], [ -53.10194437193519, -22.694403867344533, 0.0 ], [ -53.101944076058203, -22.69440502027544, 0.0 ], [ -53.101943781080593, -22.694406172306969, 0.0 ], [ -53.101943486102982, -22.694407324338499, 0.0 ], [ -53.101943191125315, -22.694408477269349, 0.0 ], [ -53.101942897047024, -22.694409630200255, 0.0 ], [ -53.101942603868054, -22.694410782231785, 0.0 ], [ -53.101942309789706, -22.694411935162634, 0.0 ], [ -53.101942017510055, -22.694413088093484, 0.0 ], [ -53.101941724331084, -22.694414241024333, 0.0 ], [ -53.101941432051433, -22.694415393955239, 0.0 ], [ -53.101941140671045, -22.694416546886089, 0.0 ], [ -53.101940849290713, -22.694417700716258, 0.0 ], [ -53.101940558809702, -22.694418853647107, 0.0 ], [ -53.10194026832869, -22.694420006578014, 0.0 ], [ -53.101939977847678, -22.694421160408183, 0.0 ], [ -53.101939688265986, -22.694422314238352, 0.0 ], [ -53.101939398684237, -22.694423468068578, 0.0 ], [ -53.101939109102545, -22.694424620999428, 0.0 ], [ -53.101938820420173, -22.694425774829597, 0.0 ], [ -53.101938531737801, -22.694426928659766, 0.0 ], [ -53.101938243055429, -22.694428082489992, 0.0 ], [ -53.101937954373057, -22.694429236320161, 0.0 ], [ -53.101937666590004, -22.69443039015033, 0.0 ], [ -53.101937377907632, -22.694431544879819, 0.0 ], [ -53.101937090124579, -22.694432698710045, 0.0 ], [ -53.101936802341527, -22.694433852540215, 0.0 ], [ -53.101936514558474, -22.694435006370384, 0.0 ], [ -53.101936226775422, -22.69443616020061, 0.0 ], [ -53.10193593809305, -22.694437314030779, 0.0 ], [ -53.101935650309997, -22.694438467860948, 0.0 ], [ -53.101935361627568, -22.694439621691117, 0.0 ], [ -53.101935073844516, -22.694440775521343, 0.0 ], [ -53.101934785162143, -22.694441930250832, 0.0 ], [ -53.101934496479771, -22.694443083181682, 0.0 ], [ -53.101934207797399, -22.694444237011908, 0.0 ], [ -53.101933919115027, -22.694445390842077, 0.0 ], [ -53.101933629533335, -22.694446544672246, 0.0 ], [ -53.101933339951643, -22.694447698502415, 0.0 ], [ -53.101933049470631, -22.694448851433322, 0.0 ], [ -53.101932759888939, -22.694450005263491, 0.0 ], [ -53.101932468508551, -22.69445115819434, 0.0 ], [ -53.101932178027539, -22.694452312024509, 0.0 ], [ -53.101931886647208, -22.694453464955416, 0.0 ], [ -53.101931594367556, -22.694454617886265, 0.0 ], [ -53.101931302087905, -22.694455770817115, 0.0 ], [ -53.101931008908878, -22.694456923747964, 0.0 ], [ -53.101930714830587, -22.694458075779551, 0.0 ], [ -53.101930420752296, -22.6944592287104, 0.0 ], [ -53.101930126673949, -22.69446038074193, 0.0 ], [ -53.101929830797019, -22.694461533672779, 0.0 ], [ -53.101929534920032, -22.694462685704309, 0.0 ], [ -53.101929238143782, -22.694463837735896, 0.0 ], [ -53.101928940468213, -22.694464988868106, 0.0 ], [ -53.101928641893267, -22.694466140899635, 0.0 ], [ -53.10192834331832, -22.694467292031845, 0.0 ], [ -53.101928042944792, -22.694468443164055, 0.0 ], [ -53.101927742571206, -22.694469594296322, 0.0 ], [ -53.101927441298358, -22.694470744529212, 0.0 ], [ -53.101927138226813, -22.694471895661422, 0.0 ], [ -53.101926835155268, -22.694473045894313, 0.0 ], [ -53.101926531184404, -22.694474196127203, 0.0 ], [ -53.101926225414957, -22.694475346360093, 0.0 ], [ -53.101925918746133, -22.694476495693664, 0.0 ], [ -53.10192561117799, -22.694477645027234, 0.0 ], [ -53.101925303609846, -22.694478794360805, 0.0 ], [ -53.101924993343744, -22.694479943694375, 0.0 ], [ -53.101924683077641, -22.694481092128626, 0.0 ], [ -53.101924371912219, -22.694482240562934, 0.0 ], [ -53.10192405984742, -22.694483388997185, 0.0 ], [ -53.101923745984038, -22.694484537431435, 0.0 ], [ -53.101923432120657, -22.694485684966367, 0.0 ], [ -53.101923117357956, -22.694486832501298, 0.0 ], [ -53.101922800796558, -22.694487980036229, 0.0 ], [ -53.101922484235217, -22.69448912757116, 0.0 ], [ -53.101922166774557, -22.694490274206771, 0.0 ], [ -53.10192184841452, -22.694491421741702, 0.0 ], [ -53.10192152915522, -22.694492568377257, 0.0 ], [ -53.101921209895863, -22.694493715012868, 0.0 ], [ -53.101920888837924, -22.694494861648479, 0.0 ], [ -53.101920567779928, -22.694496007384771, 0.0 ], [ -53.101920245822669, -22.694497153121063, 0.0 ], [ -53.101919922966033, -22.694498299756674, 0.0 ], [ -53.101919600109397, -22.694499445492966, 0.0 ], [ -53.101919276353499, -22.694500591229257, 0.0 ], [ -53.101918951698224, -22.694501736066229, 0.0 ], [ -53.101918627042949, -22.694502881802521, 0.0 ], [ -53.101918301488354, -22.694504027538812, 0.0 ], [ -53.101917975034496, -22.694505172375784, 0.0 ], [ -53.101917648580581, -22.694506317212699, 0.0 ], [ -53.101917321227347, -22.694507462049671, 0.0 ], [ -53.101916993874113, -22.694508606886643, 0.0 ], [ -53.101916665621559, -22.694509751723615, 0.0 ], [ -53.101916337369005, -22.694510896560587, 0.0 ], [ -53.101916009116508, -22.694512040498239, 0.0 ], [ -53.101915679964634, -22.694513185335211, 0.0 ], [ -53.10191534991344, -22.694514329272806, 0.0 ], [ -53.101915020761567, -22.694515474109778, 0.0 ], [ -53.101914690710373, -22.69451661804743, 0.0 ], [ -53.10191435975986, -22.694517761985082, 0.0 ], [ -53.101914029708666, -22.694518905922735, 0.0 ], [ -53.101913698758153, -22.694520050759706, 0.0 ], [ -53.10191336780764, -22.694521194697359, 0.0 ], [ -53.101913035957807, -22.694522338634954, 0.0 ], [ -53.101912705007294, -22.694523481673286, 0.0 ], [ -53.101912373157461, -22.694524625610939, 0.0 ], [ -53.101912041307628, -22.694525769548591, 0.0 ], [ -53.101911709457795, -22.694526913486243, 0.0 ], [ -53.101911377607962, -22.694528057423838, 0.0 ], [ -53.101911045758129, -22.69452920136149, 0.0 ], [ -53.101910713008976, -22.694530345299142, 0.0 ], [ -53.101910381159144, -22.694531488337475, 0.0 ], [ -53.101910049309311, -22.694532632275127, 0.0 ], [ -53.101909717459478, -22.694533776212779, 0.0 ], [ -53.101909385609645, -22.694534920150375, 0.0 ], [ -53.101909053759755, -22.694536064088027, 0.0 ], [ -53.101908721909922, -22.694537207126359, 0.0 ], [ -53.101908390060089, -22.694538351064011, 0.0 ], [ -53.101908058210256, -22.694539495001663, 0.0 ], [ -53.101907727259743, -22.694540638939316, 0.0 ], [ -53.10190739540991, -22.694541782876911, 0.0 ], [ -53.101907064459397, -22.694542926814563, 0.0 ], [ -53.101906734408203, -22.694544070752215, 0.0 ], [ -53.10190640345769, -22.694545214689867, 0.0 ], [ -53.101906073406496, -22.694546359526839, 0.0 ], [ -53.101905743355303, -22.694547503464491, 0.0 ], [ -53.101905413304166, -22.694548647402087, 0.0 ], [ -53.101905084152293, -22.694549792239059, 0.0 ], [ -53.101904755000419, -22.694550936176711, 0.0 ], [ -53.101904425848545, -22.694552081013683, 0.0 ], [ -53.101904097595991, -22.694553225850655, 0.0 ], [ -53.101903769343437, -22.694554370687626, 0.0 ], [ -53.101903441990203, -22.694555514625279, 0.0 ], [ -53.101903114636968, -22.694556659462194, 0.0 ], [ -53.101902787283791, -22.694557804299166, 0.0 ], [ -53.101902459930557, -22.694558949136137, 0.0 ], [ -53.101902133476642, -22.694560094872429, 0.0 ], [ -53.101901807022728, -22.694561239709401, 0.0 ], [ -53.101901481468133, -22.694562384546373, 0.0 ], [ -53.101901155913595, -22.694563530282664, 0.0 ], [ -53.101900830359, -22.694564675119636, 0.0 ], [ -53.101900505703725, -22.694565820855928, 0.0 ], [ -53.10190018104845, -22.694566966592163, 0.0 ], [ -53.101899857292551, -22.694568112328454, 0.0 ], [ -53.101899533536596, -22.694569258064746, 0.0 ], [ -53.10189920978064, -22.694570403801038, 0.0 ], [ -53.101898886924062, -22.694571549537329, 0.0 ], [ -53.101898564067426, -22.694572695273621, 0.0 ], [ -53.101898242110167, -22.694573841009912, 0.0 ], [ -53.101897920152851, -22.694574987645524, 0.0 ], [ -53.101897599094855, -22.694576133381815, 0.0 ], [ -53.101897278036915, -22.694577280017427, 0.0 ], [ -53.101896956978919, -22.694578426653038, 0.0 ], [ -53.1018966368203, -22.69457957238933, 0.0 ], [ -53.101896316661623, -22.694580719024941, 0.0 ], [ -53.101895997402323, -22.694581865660552, 0.0 ], [ -53.101895678142967, -22.694583013195484, 0.0 ], [ -53.101895359782986, -22.694584159831038, 0.0 ], [ -53.101895041423006, -22.694585306466649, 0.0 ], [ -53.101894723062969, -22.69458645400158, 0.0 ], [ -53.101894406501629, -22.694587600637192, 0.0 ], [ -53.101894089040911, -22.694588748172123, 0.0 ], [ -53.101893772479571, -22.694589895707054, 0.0 ], [ -53.10189345681755, -22.694591043241985, 0.0 ], [ -53.101893141155472, -22.694592190776916, 0.0 ], [ -53.101892825493451, -22.694593338311847, 0.0 ], [ -53.10189251073075, -22.694594486746098, 0.0 ], [ -53.101892196867368, -22.694595634281029, 0.0 ], [ -53.10189188300393, -22.69459678271528, 0.0 ], [ -53.101891569140548, -22.694597931149531, 0.0 ], [ -53.101891256176486, -22.694599078684462, 0.0 ], [ -53.101890944111744, -22.694600227118769, 0.0 ], [ -53.101890632047002, -22.69460137645234, 0.0 ], [ -53.10189032088158, -22.694602524886591, 0.0 ], [ -53.101890009716158, -22.694603673320842, 0.0 ], [ -53.101889699450055, -22.694604822654412, 0.0 ], [ -53.101889389183896, -22.694605971088663, 0.0 ], [ -53.101889079817113, -22.694607120422233, 0.0 ], [ -53.10188877045033, -22.694608269755804, 0.0 ], [ -53.101888461982867, -22.694609419089375, 0.0 ], [ -53.10188815441478, -22.694610568422945, 0.0 ], [ -53.101887846846637, -22.694611718655835, 0.0 ], [ -53.101887539278493, -22.694612867989406, 0.0 ], [ -53.10188723350899, -22.694614018222296, 0.0 ], [ -53.101886926840166, -22.694615168455243, 0.0 ], [ -53.101886621969982, -22.694616317788814, 0.0 ], [ -53.101886317099797, -22.694617468021704, 0.0 ], [ -53.101886012229613, -22.694618619153914, 0.0 ], [ -53.101885709158125, -22.694619769386804, 0.0 ], [ -53.101885405187261, -22.694620920519014, 0.0 ], [ -53.101885102115716, -22.694622070751905, 0.0 ], [ -53.101884799943548, -22.694623221884115, 0.0 ], [ -53.101884497771323, -22.694624373016381, 0.0 ], [ -53.101884195599098, -22.694625523249272, 0.0 ], [ -53.101883893426873, -22.694626674381482, 0.0 ], [ -53.101883591254705, -22.694627825513692, 0.0 ], [ -53.10188328908248, -22.694628976645902, 0.0 ], [ -53.101882987809574, -22.694630127778112, 0.0 ], [ -53.101882685637406, -22.694631278910322, 0.0 ], [ -53.101882382565861, -22.694632429143269, 0.0 ], [ -53.101882080393636, -22.694633580275479, 0.0 ], [ -53.101881777322149, -22.694634731407689, 0.0 ], [ -53.101881474250604, -22.694635881640579, 0.0 ], [ -53.101881170279739, -22.694637031873469, 0.0 ], [ -53.101880865409555, -22.69463818210636, 0.0 ], [ -53.101880560539371, -22.69463933233925, 0.0 ], [ -53.101880254769924, -22.69464048257214, 0.0 ], [ -53.10187994900042, -22.694641632805087, 0.0 ], [ -53.101879641432276, -22.694642782138658, 0.0 ], [ -53.101879333864133, -22.694643931472228, 0.0 ], [ -53.10187902449735, -22.694645080805799, 0.0 ], [ -53.101878714231248, -22.694646230139369, 0.0 ], [ -53.101878403965145, -22.69464737857362, 0.0 ], [ -53.101878091900403, -22.694648527007871, 0.0 ], [ -53.101877778036965, -22.694649675442122, 0.0 ], [ -53.101877463274263, -22.694650822977053, 0.0 ], [ -53.101877147612242, -22.694651970511984, 0.0 ], [ -53.101876830151525, -22.694653117147595, 0.0 ], [ -53.101876511791545, -22.694654264682526, 0.0 ], [ -53.101876190733549, -22.694655410418818, 0.0 ], [ -53.10187586877629, -22.69465655615511, 0.0 ], [ -53.101875545919654, -22.694657701891401, 0.0 ], [ -53.101875220365059, -22.694658846728373, 0.0 ], [ -53.101874893011882, -22.694659991565288, 0.0 ], [ -53.101874563860008, -22.69466113550294, 0.0 ], [ -53.101874232909495, -22.694662279440593, 0.0 ], [ -53.101873900160342, -22.694663422478925, 0.0 ], [ -53.10187356561255, -22.694664565517257, 0.0 ], [ -53.101873229266062, -22.694665707656213, 0.0 ], [ -53.101872890221671, -22.694666849795226, 0.0 ], [ -53.101872550277903, -22.694667991034919, 0.0 ], [ -53.101872207636234, -22.694669131375292, 0.0 ], [ -53.101871864095187, -22.694670271715609, 0.0 ], [ -53.101871518755559, -22.694671412055982, 0.0 ], [ -53.101871171617233, -22.694672551497035, 0.0 ], [ -53.101870823579588, -22.694673690938032, 0.0 ], [ -53.101870473743304, -22.694674829479766, 0.0 ], [ -53.10187012210838, -22.694675968021443, 0.0 ], [ -53.101869769574193, -22.694677106563176, 0.0 ], [ -53.101869416140573, -22.694678244205534, 0.0 ], [ -53.101869060908371, -22.694679381847948, 0.0 ], [ -53.101868703877528, -22.694680518591042, 0.0 ], [ -53.101868346846686, -22.694681656233399, 0.0 ], [ -53.101867988017204, -22.694682792976494, 0.0 ], [ -53.101867628288346, -22.694683928820211, 0.0 ], [ -53.101867267660225, -22.694685064663986, 0.0 ], [ -53.101866905233464, -22.694686201407023, 0.0 ], [ -53.101866542806647, -22.694687336351421, 0.0 ], [ -53.101866179480567, -22.694688472195196, 0.0 ], [ -53.10186581525511, -22.694689607139594, 0.0 ], [ -53.10186545013039, -22.694690742084049, 0.0 ], [ -53.101865085005613, -22.694691877028447, 0.0 ], [ -53.101864718981574, -22.694693011972902, 0.0 ], [ -53.101864352058158, -22.6946941469173, 0.0 ], [ -53.101863984235422, -22.694695280962378, 0.0 ], [ -53.101863616412743, -22.694696415906833, 0.0 ], [ -53.101863248590007, -22.694697549951911, 0.0 ], [ -53.101862879867952, -22.694698683997046, 0.0 ], [ -53.101862511145953, -22.694699818042125, 0.0 ], [ -53.101862141524578, -22.694700952087203, 0.0 ], [ -53.101861772802522, -22.694702086132338, 0.0 ], [ -53.101861403181147, -22.694703220177416, 0.0 ], [ -53.101861033559828, -22.694704354222552, 0.0 ], [ -53.101860663039133, -22.69470548826763, 0.0 ], [ -53.101860293417758, -22.694706621413388, 0.0 ], [ -53.101859923796383, -22.694707755458523, 0.0 ], [ -53.101859554175064, -22.694708889503602, 0.0 ], [ -53.101859185453009, -22.69471002354868, 0.0 ], [ -53.101858815831633, -22.694711157593815, 0.0 ], [ -53.101809704754032, -22.694867721468142, 0.0 ] ] } },
{ "type": "Feature", "properties": { "Id": 0 }, "geometry": { "type": "LineString", "coordinates": [ [ -53.101940932927675, -22.694386260417559, 0.0 ], [ -53.101913157366255, -22.694490055671508, 0.0 ], [ -53.101884109264176, -22.694595409450528, 0.0 ], [ -53.101851181486779, -22.694705779647961, 0.0 ], [ -53.101850672470505, -22.694707482064587, 0.0 ], [ -53.101850162554911, -22.694709184481212, 0.0 ], [ -53.101849651739997, -22.694710886897894, 0.0 ], [ -53.101849139126443, -22.6947125884152, 0.0 ], [ -53.101848625613513, -22.694714289932506, 0.0 ], [ -53.101848111201321, -22.694715991449812, 0.0 ], [ -53.101847595889808, -22.694717692067798, 0.0 ], [ -53.101847079678919, -22.694719393585103, 0.0 ], [ -53.101846561669447, -22.694721094203089, 0.0 ], [ -53.101846042760599, -22.694722793921756, 0.0 ], [ -53.101845523851807, -22.694724493640422, 0.0 ], [ -53.101845003144319, -22.694726194258408, 0.0 ], [ -53.101844481537569, -22.694727893077754, 0.0 ], [ -53.101843959031441, -22.694729592796421, 0.0 ], [ -53.101843436525314, -22.694731291615767, 0.0 ], [ -53.101842912220604, -22.694732990435114, 0.0 ], [ -53.101842387016518, -22.69473468925446, 0.0 ], [ -53.101841860913112, -22.694736387174487, 0.0 ], [ -53.101841334809706, -22.694738085993833, 0.0 ], [ -53.10184080690766, -22.69473978391386, 0.0 ], [ -53.101840279005614, -22.694741481833887, 0.0 ], [ -53.101839750204249, -22.694743178854594, 0.0 ], [ -53.101839220503564, -22.694744876774621, 0.0 ], [ -53.101838689903559, -22.694746573795271, 0.0 ], [ -53.101838159303554, -22.694748270815978, 0.0 ], [ -53.10183762690491, -22.694749967836685, 0.0 ], [ -53.101837094506266, -22.694751663958073, 0.0 ], [ -53.101836562107621, -22.69475336097878, 0.0 ], [ -53.101836027910338, -22.694755057100167, 0.0 ], [ -53.101835493712997, -22.694756753221554, 0.0 ], [ -53.101834958616394, -22.694758449342942, 0.0 ], [ -53.10183442351979, -22.694760145464272, 0.0 ], [ -53.101833887523867, -22.69476184158566, 0.0 ], [ -53.101833351527887, -22.694763536807727, 0.0 ], [ -53.101832813733324, -22.694765232029795, 0.0 ], [ -53.101832276838081, -22.694766928151182, 0.0 ], [ -53.101831739043462, -22.69476862337325, 0.0 ], [ -53.101831200349579, -22.694770318595261, 0.0 ], [ -53.101830661655697, -22.694772013817328, 0.0 ], [ -53.101830122961758, -22.694773708140076, 0.0 ], [ -53.101829583368556, -22.694775403362144, 0.0 ], [ -53.101829042875977, -22.694777097684891, 0.0 ], [ -53.101828503282775, -22.694778792906902, 0.0 ], [ -53.101827962790196, -22.69478048722965, 0.0 ], [ -53.101827421398355, -22.694782181552398, 0.0 ], [ -53.101826880006456, -22.694783875875146, 0.0 ], [ -53.101826338614615, -22.694785571097157, 0.0 ], [ -53.101825797222716, -22.694787265419905, 0.0 ], [ -53.101825255830875, -22.694788958843333, 0.0 ], [ -53.101824713539656, -22.694790653166081, 0.0 ], [ -53.101824171248438, -22.694792347488828, 0.0 ], [ -53.101823628957277, -22.694794041811519, 0.0 ], [ -53.101823086666059, -22.694795736134267, 0.0 ], [ -53.101822543475578, -22.694797429557696, 0.0 ], [ -53.10182200118436, -22.694799123880443, 0.0 ], [ -53.101821457993822, -22.694800818203134, 0.0 ], [ -53.10182091570266, -22.694802511626563, 0.0 ], [ -53.101820372512123, -22.69480420594931, 0.0 ], [ -53.101819829321641, -22.694805900272058, 0.0 ], [ -53.101819286131104, -22.69480759369543, 0.0 ], [ -53.101818743839942, -22.694809288018178, 0.0 ], [ -53.101818200649404, -22.694810981441606, 0.0 ], [ -53.101817657458867, -22.694812675764354, 0.0 ], [ -53.101817115167705, -22.694814370087045, 0.0 ], [ -53.101816571977167, -22.694816063510473, 0.0 ], [ -53.101816029686006, -22.694817757833221, 0.0 ], [ -53.101815487394788, -22.694819452155969, 0.0 ], [ -53.10181494510357, -22.69482114647866, 0.0 ], [ -53.101814402812408, -22.694822840801407, 0.0 ], [ -53.10181386142051, -22.694824535124155, 0.0 ], [ -53.101813319129349, -22.694826228547583, 0.0 ], [ -53.10181277773745, -22.694827922870275, 0.0 ], [ -53.101812236345609, -22.694829617193022, 0.0 ], [ -53.10181169495371, -22.69483131241509, 0.0 ], [ -53.101811154461188, -22.694833006737838, 0.0 ], [ -53.10181061306929, -22.694834701060586, 0.0 ], [ -53.101810071677448, -22.694836395383277, 0.0 ], [ -53.10180953028555, -22.694838089706025, 0.0 ], [ -53.101808989793028, -22.694839784028773, 0.0 ], [ -53.10180844840113, -22.69484147835152, 0.0 ], [ -53.101807907009288, -22.694843172674211, 0.0 ], [ -53.10180736561739, -22.694844866996959, 0.0 ], [ -53.101806824225491, -22.694846561319707, 0.0 ], [ -53.10180628283365, -22.694848255642455, 0.0 ], [ -53.101805740542432, -22.694849949965146, 0.0 ], [ -53.10180519915059, -22.694851643388574, 0.0 ], [ -53.101804656859372, -22.694853337711322, 0.0 ], [ -53.10180411456821, -22.69485503203407, 0.0 ], [ -53.101803571377673, -22.694856725457441, 0.0 ], [ -53.101803028187135, -22.694858419780189, 0.0 ], [ -53.101802484996654, -22.694860113203617, 0.0 ], [ -53.101801941806116, -22.694861806627046, 0.0 ], [ -53.101801397716315, -22.694863500050417, 0.0 ], [ -53.101800852727138, -22.694865193473845, 0.0 ], [ -53.101800754701003, -22.694865499243349, 0.0 ] ] } },
{ "type": "Feature", "properties": { "Id": 0 }, "geometry": { "type": "LineString", "coordinates": [ [ -53.100162582037512, -22.694157157226982, 0.0 ], [ -53.100162159356103, -22.694158811979548, 0.0 ], [ -53.10016173487611, -22.694160474825992, 0.0 ], [ -53.100161309496798, -22.694162136773173, 0.0 ], [ -53.100160885016805, -22.694163798720297, 0.0 ], [ -53.100160459637436, -22.694165460667421, 0.0 ], [ -53.100160033358804, -22.694167122614544, 0.0 ], [ -53.100159607080172, -22.694168784561725, 0.0 ], [ -53.100159180801484, -22.694170446508849, 0.0 ], [ -53.100158753623532, -22.694172108455973, 0.0 ], [ -53.100158325546261, -22.694173769503834, 0.0 ], [ -53.100157897468932, -22.694175430551638, 0.0 ], [ -53.100157469391661, -22.694177092498762, 0.0 ], [ -53.100157039515693, -22.694178753546566, 0.0 ], [ -53.100156609639782, -22.694180414594427, 0.0 ], [ -53.100156179763871, -22.694182074742912, 0.0 ], [ -53.100155748089264, -22.694183735790716, 0.0 ], [ -53.100155316414657, -22.694185395939201, 0.0 ], [ -53.100154883840787, -22.694187056087742, 0.0 ], [ -53.10015445036754, -22.694188716236226, 0.0 ], [ -53.100154015994974, -22.694190376384711, 0.0 ], [ -53.100153580723145, -22.694192036533195, 0.0 ], [ -53.100153145451259, -22.694193695782417, 0.0 ], [ -53.100152708380733, -22.694195355031582, 0.0 ], [ -53.100152271310208, -22.694197014280746, 0.0 ], [ -53.100151832441099, -22.694198672630591, 0.0 ], [ -53.100151392672615, -22.694200331879756, 0.0 ], [ -53.10015095200481, -22.694201990229601, 0.0 ], [ -53.100150510437686, -22.694203647680126, 0.0 ], [ -53.100150067971242, -22.694205306030028, 0.0 ], [ -53.100149623706102, -22.694206963480553, 0.0 ], [ -53.100149179441019, -22.694208620931079, 0.0 ], [ -53.100148732477976, -22.694210277482284, 0.0 ], [ -53.100148285514933, -22.69421193403349, 0.0 ], [ -53.100147836753194, -22.694213590584695, 0.0 ], [ -53.100147387092193, -22.694215247135901, 0.0 ], [ -53.100146936531871, -22.694216902787787, 0.0 ], [ -53.100146484172853, -22.694218558439673, 0.0 ], [ -53.100146030015253, -22.694220213192239, 0.0 ], [ -53.100145574958276, -22.694221867944805, 0.0 ], [ -53.100145119001979, -22.694223522697371, 0.0 ], [ -53.10014466034778, -22.694225176550617, 0.0 ], [ -53.100144201693524, -22.694226830403863, 0.0 ], [ -53.100143740341309, -22.69422848425711, 0.0 ], [ -53.100143278089774, -22.694230137211036, 0.0 ], [ -53.1001428140396, -22.694231789265643, 0.0 ], [ -53.100142348190786, -22.694233442219513, 0.0 ], [ -53.100141881442653, -22.69423509427412, 0.0 ], [ -53.100141411996503, -22.694236745429407, 0.0 ], [ -53.100140941651091, -22.694238396584694, 0.0 ], [ -53.100140469507039, -22.694240046840662, 0.0 ], [ -53.100139995564291, -22.694241697096572, 0.0 ], [ -53.10013952072228, -22.69424334735254, 0.0 ], [ -53.100139043182253, -22.694244996709187, 0.0 ], [ -53.100138564742906, -22.694246646065835, 0.0 ], [ -53.100138084504977, -22.694248294523106, 0.0 ], [ -53.100137603367671, -22.694249942980434, 0.0 ], [ -53.100137119532405, -22.694251590538443, 0.0 ], [ -53.100136634797821, -22.694253238096394, 0.0 ], [ -53.100136149163916, -22.694254885654402, 0.0 ], [ -53.100135660832052, -22.694256532313091, 0.0 ], [ -53.100135172500188, -22.694258178971722, 0.0 ], [ -53.100134681470308, -22.694259825630411, 0.0 ], [ -53.100134189541166, -22.694261471389723, 0.0 ], [ -53.100133696712703, -22.694263117149092, 0.0 ], [ -53.100133202085544, -22.694264762009141, 0.0 ], [ -53.100132706559123, -22.694266406869133, 0.0 ], [ -53.100132209234005, -22.694268050829862, 0.0 ], [ -53.100131710110304, -22.694269695689854, 0.0 ], [ -53.100131210986547, -22.694271339650584, 0.0 ], [ -53.10013070916483, -22.694272982711936, 0.0 ], [ -53.10013020734317, -22.694274625773289, 0.0 ], [ -53.100129703722814, -22.694276268834699, 0.0 ], [ -53.100129199203138, -22.694277911896052, 0.0 ], [ -53.100128692884823, -22.694279554058141, 0.0 ], [ -53.100128186566508, -22.694281196220174, 0.0 ], [ -53.100127678449553, -22.694282837482945, 0.0 ], [ -53.100127168533959, -22.694284479644978, 0.0 ], [ -53.100126658618365, -22.694286120907691, 0.0 ], [ -53.100126146904131, -22.694287761271141, 0.0 ], [ -53.100125634290521, -22.694289402533855, 0.0 ], [ -53.100125120777648, -22.694291042897248, 0.0 ], [ -53.100124606365455, -22.694292682361379, 0.0 ], [ -53.100124091053942, -22.694294322724772, 0.0 ], [ -53.100123574843053, -22.694295962188846, 0.0 ], [ -53.100123057732901, -22.694297601652977, 0.0 ], [ -53.100122538824053, -22.694299241117051, 0.0 ], [ -53.100122019915261, -22.694300879681805, 0.0 ], [ -53.100121500107093, -22.694302518246559, 0.0 ], [ -53.100120978500343, -22.69430415681137, 0.0 ], [ -53.100120456893535, -22.694305795376124, 0.0 ], [ -53.100119934387408, -22.694307433041558, 0.0 ], [ -53.100119410982018, -22.694309070706993, 0.0 ], [ -53.100118886677251, -22.694310708372427, 0.0 ], [ -53.100118361473164, -22.694312346037918, 0.0 ], [ -53.100117835369758, -22.694313982804033, 0.0 ], [ -53.100117309266352, -22.694315619570148, 0.0 ], [ -53.100116781364306, -22.694317256336262, 0.0 ], [ -53.100116253462261, -22.694318893102377, 0.0 ], [ -53.100115725560272, -22.694320529868492, 0.0 ], [ -53.100115195859587, -22.694322165735343, 0.0 ], [ -53.100114666158902, -22.694323801602138, 0.0 ], [ -53.10011413555884, -22.694325437468933, 0.0 ], [ -53.100113604958835, -22.694327073335728, 0.0 ], [ -53.100113073459511, -22.694328709202523, 0.0 ], [ -53.100112541060867, -22.694330344169998, 0.0 ], [ -53.100112008662222, -22.694331979137473, 0.0 ], [ -53.100111475364258, -22.694333614104949, 0.0 ], [ -53.100110941166974, -22.694335249072424, 0.0 ], [ -53.100110406969691, -22.694336884039899, 0.0 ], [ -53.10010987277235, -22.694338519007374, 0.0 ], [ -53.100109337675747, -22.694340153075586, 0.0 ], [ -53.100108802579143, -22.694341788043062, 0.0 ], [ -53.10010826658322, -22.694343422111217, 0.0 ], [ -53.10010773058724, -22.694345056179372, 0.0 ], [ -53.100107193691997, -22.694346690247528, 0.0 ], [ -53.100106656796754, -22.694348324315683, 0.0 ], [ -53.100106119901454, -22.694349957484519, 0.0 ], [ -53.100105582106892, -22.694351591552675, 0.0 ], [ -53.100105044312329, -22.69435322562083, 0.0 ], [ -53.10010450651771, -22.694354858789666, 0.0 ], [ -53.100103968723147, -22.694356491958501, 0.0 ], [ -53.100103430928527, -22.694358126026657, 0.0 ], [ -53.100102892234645, -22.694359759195493, 0.0 ], [ -53.100102353540763, -22.694361392364328, 0.0 ], [ -53.100101814846823, -22.694363025533164, 0.0 ], [ -53.100101276152941, -22.694364658702, 0.0 ], [ -53.100100737459002, -22.694366291870836, 0.0 ], [ -53.100100198765119, -22.694367925039671, 0.0 ], [ -53.100099660071237, -22.694369558208507, 0.0 ], [ -53.100099120477978, -22.694371191377343, 0.0 ], [ -53.100098581784096, -22.694372824546178, 0.0 ], [ -53.100098043090156, -22.694374457715014, 0.0 ], [ -53.100097504396274, -22.69437609178317, 0.0 ], [ -53.100096965702392, -22.694377724952005, 0.0 ], [ -53.100096427907772, -22.694379358120841, 0.0 ], [ -53.10009588921389, -22.694380991289677, 0.0 ], [ -53.10009535141927, -22.694382624458513, 0.0 ], [ -53.100094813624708, -22.694384257627348, 0.0 ], [ -53.100094275830145, -22.694385891695504, 0.0 ], [ -53.100093738035525, -22.694387524864339, 0.0 ], [ -53.100093201140282, -22.694389158033175, 0.0 ], [ -53.100092664245039, -22.694390792101331, 0.0 ], [ -53.10009212734974, -22.694392426169486, 0.0 ], [ -53.100091591353817, -22.694394059338322, 0.0 ], [ -53.100091055357893, -22.694395693406477, 0.0 ], [ -53.100090520261233, -22.694397327474633, 0.0 ], [ -53.10008998516463, -22.694398962442108, 0.0 ], [ -53.100089450068026, -22.694400596510263, 0.0 ], [ -53.100088915870742, -22.694402230578419, 0.0 ], [ -53.100088382572778, -22.694403865545894, 0.0 ], [ -53.100087849274757, -22.694405499614049, 0.0 ], [ -53.100087316876113, -22.694407134581525, 0.0 ], [ -53.100086784477469, -22.694408769549057, 0.0 ], [ -53.100086252978144, -22.694410405415852, 0.0 ], [ -53.10008572237814, -22.694412040383327, 0.0 ], [ -53.100085191778135, -22.694413676250122, 0.0 ], [ -53.10008466207745, -22.694415312116917, 0.0 ], [ -53.100084133276084, -22.694416947983711, 0.0 ], [ -53.100083605374039, -22.694418583850506, 0.0 ], [ -53.100083077471993, -22.694420220616621, 0.0 ], [ -53.100082551368587, -22.694421856483473, 0.0 ], [ -53.100082025265237, -22.694423494148907, 0.0 ], [ -53.100081500061151, -22.694425130915022, 0.0 ], [ -53.100080974857065, -22.694426767681136, 0.0 ], [ -53.100080451451618, -22.694428405346571, 0.0 ], [ -53.100079928945547, -22.694430043012005, 0.0 ], [ -53.10007940733874, -22.694431681576816, 0.0 ], [ -53.100078886631252, -22.69443331924225, 0.0 ], [ -53.100078365923821, -22.694434957807005, 0.0 ], [ -53.100077847014973, -22.694436597271078, 0.0 ], [ -53.100077329005501, -22.694438235835889, 0.0 ], [ -53.100076811895292, -22.694439875299963, 0.0 ], [ -53.10007629568446, -22.694441515663357, 0.0 ], [ -53.100075781272267, -22.694443155127487, 0.0 ], [ -53.100075266860017, -22.694444795490881, 0.0 ], [ -53.100074754246464, -22.694446436753594, 0.0 ], [ -53.10007424253223, -22.694448078016364, 0.0 ], [ -53.100073732616636, -22.694449719279078, 0.0 ], [ -53.100073222701042, -22.694451360541791, 0.0 ], [ -53.100072714584087, -22.694453002703881, 0.0 ], [ -53.100072206467132, -22.694454644865914, 0.0 ], [ -53.100071700148817, -22.694456287028004, 0.0 ], [ -53.100071193830502, -22.694457930089357, 0.0 ], [ -53.100070688411506, -22.694459573150709, 0.0 ], [ -53.10007018389183, -22.694461216212119, 0.0 ], [ -53.100069679372154, -22.694462859273472, 0.0 ], [ -53.100069174852479, -22.694464502334881, 0.0 ], [ -53.100068671232123, -22.694466146295554, 0.0 ], [ -53.100068167611823, -22.694467789356963, 0.0 ], [ -53.100067663991467, -22.694469432418316, 0.0 ], [ -53.100067160371111, -22.694471076379045, 0.0 ], [ -53.100066655851435, -22.694472719440398, 0.0 ], [ -53.100066152231079, -22.694474362501808, 0.0 ], [ -53.100065647711403, -22.69447600556316, 0.0 ], [ -53.100065143191785, -22.694477648624513, 0.0 ], [ -53.100064637772789, -22.694479291685923, 0.0 ], [ -53.100064131454474, -22.694480934747276, 0.0 ], [ -53.100063625136158, -22.694482576909365, 0.0 ], [ -53.100063117918523, -22.694484219071398, 0.0 ], [ -53.100062608902249, -22.694485861233488, 0.0 ], [ -53.100062099885974, -22.694487502496202, 0.0 ], [ -53.10006158997038, -22.694489144658235, 0.0 ], [ -53.10006107825609, -22.694490785021685, 0.0 ], [ -53.100060565642536, -22.694492426284398, 0.0 ], [ -53.100060051230344, -22.694494065748472, 0.0 ], [ -53.100059535918831, -22.694495706111923, 0.0 ], [ -53.100059018808622, -22.694497345575996, 0.0 ], [ -53.10005850079915, -22.694498984140751, 0.0 ], [ -53.100057980091663, -22.694500622705505, 0.0 ], [ -53.100057458484855, -22.694502260370996, 0.0 ], [ -53.100056934180145, -22.69450389803643, 0.0 ], [ -53.100056408076739, -22.694505533903225, 0.0 ], [ -53.100055880174693, -22.69450717066934, 0.0 ], [ -53.100055349574689, -22.694508805636815, 0.0 ], [ -53.100054817176044, -22.69451044060429, 0.0 ], [ -53.100054282079441, -22.694512074672446, 0.0 ], [ -53.100053744284821, -22.694513707841281, 0.0 ], [ -53.100053204691619, -22.694515340110797, 0.0 ], [ -53.100052662400401, -22.694516971480994, 0.0 ], [ -53.100052116511904, -22.69451860195187, 0.0 ], [ -53.100051568824824, -22.694520232422747, 0.0 ], [ -53.100051017540409, -22.694521861094984, 0.0 ], [ -53.100050463557977, -22.694523489767221, 0.0 ], [ -53.100049905978324, -22.694525116640762, 0.0 ], [ -53.100049345700711, -22.694526743514359, 0.0 ], [ -53.100048781825762, -22.694528368589317, 0.0 ], [ -53.100048215252912, -22.694529992764899, 0.0 ], [ -53.100047644183405, -22.694531616041218, 0.0 ], [ -53.10004707041594, -22.69453323841816, 0.0 ], [ -53.100046493051195, -22.694534859895839, 0.0 ], [ -53.100045912988435, -22.694536479574822, 0.0 ], [ -53.100045329328452, -22.694538099253805, 0.0 ], [ -53.100044742071134, -22.694539717134205, 0.0 ], [ -53.100044153015233, -22.694541335014549, 0.0 ], [ -53.100043560361996, -22.694542951995572, 0.0 ], [ -53.1000429650108, -22.694544567178013, 0.0 ], [ -53.100042366961645, -22.694546182360398, 0.0 ], [ -53.100041767113794, -22.694547796643462, 0.0 ], [ -53.10004116366872, -22.694549410027207, 0.0 ], [ -53.100040558425007, -22.694551023410952, 0.0 ], [ -53.100039950483279, -22.694552634996057, 0.0 ], [ -53.100039340742967, -22.694554246581163, 0.0 ], [ -53.100038728304639, -22.694555857266948, 0.0 ], [ -53.100038114067672, -22.694557467053414, 0.0 ], [ -53.100037498032066, -22.69455907683988, 0.0 ], [ -53.1000368792985, -22.694560685727026, 0.0 ], [ -53.100036259665615, -22.694562293714853, 0.0 ], [ -53.10003563823409, -22.694563901702679, 0.0 ], [ -53.100035015003925, -22.694565508791129, 0.0 ], [ -53.100034389975065, -22.694567115879636, 0.0 ], [ -53.100033763147621, -22.694568722068823, 0.0 ], [ -53.100033135420802, -22.69457032825801, 0.0 ], [ -53.100032506794719, -22.694571933547877, 0.0 ], [ -53.10003187636994, -22.694573538837687, 0.0 ], [ -53.100031245045898, -22.694575144127555, 0.0 ], [ -53.10003061192316, -22.694576748518102, 0.0 ], [ -53.100029978800421, -22.694578352908593, 0.0 ], [ -53.10002934477842, -22.694579956399821, 0.0 ], [ -53.100028709857042, -22.694581560790368, 0.0 ], [ -53.100028074036345, -22.694583164281539, 0.0 ], [ -53.100027437316328, -22.694584767772767, 0.0 ], [ -53.100026800596311, -22.694586370364675, 0.0 ], [ -53.100026162976974, -22.694587973855846, 0.0 ], [ -53.100025525357694, -22.694589576447754, 0.0 ], [ -53.100024887738357, -22.694591179039662, 0.0 ], [ -53.10002425011902, -22.694592781631513, 0.0 ], [ -53.100023611600363, -22.694594384223421, 0.0 ], [ -53.100022973081707, -22.694595987714592, 0.0 ], [ -53.10002233546237, -22.6945975903065, 0.0 ], [ -53.100021697843033, -22.694599192898409, 0.0 ], [ -53.100021060223696, -22.69460079549026, 0.0 ], [ -53.100020422604359, -22.694602398981488, 0.0 ], [ -53.100019785884342, -22.694604001573396, 0.0 ], [ -53.100019149164382, -22.694605605064567, 0.0 ], [ -53.100018513343684, -22.694607207656475, 0.0 ], [ -53.100017878422307, -22.694608811147646, 0.0 ], [ -53.100017243500929, -22.694610414638873, 0.0 ], [ -53.100016608579608, -22.694612019029421, 0.0 ], [ -53.10001597455755, -22.694613622520592, 0.0 ], [ -53.100015341434812, -22.69461522601182, 0.0 ], [ -53.100014707412754, -22.694616830402367, 0.0 ], [ -53.100014075189392, -22.694618434792915, 0.0 ], [ -53.100013442066654, -22.694620038284086, 0.0 ], [ -53.100012810742555, -22.694621642674633, 0.0 ], [ -53.100012178519194, -22.694623247065181, 0.0 ], [ -53.100011547195095, -22.694624851455671, 0.0 ], [ -53.100010915871053, -22.694626456745539, 0.0 ], [ -53.100010285446274, -22.694628061136086, 0.0 ], [ -53.100009655021495, -22.694629665526577, 0.0 ], [ -53.100009024596773, -22.694631270816444, 0.0 ], [ -53.100008395071313, -22.694632876106311, 0.0 ], [ -53.100008378883558, -22.694632916575813, 0.0 ] ] } },
{ "type": "Feature", "properties": { "Id": 0 }, "geometry": { "type": "LineString", "coordinates": [ [ -53.10015009854817, -22.694154059961875, 0.0 ], [ -53.100149814362396, -22.694155165228665, 0.0 ], [ -53.100149292755589, -22.694157193199885, 0.0 ], [ -53.100148769350199, -22.694159221171049, 0.0 ], [ -53.100148245944752, -22.694161248242949, 0.0 ], [ -53.100147720740665, -22.69416327531485, 0.0 ], [ -53.100147195536579, -22.69416530238675, 0.0 ], [ -53.10014666853391, -22.694167328559331, 0.0 ], [ -53.100146140631864, -22.694169354731912, 0.0 ], [ -53.100145611830499, -22.694171380904436, 0.0 ], [ -53.100145082129814, -22.694173407077017, 0.0 ], [ -53.100144550630489, -22.694175432350278, 0.0 ], [ -53.100144018231788, -22.694177456724219, 0.0 ], [ -53.100143484034504, -22.694179481997423, 0.0 ], [ -53.100142948937901, -22.694181506371365, 0.0 ], [ -53.100142412941977, -22.694183530745306, 0.0 ], [ -53.100141875147358, -22.694185554219928, 0.0 ], [ -53.100141335554156, -22.694187577694493, 0.0 ], [ -53.100140795061577, -22.694189600269794, 0.0 ], [ -53.100140251871096, -22.694191622845096, 0.0 ], [ -53.100139707781238, -22.694193644521022, 0.0 ], [ -53.100139161892741, -22.694195666197004, 0.0 ], [ -53.100138614205662, -22.694197687872929, 0.0 ], [ -53.100138065619205, -22.694199708649592, 0.0 ], [ -53.10013751433479, -22.694201728526878, 0.0 ], [ -53.100136961251735, -22.69420374840422, 0.0 ], [ -53.100136406370041, -22.694205768281563, 0.0 ], [ -53.10013584968965, -22.694207787259529, 0.0 ], [ -53.100135290311357, -22.694209805338176, 0.0 ], [ -53.100134730033744, -22.694211823416879, 0.0 ], [ -53.100134167058116, -22.694213840596206, 0.0 ], [ -53.100133601384528, -22.694215856876269, 0.0 ], [ -53.100133033912357, -22.694217873156276, 0.0 ], [ -53.10013246464149, -22.694219888536963, 0.0 ], [ -53.100131892672664, -22.694221903917708, 0.0 ], [ -53.100131318005879, -22.694223918399075, 0.0 ], [ -53.100130741540454, -22.694225931981123, 0.0 ], [ -53.10013016237707, -22.694227944663851, 0.0 ], [ -53.10012958051567, -22.694229957346636, 0.0 ], [ -53.100128996855688, -22.694231969130044, 0.0 ], [ -53.100128409598369, -22.694233980014133, 0.0 ], [ -53.100127820542468, -22.694235990898221, 0.0 ], [ -53.100127228788551, -22.69423800088299, 0.0 ], [ -53.100126633437355, -22.694240009968439, 0.0 ], [ -53.10012603628752, -22.694242018154569, 0.0 ], [ -53.100125435540349, -22.694244025441378, 0.0 ], [ -53.100124832994595, -22.694246032728188, 0.0 ], [ -53.100124226851563, -22.694248039115678, 0.0 ], [ -53.100123618010514, -22.694250044603848, 0.0 ], [ -53.100123006471506, -22.694252049192698, 0.0 ], [ -53.100122392234596, -22.694254053781492, 0.0 ], [ -53.100121775299669, -22.694256056571703, 0.0 ], [ -53.100121156566104, -22.694258059361914, 0.0 ], [ -53.100120534235202, -22.694260062152125, 0.0 ], [ -53.100119910105718, -22.69426206404296, 0.0 ], [ -53.100119284177595, -22.694264065034531, 0.0 ], [ -53.100118655551455, -22.694266065126783, 0.0 ], [ -53.100118025126733, -22.694268065218978, 0.0 ], [ -53.100117392003995, -22.69427006441191, 0.0 ], [ -53.100116757981937, -22.694272063604785, 0.0 ], [ -53.100116121261919, -22.694274061898398, 0.0 ], [ -53.10011548274332, -22.694276059292633, 0.0 ], [ -53.100114842426024, -22.694278056686926, 0.0 ], [ -53.100114200310031, -22.694280054081162, 0.0 ], [ -53.100113556395456, -22.694282050576135, 0.0 ], [ -53.100112910682242, -22.694284047071051, 0.0 ], [ -53.100112264069708, -22.694286042666704, 0.0 ], [ -53.100111615658477, -22.6942880382623, 0.0 ], [ -53.100110966347984, -22.694290032958634, 0.0 ], [ -53.100110315238794, -22.69429202765491, 0.0 ], [ -53.100109663230342, -22.694294022351187, 0.0 ], [ -53.100109009423193, -22.694296016148201, 0.0 ], [ -53.100108354716781, -22.694298009945157, 0.0 ], [ -53.100107699110993, -22.694300003742114, 0.0 ], [ -53.100107042605885, -22.694301996639808, 0.0 ], [ -53.100106385201457, -22.694303990436765, 0.0 ], [ -53.100105726897709, -22.694305983334402, 0.0 ], [ -53.100105067694699, -22.694307975332777, 0.0 ], [ -53.100104407592312, -22.694309968230414, 0.0 ], [ -53.100103747489925, -22.694311960228731, 0.0 ], [ -53.100103086488218, -22.694313953126368, 0.0 ], [ -53.100102424587192, -22.694315945124742, 0.0 ], [ -53.100101762686165, -22.69431793712306, 0.0 ], [ -53.100101100785139, -22.694319929121377, 0.0 ], [ -53.100100437984793, -22.694321920220375, 0.0 ], [ -53.100099775184447, -22.694323912218749, 0.0 ], [ -53.1000991123841, -22.694325904217067, 0.0 ], [ -53.100098448684435, -22.694327896215384, 0.0 ], [ -53.100097785884088, -22.694329887314382, 0.0 ], [ -53.100097123083742, -22.694331879312756, 0.0 ], [ -53.100096460283396, -22.694333871311073, 0.0 ], [ -53.10009579748305, -22.694335863309391, 0.0 ], [ -53.100095134682704, -22.694337855307708, 0.0 ], [ -53.100094472781677, -22.694339847306082, 0.0 ], [ -53.100093810880651, -22.6943418393044, 0.0 ], [ -53.100093149878944, -22.694343831302717, 0.0 ], [ -53.100092488877237, -22.694345824200354, 0.0 ], [ -53.10009182877485, -22.694347816198729, 0.0 ], [ -53.100091169571783, -22.694349809096366, 0.0 ], [ -53.100090510368716, -22.694351801994003, 0.0 ], [ -53.100089852964288, -22.694353795791017, 0.0 ], [ -53.10008919555986, -22.694355788688654, 0.0 ], [ -53.100088539054809, -22.694357782485611, 0.0 ], [ -53.100087884348341, -22.694359776282624, 0.0 ], [ -53.100087230541192, -22.694361770978901, 0.0 ], [ -53.100086577633419, -22.694363765675178, 0.0 ], [ -53.10008592562491, -22.694365760371511, 0.0 ], [ -53.100085274515777, -22.694367755067788, 0.0 ], [ -53.100084624305907, -22.694369750663441, 0.0 ], [ -53.100083975894734, -22.694371746259037, 0.0 ], [ -53.10008332748356, -22.694373741854633, 0.0 ], [ -53.100082679971649, -22.694375738349606, 0.0 ], [ -53.100082033359115, -22.694377733945203, 0.0 ], [ -53.100081387645901, -22.694379730440176, 0.0 ], [ -53.100080742831949, -22.694381727834411, 0.0 ], [ -53.100080098018054, -22.694383724329384, 0.0 ], [ -53.100079454103479, -22.6943857208243, 0.0 ], [ -53.100078810188904, -22.694387718218593, 0.0 ], [ -53.100078168072969, -22.694389715612829, 0.0 ], [ -53.100077525057714, -22.694391713007121, 0.0 ], [ -53.100076883841098, -22.694393710401357, 0.0 ], [ -53.100076241725162, -22.69439570779565, 0.0 ], [ -53.10007560050849, -22.694397705189886, 0.0 ], [ -53.100074960191193, -22.694399702584178, 0.0 ], [ -53.100074318974578, -22.694401700877734, 0.0 ], [ -53.100073678657282, -22.694403698272026, 0.0 ], [ -53.100073038339985, -22.694405696565582, 0.0 ], [ -53.100072398922009, -22.694407693959874, 0.0 ], [ -53.100071758604713, -22.69440969225343, 0.0 ], [ -53.100071118287417, -22.694411689647723, 0.0 ], [ -53.100070478869441, -22.694413687941278, 0.0 ], [ -53.100069838552145, -22.694415685335571, 0.0 ], [ -53.100069198234848, -22.694417683629126, 0.0 ], [ -53.100068558816872, -22.694419681023419, 0.0 ], [ -53.100067918499576, -22.694421679316974, 0.0 ], [ -53.10006727728296, -22.694423676711267, 0.0 ], [ -53.100066636965664, -22.694425674105503, 0.0 ], [ -53.100065995749048, -22.694427671499795, 0.0 ], [ -53.100065353633113, -22.694429668894031, 0.0 ], [ -53.100064712416497, -22.694431666288324, 0.0 ], [ -53.100064070300562, -22.69443366368256, 0.0 ], [ -53.100063427285306, -22.694435660177533, 0.0 ], [ -53.100062784270051, -22.694437656672449, 0.0 ], [ -53.100062140355476, -22.694439654066741, 0.0 ], [ -53.100061495541524, -22.694441650561657, 0.0 ], [ -53.10006085072763, -22.69444364615731, 0.0 ], [ -53.100060205014415, -22.694445642652227, 0.0 ], [ -53.100059558401881, -22.69444763824788, 0.0 ], [ -53.10005891088997, -22.694449633843476, 0.0 ], [ -53.100058263378116, -22.694451629439129, 0.0 ], [ -53.100057614067566, -22.694453625034726, 0.0 ], [ -53.100056963857753, -22.694455619731002, 0.0 ], [ -53.10005631364794, -22.694457614427336, 0.0 ], [ -53.100055661639431, -22.694459608224292, 0.0 ], [ -53.100055008731601, -22.694461602920569, 0.0 ], [ -53.100054354924509, -22.694463595818263, 0.0 ], [ -53.100053700218041, -22.69446558961522, 0.0 ], [ -53.100053043712933, -22.694467582512857, 0.0 ], [ -53.100052386308562, -22.694469575410551, 0.0 ], [ -53.100051728004814, -22.694471567408868, 0.0 ], [ -53.100051067902427, -22.694473559407186, 0.0 ], [ -53.100050406900721, -22.694475551405503, 0.0 ], [ -53.100049744100374, -22.694477542504558, 0.0 ], [ -53.100049080400709, -22.694479533603555, 0.0 ], [ -53.100048414902403, -22.694481523803233, 0.0 ], [ -53.100047747605402, -22.694483514002911, 0.0 ], [ -53.100047079409137, -22.69448550330327, 0.0 ], [ -53.100046409414233, -22.694487492603628, 0.0 ], [ -53.100045737620633, -22.694489481004723, 0.0 ], [ -53.10004506402845, -22.694491469405762, 0.0 ], [ -53.100044388637571, -22.69449345690748, 0.0 ], [ -53.100043712347428, -22.694495444409199, 0.0 ], [ -53.10004303335927, -22.694497431011598, 0.0 ], [ -53.100042353471792, -22.694499416714677, 0.0 ], [ -53.100041670886355, -22.694501402417757, 0.0 ], [ -53.100040987401599, -22.694503388120836, 0.0 ], [ -53.100040302118202, -22.694505372025276, 0.0 ], [ -53.100039615036167, -22.694507356829035, 0.0 ], [ -53.100038926155491, -22.694509340733418, 0.0 ], [ -53.10003823637544, -22.694511323738539, 0.0 ], [ -53.100037543897486, -22.694513306743659, 0.0 ], [ -53.100036850520212, -22.694515288849459, 0.0 ], [ -53.100036155344242, -22.694517270955259, 0.0 ], [ -53.100035458369689, -22.69451925216174, 0.0 ], [ -53.10003476049576, -22.694521233368164, 0.0 ], [ -53.100034060823191, -22.694523213675325, 0.0 ], [ -53.100033359352039, -22.694525193982486, 0.0 ], [ -53.100032656082192, -22.69452717339027, 0.0 ], [ -53.100031951913024, -22.694529151898791, 0.0 ], [ -53.100031245945218, -22.694531131306633, 0.0 ], [ -53.100030538178771, -22.694533108915778, 0.0 ], [ -53.100029829513005, -22.694535086524979, 0.0 ], [ -53.100029119048543, -22.694537064134181, 0.0 ], [ -53.100028407684817, -22.694539040844006, 0.0 ], [ -53.100027694522453, -22.694541017553888, 0.0 ], [ -53.100026979561392, -22.694542993364394, 0.0 ], [ -53.100026263701068, -22.694544969174956, 0.0 ], [ -53.100025546042048, -22.694546944086142, 0.0 ], [ -53.100024827483765, -22.694548918997384, 0.0 ], [ -53.100024107126785, -22.69455089390857, 0.0 ], [ -53.100023385870543, -22.694552867021173, 0.0 ], [ -53.100022662815604, -22.694554841033039, 0.0 ], [ -53.100021938861346, -22.694556814145585, 0.0 ], [ -53.100021213108448, -22.694558786358868, 0.0 ], [ -53.100020486456231, -22.694560758572095, 0.0 ], [ -53.100019758904693, -22.694562730785378, 0.0 ], [ -53.100019029554517, -22.694564702099285, 0.0 ], [ -53.10001829930502, -22.694566673413192, 0.0 ], [ -53.100017567256884, -22.694568643827779, 0.0 ], [ -53.100016834309429, -22.694570614242423, 0.0 ], [ -53.100016100462597, -22.69457258375769, 0.0 ], [ -53.100015364817182, -22.694574553272957, 0.0 ], [ -53.100014628272447, -22.694576522788225, 0.0 ], [ -53.100013890828336, -22.694578491404229, 0.0 ], [ -53.100013152484962, -22.694580459120857, 0.0 ], [ -53.100012412342892, -22.694582426837485, 0.0 ], [ -53.100011671301559, -22.694584394554113, 0.0 ], [ -53.100010929360849, -22.694586362270741, 0.0 ], [ -53.1000101856215, -22.694588329088049, 0.0 ], [ -53.100009441882207, -22.694590295006037, 0.0 ], [ -53.100008696344219, -22.694592261823402, 0.0 ], [ -53.10000795080623, -22.694594227741391, 0.0 ], [ -53.100007203469602, -22.694596192760059, 0.0 ], [ -53.100006455233654, -22.694598158678048, 0.0 ], [ -53.100005706997763, -22.694600122797397, 0.0 ], [ -53.100004956963176, -22.694602087816065, 0.0 ], [ -53.100004206029269, -22.694604051935414, 0.0 ], [ -53.100003455095361, -22.694606016054763, 0.0 ], [ -53.100002703262078, -22.694607980174112, 0.0 ], [ -53.100001949630212, -22.694609943394141, 0.0 ], [ -53.100001195998345, -22.69461190751349, 0.0 ], [ -53.100000441467159, -22.6946138698342, 0.0 ], [ -53.099999686935973, -22.694615833054229, 0.0 ], [ -53.099998930606148, -22.694617795374938, 0.0 ], [ -53.099998174276266, -22.694619757695591, 0.0 ], [ -53.099997417047121, -22.694621720016301, 0.0 ], [ -53.099996659817975, -22.69462368233701, 0.0 ], [ -53.099995900790134, -22.6946256437584, 0.0 ], [ -53.099995142661669, -22.694627606079109, 0.0 ], [ -53.099994427700665, -22.69462945148797, 0.0 ] ] } },
{ "type": "Feature", "properties": { "Id": 0 }, "geometry": { "type": "LineString", "coordinates": [ [ -53.100141554988738, -22.694151938461118, 0.0 ], [ -53.100141273500924, -22.694152976278815, 0.0 ], [ -53.100140799558233, -22.694154721862901, 0.0 ], [ -53.100140324716165, -22.694156467446987, 0.0 ], [ -53.100139849874154, -22.694158212131754, 0.0 ], [ -53.100139373233446, -22.69415995681652, 0.0 ], [ -53.100138895693419, -22.694161701501287, 0.0 ], [ -53.100138417254129, -22.694163446186053, 0.0 ], [ -53.100137937915463, -22.6941651899715, 0.0 ], [ -53.100137457677477, -22.694166933756946, 0.0 ], [ -53.100136975640851, -22.694168677542393, 0.0 ], [ -53.100136492704905, -22.69417042042852, 0.0 ], [ -53.100136008869697, -22.694172163314647, 0.0 ], [ -53.100135523235792, -22.694173906200774, 0.0 ], [ -53.100135036702568, -22.694175648187581, 0.0 ], [ -53.100134549269967, -22.694177390174389, 0.0 ], [ -53.100134060038783, -22.694179132161196, 0.0 ], [ -53.10013356900896, -22.694180873248683, 0.0 ], [ -53.100133077079818, -22.694182614336114, 0.0 ], [ -53.100132583351979, -22.694184354524282, 0.0 ], [ -53.100132088724877, -22.69418609471245, 0.0 ], [ -53.100131591399759, -22.694187834001298, 0.0 ], [ -53.100131093175378, -22.694189573290146, 0.0 ], [ -53.100130593152301, -22.694191312578994, 0.0 ], [ -53.100130092229904, -22.694193050968465, 0.0 ], [ -53.100129588609605, -22.694194789357994, 0.0 ], [ -53.100129083190609, -22.694196526848202, 0.0 ], [ -53.100128576872294, -22.694198263439034, 0.0 ], [ -53.100128067856019, -22.694200000929243, 0.0 ], [ -53.100127557041105, -22.694201736620812, 0.0 ], [ -53.100127045326815, -22.694203472312324, 0.0 ], [ -53.100126530914622, -22.694205208003893, 0.0 ], [ -53.100126015603109, -22.694206942796143, 0.0 ], [ -53.100125498492901, -22.694208677588335, 0.0 ], [ -53.100124979584109, -22.694210411481265, 0.0 ], [ -53.100124458876621, -22.694212145374138, 0.0 ], [ -53.100123937269871, -22.694213878367748, 0.0 ], [ -53.100123413864424, -22.694215611361358, 0.0 ], [ -53.100122889559657, -22.694217344354911, 0.0 ], [ -53.100122363456251, -22.694219076449201, 0.0 ], [ -53.100121836453525, -22.694220808543434, 0.0 ], [ -53.100121307652159, -22.694222539738348, 0.0 ], [ -53.100120777951474, -22.694224271832638, 0.0 ], [ -53.10012024645215, -22.694226002128232, 0.0 ], [ -53.100119714952825, -22.694227733323203, 0.0 ], [ -53.100119181654861, -22.694229463618797, 0.0 ], [ -53.100118647457577, -22.694231193914447, 0.0 ], [ -53.100118112360974, -22.694232924210041, 0.0 ], [ -53.100117576364994, -22.694234653606316, 0.0 ], [ -53.100117039469751, -22.694236383002647, 0.0 ], [ -53.100116500775869, -22.694238112398921, 0.0 ], [ -53.100115962081929, -22.694239841795195, 0.0 ], [ -53.100115422488727, -22.694241570292206, 0.0 ], [ -53.100114882895468, -22.69424329968848, 0.0 ], [ -53.100114341503627, -22.694245028185435, 0.0 ], [ -53.100113800111728, -22.694246755783126, 0.0 ], [ -53.100113257820567, -22.694248484280081, 0.0 ], [ -53.100112715529349, -22.694250212777035, 0.0 ], [ -53.100112171439491, -22.694251940374727, 0.0 ], [ -53.10011162824901, -22.694253667972362, 0.0 ], [ -53.100111084159153, -22.694255396469316, 0.0 ], [ -53.100110539170032, -22.694257124066951, 0.0 ], [ -53.100109994180855, -22.694258851664642, 0.0 ], [ -53.100109449191677, -22.694260579262277, 0.0 ], [ -53.1001089042025, -22.694262305960592, 0.0 ], [ -53.10010835831406, -22.694264033558284, 0.0 ], [ -53.100107812425563, -22.694265761155918, 0.0 ], [ -53.100107266537066, -22.694267488753553, 0.0 ], [ -53.100106720648625, -22.694269215451868, 0.0 ], [ -53.100106174760128, -22.69427094304956, 0.0 ], [ -53.100105627972312, -22.694272670647194, 0.0 ], [ -53.100105082083815, -22.694274398244829, 0.0 ], [ -53.100104536195374, -22.694276124943144, 0.0 ], [ -53.100103990306877, -22.694277852540836, 0.0 ], [ -53.1001034453177, -22.69427958013847, 0.0 ], [ -53.100102899429203, -22.694281307736105, 0.0 ], [ -53.100102354440082, -22.694283035333797, 0.0 ], [ -53.100101810350225, -22.694284762931431, 0.0 ], [ -53.100101265361047, -22.694286490529066, 0.0 ], [ -53.100100721271247, -22.694288219026021, 0.0 ], [ -53.100100178080709, -22.694289946623712, 0.0 ], [ -53.100099634890171, -22.694291675120667, 0.0 ], [ -53.10009909259901, -22.694293403617621, 0.0 ], [ -53.100098550307791, -22.694295131215313, 0.0 ], [ -53.10009800981527, -22.694296860611587, 0.0 ], [ -53.100097468423371, -22.694298589108541, 0.0 ], [ -53.100096928830169, -22.694300317605553, 0.0 ], [ -53.10009639013623, -22.694302047001827, 0.0 ], [ -53.100095851442347, -22.694303776398101, 0.0 ], [ -53.100095313647785, -22.694305505794432, 0.0 ], [ -53.100094777651805, -22.694307236090026, 0.0 ], [ -53.100094241655881, -22.69430896638562, 0.0 ], [ -53.100093706559278, -22.694310696681271, 0.0 ], [ -53.100093172361994, -22.694312426976865, 0.0 ], [ -53.100092638164654, -22.694314157272515, 0.0 ], [ -53.10009210486669, -22.694315888467429, 0.0 ], [ -53.100091572468045, -22.694317618763023, 0.0 ], [ -53.100091040968721, -22.694319349957993, 0.0 ], [ -53.100090509469396, -22.694321081152907, 0.0 ], [ -53.100089977970072, -22.694322812347878, 0.0 ], [ -53.100089447370067, -22.694324543542791, 0.0 ], [ -53.100088917669382, -22.694326275637081, 0.0 ], [ -53.100088387069377, -22.694328006831995, 0.0 ], [ -53.100087857368692, -22.694329738926285, 0.0 ], [ -53.100087327668007, -22.694331470121199, 0.0 ], [ -53.100086798866641, -22.694333202215489, 0.0 ], [ -53.100086269165956, -22.694334933410403, 0.0 ], [ -53.100085740364591, -22.694336665504636, 0.0 ], [ -53.100085210663906, -22.694338396699607, 0.0 ], [ -53.10008468186254, -22.69434012879384, 0.0 ], [ -53.100084152161855, -22.69434185998881, 0.0 ], [ -53.10008362246117, -22.694343592083044, 0.0 ], [ -53.100083092760485, -22.694345323278014, 0.0 ], [ -53.1000825630598, -22.694347054472928, 0.0 ], [ -53.100082032459795, -22.694348786567218, 0.0 ], [ -53.10008150185979, -22.694350517762132, 0.0 ], [ -53.100080971259786, -22.694352248957102, 0.0 ], [ -53.100080439760461, -22.694353980152016, 0.0 ], [ -53.100079907361817, -22.69435571044761, 0.0 ], [ -53.100079374963116, -22.69435744164258, 0.0 ], [ -53.100078842564471, -22.694359171938174, 0.0 ], [ -53.100078308367188, -22.694360902233825, 0.0 ], [ -53.100077774169904, -22.694362632529419, 0.0 ], [ -53.1000772390733, -22.694364362825013, 0.0 ], [ -53.10007670307732, -22.694366092221344, 0.0 ], [ -53.100076167081397, -22.694367822516938, 0.0 ], [ -53.100075629286835, -22.694369551913269, 0.0 ], [ -53.100075091492215, -22.694371280410223, 0.0 ], [ -53.100074551899013, -22.694373009806498, 0.0 ], [ -53.100074011406434, -22.694374738303509, 0.0 ], [ -53.100073470014593, -22.694376465901144, 0.0 ], [ -53.100072927723375, -22.694378194398098, 0.0 ], [ -53.100072384532893, -22.694379921995733, 0.0 ], [ -53.100071839543716, -22.694381649593424, 0.0 ], [ -53.100071293655219, -22.694383376291739, 0.0 ], [ -53.100070745968083, -22.694385102990054, 0.0 ], [ -53.100070197381683, -22.69438682878905, 0.0 ], [ -53.100069646996587, -22.694388554588102, 0.0 ], [ -53.100069095712172, -22.694390280387097, 0.0 ], [ -53.100068542629117, -22.694392005286772, 0.0 ], [ -53.100067988646742, -22.694393730186448, 0.0 ], [ -53.100067433764991, -22.694395454186804, 0.0 ], [ -53.100066877084657, -22.694397179086479, 0.0 ], [ -53.100066318605684, -22.694398902187515, 0.0 ], [ -53.100065759227391, -22.694400625288608, 0.0 ], [ -53.100065198949721, -22.694402348389644, 0.0 ], [ -53.100064637772789, -22.694404071490681, 0.0 ], [ -53.10006407479716, -22.694405793692397, 0.0 ], [ -53.100063510022949, -22.694407515894113, 0.0 ], [ -53.100062945248681, -22.69440923719651, 0.0 ], [ -53.100062378675773, -22.694410958498906, 0.0 ], [ -53.100061811203602, -22.694412679801303, 0.0 ], [ -53.100061242832055, -22.69441440020438, 0.0 ], [ -53.100060673561188, -22.694416120607457, 0.0 ], [ -53.100060102491682, -22.694417841010534, 0.0 ], [ -53.100059531422175, -22.694419561413611, 0.0 ], [ -53.10005895855403, -22.694421280917311, 0.0 ], [ -53.100058384786564, -22.694423000421068, 0.0 ], [ -53.100057811019099, -22.694424719025506, 0.0 ], [ -53.100057235452994, -22.694426438529263, 0.0 ], [ -53.100056658987569, -22.6944281571337, 0.0 ], [ -53.100056081622824, -22.694429874838818, 0.0 ], [ -53.10005550335876, -22.694431593443255, 0.0 ], [ -53.100054924195376, -22.694433311148373, 0.0 ], [ -53.100054345031936, -22.694435028853434, 0.0 ], [ -53.100053764069912, -22.694436746558551, 0.0 ], [ -53.100053183107889, -22.694438463364349, 0.0 ], [ -53.100052600347169, -22.694440180170147, 0.0 ], [ -53.100052017586506, -22.694441896975945, 0.0 ], [ -53.100051433926467, -22.694443613781687, 0.0 ], [ -53.100050849367165, -22.694445330587484, 0.0 ], [ -53.100050264807805, -22.694447046493963, 0.0 ], [ -53.100049679349183, -22.694448762400441, 0.0 ], [ -53.100049092991185, -22.694450478306862, 0.0 ], [ -53.100048505733923, -22.694452194213341, 0.0 ], [ -53.100047918476605, -22.694453909220499, 0.0 ], [ -53.100047330320024, -22.694455625126977, 0.0 ], [ -53.100046742163386, -22.694457340134079, 0.0 ], [ -53.100046153107428, -22.694459055141238, 0.0 ], [ -53.10004556315215, -22.694460770148396, 0.0 ], [ -53.10004497319693, -22.694462485155498, 0.0 ], [ -53.100044382342332, -22.694464199263336, 0.0 ], [ -53.100043791487735, -22.694465914270495, 0.0 ], [ -53.100043199733818, -22.694467628378277, 0.0 ], [ -53.100042607979958, -22.694469342486116, 0.0 ], [ -53.100042015326721, -22.694471056593954, 0.0 ], [ -53.100041422673485, -22.694472770701736, 0.0 ], [ -53.100040830020248, -22.694474484809575, 0.0 ], [ -53.100040236467692, -22.694476198917414, 0.0 ], [ -53.100039642915135, -22.694477913025196, 0.0 ], [ -53.100039049362579, -22.694479626233715, 0.0 ], [ -53.100038455810022, -22.694481340341554, 0.0 ], [ -53.100037861358146, -22.694483053550016, 0.0 ], [ -53.100037266906327, -22.694484767657855, 0.0 ], [ -53.100036671555131, -22.694486480866374, 0.0 ], [ -53.100036077103255, -22.694488194074836, 0.0 ], [ -53.100035481752059, -22.694489907283355, 0.0 ], [ -53.100034886400863, -22.694491620491874, 0.0 ], [ -53.100034291948987, -22.694493334599656, 0.0 ], [ -53.100033696597791, -22.694495047808175, 0.0 ], [ -53.100033101246595, -22.694496761016637, 0.0 ], [ -53.100032504996079, -22.694498474225156, 0.0 ], [ -53.100031909644883, -22.694500187433675, 0.0 ], [ -53.100031314293688, -22.694501900642138, 0.0 ], [ -53.100030718942492, -22.694503613850657, 0.0 ], [ -53.100030123591296, -22.694505327059176, 0.0 ], [ -53.10002952734078, -22.694507040267638, 0.0 ], [ -53.100028931989584, -22.694508753476157, 0.0 ], [ -53.100028335739069, -22.694510466684619, 0.0 ], [ -53.100027739488553, -22.694512179893138, 0.0 ], [ -53.100027144137357, -22.694513892202338, 0.0 ], [ -53.100026546987522, -22.6945156054108, 0.0 ], [ -53.100025950737006, -22.694517318619319, 0.0 ], [ -53.100025353587171, -22.694519030928461, 0.0 ], [ -53.100024756437335, -22.69452074413698, 0.0 ], [ -53.1000241592875, -22.69452245644618, 0.0 ], [ -53.100023561238345, -22.694524168755322, 0.0 ], [ -53.100022963189133, -22.694525881064521, 0.0 ], [ -53.100022365139978, -22.694527593373664, 0.0 ], [ -53.100021766191503, -22.694529305682863, 0.0 ], [ -53.100021167243028, -22.694531017992063, 0.0 ], [ -53.100020567395234, -22.694532730301205, 0.0 ], [ -53.100019967547439, -22.694534441711085, 0.0 ], [ -53.100019367699645, -22.694536153120907, 0.0 ], [ -53.100018766053154, -22.694537864530787, 0.0 ], [ -53.100018165306039, -22.69453957594061, 0.0 ], [ -53.100017562760286, -22.694541287350489, 0.0 ], [ -53.100016961113795, -22.694542998760312, 0.0 ], [ -53.100016357668721, -22.694544709270872, 0.0 ], [ -53.100015754223648, -22.694546419781375, 0.0 ], [ -53.100015149879198, -22.694548130291935, 0.0 ], [ -53.100014544635485, -22.694549840802438, 0.0 ], [ -53.100013939391772, -22.694551550413678, 0.0 ], [ -53.100013333248683, -22.694553260024861, 0.0 ], [ -53.10001272620633, -22.694554969636101, 0.0 ], [ -53.100012119163921, -22.694556679247285, 0.0 ], [ -53.100011510322929, -22.694558387959205, 0.0 ], [ -53.10001090148188, -22.694560097570388, 0.0 ], [ -53.100010291741512, -22.694561805382989, 0.0 ], [ -53.100009681101881, -22.694563514094853, 0.0 ], [ -53.100009069562873, -22.694565221907396, 0.0 ], [ -53.100008457124545, -22.694566929719997, 0.0 ], [ -53.100007843786898, -22.694568637532541, 0.0 ], [ -53.100007229549988, -22.694570344445822, 0.0 ], [ -53.100006614413701, -22.694572052258366, 0.0 ], [ -53.100005998378094, -22.69457375827227, 0.0 ], [ -53.100005382342488, -22.694575465185551, 0.0 ], [ -53.100004763608922, -22.694577171199455, 0.0 ], [ -53.100004144875356, -22.69457887631404, 0.0 ], [ -53.100003525242471, -22.694580582327944, 0.0 ], [ -53.100002904710266, -22.694582287442586, 0.0 ], [ -53.100002282379364, -22.694583991657851, 0.0 ], [ -53.1000016591492, -22.694585696772435, 0.0 ], [ -53.100001035019716, -22.69458740008838, 0.0 ], [ -53.100000409990912, -22.694589104303702, 0.0 ], [ -53.099999783163412, -22.694590807619647, 0.0 ], [ -53.099999155436649, -22.694592510036273, 0.0 ], [ -53.099998526810509, -22.694594213352218, 0.0 ], [ -53.099997896385787, -22.694595914869524, 0.0 ], [ -53.099997265061688, -22.694597617286149, 0.0 ], [ -53.09999663283827, -22.694599317904135, 0.0 ], [ -53.099995998816269, -22.694601019421441, 0.0 ], [ -53.099995363894891, -22.694602720039427, 0.0 ], [ -53.099994727174874, -22.694604419758093, 0.0 ], [ -53.099994089555537, -22.694606119476759, 0.0 ], [ -53.09999345103688, -22.694607819195483, 0.0 ], [ -53.099992810719584, -22.694609518014772, 0.0 ], [ -53.099992169502968, -22.694611216834119, 0.0 ], [ -53.099991528286353, -22.694612915653465, 0.0 ], [ -53.099990884371778, -22.694614613573492, 0.0 ], [ -53.099990240457203, -22.694616311493519, 0.0 ], [ -53.099989595643308, -22.694618008514226, 0.0 ], [ -53.099988949030717, -22.694619705534933, 0.0 ], [ -53.099988302418183, -22.69462140255564, 0.0 ], [ -53.099987654906329, -22.694623098677027, 0.0 ], [ -53.099987005595779, -22.694624795697734, 0.0 ], [ -53.099986356285285, -22.694626490919802, 0.0 ], [ -53.099986021737493, -22.694627364161477, 0.0 ] ] } },
{ "type": "Feature", "properties": { "Id": 0 }, "geometry": { "type": "LineString", "coordinates": [ [ -53.100127796260722, -22.694148521037391, 0.0 ], [ -53.10012759751055, -22.694149213515345, 0.0 ], [ -53.100127007555329, -22.694151265768255, 0.0 ], [ -53.100126417600052, -22.694153318021165, 0.0 ], [ -53.100125827644774, -22.694155370274075, 0.0 ], [ -53.100125237689554, -22.694157422526985, 0.0 ], [ -53.100124646834956, -22.694159474779894, 0.0 ], [ -53.100124055980359, -22.694161527032804, 0.0 ], [ -53.100123464226442, -22.694163579285714, 0.0 ], [ -53.100122872472525, -22.694165630639304, 0.0 ], [ -53.100122280718665, -22.694167682892214, 0.0 ], [ -53.100121688065428, -22.694169734245804, 0.0 ], [ -53.100121095412192, -22.694171785599394, 0.0 ], [ -53.100120502758955, -22.694173836952984, 0.0 ], [ -53.100119909206398, -22.694175888306575, 0.0 ], [ -53.100119315653842, -22.694177939660165, 0.0 ], [ -53.100118721201966, -22.694179991013755, 0.0 ], [ -53.10011812585077, -22.694182042367345, 0.0 ], [ -53.100117531398894, -22.694184093720878, 0.0 ], [ -53.100116936047698, -22.694186144175148, 0.0 ], [ -53.100116339797182, -22.694188194629419, 0.0 ], [ -53.100115742647347, -22.694190245983009, 0.0 ], [ -53.100115146396831, -22.694192296437279, 0.0 ], [ -53.100114548347676, -22.69419434599223, 0.0 ], [ -53.100113950298521, -22.6941963964465, 0.0 ], [ -53.100113352249366, -22.694198446900771, 0.0 ], [ -53.100112753300891, -22.694200496455721, 0.0 ], [ -53.100112153453097, -22.694202546909992, 0.0 ], [ -53.100111553605245, -22.694204596464886, 0.0 ], [ -53.100110952858131, -22.694206646019836, 0.0 ], [ -53.100110351211697, -22.694208695574787, 0.0 ], [ -53.100109749565263, -22.694210744230418, 0.0 ], [ -53.100109147019452, -22.694212793785368, 0.0 ], [ -53.100108543574379, -22.694214842440999, 0.0 ], [ -53.100107940129305, -22.69421689109663, 0.0 ], [ -53.100107335784855, -22.694218939752204, 0.0 ], [ -53.100106730541142, -22.694220988407835, 0.0 ], [ -53.100106124398053, -22.694223036164146, 0.0 ], [ -53.10010551825502, -22.694225084819777, 0.0 ], [ -53.100104911212668, -22.694227132576088, 0.0 ], [ -53.100104303270939, -22.694229180332343, 0.0 ], [ -53.10010369442989, -22.694231227189334, 0.0 ], [ -53.100103085588898, -22.694233274945645, 0.0 ], [ -53.10010247494921, -22.694235321802637, 0.0 ], [ -53.100101864309522, -22.694237368659572, 0.0 ], [ -53.100101252770571, -22.694239415516563, 0.0 ], [ -53.100100640332244, -22.694241462373554, 0.0 ], [ -53.100100026994596, -22.694243508331226, 0.0 ], [ -53.100099413656949, -22.694245555188161, 0.0 ], [ -53.100098798520719, -22.694247601145833, 0.0 ], [ -53.100098183384432, -22.694249646204185, 0.0 ], [ -53.100097567348826, -22.694251692161799, 0.0 ], [ -53.100096950413899, -22.694253737220151, 0.0 ], [ -53.100096332579653, -22.694255782278503, 0.0 ], [ -53.100095714745407, -22.694257827336799, 0.0 ], [ -53.100095095112522, -22.694259872395151, 0.0 ], [ -53.100094475479636, -22.694261917453503, 0.0 ], [ -53.100093855846751, -22.694263961612478, 0.0 ], [ -53.100093234415169, -22.69426600577151, 0.0 ], [ -53.100092612983644, -22.694268049930542, 0.0 ], [ -53.1000919906528, -22.694270094089518, 0.0 ], [ -53.100091367422635, -22.69427213824855, 0.0 ], [ -53.100090744192471, -22.694274181508206, 0.0 ], [ -53.10009012006293, -22.694276224767918, 0.0 ], [ -53.100089495034126, -22.694278268926951, 0.0 ], [ -53.100088869106003, -22.694280311287287, 0.0 ], [ -53.100088243177822, -22.694282354546999, 0.0 ], [ -53.100087616350379, -22.694284397806655, 0.0 ], [ -53.100086989522879, -22.694286440167048, 0.0 ], [ -53.100086361796116, -22.694288482527384, 0.0 ], [ -53.100085733170033, -22.694290524887776, 0.0 ], [ -53.100085103644574, -22.694292567248112, 0.0 ], [ -53.100084474119171, -22.694294609608505, 0.0 ], [ -53.100083844593712, -22.694296651968841, 0.0 ], [ -53.100083214168933, -22.694298693429914, 0.0 ], [ -53.100082582844891, -22.69430073489093, 0.0 ], [ -53.100081950621473, -22.694302776352004, 0.0 ], [ -53.100081318398111, -22.69430481781302, 0.0 ], [ -53.100080686174692, -22.694306859274093, 0.0 ], [ -53.100080053051954, -22.694308900735109, 0.0 ], [ -53.100079419029896, -22.694310941296862, 0.0 ], [ -53.100078785007895, -22.694312982757879, 0.0 ], [ -53.100078150985837, -22.694315023319632, 0.0 ], [ -53.100077516064459, -22.694317063881329, 0.0 ], [ -53.100076880243762, -22.694319104443082, 0.0 ], [ -53.100076244423121, -22.694321145004778, 0.0 ], [ -53.100075607703104, -22.694323185566532, 0.0 ], [ -53.100074970983087, -22.694325226128228, 0.0 ], [ -53.10007433426307, -22.694327265790662, 0.0 ], [ -53.100073696643733, -22.694329306352358, 0.0 ], [ -53.100073058125076, -22.694331346014735, 0.0 ], [ -53.10007242050574, -22.694333385677169, 0.0 ], [ -53.100071781087763, -22.694335425339546, 0.0 ], [ -53.100071142569107, -22.694337465001979, 0.0 ], [ -53.10007050315113, -22.694339504664356, 0.0 ], [ -53.100069862833834, -22.69434154432679, 0.0 ], [ -53.100069222516538, -22.694343583089847, 0.0 ], [ -53.100068582199242, -22.694345622752223, 0.0 ], [ -53.100067940982626, -22.694347661515337, 0.0 ], [ -53.10006729976601, -22.694349701177714, 0.0 ], [ -53.100066658549395, -22.694351739940828, 0.0 ], [ -53.100066017332779, -22.694353778703885, 0.0 ], [ -53.100065375216843, -22.694355817466942, 0.0 ], [ -53.100064732201588, -22.694357856230056, 0.0 ], [ -53.100064090085652, -22.694359894993113, 0.0 ], [ -53.100063447070397, -22.69436193375617, 0.0 ], [ -53.100062804055142, -22.694363972519284, 0.0 ], [ -53.10006216014051, -22.694366010383021, 0.0 ], [ -53.100061516225935, -22.694368049146078, 0.0 ], [ -53.10006087231136, -22.694370087009872, 0.0 ], [ -53.100060227497465, -22.694372125772929, 0.0 ], [ -53.100059582683571, -22.694374163636724, 0.0 ], [ -53.100058936970299, -22.694376201500461, 0.0 ], [ -53.100058291257085, -22.694378239364198, 0.0 ], [ -53.100057644644551, -22.694380277227992, 0.0 ], [ -53.100056998032017, -22.69438231419241, 0.0 ], [ -53.100056350520106, -22.694384352056147, 0.0 ], [ -53.100055703008252, -22.694386389020565, 0.0 ], [ -53.100055054597078, -22.694388425985039, 0.0 ], [ -53.100054406185848, -22.694390462949457, 0.0 ], [ -53.100053755976035, -22.694392499913874, 0.0 ], [ -53.100053105766165, -22.694394536878349, 0.0 ], [ -53.100052455556352, -22.694396572943447, 0.0 ], [ -53.100051803547842, -22.694398609008545, 0.0 ], [ -53.10005115153939, -22.694400645073642, 0.0 ], [ -53.10005049953088, -22.694402681138797, 0.0 ], [ -53.100049845723788, -22.694404717203895, 0.0 ], [ -53.10004919101732, -22.694406752369673, 0.0 ], [ -53.100048536310851, -22.694408787535451, 0.0 ], [ -53.100047880705063, -22.694410822701286, 0.0 ], [ -53.100047224200011, -22.694412857867064, 0.0 ], [ -53.100046566795584, -22.694414892133523, 0.0 ], [ -53.100045908491836, -22.694416926399981, 0.0 ], [ -53.100045250188089, -22.694418960666439, 0.0 ], [ -53.100044590085702, -22.694420994932898, 0.0 ], [ -53.100043929083995, -22.694423028300093, 0.0 ], [ -53.100043267182969, -22.694425061667232, 0.0 ], [ -53.100042605281942, -22.694427094135051, 0.0 ], [ -53.100041941582276, -22.69442912750219, 0.0 ], [ -53.100041276983291, -22.694431159970009, 0.0 ], [ -53.100040611484985, -22.694433192437828, 0.0 ], [ -53.10003994508736, -22.694435224006327, 0.0 ], [ -53.100039277790415, -22.694437255574826, 0.0 ], [ -53.100038608694774, -22.694439287143325, 0.0 ], [ -53.10003793869987, -22.694441318711824, 0.0 ], [ -53.100037268704966, -22.694443349381004, 0.0 ], [ -53.100036596012046, -22.694445379150864, 0.0 ], [ -53.100035923319183, -22.694447409820043, 0.0 ], [ -53.100035248827623, -22.694449439589903, 0.0 ], [ -53.100034574336121, -22.694451468460443, 0.0 ], [ -53.100033897146602, -22.694453498230303, 0.0 ], [ -53.100033219957083, -22.694455527100843, 0.0 ], [ -53.100032540968925, -22.694457555072063, 0.0 ], [ -53.100031860182185, -22.694459583043283, 0.0 ], [ -53.100031178496067, -22.694461611014503, 0.0 ], [ -53.10003049591063, -22.694463638086404, 0.0 ], [ -53.100029811526554, -22.694465665158248, 0.0 ], [ -53.100029126243157, -22.694467691330829, 0.0 ], [ -53.100028440060441, -22.694469717503409, 0.0 ], [ -53.100027751179709, -22.69447174367599, 0.0 ], [ -53.100027062299034, -22.694473768949251, 0.0 ], [ -53.10002637161972, -22.694475794222456, 0.0 ], [ -53.100025679141766, -22.694477818596397, 0.0 ], [ -53.100024985764435, -22.694479842970338, 0.0 ], [ -53.100024291487841, -22.69448186644496, 0.0 ], [ -53.100023595412551, -22.694483889919525, 0.0 ], [ -53.100022898437999, -22.694485913394146, 0.0 ], [ -53.100022200564069, -22.694487935969448, 0.0 ], [ -53.100021500891501, -22.694489958544693, 0.0 ], [ -53.100020800319612, -22.694491981119995, 0.0 ], [ -53.100020097949141, -22.694494002795921, 0.0 ], [ -53.100019394679293, -22.694496023572583, 0.0 ], [ -53.100018690510126, -22.694498045248565, 0.0 ], [ -53.100017984542319, -22.694500065125851, 0.0 ], [ -53.100017277675192, -22.694502085902513, 0.0 ], [ -53.100016569009426, -22.694504105779799, 0.0 ], [ -53.10001586034366, -22.694506124757822, 0.0 ], [ -53.100015149879198, -22.694508144635108, 0.0 ], [ -53.100014437616153, -22.694510163613131, 0.0 ], [ -53.100013724453788, -22.694512181691778, 0.0 ], [ -53.100013011291423, -22.694514199770481, 0.0 ], [ -53.100012295431043, -22.694516217849127, 0.0 ], [ -53.100011579570719, -22.694518235028454, 0.0 ], [ -53.100010861911699, -22.694520252207838, 0.0 ], [ -53.100010143353416, -22.694522268487844, 0.0 ], [ -53.100009422996436, -22.694524284767908, 0.0 ], [ -53.100008702639457, -22.694526301047915, 0.0 ], [ -53.100007980483895, -22.694528316428602, 0.0 ], [ -53.100007257428956, -22.694530331809347, 0.0 ], [ -53.100006532575378, -22.694532347190034, 0.0 ], [ -53.1000058077218, -22.694534361671401, 0.0 ], [ -53.100005081069583, -22.694536376152769, 0.0 ], [ -53.100004353518045, -22.694538389734873, 0.0 ], [ -53.100003625067188, -22.694540403316921, 0.0 ], [ -53.100002894817692, -22.694542416898969, 0.0 ], [ -53.100002164568195, -22.694544429581697, 0.0 ], [ -53.10000143252006, -22.694546442264482, 0.0 ], [ -53.100000699572604, -22.69454845494721, 0.0 ], [ -53.099999965725772, -22.694550466730618, 0.0 ], [ -53.099999230080357, -22.694552478514026, 0.0 ], [ -53.099998494434942, -22.694554489398115, 0.0 ], [ -53.099997756990831, -22.694556500282204, 0.0 ], [ -53.099997018647457, -22.694558511166292, 0.0 ], [ -53.099996280304026, -22.694560521151061, 0.0 ], [ -53.099995540162013, -22.69456253113583, 0.0 ], [ -53.099994799120623, -22.694564541120656, 0.0 ], [ -53.09999405628065, -22.694566550206105, 0.0 ], [ -53.099993313440621, -22.694568559291554, 0.0 ], [ -53.099992569701271, -22.694570568377003, 0.0 ], [ -53.09999182416334, -22.694572576563132, 0.0 ], [ -53.099991078625351, -22.694574584749262, 0.0 ], [ -53.099990332188042, -22.694576592036071, 0.0 ], [ -53.099989584851414, -22.694578600222201, 0.0 ], [ -53.099988835716147, -22.69458060750901, 0.0 ], [ -53.099988086580879, -22.694582613896443, 0.0 ], [ -53.099987336546292, -22.694584621183253, 0.0 ], [ -53.099986585612385, -22.694586627570743, 0.0 ], [ -53.099985834678478, -22.694588633958233, 0.0 ], [ -53.099985081945931, -22.694590639446403, 0.0 ], [ -53.099984329213385, -22.694592645833893, 0.0 ], [ -53.099983575581518, -22.694594651322063, 0.0 ], [ -53.099982821050332, -22.694596656810234, 0.0 ], [ -53.09998206561977, -22.694598661399084, 0.0 ], [ -53.099981310189264, -22.694600666887197, 0.0 ], [ -53.099980552960119, -22.694602671476048, 0.0 ], [ -53.099979796630294, -22.694604676064898, 0.0 ], [ -53.099979038501772, -22.694606679754429, 0.0 ], [ -53.099978280373307, -22.694608684343279, 0.0 ], [ -53.099977521345465, -22.694610688032753, 0.0 ], [ -53.099976762317681, -22.694612691722284, 0.0 ], [ -53.099976002390576, -22.694614695411815, 0.0 ], [ -53.099975241564096, -22.694616699101346, 0.0 ], [ -53.099974480737671, -22.694618701891557, 0.0 ], [ -53.099973719911191, -22.694620704681711, 0.0 ], [ -53.099972958185447, -22.694622708371242, 0.0 ], [ -53.099972467155567, -22.694623997999088, 0.0 ] ] } },
{ "type": "Feature", "properties": { "Id": 0 }, "geometry": { "type": "LineString", "coordinates": [ [ -53.100119412780657, -22.694146439106817, 0.0 ], [ -53.100119189748739, -22.694147259288513, 0.0 ], [ -53.100118613283314, -22.694149372695335, 0.0 ], [ -53.10011803591857, -22.694151486102157, 0.0 ], [ -53.100117457654505, -22.694153599508979, 0.0 ], [ -53.100116878491121, -22.694155712915801, 0.0 ], [ -53.100116298428361, -22.694157825423247, 0.0 ], [ -53.100115717466338, -22.694159937930749, 0.0 ], [ -53.100115135604995, -22.694162050438251, 0.0 ], [ -53.100114552844275, -22.694164162945697, 0.0 ], [ -53.100113969184292, -22.694166274553879, 0.0 ], [ -53.100113383725613, -22.694168386162062, 0.0 ], [ -53.100112798266991, -22.694170497770187, 0.0 ], [ -53.100112211009673, -22.69417260937837, 0.0 ], [ -53.100111622853092, -22.694174720087233, 0.0 ], [ -53.100111033797134, -22.694176830796039, 0.0 ], [ -53.100110442942537, -22.694178940605582, 0.0 ], [ -53.10010985118862, -22.694181051314445, 0.0 ], [ -53.10010925853544, -22.694183160224611, 0.0 ], [ -53.100108664083564, -22.694185270034154, 0.0 ], [ -53.100108067833048, -22.694187378944321, 0.0 ], [ -53.100107470683156, -22.694189487854544, 0.0 ], [ -53.100106872634001, -22.694191596764711, 0.0 ], [ -53.100106272786206, -22.694193704775614, 0.0 ], [ -53.100105671139772, -22.694195811887141, 0.0 ], [ -53.100105068594019, -22.694197919898045, 0.0 ], [ -53.100104464249569, -22.694200027009572, 0.0 ], [ -53.100103859005856, -22.694202133221836, 0.0 ], [ -53.100103251963446, -22.694204239434043, 0.0 ], [ -53.100102643122455, -22.694206345646307, 0.0 ], [ -53.100102032482766, -22.694208450959195, 0.0 ], [ -53.100101420943759, -22.694210556272083, 0.0 ], [ -53.100100808505488, -22.694212661585027, 0.0 ], [ -53.100100194268521, -22.694214765998595, 0.0 ], [ -53.100099578232914, -22.69421687041222, 0.0 ], [ -53.100098961297988, -22.694218973926468, 0.0 ], [ -53.100098342564422, -22.694221077440716, 0.0 ], [ -53.100097722931537, -22.694223180954964, 0.0 ], [ -53.100097101500012, -22.694225283569949, 0.0 ], [ -53.100096478269791, -22.694227386184878, 0.0 ], [ -53.100095854140307, -22.694229488799806, 0.0 ], [ -53.100095229111503, -22.694231590515471, 0.0 ], [ -53.100094602284003, -22.69423369133176, 0.0 ], [ -53.10009397365792, -22.694235793047369, 0.0 ], [ -53.100093344132461, -22.694237893863658, 0.0 ], [ -53.100092712808419, -22.694239993780627, 0.0 ], [ -53.100092080585, -22.694242093697596, 0.0 ], [ -53.100091447462262, -22.694244193614622, 0.0 ], [ -53.100090812540941, -22.694246293531592, 0.0 ], [ -53.100090175820924, -22.694248392549241, 0.0 ], [ -53.100089538201587, -22.694250490667571, 0.0 ], [ -53.10008889968293, -22.69425258968522, 0.0 ], [ -53.100088259365634, -22.69425468780355, 0.0 ], [ -53.100087618149018, -22.69425678502256, 0.0 ], [ -53.100086975133763, -22.69425888224157, 0.0 ], [ -53.100086331219188, -22.69426097946058, 0.0 ], [ -53.100085685505917, -22.69426307667959, 0.0 ], [ -53.100085038893383, -22.69426517299928, 0.0 ], [ -53.100084391381529, -22.694267268419651, 0.0 ], [ -53.100083742070979, -22.694269364739341, 0.0 ], [ -53.100083091861165, -22.694271459260392, 0.0 ], [ -53.100082440751976, -22.694273554680763, 0.0 ], [ -53.100081787844204, -22.694275649201813, 0.0 ], [ -53.100081133137735, -22.694277743722864, 0.0 ], [ -53.100080478431266, -22.694279838243915, 0.0 ], [ -53.100079821926215, -22.694281931865646, 0.0 ], [ -53.100079163622468, -22.694284024588001, 0.0 ], [ -53.10007850531872, -22.694286118209732, 0.0 ], [ -53.100077845216333, -22.694288210932143, 0.0 ], [ -53.100077183315307, -22.694290302755235, 0.0 ], [ -53.10007652141428, -22.694292395477646, 0.0 ], [ -53.100075857714614, -22.694294487300681, 0.0 ], [ -53.100075192216309, -22.694296578224453, 0.0 ], [ -53.100074526718004, -22.694298669148225, 0.0 ], [ -53.100073859421059, -22.694300760071997, 0.0 ], [ -53.100073191224737, -22.694302850995712, 0.0 ], [ -53.100072521229833, -22.694304941020164, 0.0 ], [ -53.100071851234929, -22.694307030145296, 0.0 ], [ -53.100071179441329, -22.694309120169692, 0.0 ], [ -53.100070505849146, -22.694311209294824, 0.0 ], [ -53.100069832256906, -22.694313297520637, 0.0 ], [ -53.100069156866027, -22.694315386645712, 0.0 ], [ -53.100068480575885, -22.694317474871525, 0.0 ], [ -53.100067803386366, -22.694319562198018, 0.0 ], [ -53.100067125297528, -22.694321650423774, 0.0 ], [ -53.100066445410107, -22.694323737750267, 0.0 ], [ -53.100065765522629, -22.694325824177383, 0.0 ], [ -53.100065083836512, -22.694327910604557, 0.0 ], [ -53.100064400351755, -22.694329997031673, 0.0 ], [ -53.100063716866998, -22.694332083458846, 0.0 ], [ -53.100063032482922, -22.694334168986643, 0.0 ], [ -53.100062346300206, -22.694336254514496, 0.0 ], [ -53.10006166011749, -22.694338339142973, 0.0 ], [ -53.100060973035454, -22.694340424670827, 0.0 ], [ -53.100060284154722, -22.694342509299304, 0.0 ], [ -53.100059595274047, -22.694344593927838, 0.0 ], [ -53.100058905494052, -22.694346677656995, 0.0 ], [ -53.100058214814737, -22.694348762285529, 0.0 ], [ -53.100057524135366, -22.694350846014686, 0.0 ], [ -53.100056832556731, -22.694352929743843, 0.0 ], [ -53.100056140078777, -22.694355012573737, 0.0 ], [ -53.100055446701447, -22.694357096302895, 0.0 ], [ -53.100054753324173, -22.694359179132789, 0.0 ], [ -53.100054059946842, -22.694361261962626, 0.0 ], [ -53.100053364770929, -22.694363344792464, 0.0 ], [ -53.100052670494279, -22.694365427622358, 0.0 ], [ -53.100051975318365, -22.694367510452196, 0.0 ], [ -53.100051280142395, -22.694369593282033, 0.0 ], [ -53.100050584067162, -22.694371676111928, 0.0 ], [ -53.100049887991872, -22.694373758042445, 0.0 ], [ -53.100049191916639, -22.69437584087234, 0.0 ], [ -53.100048495841349, -22.694377922802857, 0.0 ], [ -53.100047798866797, -22.694380005632695, 0.0 ], [ -53.100047102791507, -22.69438208756327, 0.0 ], [ -53.100046405816954, -22.694384169493787, 0.0 ], [ -53.100045709741664, -22.694386252323625, 0.0 ], [ -53.100045012767112, -22.694388334254199, 0.0 ], [ -53.100044316691822, -22.694390416184717, 0.0 ], [ -53.100043619717212, -22.694392499014555, 0.0 ], [ -53.100042923641979, -22.694394580945129, 0.0 ], [ -53.100042227566689, -22.694396663774967, 0.0 ], [ -53.100041532390776, -22.694398746604804, 0.0 ], [ -53.100040836315486, -22.694400828535379, 0.0 ], [ -53.100040141139573, -22.694402911365216, 0.0 ], [ -53.100039445963603, -22.694404994195054, 0.0 ], [ -53.100038751687009, -22.694407077024948, 0.0 ], [ -53.100038057410359, -22.694409160754105, 0.0 ], [ -53.100037364033085, -22.694411243584, 0.0 ], [ -53.100036670655811, -22.694413327313157, 0.0 ], [ -53.1000359781778, -22.694415410142994, 0.0 ], [ -53.100035285699846, -22.694417493872209, 0.0 ], [ -53.100034594121155, -22.694419577601366, 0.0 ], [ -53.10003390344184, -22.6944216622299, 0.0 ], [ -53.100033213661845, -22.694423745959057, 0.0 ], [ -53.10003252388185, -22.694425830587591, 0.0 ], [ -53.100031835900438, -22.694427915216068, 0.0 ], [ -53.100031147919083, -22.694430000743921, 0.0 ], [ -53.100030460837047, -22.694432085372398, 0.0 ], [ -53.100029774654331, -22.694434170900195, 0.0 ], [ -53.100029089370935, -22.694436257327368, 0.0 ], [ -53.100028404986858, -22.694438342855221, 0.0 ], [ -53.100027722401421, -22.694440429282338, 0.0 ], [ -53.100027039815984, -22.694442515709511, 0.0 ], [ -53.100026359029187, -22.694444603035947, 0.0 ], [ -53.100025679141766, -22.69444669036244, 0.0 ], [ -53.100025000153607, -22.694448777688876, 0.0 ], [ -53.100024322964089, -22.694450865914689, 0.0 ], [ -53.10002364577457, -22.694452954140502, 0.0 ], [ -53.100022971283067, -22.694455043265577, 0.0 ], [ -53.100022296791508, -22.69445713239071, 0.0 ], [ -53.100021624098645, -22.694459221515842, 0.0 ], [ -53.100020952305044, -22.694461311540238, 0.0 ], [ -53.100020280511501, -22.69446340156469, 0.0 ], [ -53.10001960961722, -22.694465491589142, 0.0 ], [ -53.100018940521636, -22.694467581613537, 0.0 ], [ -53.100018270526732, -22.694469672537309, 0.0 ], [ -53.100017601431148, -22.694471763461081, 0.0 ], [ -53.100016933234826, -22.694473853485533, 0.0 ], [ -53.100016265038562, -22.694475944409248, 0.0 ], [ -53.100015595942978, -22.69447803533302, 0.0 ], [ -53.100014927746656, -22.694480126256792, 0.0 ], [ -53.100014259550392, -22.694482217180507, 0.0 ], [ -53.100013591354127, -22.694484308104279, 0.0 ], [ -53.100012922258486, -22.694486398128731, 0.0 ], [ -53.100012253162902, -22.694488489052503, 0.0 ], [ -53.100011583167998, -22.694490579076898, 0.0 ], [ -53.100010913173037, -22.694492669101351, 0.0 ], [ -53.100010242278813, -22.694494759125803, 0.0 ], [ -53.10000957048527, -22.694496849150198, 0.0 ], [ -53.10000889779235, -22.694498938275331, 0.0 ], [ -53.100008224200167, -22.694501027400463, 0.0 ], [ -53.100007549708607, -22.694503116525539, 0.0 ], [ -53.100006874317728, -22.694505204751351, 0.0 ], [ -53.100006197128266, -22.694507292977164, 0.0 ], [ -53.100005518140108, -22.6945093803036, 0.0 ], [ -53.10000483825263, -22.694511467630093, 0.0 ], [ -53.100004156566513, -22.69451355405721, 0.0 ], [ -53.100003473981076, -22.694515640484383, 0.0 ], [ -53.10000278869768, -22.69451772601218, 0.0 ], [ -53.100002101615644, -22.694519810640713, 0.0 ], [ -53.100001412734969, -22.69452189526919, 0.0 ], [ -53.100000722055654, -22.694523978998404, 0.0 ], [ -53.100000029577643, -22.694526062727562, 0.0 ], [ -53.09999933350241, -22.694528144658079, 0.0 ], [ -53.0999986365278, -22.694530226588654, 0.0 ], [ -53.099997935955912, -22.694532307619852, 0.0 ], [ -53.099997233585441, -22.69453438775173, 0.0 ], [ -53.099996527617634, -22.694536466984346, 0.0 ], [ -53.099995819851188, -22.694538545317585, 0.0 ], [ -53.099995108487406, -22.694540622751504, 0.0 ], [ -53.099994394425721, -22.694542699286103, 0.0 ], [ -53.099993676766701, -22.694544774921383, 0.0 ], [ -53.099992957309098, -22.694546849657343, 0.0 ], [ -53.09999223335484, -22.694548923493983, 0.0 ], [ -53.099991506702622, -22.694550995531984, 0.0 ], [ -53.099990775553806, -22.694553067569984, 0.0 ], [ -53.099990041707031, -22.694555137809346, 0.0 ], [ -53.099989305162239, -22.69455720804865, 0.0 ], [ -53.099988564120906, -22.694559276489372, 0.0 ], [ -53.099987820381557, -22.694561343131454, 0.0 ], [ -53.099987073044929, -22.69456340977348, 0.0 ], [ -53.099986323010341, -22.694565475516242, 0.0 ], [ -53.099985570277795, -22.694567540359628, 0.0 ], [ -53.09998481394797, -22.694569603404432, 0.0 ], [ -53.099984054920185, -22.694571666449178, 0.0 ], [ -53.099983292295065, -22.694573728594662, 0.0 ], [ -53.099982526971985, -22.694575788941449, 0.0 ], [ -53.099981759850323, -22.694577849288294, 0.0 ], [ -53.099980989131325, -22.694579908735761, 0.0 ], [ -53.099980215714368, -22.694581967283909, 0.0 ], [ -53.099979440498714, -22.694584024932738, 0.0 ], [ -53.099978662585158, -22.694586081682303, 0.0 ], [ -53.099977881074324, -22.694588137532492, 0.0 ], [ -53.099977098664112, -22.69459019338268, 0.0 ], [ -53.099976312656679, -22.694592248333549, 0.0 ], [ -53.099975524850549, -22.694594302385099, 0.0 ], [ -53.09997473524578, -22.694596355537328, 0.0 ], [ -53.099973942943052, -22.694598407790238, 0.0 ], [ -53.099973148841684, -22.694600460043148, 0.0 ], [ -53.099972352042357, -22.694602511396738, 0.0 ], [ -53.099971554343711, -22.694604561851008, 0.0 ], [ -53.099970753947105, -22.694606612305279, 0.0 ], [ -53.099969951751802, -22.694608661860229, 0.0 ], [ -53.099969147757918, -22.69461071051586, 0.0 ], [ -53.099968341965393, -22.694612759171434, 0.0 ], [ -53.099967534374173, -22.694614806927746, 0.0 ], [ -53.099966724984313, -22.694616854684057, 0.0 ], [ -53.09996591469519, -22.694618901541048, 0.0 ], [ -53.099965102607371, -22.694620947498663, 0.0 ], [ -53.099964660140927, -22.694622059060748, 0.0 ] ] } },
{ "type": "Feature", "properties": { "Id": 0 }, "geometry": { "type": "LineString", "coordinates": [ [ -53.100107965310315, -22.694143596349875, 0.0 ], [ -53.100107950921142, -22.694143648510533, 0.0 ], [ -53.100107372657078, -22.694145701662762, 0.0 ], [ -53.100106794393014, -22.694147754814992, 0.0 ], [ -53.10010621612895, -22.694149807967221, 0.0 ], [ -53.100105637864829, -22.694151861119451, 0.0 ], [ -53.100105058701445, -22.694153913372361, 0.0 ], [ -53.100104478638741, -22.69415596652459, 0.0 ], [ -53.100103898576037, -22.69415801967682, 0.0 ], [ -53.100103318513277, -22.69416007192973, 0.0 ], [ -53.100102737551254, -22.69416212418264, 0.0 ], [ -53.10010215658923, -22.694164177334869, 0.0 ], [ -53.10010157472783, -22.694166229587779, 0.0 ], [ -53.100100992866487, -22.694168281840689, 0.0 ], [ -53.100100410105824, -22.694170334093599, 0.0 ], [ -53.100099826445785, -22.694172385447189, 0.0 ], [ -53.100099242785802, -22.694174437700099, 0.0 ], [ -53.100098659125763, -22.694176489053689, 0.0 ], [ -53.100098074566461, -22.694178541306599, 0.0 ], [ -53.100097489107782, -22.694180592660189, 0.0 ], [ -53.10009690274984, -22.694182644013779, 0.0 ], [ -53.100096316391841, -22.694184695367369, 0.0 ], [ -53.100095729134523, -22.694186745821639, 0.0 ], [ -53.100095140977942, -22.694188797175229, 0.0 ], [ -53.100094552821304, -22.694190847629443, 0.0 ], [ -53.100093963765346, -22.694192898083713, 0.0 ], [ -53.100093373810125, -22.694194948537984, 0.0 ], [ -53.100092783854848, -22.694196998992254, 0.0 ], [ -53.100092193000251, -22.694199049446524, 0.0 ], [ -53.100091600347014, -22.694201099001475, 0.0 ], [ -53.100091007693834, -22.694203149455745, 0.0 ], [ -53.100090415040597, -22.694205199010696, 0.0 ], [ -53.100089820588721, -22.694207248565647, 0.0 ], [ -53.100089225237525, -22.694209297221221, 0.0 ], [ -53.100088629886329, -22.694211346776171, 0.0 ], [ -53.100088033635814, -22.694213395431802, 0.0 ], [ -53.100087436485978, -22.694215444087433, 0.0 ], [ -53.100086837537503, -22.694217492743064, 0.0 ], [ -53.100086238588972, -22.694219540499375, 0.0 ], [ -53.100085638741177, -22.694221589154949, 0.0 ], [ -53.100085037994063, -22.694223636911261, 0.0 ], [ -53.100084436347629, -22.694225684667572, 0.0 ], [ -53.100083832902499, -22.694227731524563, 0.0 ], [ -53.100083229457425, -22.694229778381498, 0.0 ], [ -53.100082624213712, -22.694231825238489, 0.0 ], [ -53.100082018969943, -22.694233872095481, 0.0 ], [ -53.10008141192759, -22.694235918053153, 0.0 ], [ -53.100080803985861, -22.694237964010767, 0.0 ], [ -53.10008019424555, -22.694240009968439, 0.0 ], [ -53.100079584505181, -22.694242055926111, 0.0 ], [ -53.100078972966173, -22.694244100984406, 0.0 ], [ -53.100078360527903, -22.694246146042758, 0.0 ], [ -53.100077747190255, -22.69424819020179, 0.0 ], [ -53.100077132053968, -22.694250234360766, 0.0 ], [ -53.100076516018362, -22.694252278519798, 0.0 ], [ -53.100075898184116, -22.694254321779454, 0.0 ], [ -53.10007527945055, -22.694256365039166, 0.0 ], [ -53.100074659817665, -22.694258408298879, 0.0 ], [ -53.10007403838614, -22.694260450659215, 0.0 ], [ -53.100073416055238, -22.694262493019608, 0.0 ], [ -53.100072791925754, -22.694264534480624, 0.0 ], [ -53.10007216689695, -22.694266575941697, 0.0 ], [ -53.10007154006945, -22.694268617402713, 0.0 ], [ -53.100070911443368, -22.694270657964466, 0.0 ], [ -53.100070281917908, -22.694272697626843, 0.0 ], [ -53.100069650593866, -22.694274738188597, 0.0 ], [ -53.100069018370448, -22.694276776951654, 0.0 ], [ -53.10006838434839, -22.69427881661403, 0.0 ], [ -53.100067748527749, -22.694280855377144, 0.0 ], [ -53.100067110908412, -22.694282893240882, 0.0 ], [ -53.100066472389756, -22.694284931104619, 0.0 ], [ -53.10006583207246, -22.694286968069093, 0.0 ], [ -53.100065189956524, -22.694289005033511, 0.0 ], [ -53.100064546941269, -22.694291041098609, 0.0 ], [ -53.100063901227998, -22.694293077163763, 0.0 ], [ -53.100063254615463, -22.694295113228861, 0.0 ], [ -53.10006260530497, -22.69429714749532, 0.0 ], [ -53.1000619550951, -22.694299182661098, 0.0 ], [ -53.100061303086648, -22.694301216028236, 0.0 ], [ -53.100060649279499, -22.694303249395375, 0.0 ], [ -53.100059992774391, -22.694305282762571, 0.0 ], [ -53.100059335369963, -22.69430731523039, 0.0 ], [ -53.100058676166952, -22.694309346798889, 0.0 ], [ -53.100058015165246, -22.694311378367388, 0.0 ], [ -53.10005735146558, -22.694313409036567, 0.0 ], [ -53.100056686866537, -22.694315439705747, 0.0 ], [ -53.100056019569593, -22.694317469475607, 0.0 ], [ -53.100055350474008, -22.694319498346147, 0.0 ], [ -53.100054679579785, -22.694321527216687, 0.0 ], [ -53.100054006886864, -22.69432355518785, 0.0 ], [ -53.100053332395305, -22.69432558315907, 0.0 ], [ -53.100052655205843, -22.694327610230971, 0.0 ], [ -53.100051977117005, -22.694329636403552, 0.0 ], [ -53.100051297229527, -22.694331662576133, 0.0 ], [ -53.10005061554341, -22.694333687849394, 0.0 ], [ -53.100049932058653, -22.694335713122598, 0.0 ], [ -53.100049247674576, -22.694337738395859, 0.0 ], [ -53.10004856149186, -22.694339761870481, 0.0 ], [ -53.100047873510505, -22.694341786244422, 0.0 ], [ -53.100047185529149, -22.694343809718987, 0.0 ], [ -53.100046495749154, -22.694345833193609, 0.0 ], [ -53.100045804170463, -22.69434785576891, 0.0 ], [ -53.100045112591829, -22.694349878344156, 0.0 ], [ -53.100044420113875, -22.694351900919457, 0.0 ], [ -53.100043725837224, -22.694353923494702, 0.0 ], [ -53.100043031560631, -22.694355945170685, 0.0 ], [ -53.100042336384661, -22.694357966846667, 0.0 ], [ -53.100041640309428, -22.694359988522592, 0.0 ], [ -53.100040944234138, -22.694362009299255, 0.0 ], [ -53.100040247259585, -22.69436403097518, 0.0 ], [ -53.100039550284976, -22.694366051751842, 0.0 ], [ -53.100038852411046, -22.694368073427825, 0.0 ], [ -53.100038154537174, -22.69437009420443, 0.0 ], [ -53.100037456663244, -22.694372114981093, 0.0 ], [ -53.100036758789372, -22.694374135757698, 0.0 ], [ -53.100036060915443, -22.694376156534361, 0.0 ], [ -53.100035362142194, -22.694378178210286, 0.0 ], [ -53.100034664268321, -22.694380198986948, 0.0 ], [ -53.100033966394392, -22.694382219763611, 0.0 ], [ -53.100033269419782, -22.694384240540217, 0.0 ], [ -53.10003257244523, -22.694386262216199, 0.0 ], [ -53.10003187547062, -22.694388283892124, 0.0 ], [ -53.100031179395387, -22.694390304668786, 0.0 ], [ -53.100030483320097, -22.694392326344712, 0.0 ], [ -53.100029788144184, -22.694394348920014, 0.0 ], [ -53.100029093867533, -22.694396370595996, 0.0 ], [ -53.10002840049026, -22.694398393171241, 0.0 ], [ -53.100027708012249, -22.694400415746543, 0.0 ], [ -53.100027016433614, -22.694402438321845, 0.0 ], [ -53.1000263257543, -22.69440446179641, 0.0 ], [ -53.100025635974305, -22.694406485271031, 0.0 ], [ -53.100024947992893, -22.694408508745653, 0.0 ], [ -53.100024260910857, -22.694410533119537, 0.0 ], [ -53.100023574728141, -22.694412557493479, 0.0 ], [ -53.100022890344064, -22.69441458276674, 0.0 ], [ -53.100022207758627, -22.694416608040001, 0.0 ], [ -53.10002152607251, -22.694418634212582, 0.0 ], [ -53.100020847084409, -22.694420660385106, 0.0 ], [ -53.10002016899557, -22.694422687457006, 0.0 ], [ -53.100019492705371, -22.694424714528907, 0.0 ], [ -53.100018818213869, -22.694426742500127, 0.0 ], [ -53.100018145520949, -22.694428770471347, 0.0 ], [ -53.100017475526045, -22.694430800241207, 0.0 ], [ -53.100016806430403, -22.694432829111747, 0.0 ], [ -53.100016139133459, -22.694434859780927, 0.0 ], [ -53.100015473635153, -22.694436889550786, 0.0 ], [ -53.100014809935487, -22.694438921119286, 0.0 ], [ -53.100014147135141, -22.694440951788465, 0.0 ], [ -53.100013485234115, -22.694442984256284, 0.0 ], [ -53.100012825131728, -22.694445015824783, 0.0 ], [ -53.100012165029341, -22.694447048292602, 0.0 ], [ -53.100011506725593, -22.694449080760421, 0.0 ], [ -53.100010849321222, -22.69445111322824, 0.0 ], [ -53.100010192816114, -22.694453146595379, 0.0 ], [ -53.100009536311006, -22.694455179962517, 0.0 ], [ -53.100008880705218, -22.694457213329713, 0.0 ], [ -53.100008225099486, -22.694459246696852, 0.0 ], [ -53.100007570393018, -22.69446128006399, 0.0 ], [ -53.100006915686549, -22.694463313431129, 0.0 ], [ -53.100006260980138, -22.694465346798268, 0.0 ], [ -53.100005606273669, -22.694467380165406, 0.0 ], [ -53.1000049515672, -22.694469414431865, 0.0 ], [ -53.100004296860789, -22.69447144779906, 0.0 ], [ -53.100003641255, -22.694473481166199, 0.0 ], [ -53.100002985649212, -22.694475514533337, 0.0 ], [ -53.100002329144161, -22.694477547001156, 0.0 ], [ -53.100001672639053, -22.694479580368295, 0.0 ], [ -53.100001015234625, -22.694481612836114, 0.0 ], [ -53.100000356930877, -22.694483645303933, 0.0 ], [ -53.09999969682849, -22.694485676872432, 0.0 ], [ -53.099999036726103, -22.694487708440931, 0.0 ], [ -53.099998375724397, -22.694489740009431, 0.0 ], [ -53.099997712924051, -22.69449177157793, 0.0 ], [ -53.099997048325065, -22.694493802247109, 0.0 ], [ -53.09999638282676, -22.694495832016969, 0.0 ], [ -53.099995715529815, -22.694497861786829, 0.0 ], [ -53.09999504733355, -22.694499890657369, 0.0 ], [ -53.09999437643927, -22.694501919527909, 0.0 ], [ -53.099993703746406, -22.694503947499129, 0.0 ], [ -53.099993030154167, -22.694505975470349, 0.0 ], [ -53.099992352964648, -22.69450800164293, 0.0 ], [ -53.099991674875866, -22.694510027815511, 0.0 ], [ -53.099990994089069, -22.694512053988035, 0.0 ], [ -53.099990310604312, -22.694514078361976, 0.0 ], [ -53.099989624421596, -22.694516102735918, 0.0 ], [ -53.099988936440241, -22.694518126210539, 0.0 ], [ -53.099988245760869, -22.694520147886465, 0.0 ], [ -53.099987551484276, -22.694522169562447, 0.0 ], [ -53.099986855408986, -22.694524190339052, 0.0 ], [ -53.099986155736474, -22.694526210216395, 0.0 ], [ -53.099985453365946, -22.694528230093681, 0.0 ], [ -53.099984749196778, -22.694530248172384, 0.0 ], [ -53.099984042329652, -22.694532265351711, 0.0 ], [ -53.099983332764566, -22.694534282531095, 0.0 ], [ -53.099982620501521, -22.694536298811101, 0.0 ], [ -53.09998190554046, -22.694538314191789, 0.0 ], [ -53.099981188780816, -22.694540328673213, 0.0 ], [ -53.099980469323157, -22.694542342255261, 0.0 ], [ -53.099979747167538, -22.694544354937989, 0.0 ], [ -53.099979023213336, -22.694546367620717, 0.0 ], [ -53.099978296561119, -22.694548379404125, 0.0 ], [ -53.099977568110262, -22.694550390288214, 0.0 ], [ -53.099976836961389, -22.694552401172359, 0.0 ], [ -53.099976104013933, -22.694554411157128, 0.0 ], [ -53.099975369267838, -22.694556420242577, 0.0 ], [ -53.099974631823784, -22.694558428428707, 0.0 ], [ -53.099973893480353, -22.694560436614836, 0.0 ], [ -53.099973151539643, -22.694562443901646, 0.0 ], [ -53.099972408699671, -22.694564450289079, 0.0 ], [ -53.099971664061002, -22.694566456676569, 0.0 ], [ -53.099970916724374, -22.694568462164739, 0.0 ], [ -53.099970168488426, -22.694570467652909, 0.0 ], [ -53.099969417554519, -22.694572472241759, 0.0 ], [ -53.099968665721292, -22.69457447593129, 0.0 ], [ -53.099967912089426, -22.694576479620821, 0.0 ], [ -53.0999671557596, -22.694578482410975, 0.0 ], [ -53.099966398530398, -22.694580484301866, 0.0 ], [ -53.099965640401933, -22.694582486192758, 0.0 ], [ -53.099964879575509, -22.694584488083592, 0.0 ], [ -53.099964117849709, -22.694586489075164, 0.0 ], [ -53.099963354325325, -22.694588490066735, 0.0 ], [ -53.099962589901565, -22.69459049015893, 0.0 ], [ -53.099961823679166, -22.694592489351862, 0.0 ], [ -53.099961055658127, -22.694594489444114, 0.0 ], [ -53.099960286737826, -22.69459648773767, 0.0 ], [ -53.099959516918148, -22.694598486930602, 0.0 ], [ -53.09995874529983, -22.694600484324837, 0.0 ], [ -53.099957972782192, -22.69460248261845, 0.0 ], [ -53.099957199365235, -22.694604480012686, 0.0 ], [ -53.099956424149639, -22.694606477406978, 0.0 ], [ -53.099955648933985, -22.694608473901894, 0.0 ], [ -53.099954871919749, -22.694610470396867, 0.0 ], [ -53.099954094006193, -22.694612466891783, 0.0 ], [ -53.099953315193318, -22.694614462487436, 0.0 ], [ -53.099952535481066, -22.694616458083033, 0.0 ], [ -53.099951754869551, -22.694618453678629, 0.0 ], [ -53.099951611877373, -22.694618818803406, 0.0 ] ] } },
{ "type": "Feature", "properties": { "Id": 0 }, "geometry": { "type": "LineString", "coordinates": [ [ -53.100098567394923, -22.694141262609151, 0.0 ], [ -53.100098341665102, -22.694142067502355, 0.0 ], [ -53.100097749011866, -22.694144177311898, 0.0 ], [ -53.100097156358629, -22.694146288020704, 0.0 ], [ -53.100096563705392, -22.694148397830247, 0.0 ], [ -53.100095971052156, -22.69415050763979, 0.0 ], [ -53.100095378398976, -22.694152617449276, 0.0 ], [ -53.100094786645059, -22.694154728158139, 0.0 ], [ -53.100094193991822, -22.694156837967626, 0.0 ], [ -53.100093601338585, -22.694158947777169, 0.0 ], [ -53.100093008685349, -22.694161058486031, 0.0 ], [ -53.100092416032112, -22.694163168295518, 0.0 ], [ -53.100091823378932, -22.694165278105061, 0.0 ], [ -53.100091231625015, -22.694167388813923, 0.0 ], [ -53.100090638971778, -22.69416949862341, 0.0 ], [ -53.100090046318542, -22.694171609332273, 0.0 ], [ -53.100089454564625, -22.694173719141759, 0.0 ], [ -53.100088861911388, -22.694175828951302, 0.0 ], [ -53.100088269258151, -22.694177939660165, 0.0 ], [ -53.100087677504291, -22.694180049469651, 0.0 ], [ -53.100087084851054, -22.694182160178514, 0.0 ], [ -53.100086493097137, -22.694184269988, 0.0 ], [ -53.100085900443901, -22.694186380696863, 0.0 ], [ -53.100085308689984, -22.694188490506406, 0.0 ], [ -53.100084716036747, -22.694190601215212, 0.0 ], [ -53.100084124282887, -22.694192711924075, 0.0 ], [ -53.10008353252897, -22.694194821733618, 0.0 ], [ -53.100082939875733, -22.694196932442424, 0.0 ], [ -53.100082348121816, -22.694199042251967, 0.0 ], [ -53.100081756367899, -22.694201152960773, 0.0 ], [ -53.100081163714719, -22.694203263669635, 0.0 ], [ -53.100080571960802, -22.694205373479178, 0.0 ], [ -53.100079979307566, -22.694207484187984, 0.0 ], [ -53.100079386654329, -22.694209593997527, 0.0 ], [ -53.100078794001092, -22.69421170470639, 0.0 ], [ -53.100078200448536, -22.694213814515876, 0.0 ], [ -53.100077606895979, -22.69421592432542, 0.0 ], [ -53.100077012444103, -22.694218034134906, 0.0 ], [ -53.100076417992227, -22.694220143944449, 0.0 ], [ -53.100075822641088, -22.694222253753935, 0.0 ], [ -53.100075227289892, -22.694224363563478, 0.0 ], [ -53.100074631039377, -22.694226472473702, 0.0 ], [ -53.100074033889484, -22.694228582283188, 0.0 ], [ -53.100073436739649, -22.694230691193411, 0.0 ], [ -53.100072837791174, -22.694232800103578, 0.0 ], [ -53.100072238842699, -22.694234908114481, 0.0 ], [ -53.100071638095585, -22.694237017024648, 0.0 ], [ -53.100071037348471, -22.694239125035551, 0.0 ], [ -53.10007043480266, -22.694241232147078, 0.0 ], [ -53.100069832256906, -22.694243340157982, 0.0 ], [ -53.100069227912513, -22.694245447269509, 0.0 ], [ -53.100068622668744, -22.694247554381093, 0.0 ], [ -53.100068016525711, -22.69424966149262, 0.0 ], [ -53.100067408583982, -22.694251767704884, 0.0 ], [ -53.10006679974299, -22.694253873917091, 0.0 ], [ -53.100066189103302, -22.694255979230036, 0.0 ], [ -53.100065577564294, -22.694258084542923, 0.0 ], [ -53.100064964226704, -22.694260189855811, 0.0 ], [ -53.100064349989736, -22.694262294269436, 0.0 ], [ -53.10006373395413, -22.694264398683003, 0.0 ], [ -53.100063116119884, -22.694266502197252, 0.0 ], [ -53.100062497386318, -22.694268605711557, 0.0 ], [ -53.100061875954793, -22.694270708326485, 0.0 ], [ -53.100061253623892, -22.694272810941413, 0.0 ], [ -53.100060629494408, -22.694274913556399, 0.0 ], [ -53.100060003566284, -22.694277014372688, 0.0 ], [ -53.100059374940145, -22.694279116088296, 0.0 ], [ -53.100058745414742, -22.694281216005265, 0.0 ], [ -53.100058113191324, -22.694283316821554, 0.0 ], [ -53.100057479169266, -22.694285415839204, 0.0 ], [ -53.100056843348625, -22.694287514856853, 0.0 ], [ -53.100056205729288, -22.69428961297524, 0.0 ], [ -53.100055565411992, -22.69429171109357, 0.0 ], [ -53.100054923296057, -22.69429380831258, 0.0 ], [ -53.100054278482105, -22.69429590553159, 0.0 ], [ -53.100053632768891, -22.69429800095196, 0.0 ], [ -53.100052984357717, -22.69430009727165, 0.0 ], [ -53.100052334147847, -22.694302191792644, 0.0 ], [ -53.100051682139394, -22.694304287213015, 0.0 ], [ -53.100051027432926, -22.694306380834746, 0.0 ], [ -53.100050371827137, -22.694308474456477, 0.0 ], [ -53.100049714422767, -22.694310568078208, 0.0 ], [ -53.10004905432038, -22.69431266080062, 0.0 ], [ -53.100048393318673, -22.694314752623711, 0.0 ], [ -53.100047729619007, -22.694316844446746, 0.0 ], [ -53.100047065020021, -22.694318935370518, 0.0 ], [ -53.100046398622339, -22.69432102629429, 0.0 ], [ -53.100045730426075, -22.694323117218062, 0.0 ], [ -53.100045060431171, -22.694325207242457, 0.0 ], [ -53.100044388637571, -22.694327296367589, 0.0 ], [ -53.100043715944707, -22.694329385492722, 0.0 ], [ -53.100043041453148, -22.694331474617798, 0.0 ], [ -53.100042365163006, -22.69433356284361, 0.0 ], [ -53.100041687973487, -22.694335650170046, 0.0 ], [ -53.100041008086009, -22.694337737496539, 0.0 ], [ -53.100040328198531, -22.694339824823032, 0.0 ], [ -53.100039645613094, -22.694341911250149, 0.0 ], [ -53.100038962128338, -22.694343997677322, 0.0 ], [ -53.100038277744261, -22.694346084104438, 0.0 ], [ -53.100037591561545, -22.694348169632292, 0.0 ], [ -53.100036904479509, -22.694350255160089, 0.0 ], [ -53.100036215598834, -22.694352339788622, 0.0 ], [ -53.100035525818839, -22.694354424417099, 0.0 ], [ -53.100034835139468, -22.694356508146313, 0.0 ], [ -53.100034142661514, -22.69435859277479, 0.0 ], [ -53.10003344928424, -22.694360676503948, 0.0 ], [ -53.100032755007589, -22.694362759333842, 0.0 ], [ -53.100032058932356, -22.694364842163679, 0.0 ], [ -53.100031361957747, -22.694366924993574, 0.0 ], [ -53.100030664983137, -22.694369007823411, 0.0 ], [ -53.100029966209945, -22.694371089753929, 0.0 ], [ -53.100029266537376, -22.694373171684504, 0.0 ], [ -53.100028565066168, -22.694375253615021, 0.0 ], [ -53.10002786359496, -22.694377334646219, 0.0 ], [ -53.100027161224489, -22.694379415677474, 0.0 ], [ -53.100026457954641, -22.694381496708672, 0.0 ], [ -53.100025753785474, -22.69438357773987, 0.0 ], [ -53.100025048716986, -22.694385657871749, 0.0 ], [ -53.10002434274918, -22.694387738003684, 0.0 ], [ -53.100023635882053, -22.694389818135562, 0.0 ], [ -53.100022929014926, -22.694391897368121, 0.0 ], [ -53.10002222034916, -22.694393977499999, 0.0 ], [ -53.100021511683394, -22.694396056732614, 0.0 ], [ -53.100020803017628, -22.694398135965173, 0.0 ], [ -53.100020092553166, -22.694400215197732, 0.0 ], [ -53.10001938208876, -22.69440229353097, 0.0 ], [ -53.100018670725035, -22.694404372763529, 0.0 ], [ -53.10001795936131, -22.694406451096768, 0.0 ], [ -53.100017247098208, -22.694408529430063, 0.0 ], [ -53.100016534835163, -22.694410607763302, 0.0 ], [ -53.100015821672798, -22.694412686096541, 0.0 ], [ -53.100015108510433, -22.69441476442978, 0.0 ], [ -53.100014394448692, -22.694416841863699, 0.0 ], [ -53.100013680387008, -22.694418920196938, 0.0 ], [ -53.100012965425947, -22.694420997630914, 0.0 ], [ -53.100012251364262, -22.694423075064833, 0.0 ], [ -53.100011535503938, -22.694425152498752, 0.0 ], [ -53.100010820542877, -22.694427229932671, 0.0 ], [ -53.100010104682553, -22.69442930736659, 0.0 ], [ -53.100009388822173, -22.694431384800509, 0.0 ], [ -53.100008672961849, -22.694433462234429, 0.0 ], [ -53.100007957101525, -22.694435539668348, 0.0 ], [ -53.100007241241144, -22.694437616203004, 0.0 ], [ -53.1000065244815, -22.694439693636923, 0.0 ], [ -53.1000058077218, -22.694441770171522, 0.0 ], [ -53.100005090062837, -22.694443847605442, 0.0 ], [ -53.100004373303136, -22.694445924140041, 0.0 ], [ -53.100003655644173, -22.69444800067464, 0.0 ], [ -53.100002937085833, -22.69445007720924, 0.0 ], [ -53.100002219426869, -22.694452153743839, 0.0 ], [ -53.10000150086853, -22.694454230278438, 0.0 ], [ -53.10000078231019, -22.694456306813038, 0.0 ], [ -53.100000062852587, -22.694458382448374, 0.0 ], [ -53.099999343394927, -22.694460458982974, 0.0 ], [ -53.099998623038005, -22.694462534618253, 0.0 ], [ -53.099997903580345, -22.694464610253533, 0.0 ], [ -53.099997182324046, -22.694466685888813, 0.0 ], [ -53.099996461967123, -22.694468761524092, 0.0 ], [ -53.099995740710824, -22.694470837159372, 0.0 ], [ -53.099995018555205, -22.694472912794652, 0.0 ], [ -53.099994296399643, -22.694474987530612, 0.0 ], [ -53.099993573344705, -22.694477063165891, 0.0 ], [ -53.099992850289766, -22.694479137901851, 0.0 ], [ -53.099992127234827, -22.694481212637811, 0.0 ], [ -53.099991403280569, -22.694483287373771, 0.0 ], [ -53.099990678427048, -22.694485361210411, 0.0 ], [ -53.09998995357347, -22.694487435946371, 0.0 ], [ -53.099989228719892, -22.694489509783011, 0.0 ], [ -53.099988502966994, -22.694491583619651, 0.0 ], [ -53.099987776314777, -22.694493657456292, 0.0 ], [ -53.099987049662559, -22.694495731292932, 0.0 ], [ -53.099986322111022, -22.694497805129572, 0.0 ], [ -53.099985593660165, -22.694499878066893, 0.0 ], [ -53.099984865209308, -22.694501951903533, 0.0 ], [ -53.099984135859131, -22.694504024840853, 0.0 ], [ -53.099983406508954, -22.694506096878797, 0.0 ], [ -53.099982676259458, -22.694508169816118, 0.0 ], [ -53.099981945110642, -22.694510241854118, 0.0 ], [ -53.099981213961826, -22.694512313892119, 0.0 ], [ -53.09998048101437, -22.69451438593012, 0.0 ], [ -53.099979748966177, -22.69451645796812, 0.0 ], [ -53.099979015119402, -22.694518530006121, 0.0 ], [ -53.099978281272627, -22.694520601144802, 0.0 ], [ -53.099977546526532, -22.694522672283426, 0.0 ], [ -53.09997681088106, -22.694524743422107, 0.0 ], [ -53.099976074336325, -22.694526813661469, 0.0 ], [ -53.099975337791591, -22.69452888480015, 0.0 ], [ -53.09997460034748, -22.694530955039511, 0.0 ], [ -53.099973862004106, -22.694533025278872, 0.0 ], [ -53.099973122761355, -22.694535094618857, 0.0 ], [ -53.099972383518661, -22.694537163958898, 0.0 ], [ -53.099971642477271, -22.69453923329894, 0.0 ], [ -53.099970901435938, -22.694541302638982, 0.0 ], [ -53.099970159495228, -22.694543371978966, 0.0 ], [ -53.099969416655199, -22.694545440419688, 0.0 ], [ -53.099968672915907, -22.69454750886041, 0.0 ], [ -53.099967929176557, -22.694549576401812, 0.0 ], [ -53.099967183638569, -22.694551644842477, 0.0 ], [ -53.09996643720126, -22.694553712383879, 0.0 ], [ -53.099965690763952, -22.694555779925281, 0.0 ], [ -53.099964942528061, -22.694557846567307, 0.0 ], [ -53.099964194292113, -22.694559913209389, 0.0 ], [ -53.099963444257526, -22.694561979851471, 0.0 ], [ -53.099962694222938, -22.694564046493497, 0.0 ], [ -53.099961943289031, -22.694566112236259, 0.0 ], [ -53.099961190556485, -22.694568177978965, 0.0 ], [ -53.099960437823881, -22.694570242822408, 0.0 ], [ -53.099959683292695, -22.694572308565171, 0.0 ], [ -53.099958928761509, -22.694574373408557, 0.0 ], [ -53.099958172431684, -22.69457643735268, 0.0 ], [ -53.099957415202482, -22.694578501296746, 0.0 ], [ -53.099956657973337, -22.694580565240869, 0.0 ], [ -53.099955898945552, -22.694582629184936, 0.0 ], [ -53.099955139018391, -22.694584692229739, 0.0 ], [ -53.099954378191967, -22.694586755274486, 0.0 ], [ -53.099953616466166, -22.694588818319289, 0.0 ], [ -53.099952852941783, -22.694590880464716, 0.0 ], [ -53.099952089417343, -22.694592942610143, 0.0 ], [ -53.09995132499364, -22.694595003856307, 0.0 ], [ -53.099950558771241, -22.694597066001734, 0.0 ], [ -53.099949792548841, -22.694599126348578, 0.0 ], [ -53.099949024527803, -22.694601187594685, 0.0 ], [ -53.099948256506764, -22.694603247941473, 0.0 ], [ -53.099947487586462, -22.694605308288317, 0.0 ], [ -53.099946716867464, -22.694607368635104, 0.0 ], [ -53.099945946148466, -22.694609428981892, 0.0 ], [ -53.099945174530149, -22.694611488429416, 0.0 ], [ -53.099944402911831, -22.694613547876884, 0.0 ], [ -53.099943629494874, -22.694615606425032, 0.0 ], [ -53.099943206813521, -22.694616731476913, 0.0 ] ] } },
{ "type": "Feature", "properties": { "Id": 0 }, "geometry": { "type": "LineString", "coordinates": [ [ -53.100085459776096, -22.694138007063316, 0.0 ], [ -53.10007345652474, -22.694181226682247, 0.0 ], [ -53.100031504050605, -22.694317380442726, 0.0 ], [ -53.099992614667372, -22.694436651230433, 0.0 ], [ -53.099967265476891, -22.694511737426694, 0.0 ], [ -53.099931667612339, -22.694607870456821, 0.0 ], [ -53.099930735015391, -22.694610379565347, 0.0 ], [ -53.099929802418387, -22.694612887774497, 0.0 ], [ -53.099929627050585, -22.694613359019286, 0.0 ] ] } },
{ "type": "Feature", "properties": { "Id": 0 }, "geometry": { "type": "LineString", "coordinates": [ [ -53.100076291187861, -22.694135729979905, 0.0 ], [ -53.100051548140414, -22.694226510245187, 0.0 ], [ -53.100021816553522, -22.694320806859707, 0.0 ], [ -53.099995010461328, -22.694403623628261, 0.0 ], [ -53.099974887231213, -22.694459876222254, 0.0 ], [ -53.099974163276954, -22.694462057977546, 0.0 ], [ -53.099973437524056, -22.694464237934199, 0.0 ], [ -53.099972709972519, -22.694466417890851, 0.0 ], [ -53.099971980622342, -22.694468597847447, 0.0 ], [ -53.099971249473526, -22.69447077690478, 0.0 ], [ -53.099970516526071, -22.694472955062793, 0.0 ], [ -53.099969780880656, -22.694475132321429, 0.0 ], [ -53.099969042537225, -22.694477309580122, 0.0 ], [ -53.099968302395212, -22.694479485939496, 0.0 ], [ -53.099967560454502, -22.694481661399493, 0.0 ], [ -53.099966814916513, -22.694483835960227, 0.0 ], [ -53.099966068479262, -22.694486010520905, 0.0 ], [ -53.099965318444674, -22.694488184182319, 0.0 ], [ -53.099964566611391, -22.694490356944357, 0.0 ], [ -53.099963812979524, -22.694492528807132, 0.0 ], [ -53.099963056649699, -22.69449470066985, 0.0 ], [ -53.099962298521234, -22.694496871633248, 0.0 ], [ -53.099961538594073, -22.694499041697384, 0.0 ], [ -53.099960775969009, -22.694501211761462, 0.0 ], [ -53.099960011545249, -22.694503380926221, 0.0 ], [ -53.09995924532285, -22.694505549191717, 0.0 ], [ -53.099958476402549, -22.694507717457157, 0.0 ], [ -53.09995770658287, -22.694509884823276, 0.0 ], [ -53.099956934964553, -22.694512052189395, 0.0 ], [ -53.099956161547595, -22.694514218656195, 0.0 ], [ -53.099955385432622, -22.694516384223732, 0.0 ], [ -53.099954608418386, -22.694518549791212, 0.0 ], [ -53.09995383050483, -22.694520714459372, 0.0 ], [ -53.099953049893315, -22.694522879127533, 0.0 ], [ -53.099952268382424, -22.694525042896373, 0.0 ], [ -53.09995148507295, -22.694527206665214, 0.0 ], [ -53.099950699964779, -22.694529369534735, 0.0 ], [ -53.099949913957346, -22.694531532404255, 0.0 ], [ -53.099949127050536, -22.694533695273776, 0.0 ], [ -53.099948338345087, -22.694535857243977, 0.0 ], [ -53.099947547840998, -22.694538018314859, 0.0 ], [ -53.099946757336966, -22.69454017938574, 0.0 ], [ -53.099945965034237, -22.694542340456621, 0.0 ], [ -53.09994517093287, -22.694544500628183, 0.0 ], [ -53.099944376831502, -22.694546660799688, 0.0 ], [ -53.099943580931495, -22.694548820971249, 0.0 ], [ -53.099942785031487, -22.694550980243491, 0.0 ], [ -53.099941987332784, -22.694553139515733, 0.0 ], [ -53.099941188734817, -22.694555298787975, 0.0 ], [ -53.099940390136851, -22.694557458060217, 0.0 ], [ -53.099939589740245, -22.694559616433082, 0.0 ], [ -53.099938789343639, -22.694561774806004, 0.0 ], [ -53.099937988047657, -22.694563932279607, 0.0 ], [ -53.099937185852411, -22.694566090652529, 0.0 ], [ -53.099936383657166, -22.694568248126131, 0.0 ], [ -53.099935580562544, -22.694570405599677, 0.0 ], [ -53.099934776568659, -22.69457256307328, 0.0 ], [ -53.099933972574718, -22.694574719647562, 0.0 ], [ -53.099933167681513, -22.694576877121165, 0.0 ], [ -53.099932362788252, -22.694579033695391, 0.0 ], [ -53.099931556995728, -22.694581190269673, 0.0 ], [ -53.099930752102466, -22.694583346843956, 0.0 ], [ -53.099929946309942, -22.694585503418182, 0.0 ], [ -53.099929139618041, -22.694587659992465, 0.0 ], [ -53.099928333825517, -22.694589816566747, 0.0 ], [ -53.099927527133616, -22.69459197314103, 0.0 ], [ -53.099926720441772, -22.694594128815936, 0.0 ], [ -53.099925912850551, -22.694596285390219, 0.0 ], [ -53.099925105259331, -22.694598441065182, 0.0 ], [ -53.099924298567487, -22.694600596740088, 0.0 ], [ -53.099923490076947, -22.694602753314371, 0.0 ], [ -53.099922682485783, -22.694604908989334, 0.0 ], [ -53.099921873995243, -22.69460706466424, 0.0 ], [ -53.099921066404022, -22.694609220339203, 0.0 ], [ -53.099920375724707, -22.694611061251408, 0.0 ] ] } },
{ "type": "Feature", "properties": { "Id": 0 }, "geometry": { "type": "LineString", "coordinates": [ [ -53.100061487447647, -22.694132053551414, 0.0 ], [ -53.100061273408983, -22.694132882726308, 0.0 ], [ -53.100060800365611, -22.694134714645315, 0.0 ], [ -53.100060324624224, -22.694136546564323, 0.0 ], [ -53.100059847983573, -22.694138377584011, 0.0 ], [ -53.100059370443546, -22.694140207704379, 0.0 ], [ -53.100058891104879, -22.694142038724067, 0.0 ], [ -53.10005840996763, -22.694143867945115, 0.0 ], [ -53.100057927031685, -22.694145698065483, 0.0 ], [ -53.1000574422971, -22.694147526387212, 0.0 ], [ -53.100056956663195, -22.694149355608204, 0.0 ], [ -53.100056468331331, -22.694151183030613, 0.0 ], [ -53.100055978200771, -22.694153010453022, 0.0 ], [ -53.100055486271629, -22.694154837875431, 0.0 ], [ -53.100054992543846, -22.69415666439852, 0.0 ], [ -53.100054496118048, -22.694158490022232, 0.0 ], [ -53.100053997893667, -22.694160315646002, 0.0 ], [ -53.10005349787059, -22.694162140370452, 0.0 ], [ -53.100052994250234, -22.694163964195525, 0.0 ], [ -53.100052489730558, -22.694165788020655, 0.0 ], [ -53.100051981613603, -22.694167610946465, 0.0 ], [ -53.10001949810129, -22.694270909774616, 0.0 ], [ -53.099986284339536, -22.694377348136072, 0.0 ], [ -53.099956154352981, -22.694465264959945, 0.0 ], [ -53.099955532022136, -22.694467057308827, 0.0 ], [ -53.099954910590611, -22.694468850556973, 0.0 ], [ -53.099954288259767, -22.694470642905799, 0.0 ], [ -53.099953666828242, -22.694472436153944, 0.0 ], [ -53.09995304449734, -22.69447422850277, 0.0 ], [ -53.099952423965135, -22.694476021750972, 0.0 ], [ -53.09995180253361, -22.694477814999118, 0.0 ], [ -53.099951182001405, -22.694479607347944, 0.0 ], [ -53.0999505614692, -22.694481400596089, 0.0 ], [ -53.099949941836314, -22.694483194743611, 0.0 ], [ -53.099949322203429, -22.694484987991757, 0.0 ], [ -53.099948703469863, -22.694486781239902, 0.0 ], [ -53.099948085635617, -22.694488575387425, 0.0 ], [ -53.099947467801371, -22.69449036953489, 0.0 ], [ -53.099946850866445, -22.694492163682355, 0.0 ], [ -53.099946234830838, -22.69449395872914, 0.0 ], [ -53.099945619694552, -22.694495752876662, 0.0 ], [ -53.099945005457585, -22.694497547923447, 0.0 ], [ -53.099944392119937, -22.694499342970232, 0.0 ], [ -53.099943778782347, -22.694501138916394, 0.0 ], [ -53.099943166344019, -22.694502933963179, 0.0 ], [ -53.099942553905692, -22.69450472990934, 0.0 ], [ -53.099941941467364, -22.694506524956125, 0.0 ], [ -53.099941329928413, -22.69450832090223, 0.0 ], [ -53.099940718389405, -22.694510116848392, 0.0 ], [ -53.099940106850397, -22.694511912794496, 0.0 ], [ -53.099939496210766, -22.694513708740601, 0.0 ], [ -53.099938884671758, -22.694515504686763, 0.0 ], [ -53.09993827313275, -22.694517299733548, 0.0 ], [ -53.099937661593742, -22.694519095679652, 0.0 ], [ -53.099937050054791, -22.694520891625814, 0.0 ], [ -53.099936437616464, -22.694522686672599, 0.0 ], [ -53.099935825178136, -22.69452448261876, 0.0 ], [ -53.099935212739808, -22.694526277665545, 0.0 ], [ -53.099934599402218, -22.69452807271233, 0.0 ], [ -53.099933985165251, -22.694529867759172, 0.0 ], [ -53.099933370928284, -22.694531661906638, 0.0 ], [ -53.099932754892677, -22.694533456953423, 0.0 ], [ -53.099932138857071, -22.694535251100888, 0.0 ], [ -53.099931521922144, -22.69453704434909, 0.0 ], [ -53.099930904087898, -22.694538838496555, 0.0 ], [ -53.099930284455013, -22.694540631744701, 0.0 ], [ -53.099929664822128, -22.694542424093527, 0.0 ], [ -53.099929043390603, -22.694544216442409, 0.0 ], [ -53.099928420160438, -22.694546008791235, 0.0 ], [ -53.099927796930217, -22.694547800240741, 0.0 ], [ -53.099927171002093, -22.694549591690247, 0.0 ], [ -53.09992654507397, -22.694551382240434, 0.0 ], [ -53.09992591644783, -22.69455317279062, 0.0 ], [ -53.099925286922428, -22.694554962441543, 0.0 ], [ -53.099924654699009, -22.69455675209241, 0.0 ], [ -53.099924021576271, -22.694558540843957, 0.0 ], [ -53.09992338665495, -22.694560328696184, 0.0 ], [ -53.099922749934933, -22.694562116548411, 0.0 ], [ -53.099922110516957, -22.694563903501319, 0.0 ], [ -53.099921469300341, -22.694565689554906, 0.0 ], [ -53.099920826285086, -22.694567474709118, 0.0 ], [ -53.099920181471134, -22.694569259863385, 0.0 ], [ -53.09991953395928, -22.694571044118334, 0.0 ], [ -53.099918883749467, -22.694572827473962, 0.0 ], [ -53.099918231740958, -22.694574610829591, 0.0 ], [ -53.099917577933809, -22.69457639238658, 0.0 ], [ -53.099916922328077, -22.694578173943512, 0.0 ], [ -53.09991626402433, -22.694579954601181, 0.0 ], [ -53.099915603921943, -22.694581735258851, 0.0 ], [ -53.099914942020916, -22.694583515017143, 0.0 ], [ -53.099914277421931, -22.694585293876173, 0.0 ], [ -53.099913611923625, -22.694587072735146, 0.0 ], [ -53.099912943727304, -22.694588849795537, 0.0 ], [ -53.09991227463172, -22.694590627755247, 0.0 ], [ -53.099911602838176, -22.694592403916261, 0.0 ], [ -53.099910930145256, -22.694594180077331, 0.0 ], [ -53.099910254754434, -22.694595956238345, 0.0 ], [ -53.099909578464235, -22.694597730600719, 0.0 ], [ -53.099908900375397, -22.69459950586247, 0.0 ], [ -53.099908220487919, -22.694601279325525, 0.0 ], [ -53.099907539701178, -22.694603052788636, 0.0 ], [ -53.099906856216421, -22.694604826251691, 0.0 ], [ -53.099906171832345, -22.694606598815426, 0.0 ], [ -53.099905841781151, -22.694607451372747, 0.0 ] ] } },
{ "type": "Feature", "properties": { "Id": 0 }, "geometry": { "type": "LineString", "coordinates": [ [ -53.10005266419904, -22.694129861903548, 0.0 ], [ -53.100052456455671, -22.694130701870336, 0.0 ], [ -53.100052015787867, -22.694132478930726, 0.0 ], [ -53.100051573321423, -22.69413425509174, 0.0 ], [ -53.10005112815702, -22.69413603125281, 0.0 ], [ -53.10005068209324, -22.694137806514505, 0.0 ], [ -53.100050232432238, -22.694139580876936, 0.0 ], [ -53.100049780972597, -22.69414135523931, 0.0 ], [ -53.10004932771426, -22.694143128702365, 0.0 ], [ -53.100048871757963, -22.694144902165476, 0.0 ], [ -53.100048412204444, -22.694146673829891, 0.0 ], [ -53.100047950852229, -22.694148445494307, 0.0 ], [ -53.100047486802055, -22.694150216259402, 0.0 ], [ -53.100047019154545, -22.694151987024554, 0.0 ], [ -53.100046548809132, -22.69415375599101, 0.0 ], [ -53.100046075765761, -22.694155524957466, 0.0 ], [ -53.100045599125053, -22.694157293024602, 0.0 ], [ -53.100045118887067, -22.694159059293099, 0.0 ], [ -53.100044635951122, -22.694160825561596, 0.0 ], [ -53.100044149417897, -22.694162590930773, 0.0 ], [ -53.100043658388074, -22.69416435540063, 0.0 ], [ -53.100043164660292, -22.694166118971168, 0.0 ], [ -53.100042667335174, -22.694167881642386, 0.0 ], [ -53.100042165513514, -22.694169642514964, 0.0 ], [ -53.100041660094519, -22.694171403387486, 0.0 ], [ -53.100041150178924, -22.694173163360745, 0.0 ], [ -53.100040636665994, -22.694174921535364, 0.0 ], [ -53.100040118656523, -22.694176678810607, 0.0 ], [ -53.100039596150395, -22.694178435186586, 0.0 ], [ -53.100039070046989, -22.694180190663246, 0.0 ], [ -53.100038539446984, -22.69418194434121, 0.0 ], [ -53.10003800614902, -22.694183698019231, 0.0 ], [ -53.100037468354458, -22.694185450797875, 0.0 ], [ -53.100036926962559, -22.694187201777879, 0.0 ], [ -53.100036382872702, -22.694188952757941, 0.0 ], [ -53.100035835185622, -22.694190702838625, 0.0 ], [ -53.100035283901207, -22.69419245201999, 0.0 ], [ -53.100034729918832, -22.694194200302036, 0.0 ], [ -53.100034173238441, -22.694195947684818, 0.0 ], [ -53.100033613860148, -22.694197695067544, 0.0 ], [ -53.100033052683216, -22.69419944155095, 0.0 ], [ -53.100032487908948, -22.694201187135036, 0.0 ], [ -53.10003192133604, -22.694202932719122, 0.0 ], [ -53.10003135296455, -22.694204677403889, 0.0 ], [ -53.100030781895043, -22.694206421189335, 0.0 ], [ -53.100030209926217, -22.694208164974782, 0.0 ], [ -53.100029635259432, -22.694209907860909, 0.0 ], [ -53.100029058794007, -22.694211650747036, 0.0 ], [ -53.100028481429206, -22.694213393633163, 0.0 ], [ -53.100027903165142, -22.69421513561997, 0.0 ], [ -53.100027323102438, -22.694216877606777, 0.0 ], [ -53.100026742140415, -22.694218619593585, 0.0 ], [ -53.100026160279015, -22.694220360681072, 0.0 ], [ -53.100025577518352, -22.694222102667879, 0.0 ], [ -53.100024993858312, -22.694223843755367, 0.0 ], [ -53.10002441019833, -22.694225584842798, 0.0 ], [ -53.100023825639028, -22.694227325030965, 0.0 ], [ -53.100023241079668, -22.694229066118453, 0.0 ], [ -53.100022656520366, -22.69423080720594, 0.0 ], [ -53.100022071961007, -22.694232548293428, 0.0 ], [ -53.100021487401705, -22.694234288481596, 0.0 ], [ -53.100020902842346, -22.694236029569083, 0.0 ], [ -53.100020319182363, -22.694237770656571, 0.0 ], [ -53.100019735522324, -22.694239512643321, 0.0 ], [ -53.100019152761661, -22.694241253730809, 0.0 ], [ -53.100018570900261, -22.694242995717616, 0.0 ], [ -53.100017990837557, -22.694244737704423, 0.0 ], [ -53.100017410774853, -22.69424647969123, 0.0 ], [ -53.100016832510789, -22.694248222577357, 0.0 ], [ -53.100016255146045, -22.694249965463484, 0.0 ], [ -53.100015679579883, -22.694251709248931, 0.0 ], [ -53.100015105812417, -22.694253453034378, 0.0 ], [ -53.100014533843648, -22.694255197719144, 0.0 ], [ -53.100013963673462, -22.694256942403911, 0.0 ], [ -53.100013395301914, -22.694258687987997, 0.0 ], [ -53.100012829628326, -22.694260433572083, 0.0 ], [ -53.100012265753435, -22.694262180055546, 0.0 ], [ -53.100011704576445, -22.694263927438271, 0.0 ], [ -53.100011145198152, -22.694265675720317, 0.0 ], [ -53.100010588517819, -22.694267424002362, 0.0 ], [ -53.100010034535444, -22.694269173183727, 0.0 ], [ -53.100009481452389, -22.694270922365149, 0.0 ], [ -53.100008931067293, -22.694272672445834, 0.0 ], [ -53.100008383380157, -22.694274423425838, 0.0 ], [ -53.10000783659234, -22.6942761744059, 0.0 ], [ -53.100007291603163, -22.694277925385904, 0.0 ], [ -53.100006748412682, -22.694279678164548, 0.0 ], [ -53.100006207020783, -22.69428143004393, 0.0 ], [ -53.100005667427581, -22.694283182822574, 0.0 ], [ -53.100005128733642, -22.694284936500594, 0.0 ], [ -53.100004591838399, -22.694286690178558, 0.0 ], [ -53.100004055842476, -22.694288443856578, 0.0 ], [ -53.100003521645192, -22.694290198433862, 0.0 ], [ -53.100002988347171, -22.694291953011202, 0.0 ], [ -53.100002455948527, -22.694293707588486, 0.0 ], [ -53.100001924449202, -22.694295463065146, 0.0 ], [ -53.100001393849197, -22.694297217642429, 0.0 ], [ -53.100000864148512, -22.694298974018409, 0.0 ], [ -53.100000335347147, -22.694300729495012, 0.0 ], [ -53.099999807445101, -22.694302484971672, 0.0 ], [ -53.099999280442375, -22.694304241347595, 0.0 ], [ -53.099998753439706, -22.694305997723575, 0.0 ], [ -53.099998226436981, -22.694307754099555, 0.0 ], [ -53.099997700333574, -22.694309510475478, 0.0 ], [ -53.099997174230168, -22.694311266851457, 0.0 ], [ -53.099996649026082, -22.69431302322738, 0.0 ], [ -53.099996123821995, -22.69431477960336, 0.0 ], [ -53.099995597718646, -22.694316535979283, 0.0 ], [ -53.09999507251456, -22.694318292355263, 0.0 ], [ -53.099994547310473, -22.694320049630562, 0.0 ], [ -53.099994021207067, -22.694321806006485, 0.0 ], [ -53.099993495103661, -22.694323562382465, 0.0 ], [ -53.099992969000255, -22.694325317859068, 0.0 ], [ -53.099992441997586, -22.694327074235048, 0.0 ], [ -53.09999191409554, -22.694328830610971, 0.0 ], [ -53.099991386193494, -22.694330586087631, 0.0 ], [ -53.099990858291449, -22.694332341564291, 0.0 ], [ -53.099990328590764, -22.694334097040894, 0.0 ], [ -53.099989798890078, -22.694335852517554, 0.0 ], [ -53.099989267390754, -22.694337607094837, 0.0 ], [ -53.099988735891429, -22.694339361672178, 0.0 ], [ -53.099988202593408, -22.694341116249461, 0.0 ], [ -53.099987668396125, -22.694342869927482, 0.0 ], [ -53.099987133299521, -22.694344623605446, 0.0 ], [ -53.099986596404278, -22.694346377283466, 0.0 ], [ -53.099986058609659, -22.69434813006211, 0.0 ], [ -53.099985519016457, -22.694349882840754, 0.0 ], [ -53.099984977624558, -22.694351634720135, 0.0 ], [ -53.099984435333397, -22.69435338659946, 0.0 ], [ -53.099983891243539, -22.694355137579464, 0.0 ], [ -53.099983345355042, -22.694356888559525, 0.0 ], [ -53.099982796768643, -22.69435863864021, 0.0 ], [ -53.099982247282867, -22.694360388720895, 0.0 ], [ -53.099981695998451, -22.694362137902317, 0.0 ], [ -53.099981142016077, -22.694363886184362, 0.0 ], [ -53.099980585335686, -22.694365634466408, 0.0 ], [ -53.099980027756033, -22.694367381849133, 0.0 ], [ -53.09997946747842, -22.694369128332539, 0.0 ], [ -53.099978905402111, -22.694370874816002, 0.0 ], [ -53.099978340627899, -22.694372620400088, 0.0 ], [ -53.099977774954311, -22.694374365984174, 0.0 ], [ -53.099977206582764, -22.694376110668941, 0.0 ], [ -53.099976637311897, -22.694377854454387, 0.0 ], [ -53.099976065343128, -22.694379598239834, 0.0 ], [ -53.099975491575663, -22.694381342025281, 0.0 ], [ -53.09997491690882, -22.694383084911408, 0.0 ], [ -53.099974339544076, -22.694384826898215, 0.0 ], [ -53.099973761280012, -22.694386568885022, 0.0 ], [ -53.099973181217308, -22.69438830997251, 0.0 ], [ -53.099972600255228, -22.694390051059941, 0.0 ], [ -53.099972016595245, -22.694391792147428, 0.0 ], [ -53.099971432935263, -22.694393532335596, 0.0 ], [ -53.099970846577264, -22.694395271624444, 0.0 ], [ -53.099970259319946, -22.694397011812612, 0.0 ], [ -53.099969671163365, -22.69439875110146, 0.0 ], [ -53.099969081208087, -22.694400489490931, 0.0 ], [ -53.09996849035349, -22.69440222788046, 0.0 ], [ -53.099967898599573, -22.694403966269988, 0.0 ], [ -53.099967305946393, -22.694405703760197, 0.0 ], [ -53.099966711494517, -22.694407441250348, 0.0 ], [ -53.099966116143321, -22.694409178740557, 0.0 ], [ -53.099965519892805, -22.694410916230765, 0.0 ], [ -53.09996492274297, -22.694412652821597, 0.0 ], [ -53.099964324693815, -22.694414389412486, 0.0 ], [ -53.099963726644603, -22.694416125104055, 0.0 ], [ -53.099963126796808, -22.694417861694944, 0.0 ], [ -53.099962526049694, -22.694419597386457, 0.0 ], [ -53.09996192530258, -22.694421333078026, 0.0 ], [ -53.099961323656146, -22.694423068769538, 0.0 ], [ -53.099960721110335, -22.694424803561787, 0.0 ], [ -53.099960118564582, -22.694426539253357, 0.0 ], [ -53.099959515119508, -22.694428274045549, 0.0 ], [ -53.099958911674378, -22.694430008837799, 0.0 ], [ -53.099958307329985, -22.694431743629991, 0.0 ], [ -53.099957702985591, -22.694433478422241, 0.0 ], [ -53.099957097741822, -22.69443521321449, 0.0 ], [ -53.099956492498109, -22.694436948006683, 0.0 ], [ -53.099955887254339, -22.694438681899612, 0.0 ], [ -53.099955282010626, -22.694440416691805, 0.0 ], [ -53.099954675867536, -22.694442151484054, 0.0 ], [ -53.099954070623824, -22.694443885376984, 0.0 ], [ -53.099953464480734, -22.694445620169176, 0.0 ], [ -53.099952859237021, -22.694447354062106, 0.0 ], [ -53.099952253093988, -22.694449088854299, 0.0 ], [ -53.099951646950899, -22.694450822747228, 0.0 ], [ -53.099951041707186, -22.694452557539478, 0.0 ], [ -53.099950436463416, -22.694454291432351, 0.0 ], [ -53.099949831219703, -22.6944560262246, 0.0 ], [ -53.099949226875253, -22.694457761016793, 0.0 ], [ -53.09994862163154, -22.694459495809042, 0.0 ], [ -53.099948018186467, -22.694461230601291, 0.0 ], [ -53.099947413842017, -22.694462965393484, 0.0 ], [ -53.099946810396943, -22.694464700185733, 0.0 ], [ -53.09994620695187, -22.694466435877246, 0.0 ], [ -53.099945604406059, -22.694468170669495, 0.0 ], [ -53.099945000960986, -22.694469905461744, 0.0 ], [ -53.099944398415232, -22.694471641153257, 0.0 ], [ -53.099943795869422, -22.694473375945506, 0.0 ], [ -53.099943193323668, -22.694475111637075, 0.0 ], [ -53.099942591677234, -22.694476846429268, 0.0 ], [ -53.09994198913148, -22.694478582120837, 0.0 ], [ -53.09994138658567, -22.69448031691303, 0.0 ], [ -53.099940784939236, -22.694482052604599, 0.0 ], [ -53.099940182393482, -22.694483787396848, 0.0 ], [ -53.099939579847671, -22.69448552308836, 0.0 ], [ -53.099938977301917, -22.69448725788061, 0.0 ], [ -53.099938374756164, -22.694488993572179, 0.0 ], [ -53.099937772210353, -22.694490728364372, 0.0 ], [ -53.099937169664599, -22.694492463156621, 0.0 ], [ -53.099936566219526, -22.694494197948814, 0.0 ], [ -53.099935962774396, -22.694495932741063, 0.0 ], [ -53.099935359329322, -22.694497667533312, 0.0 ], [ -53.099934754984929, -22.694499402325505, 0.0 ], [ -53.099934150640479, -22.694501137117754, 0.0 ], [ -53.099933545396766, -22.694502871010627, 0.0 ], [ -53.099932940152996, -22.694504604903557, 0.0 ], [ -53.099932334909283, -22.694506339695749, 0.0 ], [ -53.099931728766251, -22.694508073588679, 0.0 ], [ -53.099931121723841, -22.694509807481609, 0.0 ], [ -53.099930514681489, -22.694511540475162, 0.0 ], [ -53.09992990763908, -22.694513274368092, 0.0 ], [ -53.099929298798088, -22.694515007361645, 0.0 ], [ -53.099928689957039, -22.694516740355255, 0.0 ], [ -53.099928080216671, -22.694518473348808, 0.0 ], [ -53.09992746957704, -22.694520205443098, 0.0 ], [ -53.099926858937351, -22.694521937537331, 0.0 ], [ -53.099926247398344, -22.694523669631621, 0.0 ], [ -53.099925634060696, -22.694525401725855, 0.0 ], [ -53.099925020723106, -22.694527133820145, 0.0 ], [ -53.099924406486139, -22.694528865015059, 0.0 ], [ -53.099923791349852, -22.694530596210029, 0.0 ], [ -53.099923175314245, -22.694532326505623, 0.0 ], [ -53.099922558379319, -22.694534056801217, 0.0 ], [ -53.099921940545073, -22.694535787096868, 0.0 ], [ -53.099921320912188, -22.694537517392462, 0.0 ], [ -53.099920701279302, -22.694539246788736, 0.0 ], [ -53.099920079847777, -22.694540975285747, 0.0 ], [ -53.099919457516933, -22.694542704682021, 0.0 ], [ -53.099918834286711, -22.694544433178976, 0.0 ], [ -53.099918210157227, -22.694546160776667, 0.0 ], [ -53.099917584229104, -22.694547889273622, 0.0 ], [ -53.099916957401604, -22.694549615971937, 0.0 ], [ -53.099916328775521, -22.694551343569628, 0.0 ], [ -53.099915700149381, -22.694553070267943, 0.0 ], [ -53.099915069724659, -22.694554796066939, 0.0 ], [ -53.099914437501241, -22.694556521865934, 0.0 ], [ -53.099913805277822, -22.694558247664929, 0.0 ], [ -53.099913171255821, -22.694559973463981, 0.0 ], [ -53.099912537233763, -22.694561698363657, 0.0 ], [ -53.099911901413066, -22.694563422364013, 0.0 ], [ -53.099911264693048, -22.694565147263688, 0.0 ], [ -53.099910626174392, -22.694566871264044, 0.0 ], [ -53.099909987655792, -22.69456859436508, 0.0 ], [ -53.099909348237816, -22.694570317466116, 0.0 ], [ -53.099908707021143, -22.694572040567152, 0.0 ], [ -53.099908065804527, -22.694573763668188, 0.0 ], [ -53.099907422789272, -22.694575485869905, 0.0 ], [ -53.099906779774017, -22.694577208970998, 0.0 ], [ -53.099906134960122, -22.694578930273394, 0.0 ], [ -53.099905490146227, -22.694580652475111, 0.0 ], [ -53.099904844432956, -22.694582373777507, 0.0 ], [ -53.099904197820422, -22.694584095079904, 0.0 ], [ -53.099903549409248, -22.694585815482981, 0.0 ], [ -53.099902901897337, -22.694587536785377, 0.0 ], [ -53.099902252586844, -22.694589257188397, 0.0 ], [ -53.099901602377031, -22.694590977591474, 0.0 ], [ -53.099900952167161, -22.694592697095231, 0.0 ], [ -53.099900300158708, -22.694594416598989, 0.0 ], [ -53.099899649049519, -22.694596137002065, 0.0 ], [ -53.09989899614169, -22.694597855606503, 0.0 ], [ -53.099898342334598, -22.69459957511026, 0.0 ], [ -53.099897688527449, -22.694601293714697, 0.0 ], [ -53.099897034720357, -22.694603013218455, 0.0 ], [ -53.099896379114568, -22.694604731822892, 0.0 ], [ -53.099896250511506, -22.694605069068643, 0.0 ] ] } },
{ "type": "Feature", "properties": { "Id": 0 }, "geometry": { "type": "LineString", "coordinates": [ [ -53.100038514265975, -22.694126348252325, 0.0 ], [ -53.100009722470702, -22.694225585742117, 0.0 ], [ -53.100009301587932, -22.694227030952675, 0.0 ], [ -53.100008879805898, -22.694228476163175, 0.0 ], [ -53.100008458023865, -22.694229921373733, 0.0 ], [ -53.100008034443192, -22.694231365684914, 0.0 ], [ -53.100007610862519, -22.694232809996151, 0.0 ], [ -53.100007185483207, -22.694234254307332, 0.0 ], [ -53.100006760103838, -22.69423569861857, 0.0 ], [ -53.100006333825206, -22.694237142929751, 0.0 ], [ -53.100005905747935, -22.694238586341669, 0.0 ], [ -53.100005477670607, -22.69424002975353, 0.0 ], [ -53.100005047794696, -22.694241472266071, 0.0 ], [ -53.100004617918728, -22.694242915677989, 0.0 ], [ -53.100004186244178, -22.694244358190531, 0.0 ], [ -53.100003753670251, -22.694245799803753, 0.0 ], [ -53.100003319297684, -22.694247242316351, 0.0 ], [ -53.100002884925175, -22.694248683929573, 0.0 ], [ -53.100002448753969, -22.694250125542794, 0.0 ], [ -53.100002011683443, -22.694251566256753, 0.0 ], [ -53.100001573713598, -22.694253006970655, 0.0 ], [ -53.100001133945113, -22.694254447684557, 0.0 ], [ -53.100000692377989, -22.694255887499139, 0.0 ], [ -53.100000250810865, -22.694257327313778, 0.0 ], [ -53.099999807445101, -22.69425876712836, 0.0 ], [ -53.099999362280698, -22.694260206043623, 0.0 ], [ -53.099998916216975, -22.694261644958885, 0.0 ], [ -53.099998469253933, -22.694263082974828, 0.0 ], [ -53.099998020492194, -22.694264520990828, 0.0 ], [ -53.099997571730512, -22.694265959006771, 0.0 ], [ -53.099997120270871, -22.694267397022713, 0.0 ], [ -53.099996668811173, -22.694268834139336, 0.0 ], [ -53.099996216452212, -22.694270271255959, 0.0 ], [ -53.099995762294554, -22.694271707473263, 0.0 ], [ -53.099995307237577, -22.694273143690566, 0.0 ], [ -53.099994851281338, -22.694274579907869, 0.0 ], [ -53.099994393526401, -22.694276016125173, 0.0 ], [ -53.099993935771465, -22.694277451443156, 0.0 ], [ -53.09999347621789, -22.694278886761197, 0.0 ], [ -53.099993015765051, -22.69428032207918, 0.0 ], [ -53.099992555312156, -22.694281756497844, 0.0 ], [ -53.099992093060621, -22.694283190916508, 0.0 ], [ -53.099991629909766, -22.694284625335172, 0.0 ], [ -53.099991165859592, -22.694286058854516, 0.0 ], [ -53.099990700910098, -22.694287493273123, 0.0 ], [ -53.099990235960604, -22.694288926792467, 0.0 ], [ -53.099989769212414, -22.694290360311811, 0.0 ], [ -53.09998930156496, -22.694291792931836, 0.0 ], [ -53.099988833917507, -22.69429322555186, 0.0 ], [ -53.099988364471415, -22.694294658171884, 0.0 ], [ -53.099987895025322, -22.694296090791909, 0.0 ], [ -53.099987424679853, -22.694297523411933, 0.0 ], [ -53.099986953435121, -22.694298955132638, 0.0 ], [ -53.099986481291012, -22.694300386853342, 0.0 ], [ -53.09998600824764, -22.694301818574047, 0.0 ], [ -53.099985535204269, -22.694303250294695, 0.0 ], [ -53.099985061261521, -22.69430468111608, 0.0 ], [ -53.099984586419509, -22.694306111937465, 0.0 ], [ -53.099984110678122, -22.69430754275885, 0.0 ], [ -53.099983634936734, -22.694308973580235, 0.0 ], [ -53.099983158296084, -22.69431040440162, 0.0 ], [ -53.099982681655376, -22.694311834323628, 0.0 ], [ -53.099982204115406, -22.694313265145013, 0.0 ], [ -53.099981725676059, -22.694314695067078, 0.0 ], [ -53.099981247236713, -22.694316124989143, 0.0 ], [ -53.099980767898103, -22.694317554911208, 0.0 ], [ -53.099980288559436, -22.694318983933897, 0.0 ], [ -53.09997980832145, -22.694320413855962, 0.0 ], [ -53.099979327184144, -22.694321842878708, 0.0 ], [ -53.099978846046838, -22.694323271901453, 0.0 ], [ -53.099978364909589, -22.694324700924142, 0.0 ], [ -53.099977882872963, -22.694326129946887, 0.0 ], [ -53.099930953550597, -22.694467497077255, 0.0 ], [ -53.099901160809907, -22.69455098563941, 0.0 ], [ -53.099882438723512, -22.694601639054326, 0.0 ] ] } },
{ "type": "Feature", "properties": { "Id": 0 }, "geometry": { "type": "LineString", "coordinates": [ [ -53.100030176651273, -22.694124278012964, 0.0 ], [ -53.100030074128597, -22.694124653030258, 0.0 ], [ -53.100029611877062, -22.694126344655047, 0.0 ], [ -53.100029148726207, -22.694128035380459, 0.0 ], [ -53.100028684676033, -22.694129727005247, 0.0 ], [ -53.100028220625859, -22.694131417730716, 0.0 ], [ -53.100027756575685, -22.694133109355448, 0.0 ], [ -53.100027290726871, -22.694134800080917, 0.0 ], [ -53.100026824878, -22.694136490806386, 0.0 ], [ -53.100026359029187, -22.694138181531798, 0.0 ], [ -53.100025891381733, -22.694139871357947, 0.0 ], [ -53.10002542373428, -22.69414156118404, 0.0 ], [ -53.100024955187507, -22.694143251010189, 0.0 ], [ -53.100024485741358, -22.694144940836281, 0.0 ], [ -53.100024015395945, -22.694146630662431, 0.0 ], [ -53.100023544151213, -22.69414831958926, 0.0 ], [ -53.100023071107785, -22.694150008516033, 0.0 ], [ -53.100022598064413, -22.694151697442862, 0.0 ], [ -53.100022124121665, -22.694153385470315, 0.0 ], [ -53.100021648380334, -22.694155073497825, 0.0 ], [ -53.100021171739627, -22.694156761525278, 0.0 ], [ -53.100020694199657, -22.694158448653411, 0.0 ], [ -53.10002021486099, -22.694160136680921, 0.0 ], [ -53.100019734623004, -22.694161822909734, 0.0 ], [ -53.100019253485698, -22.694163509138605, 0.0 ], [ -53.100018770549752, -22.694165195367418, 0.0 ], [ -53.100018285815224, -22.694166881596288, 0.0 ], [ -53.10001780018132, -22.694168566925782, 0.0 ], [ -53.100017313648038, -22.694170251355956, 0.0 ], [ -53.100016825316175, -22.694171936685507, 0.0 ], [ -53.100016335185671, -22.694173620216361, 0.0 ], [ -53.100015843256529, -22.694175304646535, 0.0 ], [ -53.10001534952869, -22.69417698727807, 0.0 ], [ -53.100014854901588, -22.694178670808981, 0.0 ], [ -53.100014357576526, -22.694180352541196, 0.0 ], [ -53.100013859352089, -22.69418203427341, 0.0 ], [ -53.100013359329012, -22.694183716005625, 0.0 ], [ -53.100012856608032, -22.69418539683852, 0.0 ], [ -53.100012352987676, -22.694187077671472, 0.0 ], [ -53.100011846669361, -22.694188757605048, 0.0 ], [ -53.100011338552406, -22.694190436639303, 0.0 ], [ -53.100010828636812, -22.694192115673559, 0.0 ], [ -53.100010316922521, -22.694193793808495, 0.0 ], [ -53.100009803409648, -22.694195471943431, 0.0 ], [ -53.100009287198816, -22.694197149179047, 0.0 ], [ -53.100008768289968, -22.694198825515343, 0.0 ], [ -53.100008247582537, -22.69420050185164, 0.0 ], [ -53.100007725076409, -22.694202177288616, 0.0 ], [ -53.100007199872323, -22.694203851826273, 0.0 ], [ -53.100006672869597, -22.69420552636393, 0.0 ], [ -53.100006142269592, -22.694207200002211, 0.0 ], [ -53.100005610770268, -22.694208872741228, 0.0 ], [ -53.100005075673664, -22.694210544580926, 0.0 ], [ -53.100004538778421, -22.694212216420624, 0.0 ], [ -53.100003998285842, -22.694213887360945, 0.0 ], [ -53.100003456894001, -22.694215557402003, 0.0 ], [ -53.100002912804143, -22.694217227443062, 0.0 ], [ -53.099964881374149, -22.694339584704039, 0.0 ], [ -53.099964392142965, -22.694341269134213, 0.0 ], [ -53.099963901113085, -22.694342953564387, 0.0 ], [ -53.099963408284623, -22.694344636195979, 0.0 ], [ -53.099962912758201, -22.694346318827513, 0.0 ], [ -53.099962414533763, -22.694348001459048, 0.0 ], [ -53.099961914510686, -22.694349682291943, 0.0 ], [ -53.099961410890387, -22.694351363124838, 0.0 ], [ -53.099960905471391, -22.69435304215915, 0.0 ], [ -53.099960396455117, -22.694354721193406, 0.0 ], [ -53.099959883841507, -22.694356399328342, 0.0 ], [ -53.099959368529994, -22.694358075664638, 0.0 ], [ -53.099958848721826, -22.694359752000935, 0.0 ], [ -53.099958326215756, -22.694361426538535, 0.0 ], [ -53.09995779921303, -22.694363101076192, 0.0 ], [ -53.099957268613025, -22.694364773815209, 0.0 ], [ -53.099956733516422, -22.694366444755588, 0.0 ], [ -53.099956194822482, -22.694368115695966, 0.0 ], [ -53.099955651632001, -22.694369784837647, 0.0 ], [ -53.099955104844184, -22.694371453080066, 0.0 ], [ -53.099954554459089, -22.694373120423109, 0.0 ], [ -53.099954000476714, -22.694374785967568, 0.0 ], [ -53.099953442897004, -22.694376451511971, 0.0 ], [ -53.099952881720071, -22.694378115257791, 0.0 ], [ -53.099952316945803, -22.694379779003555, 0.0 ], [ -53.099951749473632, -22.694381440950679, 0.0 ], [ -53.099951178404126, -22.694383102897859, 0.0 ], [ -53.099950604636661, -22.694384763945664, 0.0 ], [ -53.099950028171236, -22.694386423194828, 0.0 ], [ -53.099949449007852, -22.694388082443993, 0.0 ], [ -53.099948867146452, -22.694389740793838, 0.0 ], [ -53.09994828258715, -22.694391399143683, 0.0 ], [ -53.099947696229151, -22.694393055694945, 0.0 ], [ -53.099947107173193, -22.694394712246151, 0.0 ], [ -53.099946515419333, -22.694396367898037, 0.0 ], [ -53.099945921866777, -22.694398023549923, 0.0 ], [ -53.099945326515581, -22.694399678302489, 0.0 ], [ -53.099944729365745, -22.694401332155735, 0.0 ], [ -53.099944130417271, -22.694402986008924, 0.0 ], [ -53.099943529670099, -22.694404638962851, 0.0 ], [ -53.099942927124346, -22.694406291916778, 0.0 ], [ -53.099942323679272, -22.694407944870704, 0.0 ], [ -53.099941719334822, -22.694409596925311, 0.0 ], [ -53.09994111319179, -22.694411248080598, 0.0 ], [ -53.09994050614938, -22.694412900135205, 0.0 ], [ -53.099939898207708, -22.694414551290492, 0.0 ], [ -53.09993928846734, -22.694416202445723, 0.0 ], [ -53.099938678727028, -22.69441785270169, 0.0 ], [ -53.09993806898666, -22.694419503856977, 0.0 ], [ -53.099937458346972, -22.694421154112945, 0.0 ], [ -53.099936846808021, -22.694422804368855, 0.0 ], [ -53.099936235269013, -22.694424454624823, 0.0 ], [ -53.099935623730005, -22.69442610488079, 0.0 ], [ -53.099935011291677, -22.694427755136758, 0.0 ], [ -53.099934399752726, -22.694429405392725, 0.0 ], [ -53.099933788213718, -22.694431056547955, 0.0 ], [ -53.09993317667471, -22.694432706803923, 0.0 ], [ -53.099932565135759, -22.69443435705989, 0.0 ], [ -53.099931955395391, -22.694436008215177, 0.0 ], [ -53.099931344755703, -22.694437658471145, 0.0 ], [ -53.099930735914711, -22.694439310525695, 0.0 ], [ -53.099930127073662, -22.694440961680982, 0.0 ], [ -53.09992952003131, -22.694442612836269, 0.0 ], [ -53.099928912988901, -22.694444264890876, 0.0 ], [ -53.099928307745188, -22.694445917844803, 0.0 ], [ -53.099927704300057, -22.69444756989941, 0.0 ], [ -53.099927100854984, -22.694449223752656, 0.0 ], [ -53.09992650010787, -22.694450876706526, 0.0 ], [ -53.099925900260075, -22.694452530559772, 0.0 ], [ -53.099925302210863, -22.694454185312338, 0.0 ], [ -53.099924705960348, -22.694455840964224, 0.0 ], [ -53.099924112407848, -22.69445749661611, 0.0 ], [ -53.099923519754611, -22.694459152267996, 0.0 ], [ -53.099922929799334, -22.694460809718521, 0.0 ], [ -53.099922342542015, -22.694462467169103, 0.0 ], [ -53.099921757083393, -22.694464125518948, 0.0 ], [ -53.099921174322674, -22.694465783868793, 0.0 ], [ -53.09992059336065, -22.694467444017278, 0.0 ], [ -53.099920015096586, -22.694469104165762, 0.0 ], [ -53.099919439530481, -22.694470765213623, 0.0 ], [ -53.099918865763016, -22.694472426261427, 0.0 ], [ -53.09991829379419, -22.694474089107871, 0.0 ], [ -53.099917724523323, -22.694475751954371, 0.0 ], [ -53.099917156151776, -22.694477414800815, 0.0 ], [ -53.099916590478244, -22.694479078546578, 0.0 ], [ -53.099916025703976, -22.694480743191718, 0.0 ], [ -53.099915462728404, -22.694482407836801, 0.0 ], [ -53.099914901551415, -22.694484072481941, 0.0 ], [ -53.099914341273802, -22.694485738026344, 0.0 ], [ -53.099913781895452, -22.694487404470067, 0.0 ], [ -53.099913224315799, -22.694489070014527, 0.0 ], [ -53.099912667635465, -22.694490736458249, 0.0 ], [ -53.099912110955131, -22.694492403801348, 0.0 ], [ -53.099911556073437, -22.694494070245128, 0.0 ], [ -53.099911002091005, -22.69449573758817, 0.0 ], [ -53.099910448108631, -22.694497404931269, 0.0 ], [ -53.099909895025576, -22.694499072274311, 0.0 ], [ -53.099909341942521, -22.694500739617411, 0.0 ], [ -53.099908789758786, -22.694502407859773, 0.0 ], [ -53.09990823757505, -22.694504075202872, 0.0 ], [ -53.099907685391315, -22.694505743445234, 0.0 ], [ -53.09990713320758, -22.694507410788333, 0.0 ], [ -53.099906580124525, -22.694509078131432, 0.0 ], [ -53.09990602794079, -22.694510746373794, 0.0 ], [ -53.099905474857735, -22.694512413716893, 0.0 ], [ -53.09990492177468, -22.694514081059936, 0.0 ], [ -53.099904368691625, -22.694515748403035, 0.0 ], [ -53.099903813809931, -22.694517414846757, 0.0 ], [ -53.099903258928236, -22.694519082189856, 0.0 ], [ -53.099902703147166, -22.694520748633579, 0.0 ], [ -53.099902146466832, -22.694522414178039, 0.0 ], [ -53.099901588887178, -22.694524080621761, 0.0 ], [ -53.099901030408205, -22.694525746166221, 0.0 ], [ -53.099900470130535, -22.694527410811304, 0.0 ], [ -53.099899908953603, -22.694529076355764, 0.0 ], [ -53.099899345977974, -22.694530740101527, 0.0 ], [ -53.099898782103082, -22.69453240384729, 0.0 ], [ -53.099898216429494, -22.694534067593111, 0.0 ], [ -53.099897648957267, -22.694535730439554, 0.0 ], [ -53.099897079686457, -22.694537392386678, 0.0 ], [ -53.099896507717631, -22.694539054333859, 0.0 ], [ -53.099895934849485, -22.694540715381663, 0.0 ], [ -53.09989535928338, -22.694542375530148, 0.0 ], [ -53.099894781918636, -22.694544035678632, 0.0 ], [ -53.099894201855875, -22.694545694927854, 0.0 ], [ -53.099893619095212, -22.694547353277699, 0.0 ], [ -53.099893034535853, -22.694549010728224, 0.0 ], [ -53.099892448177911, -22.694550668178749, 0.0 ], [ -53.099891859121954, -22.694552323830635, 0.0 ], [ -53.099891268267356, -22.694553980381841, 0.0 ], [ -53.09989067561412, -22.694555635134407, 0.0 ], [ -53.0998900811623, -22.694557289886973, 0.0 ], [ -53.099889484012408, -22.694558943740219, 0.0 ], [ -53.099888885063933, -22.694560596694146, 0.0 ], [ -53.099888284316819, -22.694562249648072, 0.0 ], [ -53.099887681771065, -22.694563901702679, 0.0 ], [ -53.099887077426615, -22.69456555285791, 0.0 ], [ -53.099886470384263, -22.694567204013197, 0.0 ], [ -53.099885862442534, -22.694568855168484, 0.0 ], [ -53.099885252702222, -22.694570504525132, 0.0 ], [ -53.099884641163214, -22.694572153881779, 0.0 ], [ -53.099884028724887, -22.69457380323837, 0.0 ], [ -53.0998834135886, -22.694575451695698, 0.0 ], [ -53.09988279755305, -22.694577099253706, 0.0 ], [ -53.099882179718804, -22.694578746811658, 0.0 ], [ -53.099881560085862, -22.694580394369666, 0.0 ], [ -53.099880939553657, -22.694582041028298, 0.0 ], [ -53.099880317222812, -22.694583686787666, 0.0 ], [ -53.099879693093328, -22.694585332547035, 0.0 ], [ -53.099879068064524, -22.694586978306347, 0.0 ], [ -53.099878442136344, -22.694588623166396, 0.0 ], [ -53.099877814409581, -22.694590268026388, 0.0 ], [ -53.099877185783441, -22.694591911987118, 0.0 ], [ -53.099876555358719, -22.69459355594779, 0.0 ], [ -53.09987592493394, -22.6945951990092, 0.0 ], [ -53.099875291811202, -22.694596842070553, 0.0 ], [ -53.09987465868852, -22.694598485131962, 0.0 ], [ -53.099874227913233, -22.694599600291269, 0.0 ] ] } },
{ "type": "Feature", "properties": { "Id": 0 }, "geometry": { "type": "LineString", "coordinates": [ [ -53.100017865831774, -22.694121220318038, 0.0 ], [ -53.099966644045367, -22.694296412749225, 0.0 ], [ -53.099910164822234, -22.694468937791214, 0.0 ], [ -53.099909552383906, -22.694470716650187, 0.0 ], [ -53.099908936348299, -22.694472494609897, 0.0 ], [ -53.099908317614734, -22.694474272569551, 0.0 ], [ -53.099907695283889, -22.694476048730621, 0.0 ], [ -53.099907070255028, -22.694477823992315, 0.0 ], [ -53.099906440729626, -22.694479597455427, 0.0 ], [ -53.099905807606888, -22.694481370918481, 0.0 ], [ -53.099905170886871, -22.694483142582897, 0.0 ], [ -53.099904530569574, -22.694484913348049, 0.0 ], [ -53.099903886654999, -22.694486682314505, 0.0 ], [ -53.099903238243826, -22.694488451280961, 0.0 ], [ -53.099902587134636, -22.694490218448777, 0.0 ], [ -53.099901931528848, -22.694491984717274, 0.0 ], [ -53.099901273225157, -22.694493749187131, 0.0 ], [ -53.09990061222345, -22.694495513656989, 0.0 ], [ -53.099899946725145, -22.694497276328207, 0.0 ], [ -53.099899279428143, -22.694499038999425, 0.0 ], [ -53.09989860853392, -22.694500799871946, 0.0 ], [ -53.099897935841, -22.694502560744525, 0.0 ], [ -53.099897259550858, -22.694504320717783, 0.0 ], [ -53.099896581462019, -22.694506079791722, 0.0 ], [ -53.099895899775902, -22.694507837966285, 0.0 ], [ -53.099895217190465, -22.694509595241584, 0.0 ], [ -53.099894531907069, -22.694511352516884, 0.0 ], [ -53.099862337077127, -22.69459664691766, 0.0 ] ] } },
{ "type": "Feature", "properties": { "Id": 0 }, "geometry": { "type": "LineString", "coordinates": [ [ -53.100008573137075, -22.694118912657643, 0.0 ], [ -53.100008116281515, -22.69412058809462, 0.0 ], [ -53.10000745078321, -22.69412302615666, 0.0 ], [ -53.100006785284847, -22.694125463319438, 0.0 ], [ -53.100006118887222, -22.694127900482158, 0.0 ], [ -53.100005452489597, -22.694130338544255, 0.0 ], [ -53.100004785192652, -22.694132775706976, 0.0 ], [ -53.100004116996388, -22.694135212869753, 0.0 ], [ -53.100003448800067, -22.694137649133154, 0.0 ], [ -53.100002779704482, -22.694140086295874, 0.0 ], [ -53.100002109709578, -22.694142522559332, 0.0 ], [ -53.100001438815298, -22.694144958822733, 0.0 ], [ -53.100000767921074, -22.69414739508619, 0.0 ], [ -53.100000095228154, -22.694149831349591, 0.0 ], [ -53.099999421635971, -22.694152266713672, 0.0 ], [ -53.099998748043731, -22.69415470207781, 0.0 ], [ -53.099998072652909, -22.694157137441891, 0.0 ], [ -53.09999739726203, -22.694159572805972, 0.0 ], [ -53.099996720072511, -22.694162007270791, 0.0 ], [ -53.099996041983729, -22.694164441735552, 0.0 ], [ -53.099995362096251, -22.694166876200313, 0.0 ], [ -53.099994682208774, -22.694169309765812, 0.0 ], [ -53.099994000522656, -22.694171743331253, 0.0 ], [ -53.099993317037899, -22.694174175997375, 0.0 ], [ -53.099992633553143, -22.694176609562817, 0.0 ], [ -53.099991947370427, -22.694179042228996, 0.0 ], [ -53.099991261187711, -22.694181473995798, 0.0 ], [ -53.099990572307036, -22.6941839057626, 0.0 ], [ -53.099989882527041, -22.694186337529402, 0.0 ], [ -53.099989191847669, -22.694188768396884, 0.0 ], [ -53.099988499369715, -22.694191199264367, 0.0 ], [ -53.099987805093065, -22.694193629232586, 0.0 ], [ -53.099987109017832, -22.694196059200749, 0.0 ], [ -53.099986412043222, -22.694198489168912, 0.0 ], [ -53.09998571237071, -22.694200918237755, 0.0 ], [ -53.099985011798822, -22.694203346407278, 0.0 ], [ -53.099984309428294, -22.694205775476121, 0.0 ], [ -53.099983604359807, -22.694208202746324, 0.0 ], [ -53.099982898392, -22.694210630016528, 0.0 ], [ -53.099982190625553, -22.694213057286731, 0.0 ], [ -53.099981480161148, -22.694215482758295, 0.0 ], [ -53.099980767898103, -22.694217909129179, 0.0 ], [ -53.099980053836362, -22.694220334600743, 0.0 ], [ -53.099979337976038, -22.694222759172931, 0.0 ], [ -53.099978620317017, -22.694225183745175, 0.0 ], [ -53.099977899960095, -22.6942276074181, 0.0 ], [ -53.099977177804476, -22.694230030191704, 0.0 ], [ -53.099976453850218, -22.694232452965309, 0.0 ], [ -53.099975727198, -22.694234874839537, 0.0 ], [ -53.099974999646463, -22.694237296713823, 0.0 ], [ -53.099974269396967, -22.694239718588108, 0.0 ], [ -53.099973537348831, -22.694242138663697, 0.0 ], [ -53.099972803502055, -22.694244558739342, 0.0 ], [ -53.099972067856584, -22.694246978814988, 0.0 ], [ -53.099971331311849, -22.694249397991257, 0.0 ], [ -53.099970592069155, -22.694251817167583, 0.0 ], [ -53.099969851027765, -22.694254235444589, 0.0 ], [ -53.099969108187736, -22.694256653721538, 0.0 ], [ -53.099935484335106, -22.694365438414195, 0.0 ], [ -53.099913765707697, -22.694431713053064, 0.0 ], [ -53.099872933788845, -22.694542228940691, 0.0 ], [ -53.099872045258621, -22.694544604050179, 0.0 ], [ -53.099871155829135, -22.694546979159725, 0.0 ], [ -53.099870264601009, -22.694549353369894, 0.0 ], [ -53.099869371574187, -22.694551727580119, 0.0 ], [ -53.099868477648101, -22.694554100891025, 0.0 ], [ -53.09986758282264, -22.694556474201875, 0.0 ], [ -53.099866686198595, -22.694558846613461, 0.0 ], [ -53.099865787775855, -22.69456121902499, 0.0 ], [ -53.099864889353114, -22.694563591436577, 0.0 ], [ -53.099863988232414, -22.694565962948786, 0.0 ], [ -53.099863087111714, -22.694568333561676, 0.0 ], [ -53.099862184192432, -22.694570704174623, 0.0 ], [ -53.099861280373773, -22.694573074787513, 0.0 ], [ -53.099860375655794, -22.69457544540046, 0.0 ], [ -53.099859470038496, -22.69457781511403, 0.0 ], [ -53.099858562622501, -22.694580183928281, 0.0 ], [ -53.099857655206563, -22.694582553641908, 0.0 ], [ -53.099856745991985, -22.694584922456158, 0.0 ], [ -53.099855836777408, -22.694587291270409, 0.0 ], [ -53.099854925764191, -22.694589659185397, 0.0 ], [ -53.099854014750917, -22.694592027100327, 0.0 ], [ -53.099853116328234, -22.694594357243773, 0.0 ] ] } },
{ "type": "Feature", "properties": { "Id": 0 }, "geometry": { "type": "LineString", "coordinates": [ [ -53.099994162400606, -22.69411533335591, 0.0 ], [ -53.099957291096075, -22.694241437192545, 0.0 ], [ -53.09995678567708, -22.694243201662402, 0.0 ], [ -53.099956279358764, -22.69424496613226, 0.0 ], [ -53.099955772141129, -22.694246729702741, 0.0 ], [ -53.099955263124855, -22.694248493273278, 0.0 ], [ -53.099954752309941, -22.694250256843816, 0.0 ], [ -53.099954240595707, -22.694252019515034, 0.0 ], [ -53.099953727082777, -22.694253782186252, 0.0 ], [ -53.099953211771265, -22.69425554395815, 0.0 ], [ -53.099952694661113, -22.694257305730048, 0.0 ], [ -53.099952176651584, -22.694259066602569, 0.0 ], [ -53.099951655944153, -22.694260827475148, 0.0 ], [ -53.099951133438026, -22.694262587448407, 0.0 ], [ -53.099950610032579, -22.694264347421665, 0.0 ], [ -53.099950083929173, -22.694266106495547, 0.0 ], [ -53.099949556027127, -22.694267865569486, 0.0 ], [ -53.099949026326442, -22.694269623744106, 0.0 ], [ -53.099948494827117, -22.694271381019348, 0.0 ], [ -53.099947961529153, -22.694273138294648, 0.0 ], [ -53.09994742643255, -22.694274895569947, 0.0 ], [ -53.099946889537307, -22.69427665194587, 0.0 ], [ -53.099946350843368, -22.69427840742253, 0.0 ], [ -53.099945810350846, -22.694280163798453, 0.0 ], [ -53.099945268958948, -22.694281918375793, 0.0 ], [ -53.09994472486909, -22.694283672953077, 0.0 ], [ -53.099944179879969, -22.694285427530417, 0.0 ], [ -53.099943633092153, -22.694287181208381, 0.0 ], [ -53.099943085405016, -22.694288934886401, 0.0 ], [ -53.09994253591924, -22.694290687665045, 0.0 ], [ -53.099941984634825, -22.694292440443746, 0.0 ], [ -53.09994143155177, -22.69429419322239, 0.0 ], [ -53.099940877569395, -22.694295945101715, 0.0 ], [ -53.099940322687701, -22.694297696081776, 0.0 ], [ -53.099939766007367, -22.6942994479611, 0.0 ], [ -53.099939207528337, -22.694301198941162, 0.0 ], [ -53.099938648150044, -22.694302949021846, 0.0 ], [ -53.099938087872431, -22.694304699102531, 0.0 ], [ -53.099937526695442, -22.694306449183216, 0.0 ], [ -53.09993696371987, -22.694308199263958, 0.0 ], [ -53.099936398945601, -22.694309948445323, 0.0 ], [ -53.09993583417139, -22.694311697626688, 0.0 ], [ -53.099935267598482, -22.694313445908733, 0.0 ], [ -53.099934700126255, -22.694315194190835, 0.0 ], [ -53.099934131754708, -22.694316942472881, 0.0 ], [ -53.099933562483898, -22.694318690754926, 0.0 ], [ -53.099932992313711, -22.694320438137652, 0.0 ], [ -53.099932420344885, -22.694322185520377, 0.0 ], [ -53.099931848376059, -22.69432393290316, 0.0 ], [ -53.099931275507913, -22.694325679386566, 0.0 ], [ -53.099930701740448, -22.694327425869972, 0.0 ], [ -53.099930126174343, -22.694329172353378, 0.0 ], [ -53.099929550608238, -22.694330918836783, 0.0 ], [ -53.099928975042133, -22.694332665320189, 0.0 ], [ -53.099928397677388, -22.694334410904276, 0.0 ], [ -53.099927819413267, -22.694336156488362, 0.0 ], [ -53.099927241149203, -22.694337902072505, 0.0 ], [ -53.099926661985819, -22.694339647656591, 0.0 ], [ -53.099926082822435, -22.694341392341357, 0.0 ], [ -53.099925501860355, -22.694343137026124, 0.0 ], [ -53.099924921797651, -22.69434488171089, 0.0 ], [ -53.099924339936308, -22.694346626395657, 0.0 ], [ -53.099923758074908, -22.694348371080423, 0.0 ], [ -53.099923176213565, -22.694350115765189, 0.0 ], [ -53.099922593452902, -22.694351860449956, 0.0 ], [ -53.099922009792863, -22.694353604235403, 0.0 ], [ -53.0999214270322, -22.694355348020849, 0.0 ], [ -53.099920842472841, -22.694357092705616, 0.0 ], [ -53.099920258812858, -22.694358836491062, 0.0 ], [ -53.099919674253499, -22.694360580276509, 0.0 ], [ -53.099919089694197, -22.694362324061956, 0.0 ], [ -53.099918505134838, -22.694364067847403, 0.0 ], [ -53.099917919676216, -22.69436581073353, 0.0 ], [ -53.099917335116857, -22.694367554518976, 0.0 ], [ -53.099916749658234, -22.694369298304423, 0.0 ], [ -53.099916164199556, -22.69437104119055, 0.0 ], [ -53.099915578740934, -22.694372784975997, 0.0 ], [ -53.099914993282255, -22.694374528761443, 0.0 ], [ -53.099914407823633, -22.69437627164757, 0.0 ], [ -53.099913822364954, -22.694378015433017, 0.0 ], [ -53.099913236906332, -22.694379758319144, 0.0 ], [ -53.099912651447653, -22.694381502104591, 0.0 ], [ -53.099912065089711, -22.694383244990718, 0.0 ], [ -53.099911479631032, -22.694384988776164, 0.0 ], [ -53.09991089417241, -22.694386731662291, 0.0 ], [ -53.099910307814412, -22.694388474548418, 0.0 ], [ -53.099909721456413, -22.694390217434545, 0.0 ], [ -53.099909135098471, -22.694391961219992, 0.0 ], [ -53.099908548740473, -22.694393704106119, 0.0 ], [ -53.099907961483211, -22.694395446992246, 0.0 ], [ -53.099907375125213, -22.694397189878373, 0.0 ], [ -53.099906787867951, -22.6943989327645, 0.0 ], [ -53.099906200610633, -22.694400674751307, 0.0 ], [ -53.099905612453995, -22.694402417637434, 0.0 ], [ -53.099905024297414, -22.694404160523561, 0.0 ], [ -53.099904436140775, -22.694405902510368, 0.0 ], [ -53.099903847984137, -22.694407644497176, 0.0 ], [ -53.099903258928236, -22.694409387383303, 0.0 ], [ -53.099902669872279, -22.694411129370053, 0.0 ], [ -53.099902080816321, -22.69441287135686, 0.0 ], [ -53.0999014908611, -22.694414613343667, 0.0 ], [ -53.099900900905823, -22.694416355330475, 0.0 ], [ -53.099900310051225, -22.694418096417962, 0.0 ], [ -53.099899719196628, -22.69441983840477, 0.0 ], [ -53.099899127442711, -22.694421579492257, 0.0 ], [ -53.099898535688851, -22.694423320579745, 0.0 ], [ -53.099897943934934, -22.694425062566552, 0.0 ], [ -53.099897351281697, -22.694426803654039, 0.0 ], [ -53.099896757729141, -22.694428543842207, 0.0 ], [ -53.099896164176585, -22.694430284929638, 0.0 ], [ -53.099895570624028, -22.694432025117806, 0.0 ], [ -53.099894975272832, -22.694433766205293, 0.0 ], [ -53.099894379921636, -22.694435506393461, 0.0 ], [ -53.09989378457044, -22.694437246581629, 0.0 ], [ -53.099893188319925, -22.694438985870477, 0.0 ], [ -53.099892591170089, -22.694440726058588, 0.0 ], [ -53.099891994020254, -22.694442465347436, 0.0 ], [ -53.099891395971099, -22.694444205535603, 0.0 ], [ -53.099890797022624, -22.694445943925132, 0.0 ], [ -53.099890198074149, -22.69444768321398, 0.0 ], [ -53.099889598226355, -22.694449422502828, 0.0 ], [ -53.099888997479184, -22.694451160892299, 0.0 ], [ -53.09988839583275, -22.694452899281828, 0.0 ], [ -53.099887794186316, -22.694454637671356, 0.0 ], [ -53.099887191640562, -22.694456376060884, 0.0 ], [ -53.099886588195432, -22.694458113551036, 0.0 ], [ -53.099885983851038, -22.694459851041245, 0.0 ], [ -53.099885379506645, -22.694461588531453, 0.0 ], [ -53.099884773363556, -22.694463326021662, 0.0 ], [ -53.099884167220523, -22.694465062612494, 0.0 ], [ -53.099883560178114, -22.694466800102703, 0.0 ], [ -53.099882952236442, -22.694468536693591, 0.0 ], [ -53.099882344294713, -22.694470272385104, 0.0 ], [ -53.099881734554344, -22.694472008975993, 0.0 ], [ -53.099881124814033, -22.694473744667562, 0.0 ], [ -53.099880514174345, -22.694475480359074, 0.0 ], [ -53.099879902635337, -22.694477216050643, 0.0 ], [ -53.099879290197066, -22.694478951742212, 0.0 ], [ -53.099878677758738, -22.694480686534405, 0.0 ], [ -53.099878064421091, -22.694482421326654, 0.0 ], [ -53.099877450184124, -22.694484156118847, 0.0 ], [ -53.099876835047837, -22.694485890911096, 0.0 ], [ -53.09987621991155, -22.694487624803969, 0.0 ], [ -53.099875602976681, -22.694489358696899, 0.0 ], [ -53.099874986041755, -22.694491092589828, 0.0 ], [ -53.099874368207509, -22.694492826482701, 0.0 ], [ -53.099873750373263, -22.694494559476311, 0.0 ], [ -53.099873130740377, -22.694496292469864, 0.0 ], [ -53.099872511107435, -22.694498025463474, 0.0 ], [ -53.09987189057523, -22.694499758457027, 0.0 ], [ -53.099871269143705, -22.694501491450637, 0.0 ], [ -53.09987064771218, -22.694503223544871, 0.0 ], [ -53.099870025381335, -22.694504955639161, 0.0 ], [ -53.099869402151171, -22.694506687733394, 0.0 ], [ -53.09986877802163, -22.694508419827685, 0.0 ], [ -53.099868153892146, -22.694510151022598, 0.0 ], [ -53.099867528863342, -22.694511882217569, 0.0 ], [ -53.099866902935162, -22.694513613412482, 0.0 ], [ -53.099866276107718, -22.694515344607396, 0.0 ], [ -53.099865649280275, -22.694517074903047, 0.0 ], [ -53.099865020654136, -22.694518805198641, 0.0 ], [ -53.099864392927373, -22.694520535494291, 0.0 ], [ -53.099863763401913, -22.694522265789885, 0.0 ], [ -53.099863133876511, -22.694523996085479, 0.0 ], [ -53.099862503451732, -22.69452572548181, 0.0 ], [ -53.099861872127633, -22.694527454878084, 0.0 ], [ -53.099861239904271, -22.694529184274415, 0.0 ], [ -53.099860607680853, -22.69453091367069, 0.0 ], [ -53.099859974558115, -22.694532642167644, 0.0 ], [ -53.099859341435433, -22.694534370664655, 0.0 ], [ -53.099858706514055, -22.69453609916161, 0.0 ], [ -53.099858071592678, -22.694537827658564, 0.0 ], [ -53.0998574366713, -22.694539556155519, 0.0 ], [ -53.09985679995134, -22.69454128375321, 0.0 ], [ -53.099856163231323, -22.694543011350845, 0.0 ], [ -53.099855525611986, -22.69454473894848, 0.0 ], [ -53.099854887992649, -22.694546466546171, 0.0 ], [ -53.099854249473992, -22.694548193244486, 0.0 ], [ -53.099853610056016, -22.694549919942801, 0.0 ], [ -53.09985296973872, -22.694551646641116, 0.0 ], [ -53.099852329421424, -22.694553373339488, 0.0 ], [ -53.099851688204808, -22.694555100037803, 0.0 ], [ -53.099851046088872, -22.694556825836798, 0.0 ], [ -53.099850403972937, -22.694558551635794, 0.0 ], [ -53.099849760957682, -22.694560277434789, 0.0 ], [ -53.09984911794237, -22.694562003233841, 0.0 ], [ -53.099848474027795, -22.694563728133517, 0.0 ], [ -53.0998478292139, -22.694565453033192, 0.0 ], [ -53.099847183500685, -22.694567177932868, 0.0 ], [ -53.099846537787471, -22.694568902832543, 0.0 ], [ -53.0998458920742, -22.694570627732219, 0.0 ], [ -53.099845245461665, -22.694572352631951, 0.0 ], [ -53.099844597949811, -22.694574076632307, 0.0 ], [ -53.099843950437901, -22.694575800632663, 0.0 ], [ -53.099843302026727, -22.694577524633019, 0.0 ], [ -53.099842653615553, -22.694579248633374, 0.0 ], [ -53.099842004305003, -22.69458097263373, 0.0 ], [ -53.09984135499451, -22.694582695734766, 0.0 ], [ -53.09984070478464, -22.694584418835802, 0.0 ], [ -53.099840054574827, -22.694586142836158, 0.0 ], [ -53.099839404364957, -22.694587865937194, 0.0 ], [ -53.099838753255824, -22.69458958903823, 0.0 ], [ -53.099838337769029, -22.694590687110463, 0.0 ] ] } },
{ "type": "Feature", "properties": { "Id": 0 }, "geometry": { "type": "LineString", "coordinates": [ [ -53.099984967732041, -22.694113049977204, 0.0 ], [ -53.099984662861857, -22.694114184022339, 0.0 ], [ -53.099984258166955, -22.694115687688793, 0.0 ], [ -53.099983853471997, -22.694117190455927, 0.0 ], [ -53.099983447877776, -22.694118693223061, 0.0 ], [ -53.099983042283554, -22.694120195990195, 0.0 ], [ -53.099982635789956, -22.694121698757328, 0.0 ], [ -53.099982229296415, -22.694123201524462, 0.0 ], [ -53.099981821903498, -22.694124704291653, 0.0 ], [ -53.099981413611317, -22.694126206159467, 0.0 ], [ -53.09998100531908, -22.694127708027281, 0.0 ], [ -53.09998059612758, -22.694129209895095, 0.0 ], [ -53.099980186036703, -22.694130711762909, 0.0 ], [ -53.099979775046563, -22.694132213630724, 0.0 ], [ -53.099979364056367, -22.694133714599218, 0.0 ], [ -53.09997895216685, -22.694135216467032, 0.0 ], [ -53.099978538478751, -22.694136717435526, 0.0 ], [ -53.099978125689915, -22.694138217504701, 0.0 ], [ -53.09997771110244, -22.694139718473195, 0.0 ], [ -53.099977295615645, -22.69414121854237, 0.0 ], [ -53.09997687922953, -22.694142719510864, 0.0 ], [ -53.099976462843472, -22.694144218680719, 0.0 ], [ -53.099976044658717, -22.694145718749894, 0.0 ], [ -53.099975626473963, -22.694147217919749, 0.0 ], [ -53.099975206490569, -22.694148717089604, 0.0 ], [ -53.099974785607856, -22.694150216259402, 0.0 ], [ -53.099974363825766, -22.694151715429257, 0.0 ], [ -53.099973941144412, -22.694153213699792, 0.0 ], [ -53.09997351756374, -22.694154711970327, 0.0 ], [ -53.099973093083747, -22.694156210240862, 0.0 ], [ -53.099972666805115, -22.694157707612078, 0.0 ], [ -53.099972240526427, -22.694159204983293, 0.0 ], [ -53.099971812449155, -22.694160702354509, 0.0 ], [ -53.099971382573187, -22.694162198826348, 0.0 ], [ -53.099970952697277, -22.694163695298244, 0.0 ], [ -53.099970521022669, -22.694165191770139, 0.0 ], [ -53.099970088448799, -22.694166687342715, 0.0 ], [ -53.099969654076233, -22.694168182915291, 0.0 ], [ -53.099969218804347, -22.69416967848781, 0.0 ], [ -53.099968781733821, -22.694171173161067, 0.0 ], [ -53.099968343764033, -22.694172667834323, 0.0 ], [ -53.099967904894868, -22.694174161608203, 0.0 ], [ -53.099967464227063, -22.694175656281459, 0.0 ], [ -53.099967021760619, -22.694177149156076, 0.0 ], [ -53.099966578394856, -22.694178642929955, 0.0 ], [ -53.099966133230396, -22.694180135804572, 0.0 ], [ -53.099965687166673, -22.694181627779869, 0.0 ], [ -53.099965239304311, -22.69418311975511, 0.0 ], [ -53.099964790542629, -22.694184611730407, 0.0 ], [ -53.09996433998225, -22.694186102806327, 0.0 ], [ -53.099963888522609, -22.694187593882305, 0.0 ], [ -53.099963436163591, -22.694189084958282, 0.0 ], [ -53.099962982005991, -22.694190576034202, 0.0 ], [ -53.099962526949014, -22.69419206621086, 0.0 ], [ -53.099962070992717, -22.694193555488141, 0.0 ], [ -53.099961614137158, -22.694195045664799, 0.0 ], [ -53.099961155482902, -22.69419653494208, 0.0 ], [ -53.099960695929326, -22.694198024219418, 0.0 ], [ -53.09996023637575, -22.694199512597379, 0.0 ], [ -53.099959775023535, -22.694201001874717, 0.0 ], [ -53.099959312772, -22.694202490252678, 0.0 ], [ -53.099958850520466, -22.69420397863064, 0.0 ], [ -53.099958386470291, -22.694205466109338, 0.0 ], [ -53.099957922420117, -22.694206954487299, 0.0 ], [ -53.099957456571303, -22.694208441965998, 0.0 ], [ -53.09995699072249, -22.694209929444639, 0.0 ], [ -53.099956523974356, -22.694211416923281, 0.0 ], [ -53.099956057226223, -22.69421290350266, 0.0 ], [ -53.099955589578769, -22.694214390981301, 0.0 ], [ -53.099955121031996, -22.69421587756068, 0.0 ], [ -53.099954651585847, -22.694217364140002, 0.0 ], [ -53.099954182139754, -22.694218850719324, 0.0 ], [ -53.099953712693662, -22.694220337298702, 0.0 ], [ -53.099953242348192, -22.694221823878024, 0.0 ], [ -53.09995277200278, -22.694223309558026, 0.0 ], [ -53.099952300758048, -22.694224796137405, 0.0 ], [ -53.099951829513259, -22.694226281817407, 0.0 ], [ -53.099951357369207, -22.694227768396729, 0.0 ], [ -53.099950886124475, -22.694229254076788, 0.0 ], [ -53.099950413980366, -22.69423073975679, 0.0 ], [ -53.099949941836314, -22.694232226336112, 0.0 ], [ -53.099949468792886, -22.694233712016171, 0.0 ], [ -53.099948996648834, -22.694235197696173, 0.0 ], [ -53.099948523605462, -22.694236683376175, 0.0 ], [ -53.099948051461354, -22.694238169056234, 0.0 ], [ -53.099947578417982, -22.694239655635556, 0.0 ], [ -53.099947106273873, -22.694241141315558, 0.0 ], [ -53.099946634129822, -22.694242626995617, 0.0 ], [ -53.09994616108645, -22.694244112675619, 0.0 ], [ -53.099945688942341, -22.694245599254941, 0.0 ], [ -53.099945216798289, -22.694247084935, 0.0 ], [ -53.099944745553501, -22.694248570615002, 0.0 ], [ -53.099944273409449, -22.694250057194324, 0.0 ], [ -53.099943802164717, -22.694251543773703, 0.0 ], [ -53.099943331819247, -22.694253029453705, 0.0 ], [ -53.099942861473835, -22.694254516033027, 0.0 ], [ -53.099942391128423, -22.694256002612406, 0.0 ], [ -53.099941920782953, -22.694257489191727, 0.0 ], [ -53.09994145223618, -22.694258975771049, 0.0 ], [ -53.099940982790088, -22.694260463249748, 0.0 ], [ -53.099940515142634, -22.69426194982907, 0.0 ], [ -53.099940047495181, -22.694263437307768, 0.0 ], [ -53.099939579847671, -22.69426492478641, 0.0 ], [ -53.099939113998857, -22.694266412265051, 0.0 ], [ -53.099938648150044, -22.69426789974375, 0.0 ], [ -53.09993818320055, -22.694269388121711, 0.0 ], [ -53.099937719150375, -22.694270875600409, 0.0 ], [ -53.099937255999521, -22.694272363978371, 0.0 ], [ -53.099936792848666, -22.694273853255652, 0.0 ], [ -53.099936331496451, -22.69427534163367, 0.0 ], [ -53.099935870144236, -22.694276830910951, 0.0 ], [ -53.09993541059066, -22.694278320188289, 0.0 ], [ -53.099934951936461, -22.69427980946557, 0.0 ], [ -53.099934494181525, -22.694281299642228, 0.0 ], [ -53.099934037325909, -22.694282788919509, 0.0 ], [ -53.099933581369669, -22.694284279995486, 0.0 ], [ -53.099933126312692, -22.694285770172087, 0.0 ], [ -53.099932673054354, -22.694287261248064, 0.0 ], [ -53.099932220695393, -22.694288752324042, 0.0 ], [ -53.099931768336376, -22.694290244299282, 0.0 ], [ -53.099931317776054, -22.694291735375259, 0.0 ], [ -53.099930868115052, -22.694293227350499, 0.0 ], [ -53.099930419353313, -22.694294719325796, 0.0 ], [ -53.099929970591631, -22.694296212200413, 0.0 ], [ -53.099929522729269, -22.694297704175654, 0.0 ], [ -53.09992907576617, -22.69429919705027, 0.0 ], [ -53.099928629702447, -22.69430068992483, 0.0 ], [ -53.099928183638724, -22.694302182799447, 0.0 ], [ -53.099927737575001, -22.694303675674064, 0.0 ], [ -53.099927292410598, -22.694305169447944, 0.0 ], [ -53.099926848145458, -22.69430666232256, 0.0 ], [ -53.099926402981055, -22.694308155197177, 0.0 ], [ -53.099925958715971, -22.694309648971057, 0.0 ], [ -53.099925514450888, -22.694311141845674, 0.0 ], [ -53.099925070185805, -22.69431263561961, 0.0 ], [ -53.099924626820041, -22.69431412939349, 0.0 ], [ -53.099924182554957, -22.694315622268107, 0.0 ], [ -53.099923738289874, -22.694317116042043, 0.0 ], [ -53.099923294024734, -22.694318608916603, 0.0 ], [ -53.099922848860331, -22.69432010269054, 0.0 ], [ -53.099922404595247, -22.694321595565157, 0.0 ], [ -53.099921959430844, -22.694323088439717, 0.0 ], [ -53.099921513367121, -22.694324581314333, 0.0 ], [ -53.099921068202718, -22.69432607418895, 0.0 ], [ -53.099920621239619, -22.69432756706351, 0.0 ], [ -53.099920174276576, -22.694329059938127, 0.0 ], [ -53.099919727313534, -22.694330551913367, 0.0 ], [ -53.099919278551795, -22.694332043888664, 0.0 ], [ -53.099918829790113, -22.694333535863962, 0.0 ], [ -53.099918380129111, -22.694335027839202, 0.0 ], [ -53.099917929568733, -22.694336519814499, 0.0 ], [ -53.099917478109091, -22.694338010890419, 0.0 ], [ -53.099917025750074, -22.694339501966397, 0.0 ], [ -53.099916572491793, -22.694340992143054, 0.0 ], [ -53.099916117434816, -22.694342483218975, 0.0 ], [ -53.099915662377896, -22.694343973395632, 0.0 ], [ -53.099915205522279, -22.694345462672914, 0.0 ], [ -53.099914747767343, -22.694346952849571, 0.0 ], [ -53.099914288213768, -22.694348441227532, 0.0 ], [ -53.099913827760929, -22.69434993050487, 0.0 ], [ -53.099913365509394, -22.694351418882832, 0.0 ], [ -53.09991290145922, -22.694352906361473, 0.0 ], [ -53.099912436509669, -22.694354393840172, 0.0 ], [ -53.099911969761536, -22.694355881318813, 0.0 ], [ -53.099911501214763, -22.694357367898192, 0.0 ], [ -53.09991103176867, -22.694358853578194, 0.0 ], [ -53.099910559624561, -22.694360339258196, 0.0 ], [ -53.09991008568187, -22.694361824938198, 0.0 ], [ -53.099909610839802, -22.694363309718938, 0.0 ], [ -53.099909134199152, -22.6943647936003, 0.0 ], [ -53.099908655759805, -22.694366277481663, 0.0 ], [ -53.099908175521819, -22.694367761363026, 0.0 ], [ -53.09990769348525, -22.694369244345125, 0.0 ], [ -53.099907210549304, -22.694370726427849, 0.0 ], [ -53.099906725814719, -22.694372208510572, 0.0 ], [ -53.099906239281495, -22.694373690593295, 0.0 ], [ -53.099905751848951, -22.694375171776699, 0.0 ], [ -53.09990526261771, -22.694376652960102, 0.0 ], [ -53.099904771587887, -22.694378133244186, 0.0 ], [ -53.099904280558064, -22.69437961352827, 0.0 ], [ -53.099903786830282, -22.69438109381241, 0.0 ], [ -53.099903293102443, -22.694382573197174, 0.0 ], [ -53.099902796676702, -22.694384051682619, 0.0 ], [ -53.099902300250903, -22.694385531067383, 0.0 ], [ -53.099901802026523, -22.694387009552827, 0.0 ], [ -53.099901302902765, -22.694388487138951, 0.0 ], [ -53.099900802879688, -22.694389965624396, 0.0 ], [ -53.099900301058028, -22.694391443210463, 0.0 ], [ -53.099899799236312, -22.694392919897268, 0.0 ], [ -53.099899295615955, -22.694394397483393, 0.0 ], [ -53.09989879109628, -22.694395874170198, 0.0 ], [ -53.099898285677284, -22.694397349957683, 0.0 ], [ -53.099897779358969, -22.694398826644488, 0.0 ], [ -53.099897272141334, -22.694400302431973, 0.0 ], [ -53.099896764024379, -22.694401778219458, 0.0 ], [ -53.099896255008105, -22.694403254006943, 0.0 ], [ -53.09989574599183, -22.694404728895051, 0.0 ], [ -53.099895235176916, -22.694406203783217, 0.0 ], [ -53.099894724362002, -22.694407678671382, 0.0 ], [ -53.099894212647769, -22.694409153559548, 0.0 ], [ -53.099893700034215, -22.694410627548393, 0.0 ], [ -53.099893186521285, -22.694412102436559, 0.0 ], [ -53.099892673008412, -22.694413576425347, 0.0 ], [ -53.099892158596219, -22.694415050414193, 0.0 ], [ -53.09989164418397, -22.694416524403039, 0.0 ], [ -53.099891128872457, -22.694417997492565, 0.0 ], [ -53.099890612661625, -22.694419471481353, 0.0 ], [ -53.099890096450736, -22.694420944570879, 0.0 ], [ -53.099889580239903, -22.694422418559725, 0.0 ], [ -53.099889063129694, -22.694423891649251, 0.0 ], [ -53.099888546019542, -22.69442536473872, 0.0 ], [ -53.099888028010071, -22.694426837828246, 0.0 ], [ -53.099887510899862, -22.694428310917772, 0.0 ], [ -53.09988699289039, -22.694429783107978, 0.0 ], [ -53.099886473981542, -22.694431256197447, 0.0 ], [ -53.09988595597207, -22.694432729286973, 0.0 ], [ -53.099885437063222, -22.694434201477179, 0.0 ], [ -53.09988491815443, -22.694435674566705, 0.0 ], [ -53.099884399245582, -22.694437146756854, 0.0 ], [ -53.09988388123611, -22.69443861984638, 0.0 ], [ -53.099883362327262, -22.694440092036587, 0.0 ], [ -53.09988284341847, -22.694441565126112, 0.0 ], [ -53.099882324509622, -22.694443037316262, 0.0 ], [ -53.09988180560083, -22.694444510405788, 0.0 ], [ -53.099881287591302, -22.694445982595994, 0.0 ], [ -53.09988076868251, -22.694447455685463, 0.0 ], [ -53.099880250672982, -22.694448928774989, 0.0 ], [ -53.09987973266351, -22.694450400965195, 0.0 ], [ -53.099879214653981, -22.694451874054721, 0.0 ], [ -53.09987869664451, -22.69445334714419, 0.0 ], [ -53.099878178634981, -22.694454819334396, 0.0 ], [ -53.099877660625509, -22.694456292423922, 0.0 ], [ -53.099877142615981, -22.694457765513448, 0.0 ], [ -53.099876624606509, -22.694459237703597, 0.0 ], [ -53.09987610659698, -22.694460710793123, 0.0 ], [ -53.099875588587508, -22.69446218298333, 0.0 ], [ -53.09987507057798, -22.694463656072799, 0.0 ], [ -53.099874552568508, -22.694465129162325, 0.0 ], [ -53.099874034558979, -22.694466601352531, 0.0 ], [ -53.099873515650188, -22.694468073542737, 0.0 ], [ -53.09987299674134, -22.694469546632206, 0.0 ], [ -53.099872477832548, -22.694471018822412, 0.0 ], [ -53.09987195802438, -22.694472491012618, 0.0 ], [ -53.099871439115589, -22.694473963202768, 0.0 ], [ -53.099870919307421, -22.694475435392974, 0.0 ], [ -53.09987039859999, -22.69447690668386, 0.0 ], [ -53.099869878791822, -22.694478378874066, 0.0 ], [ -53.099869357185071, -22.694479851064216, 0.0 ], [ -53.099868836477583, -22.694481322355102, 0.0 ], [ -53.099868314870776, -22.694482793645989, 0.0 ], [ -53.099867792364705, -22.694484264936818, 0.0 ], [ -53.099867269858578, -22.694485736227705, 0.0 ], [ -53.099866746453131, -22.694487207518591, 0.0 ], [ -53.099866223047741, -22.694488677910101, 0.0 ], [ -53.099865698742974, -22.694490149200988, 0.0 ], [ -53.099865173538888, -22.694491619592497, 0.0 ], [ -53.099864648334801, -22.694493089984064, 0.0 ], [ -53.099864122231395, -22.694494559476311, 0.0 ], [ -53.099863596128046, -22.694496029867821, 0.0 ], [ -53.099863068226, -22.694497499360068, 0.0 ], [ -53.099862540323954, -22.694498968852258, 0.0 ], [ -53.099862011522589, -22.694500438344505, 0.0 ], [ -53.099861482721224, -22.694501906937433, 0.0 ], [ -53.099860952121219, -22.694503375530303, 0.0 ], [ -53.099860421521214, -22.69450484412323, 0.0 ], [ -53.09985988912257, -22.694506312716101, 0.0 ], [ -53.099859356723869, -22.694507780409708, 0.0 ], [ -53.099858822526585, -22.694509248103259, 0.0 ], [ -53.099858288329301, -22.694510715796866, 0.0 ], [ -53.099857753232698, -22.694512182591097, 0.0 ], [ -53.099857217236718, -22.694513650284705, 0.0 ], [ -53.099856679442155, -22.694515116179616, 0.0 ], [ -53.099856141647592, -22.694516582973904, 0.0 ], [ -53.099855602054333, -22.694518048868815, 0.0 ], [ -53.099855062461131, -22.694519514763726, 0.0 ], [ -53.099854521968552, -22.694520979759375, 0.0 ], [ -53.099853980576711, -22.694522445654286, 0.0 ], [ -53.099853438285493, -22.694523910649934, 0.0 ], [ -53.099852895994331, -22.694525375645526, 0.0 ], [ -53.099852351904474, -22.694526839741798, 0.0 ], [ -53.099851807814616, -22.694528304737446, 0.0 ], [ -53.099851263724815, -22.694529768833718, 0.0 ], [ -53.099850718735638, -22.69453123292999, 0.0 ], [ -53.099850172847141, -22.694532697026318, 0.0 ], [ -53.099849626958701, -22.69453416112259, 0.0 ], [ -53.099849080170884, -22.694535624319542, 0.0 ], [ -53.099848533383067, -22.694537088415871, 0.0 ], [ -53.09984798659525, -22.694538551612823, 0.0 ], [ -53.099847438908114, -22.694540014809775, 0.0 ], [ -53.099846891221034, -22.694541478906103, 0.0 ], [ -53.099846342634578, -22.694542942103055, 0.0 ], [ -53.099845794048122, -22.694544405300007, 0.0 ], [ -53.099845246360985, -22.69454586759764, 0.0 ], [ -53.099844697774529, -22.694547330794649, 0.0 ], [ -53.099844148288753, -22.694548793991601, 0.0 ], [ -53.099843599702297, -22.694550257188553, 0.0 ], [ -53.099843051115897, -22.694551720385562, 0.0 ], [ -53.099842502529441, -22.694553183582514, 0.0 ], [ -53.099841953942985, -22.694554646779466, 0.0 ], [ -53.099841405356528, -22.694556109077155, 0.0 ], [ -53.099840856770072, -22.694557572274107, 0.0 ], [ -53.099840308183616, -22.694559035471059, 0.0 ], [ -53.09983975959716, -22.694560498668011, 0.0 ], [ -53.09983921191008, -22.69456196186502, 0.0 ], [ -53.099838664222943, -22.694563425961292, 0.0 ], [ -53.099838117435127, -22.694564889158244, 0.0 ], [ -53.09983756974799, -22.694566352355253, 0.0 ], [ -53.099837022960173, -22.694567816451524, 0.0 ], [ -53.099836477071733, -22.694569280547796, 0.0 ], [ -53.099835931183236, -22.694570744644125, 0.0 ], [ -53.099835386194059, -22.694572208740396, 0.0 ], [ -53.099834841204938, -22.694573672836668, 0.0 ], [ -53.099834297115081, -22.694575136932997, 0.0 ], [ -53.099833753025223, -22.694576601928588, 0.0 ], [ -53.099833210734062, -22.69457806692418, 0.0 ], [ -53.099832668442843, -22.694579531919828, 0.0 ], [ -53.099832126151682, -22.69458099691542, 0.0 ], [ -53.099831585659103, -22.694582462810388, 0.0 ], [ -53.099831045166582, -22.694583928705299, 0.0 ], [ -53.099830505573323, -22.69458539460021, 0.0 ], [ -53.09982996777876, -22.694586860495178, 0.0 ], [ -53.09982942998414, -22.694588327289409, 0.0 ], [ -53.099829380521442, -22.69458846218771, 0.0 ] ] } },
{ "type": "Feature", "properties": { "Id": 0 }, "geometry": { "type": "LineString", "coordinates": [ [ -53.099973784662382, -22.694110272870773, 0.0 ], [ -53.09995766251609, -22.694167767428496, 0.0 ], [ -53.099915129079875, -22.694302973303536, 0.0 ], [ -53.099853920322118, -22.69448506893076, 0.0 ], [ -53.099853163992293, -22.694487147263999, 0.0 ], [ -53.099852404964452, -22.694489224697918, 0.0 ], [ -53.099851645037347, -22.694491301232517, 0.0 ], [ -53.099850882412227, -22.694493376867797, 0.0 ], [ -53.099850118887844, -22.694495452503077, 0.0 ], [ -53.099849352665444, -22.694497528138356, 0.0 ], [ -53.099848584644405, -22.694499601974996, 0.0 ], [ -53.099847815724047, -22.694501675811637, 0.0 ], [ -53.099847044105786, -22.694503748748957, 0.0 ], [ -53.099846271588149, -22.694505821686278, 0.0 ], [ -53.099845496372495, -22.694507893724278, 0.0 ], [ -53.099844720257579, -22.694509965762279, 0.0 ], [ -53.099843942344023, -22.69451203690096, 0.0 ], [ -53.099843162631828, -22.694514107140265, 0.0 ], [ -53.099842382020256, -22.694516177379626, 0.0 ], [ -53.099841598710782, -22.694518246719667, 0.0 ], [ -53.099840814501931, -22.694520316059709, 0.0 ], [ -53.099840029393818, -22.694522384500374, 0.0 ], [ -53.099839241587688, -22.694524452941096, 0.0 ], [ -53.099838453781558, -22.694526520482498, 0.0 ], [ -53.099837663277469, -22.694528587124523, 0.0 ], [ -53.099836871874118, -22.694530654665925, 0.0 ], [ -53.099836079571389, -22.694532720408688, 0.0 ], [ -53.099835285470022, -22.694534786151394, 0.0 ], [ -53.099834490469334, -22.694536851894156, 0.0 ], [ -53.099833693670007, -22.694538916737599, 0.0 ], [ -53.099832895971304, -22.694540981580985, 0.0 ], [ -53.099832097373337, -22.694543046424428, 0.0 ], [ -53.099831296976731, -22.694545110368495, 0.0 ], [ -53.099830495680806, -22.694547173413298, 0.0 ], [ -53.099829693485503, -22.694549236458045, 0.0 ], [ -53.099828890390938, -22.694551299502848, 0.0 ], [ -53.099828085497734, -22.694553362547595, 0.0 ], [ -53.099827279705153, -22.694555424693078, 0.0 ], [ -53.099826473912572, -22.694557485939185, 0.0 ], [ -53.099825666321408, -22.694559548084612, 0.0 ], [ -53.099824857830868, -22.694561609330776, 0.0 ], [ -53.099824048441064, -22.694563669677564, 0.0 ], [ -53.099823238151885, -22.694565730923671, 0.0 ], [ -53.099822426963385, -22.694567791270515, 0.0 ], [ -53.099821614875566, -22.694569850717983, 0.0 ], [ -53.099820802787804, -22.694571911064827, 0.0 ], [ -53.099819988901345, -22.694573970512295, 0.0 ], [ -53.099819175014886, -22.694576029959762, 0.0 ], [ -53.099818360229108, -22.69457808940723, 0.0 ], [ -53.09981754454401, -22.694580147955435, 0.0 ], [ -53.099816727959592, -22.694582206503583, 0.0 ], [ -53.099815911375174, -22.694584265051731, 0.0 ], [ -53.099815602907711, -22.694585040267327, 0.0 ] ] } },
{ "type": "Feature", "properties": { "Id": 0 }, "geometry": { "type": "LineString", "coordinates": [ [ -53.09996487867619, -22.694108061437817, 0.0 ], [ -53.099964732985995, -22.694108564158853, 0.0 ], [ -53.099964085474141, -22.694110790880245, 0.0 ], [ -53.099963437962231, -22.694113017601637, 0.0 ], [ -53.099962791349697, -22.694115244323029, 0.0 ], [ -53.099962143837843, -22.694117471044422, 0.0 ], [ -53.099961497225252, -22.694119697765814, 0.0 ], [ -53.099960849713398, -22.694121924487206, 0.0 ], [ -53.099960202201544, -22.694124151208541, 0.0 ], [ -53.099959555588953, -22.694126377929933, 0.0 ], [ -53.099958908077099, -22.694128604651326, 0.0 ], [ -53.099958261464565, -22.694130831372718, 0.0 ], [ -53.099957613952654, -22.69413305809411, 0.0 ], [ -53.09995696734012, -22.694135284815502, 0.0 ], [ -53.099956319828266, -22.694137511536894, 0.0 ], [ -53.099955673215732, -22.694139738258286, 0.0 ], [ -53.099955025703821, -22.694141964979679, 0.0 ], [ -53.099954379091287, -22.694144191701014, 0.0 ], [ -53.099953731579433, -22.694146418422406, 0.0 ], [ -53.099953084966842, -22.694148646043118, 0.0 ], [ -53.099952437454988, -22.69415087276451, 0.0 ], [ -53.099951790842454, -22.694153099485902, 0.0 ], [ -53.099951143330543, -22.694155326207294, 0.0 ], [ -53.099950496718009, -22.694157552928687, 0.0 ], [ -53.099949850105475, -22.694159779650079, 0.0 ], [ -53.099949202593564, -22.694162006371471, 0.0 ], [ -53.09994855598103, -22.694164233992183, 0.0 ], [ -53.099947908469176, -22.694166460713518, 0.0 ], [ -53.099947261856585, -22.69416868743491, 0.0 ], [ -53.099946614344731, -22.694170914156302, 0.0 ], [ -53.099945966832877, -22.694173140877695, 0.0 ], [ -53.099945319320966, -22.694175367599087, 0.0 ], [ -53.099944671809112, -22.694177594320479, 0.0 ], [ -53.099944024297258, -22.694179821041871, 0.0 ], [ -53.099943375886028, -22.694182047763263, 0.0 ], [ -53.099942727474854, -22.694184274484655, 0.0 ], [ -53.099942078164361, -22.694186501206048, 0.0 ], [ -53.09994142975313, -22.694188727028063, 0.0 ], [ -53.099940780442637, -22.694190953749455, 0.0 ], [ -53.099940130232767, -22.694193179571528, 0.0 ], [ -53.099939480022954, -22.69419540629292, 0.0 ], [ -53.099938829813084, -22.694197632114992, 0.0 ], [ -53.099938178703951, -22.694199857937065, 0.0 ], [ -53.099937527594761, -22.694202083759137, 0.0 ], [ -53.099936875586309, -22.694204309581153, 0.0 ], [ -53.09993622267848, -22.694206534503905, 0.0 ], [ -53.099935569770707, -22.694208760325978, 0.0 ], [ -53.099934915963559, -22.694210985248731, 0.0 ], [ -53.09993426125709, -22.694213210171483, 0.0 ], [ -53.099933606550678, -22.694215435094236, 0.0 ], [ -53.09993295094489, -22.694217660016932, 0.0 ], [ -53.099932294439782, -22.694219884939685, 0.0 ], [ -53.099931637934674, -22.694222108963118, 0.0 ], [ -53.099930979630983, -22.694224332986551, 0.0 ], [ -53.099930321327236, -22.694226557009927, 0.0 ], [ -53.099929662124168, -22.69422878013404, 0.0 ], [ -53.099929002021781, -22.694231004157473, 0.0 ], [ -53.099928341020075, -22.694233227281586, 0.0 ], [ -53.099927679119048, -22.694235450405642, 0.0 ], [ -53.099927016318702, -22.694237672630436, 0.0 ], [ -53.099926352619036, -22.694239895754549, 0.0 ], [ -53.099925688020051, -22.694242117979343, 0.0 ], [ -53.099925021622425, -22.694244340204079, 0.0 ], [ -53.0999243552248, -22.694246561529553, 0.0 ], [ -53.099923687927799, -22.694248782855027, 0.0 ], [ -53.099923018832214, -22.694251004180444, 0.0 ], [ -53.09992234883731, -22.694253224606598, 0.0 ], [ -53.09992167794303, -22.694255445932015, 0.0 ], [ -53.099921005250167, -22.694257665458849, 0.0 ], [ -53.099920332557247, -22.694259885885003, 0.0 ], [ -53.099919658065744, -22.694262105411781, 0.0 ], [ -53.099918981775545, -22.694264324039295, 0.0 ], [ -53.099918304586026, -22.694266543566073, 0.0 ], [ -53.099917626497245, -22.694268762193587, 0.0 ], [ -53.099916947509087, -22.694270979921725, 0.0 ], [ -53.099916265822969, -22.69427319764992, 0.0 ], [ -53.099915584136852, -22.694275415378058, 0.0 ], [ -53.099914899752775, -22.694277632206934, 0.0 ], [ -53.099914215368699, -22.694279849035752, 0.0 ], [ -53.099913528286663, -22.694282065864627, 0.0 ], [ -53.099912840305308, -22.694284281794125, 0.0 ], [ -53.099912151424633, -22.694286496824304, 0.0 ], [ -53.099911459845941, -22.69428871185454, 0.0 ], [ -53.099910767367987, -22.694290926884719, 0.0 ], [ -53.099910073091337, -22.694293141015578, 0.0 ], [ -53.099909377915424, -22.694295355146494, 0.0 ], [ -53.099908680041494, -22.694297568378033, 0.0 ], [ -53.099907981268302, -22.694299781609573, 0.0 ], [ -53.099907280696414, -22.694301993941849, 0.0 ], [ -53.099906578325886, -22.694304205374749, 0.0 ], [ -53.099905874156718, -22.694306416807649, 0.0 ], [ -53.099905168188911, -22.694308628240549, 0.0 ], [ -53.099904460422465, -22.694310838774129, 0.0 ], [ -53.099903751756699, -22.694313049307709, 0.0 ], [ -53.099903041292293, -22.694315258942027, 0.0 ], [ -53.099902329029192, -22.694317467676967, 0.0 ], [ -53.099901614967507, -22.694319676411908, 0.0 ], [ -53.099900899107183, -22.694321885146849, 0.0 ], [ -53.099900182347483, -22.69432409298247, 0.0 ], [ -53.0998994637892, -22.694326300818091, 0.0 ], [ -53.09989874433154, -22.694328507754392, 0.0 ], [ -53.099898022175921, -22.694330714690693, 0.0 ], [ -53.099897299121039, -22.694332920727675, 0.0 ], [ -53.099896575166781, -22.694335126764656, 0.0 ], [ -53.099895849413883, -22.694337332801638, 0.0 ], [ -53.099895121862346, -22.6943395379393, 0.0 ], [ -53.099894393411489, -22.694341742177642, 0.0 ], [ -53.099893663161993, -22.694343947315247, 0.0 ], [ -53.099892932013177, -22.694346150654269, 0.0 ], [ -53.099892199965041, -22.694348354892611, 0.0 ], [ -53.099891465218889, -22.694350558231633, 0.0 ], [ -53.099890730472794, -22.694352760671336, 0.0 ], [ -53.099889993928059, -22.694354963111039, 0.0 ], [ -53.099889255584628, -22.694357165550684, 0.0 ], [ -53.099888517241254, -22.694359367091067, 0.0 ], [ -53.099887776199864, -22.69436156863145, 0.0 ], [ -53.099887035158531, -22.694363770171833, 0.0 ], [ -53.099886292318502, -22.694365970812839, 0.0 ], [ -53.099885548579152, -22.694368171453903, 0.0 ], [ -53.099884803940483, -22.694370372094966, 0.0 ], [ -53.099884057503232, -22.694372571836652, 0.0 ], [ -53.099883310166604, -22.694374771578396, 0.0 ], [ -53.099882561930656, -22.694376970420819, 0.0 ], [ -53.099881812795388, -22.694379169263186, 0.0 ], [ -53.099881061861481, -22.69438136810561, 0.0 ], [ -53.099880310927574, -22.694383566948034, 0.0 ], [ -53.099879558195028, -22.694385764891081, 0.0 ], [ -53.099878804563161, -22.694387962834185, 0.0 ], [ -53.099878050931238, -22.694390159877912, 0.0 ], [ -53.099877295500733, -22.694392357821016, 0.0 ], [ -53.099876539170907, -22.694394554864743, 0.0 ], [ -53.099875781941762, -22.694396751009208, 0.0 ], [ -53.09987502381324, -22.694398948052992, 0.0 ], [ -53.099874264785456, -22.6944011441974, 0.0 ], [ -53.099873504858294, -22.694403340341864, 0.0 ], [ -53.09987274403187, -22.694405535586952, 0.0 ], [ -53.09987198230607, -22.694407731731417, 0.0 ], [ -53.099871219681006, -22.694409926976505, 0.0 ], [ -53.099870457055886, -22.694412122221593, 0.0 ], [ -53.099869692632183, -22.694414316567418, 0.0 ], [ -53.099868928208423, -22.694416510913186, 0.0 ], [ -53.099868162885343, -22.694418706158331, 0.0 ], [ -53.099867396663001, -22.694420899604779, 0.0 ], [ -53.099866629541282, -22.694423093950604, 0.0 ], [ -53.099865862419563, -22.694425287397053, 0.0 ], [ -53.099865094398524, -22.694427481742821, 0.0 ], [ -53.099864325478222, -22.694429675189326, 0.0 ], [ -53.099863555658544, -22.694431867736455, 0.0 ], [ -53.099862785838866, -22.69443406118296, 0.0 ], [ -53.099862015119868, -22.694436253730089, 0.0 ], [ -53.09986124440087, -22.694438447176537, 0.0 ], [ -53.099860472782552, -22.694440639723723, 0.0 ], [ -53.099859700264915, -22.694442831371532, 0.0 ], [ -53.099858927747277, -22.694445023918661, 0.0 ], [ -53.09985815433032, -22.694447216465846, 0.0 ], [ -53.099857380913363, -22.694449408113655, 0.0 ], [ -53.099856606597086, -22.694451599761464, 0.0 ], [ -53.099855832280809, -22.694453791409273, 0.0 ], [ -53.099855057065213, -22.694455983057139, 0.0 ], [ -53.099854281849559, -22.694458174704948, 0.0 ], [ -53.099853505734643, -22.694460366352757, 0.0 ], [ -53.099852729619727, -22.694462557101303, 0.0 ], [ -53.09985195350481, -22.694464748749112, 0.0 ], [ -53.099851176490574, -22.694466939497602, 0.0 ], [ -53.099850399476338, -22.694469130246091, 0.0 ], [ -53.099849622462045, -22.694471320994637, 0.0 ], [ -53.09984884454849, -22.694473511743126, 0.0 ], [ -53.099848066634934, -22.694475702491616, 0.0 ], [ -53.099847288721378, -22.694477892340842, 0.0 ], [ -53.099846509908446, -22.694480083089331, 0.0 ], [ -53.09984573019625, -22.694482272938501, 0.0 ], [ -53.099844950484055, -22.694484462787671, 0.0 ], [ -53.099844169872483, -22.69448665263684, 0.0 ], [ -53.099843389260968, -22.694488842486066, 0.0 ], [ -53.099842607750134, -22.694491032335236, 0.0 ], [ -53.099841826239242, -22.694493221285086, 0.0 ], [ -53.099841043829088, -22.694495410234936, 0.0 ], [ -53.099840260519557, -22.694497599184785, 0.0 ], [ -53.099839476310763, -22.694499788134692, 0.0 ], [ -53.099838692101912, -22.694501976185222, 0.0 ], [ -53.099837906993798, -22.694504164235752, 0.0 ], [ -53.099837120986308, -22.694506352286282, 0.0 ], [ -53.099836334079498, -22.694508540336813, 0.0 ], [ -53.099835546273425, -22.694510727488023, 0.0 ], [ -53.099834757567976, -22.694512914639233, 0.0 ], [ -53.099833967963207, -22.694515101790444, 0.0 ], [ -53.099833177459118, -22.694517288042391, 0.0 ], [ -53.099832386955029, -22.694519474294282, 0.0 ], [ -53.099831594652358, -22.694521660546172, 0.0 ], [ -53.09983080145031, -22.694523845898743, 0.0 ], [ -53.099830007348942, -22.694526031251314, 0.0 ], [ -53.099829211448935, -22.694528216603885, 0.0 ], [ -53.09982841554887, -22.694530401057136, 0.0 ], [ -53.099827617850224, -22.694532584611068, 0.0 ], [ -53.099826819252257, -22.694534769064319, 0.0 ], [ -53.099826019754971, -22.69453695261825, 0.0 ], [ -53.099825218459046, -22.694539135272805, 0.0 ], [ -53.099824416263743, -22.694541317927417, 0.0 ], [ -53.099823612269859, -22.694543500582029, 0.0 ], [ -53.099822807376597, -22.694545682337321, 0.0 ], [ -53.099822001584073, -22.694547864092613, 0.0 ], [ -53.099821193992852, -22.694550044948585, 0.0 ], [ -53.099820385502369, -22.694552224905237, 0.0 ], [ -53.099819575213189, -22.694554405761153, 0.0 ], [ -53.09981876402469, -22.694556584818486, 0.0 ], [ -53.099817950138231, -22.694558763875818, 0.0 ], [ -53.099817136251772, -22.694560942933151, 0.0 ], [ -53.099816319667354, -22.694563121091107, 0.0 ], [ -53.099815502183617, -22.69456529924912, 0.0 ], [ -53.09981468290124, -22.694567476507814, 0.0 ], [ -53.099813861820223, -22.694569652867131, 0.0 ], [ -53.099813039839887, -22.694571829226504, 0.0 ], [ -53.099812215161535, -22.694574004686501, 0.0 ], [ -53.09981138958392, -22.694576179247235, 0.0 ], [ -53.099810563106985, -22.694578354707232, 0.0 ], [ -53.099809733932034, -22.694580528368647, 0.0 ], [ -53.099808903857763, -22.694582702030004, 0.0 ], [ -53.099808668235426, -22.694583318065611, 0.0 ] ] } },
{ "type": "Feature", "properties": { "Id": 0 }, "geometry": { "type": "LineString", "coordinates": [ [ -53.099951887069892, -22.694104834670327, 0.0 ], [ -53.099951771956682, -22.694105213284899, 0.0 ], [ -53.099951300711894, -22.694106755622215, 0.0 ], [ -53.099950830366481, -22.694108297959531, 0.0 ], [ -53.099950360920388, -22.694109840296846, 0.0 ], [ -53.099949891474296, -22.694111383533482, 0.0 ], [ -53.099949422927466, -22.694112925870797, 0.0 ], [ -53.099948954380693, -22.694114469107433, 0.0 ], [ -53.09994848673324, -22.694116012344068, 0.0 ], [ -53.099948019085787, -22.694117555580704, 0.0 ], [ -53.099947553236973, -22.694119098817339, 0.0 ], [ -53.099947086488783, -22.694120642053917, 0.0 ], [ -53.099946621539289, -22.694122185290553, 0.0 ], [ -53.099946156589795, -22.694123729426508, 0.0 ], [ -53.09994569253962, -22.694125273562463, 0.0 ], [ -53.099945228489446, -22.694126817698418, 0.0 ], [ -53.099944765338591, -22.694128361834373, 0.0 ], [ -53.099944303087057, -22.694129906869648, 0.0 ], [ -53.099943841734841, -22.694131451005603, 0.0 ], [ -53.099943381282003, -22.694132996040878, 0.0 ], [ -53.099942920829108, -22.694134541076153, 0.0 ], [ -53.099942461275532, -22.694136086111428, 0.0 ], [ -53.099942002621276, -22.694137632046022, 0.0 ], [ -53.09994154486634, -22.694139177980617, 0.0 ], [ -53.09994108801078, -22.694140723015892, 0.0 ], [ -53.099940632054484, -22.694142269849806, 0.0 ], [ -53.099940176098187, -22.6941438157844, 0.0 ], [ -53.099939721940586, -22.694145362618372, 0.0 ], [ -53.099939267782929, -22.694146909452286, 0.0 ], [ -53.099938814524648, -22.6941484562862, 0.0 ], [ -53.099938362165631, -22.694150003120114, 0.0 ], [ -53.099937910705989, -22.694151550853348, 0.0 ], [ -53.099937460145611, -22.694153097687263, 0.0 ], [ -53.099937010484609, -22.694154645420497, 0.0 ], [ -53.099936560823608, -22.694156193153731, 0.0 ], [ -53.099936111162549, -22.694157740886965, 0.0 ], [ -53.099935662400867, -22.694159289519575, 0.0 ], [ -53.099935214538505, -22.694160837252809, 0.0 ], [ -53.099934766676085, -22.694162385885363, 0.0 ], [ -53.099934318813723, -22.694163933618597, 0.0 ], [ -53.099933870951361, -22.694165482251151, 0.0 ], [ -53.099933423988261, -22.694167030883705, 0.0 ], [ -53.099932977025219, -22.694168579516258, 0.0 ], [ -53.099932529162857, -22.694170127249549, 0.0 ], [ -53.099932082199814, -22.694171675882103, 0.0 ], [ -53.099931634337395, -22.694173224514657, 0.0 ], [ -53.099931187374352, -22.694174772247891, 0.0 ], [ -53.09993073951199, -22.694176320880445, 0.0 ], [ -53.099930291649571, -22.694177869512998, 0.0 ], [ -53.099929842887889, -22.694179417246289, 0.0 ], [ -53.099929394126207, -22.694180964979523, 0.0 ], [ -53.099928945364468, -22.694182513612077, 0.0 ], [ -53.099928495703466, -22.694184061345311, 0.0 ], [ -53.099928045143145, -22.694185608179225, 0.0 ], [ -53.099927594582766, -22.694187155912459, 0.0 ], [ -53.099927143123125, -22.694188703645693, 0.0 ], [ -53.099926690764107, -22.694190250479608, 0.0 ], [ -53.099926237505827, -22.694191797313522, 0.0 ], [ -53.099925784247489, -22.694193344147493, 0.0 ], [ -53.099925329190569, -22.694194890082088, 0.0 ], [ -53.099924873234272, -22.694196436016682, 0.0 ], [ -53.099924416378656, -22.694197981951277, 0.0 ], [ -53.099923958623776, -22.694199527885871, 0.0 ], [ -53.09992349996952, -22.694201072921146, 0.0 ], [ -53.099923039516625, -22.694202617956421, 0.0 ], [ -53.09992257816441, -22.694204162991696, 0.0 ], [ -53.099922115013555, -22.694205707127651, 0.0 ], [ -53.099921650963381, -22.694207251263606, 0.0 ], [ -53.099921185114567, -22.694208794500241, 0.0 ], [ -53.099920718366434, -22.694210337736877, 0.0 ], [ -53.099920249819604, -22.694211880074135, 0.0 ], [ -53.099919779474192, -22.694213422411451, 0.0 ], [ -53.09991930733014, -22.694214964748767, 0.0 ], [ -53.099918834286711, -22.694216506186763, 0.0 ], [ -53.099918358545381, -22.694218046725439, 0.0 ], [ -53.099917881005354, -22.694219587264115, 0.0 ], [ -53.099917402566007, -22.694221126903415, 0.0 ], [ -53.099916922328077, -22.694222666542771, 0.0 ], [ -53.099916440291452, -22.694224206182128, 0.0 ], [ -53.099915956456186, -22.694225744922164, 0.0 ], [ -53.099915471721602, -22.694227283662144, 0.0 ], [ -53.099914986087697, -22.694228821502861, 0.0 ], [ -53.099914498655153, -22.694230359343578, 0.0 ], [ -53.099914010323289, -22.694231897184238, 0.0 ], [ -53.099913520192786, -22.694233434125636, 0.0 ], [ -53.099913030062226, -22.694234971067033, 0.0 ], [ -53.099912538133083, -22.694236508008373, 0.0 ], [ -53.09991204620394, -22.694238044050451, 0.0 ], [ -53.099911553375421, -22.694239580092528, 0.0 ], [ -53.099911059647638, -22.694241117033869, 0.0 ], [ -53.099910565020537, -22.694242652176627, 0.0 ], [ -53.099910069494058, -22.694244188218647, 0.0 ], [ -53.099909574866956, -22.694245724260725, 0.0 ], [ -53.099909078441158, -22.694247259403426, 0.0 ], [ -53.099908582914736, -22.694248795445503, 0.0 ], [ -53.099908086488938, -22.694250330588261, 0.0 ], [ -53.099907590063196, -22.694251865730962, 0.0 ], [ -53.099907092738079, -22.69425340087372, 0.0 ], [ -53.099906596312337, -22.69425493691574, 0.0 ], [ -53.099906099886539, -22.694256472058498, 0.0 ], [ -53.099905603460797, -22.694258007201199, 0.0 ], [ -53.099905107034999, -22.694259543243277, 0.0 ], [ -53.099904610609258, -22.694261078386035, 0.0 ], [ -53.099904115082779, -22.694262614428055, 0.0 ], [ -53.099903620455677, -22.694264149570813, 0.0 ], [ -53.099903125828575, -22.694265685612834, 0.0 ], [ -53.099902631201417, -22.694267221654911, 0.0 ], [ -53.099902137473634, -22.694268757696989, 0.0 ], [ -53.099901645544492, -22.694270294638329, 0.0 ], [ -53.099901153615292, -22.694271830680407, 0.0 ], [ -53.099900662585469, -22.694273367621747, 0.0 ], [ -53.099900172454966, -22.694274905462464, 0.0 ], [ -53.099899683223782, -22.694276442403861, 0.0 ], [ -53.099899194891861, -22.694277980244522, 0.0 ], [ -53.099898708358637, -22.694279518085239, 0.0 ], [ -53.099898222724732, -22.694281056825275, 0.0 ], [ -53.099897737990148, -22.694282595565312, 0.0 ], [ -53.099897255054259, -22.694284134305292, 0.0 ], [ -53.099896772118313, -22.694285673045329, 0.0 ], [ -53.099896290981007, -22.694287212684685, 0.0 ], [ -53.099895810743021, -22.694288752324042, 0.0 ], [ -53.099895330505035, -22.694290292862661, 0.0 ], [ -53.099894852065745, -22.694291832502017, 0.0 ], [ -53.099894373626398, -22.694293373040693, 0.0 ], [ -53.099893896985691, -22.69429491357937, 0.0 ], [ -53.09989342034504, -22.694296454118046, 0.0 ], [ -53.099892944603653, -22.694297995555985, 0.0 ], [ -53.099892468862322, -22.694299536094661, 0.0 ], [ -53.099891994020254, -22.694301077532657, 0.0 ], [ -53.099891520077563, -22.694302618970653, 0.0 ], [ -53.099891046134815, -22.694304160408649, 0.0 ], [ -53.099890573091443, -22.694305701846645, 0.0 ], [ -53.099890100048015, -22.694307244183904, 0.0 ], [ -53.099889627004643, -22.694308785621899, 0.0 ], [ -53.099889154860591, -22.694310327959215, 0.0 ], [ -53.099888682716482, -22.694311869397211, 0.0 ], [ -53.09988821147175, -22.694313411734527, 0.0 ], [ -53.099887739327642, -22.694314954071842, 0.0 ], [ -53.099887268082909, -22.694316495509838, 0.0 ], [ -53.099886796838177, -22.694318037847097, 0.0 ], [ -53.099886325593388, -22.694319580184413, 0.0 ], [ -53.099885853449337, -22.694321122521728, 0.0 ], [ -53.099885382204604, -22.694322663959724, 0.0 ], [ -53.099884910959815, -22.69432420629704, 0.0 ], [ -53.099884438815764, -22.694325748634355, 0.0 ], [ -53.099883966671655, -22.694327290072351, 0.0 ], [ -53.099883494527603, -22.694328832409667, 0.0 ], [ -53.099883022383551, -22.694330373847606, 0.0 ], [ -53.099882549340123, -22.694331916184922, 0.0 ], [ -53.099882076296751, -22.694333457622918, 0.0 ], [ -53.099881602354003, -22.694334999060914, 0.0 ], [ -53.099881128411312, -22.694336540498909, 0.0 ], [ -53.099880653569244, -22.694338081936905, 0.0 ], [ -53.099880178727233, -22.694339622475525, 0.0 ], [ -53.099879702086525, -22.694341163913521, 0.0 ], [ -53.099879226345195, -22.694342704452197, 0.0 ], [ -53.099878748805168, -22.694344244990873, 0.0 ], [ -53.09987827126514, -22.694345785529549, 0.0 ], [ -53.099877791926531, -22.694347326068225, 0.0 ], [ -53.099877312587864, -22.694348865707525, 0.0 ], [ -53.099876832349878, -22.694350405346881, 0.0 ], [ -53.099876351212572, -22.694351944986238, 0.0 ], [ -53.099875869176003, -22.694353484625594, 0.0 ], [ -53.099875385340738, -22.694355023365574, 0.0 ], [ -53.099874901505473, -22.694356562105611, 0.0 ], [ -53.099874415871568, -22.694358099946328, 0.0 ], [ -53.099873929338344, -22.694359638686308, 0.0 ], [ -53.0998734419058, -22.694361176527025, 0.0 ], [ -53.099872953573879, -22.694362713468422, 0.0 ], [ -53.099872463443376, -22.694364251309082, 0.0 ], [ -53.099871972413553, -22.694365788250479, 0.0 ], [ -53.09987148138373, -22.694367324292557, 0.0 ], [ -53.09987098855521, -22.694368861233897, 0.0 ], [ -53.099870494827428, -22.694370397275975, 0.0 ], [ -53.099869999301006, -22.694371933317996, 0.0 ], [ -53.099869503774528, -22.694373468460753, 0.0 ], [ -53.099869006449467, -22.694375003603511, 0.0 ], [ -53.099868509124349, -22.694376538746212, 0.0 ], [ -53.099868010000591, -22.69437807388897, 0.0 ], [ -53.099867509977571, -22.694379608132351, 0.0 ], [ -53.099867009055174, -22.694381142375789, 0.0 ], [ -53.099866506334138, -22.694382675719851, 0.0 ], [ -53.099866003613158, -22.694384209963289, 0.0 ], [ -53.099865499992802, -22.69438574330735, 0.0 ], [ -53.099864994573807, -22.694387275752149, 0.0 ], [ -53.099864488255491, -22.69438880909621, 0.0 ], [ -53.099863981937176, -22.694390341541009, 0.0 ], [ -53.099863473820221, -22.694391873086431, 0.0 ], [ -53.099862964803947, -22.694393405531173, 0.0 ], [ -53.099862454888353, -22.694394937076652, 0.0 ], [ -53.099861944073439, -22.694396468622074, 0.0 ], [ -53.099861432359148, -22.694397999268233, 0.0 ], [ -53.099860918846275, -22.694399529914335, 0.0 ], [ -53.099860405333402, -22.694401060560438, 0.0 ], [ -53.099859890921209, -22.694402591206597, 0.0 ], [ -53.09985937471032, -22.694404120953379, 0.0 ], [ -53.099858858499488, -22.694405650700162, 0.0 ], [ -53.099858340489959, -22.694407180447001, 0.0 ], [ -53.099857822480487, -22.694408709294464, 0.0 ], [ -53.099857302672319, -22.694410238141927, 0.0 ], [ -53.099856781964888, -22.69441176698939, 0.0 ], [ -53.099856261257401, -22.69441329493759, 0.0 ], [ -53.099855738751273, -22.694414823785053, 0.0 ], [ -53.099855215345883, -22.694416350833876, 0.0 ], [ -53.099854691940436, -22.694417878782019, 0.0 ], [ -53.09985416673635, -22.694419405830843, 0.0 ], [ -53.099853640632944, -22.694420932879723, 0.0 ], [ -53.099853113630274, -22.694422459928546, 0.0 ], [ -53.099852586627549, -22.69442398607805, 0.0 ], [ -53.099852057826183, -22.694425512227554, 0.0 ], [ -53.099851528125498, -22.694427038377057, 0.0 ], [ -53.099850997525493, -22.694428564526561, 0.0 ], [ -53.099850466925488, -22.694430089776802, 0.0 ], [ -53.099849934526787, -22.694431615026986, 0.0 ], [ -53.099849401228823, -22.69443313937785, 0.0 ], [ -53.099848867930859, -22.694434664628034, 0.0 ], [ -53.099848332834256, -22.694436188978898, 0.0 ], [ -53.099847797737652, -22.694437712430442, 0.0 ], [ -53.099847260842353, -22.694439236781307, 0.0 ], [ -53.09984672394711, -22.694440760232851, 0.0 ], [ -53.099846185253227, -22.694442283684396, 0.0 ], [ -53.099845646559288, -22.69444380713594, 0.0 ], [ -53.099845106966086, -22.694445329688165, 0.0 ], [ -53.099844566473507, -22.694446852240389, 0.0 ], [ -53.099844025081666, -22.694448374792614, 0.0 ], [ -53.099843482790448, -22.694449896445519, 0.0 ], [ -53.099842939599966, -22.694451418098424, 0.0 ], [ -53.099842395510109, -22.694452939751329, 0.0 ], [ -53.099841850520932, -22.694454461404234, 0.0 ], [ -53.099841305531811, -22.69445598215782, 0.0 ], [ -53.099840758743994, -22.694457502911405, 0.0 ], [ -53.099840211956177, -22.69445902366499, 0.0 ], [ -53.099839663369721, -22.694460543519199, 0.0 ], [ -53.099839114783265, -22.694462063373464, 0.0 ], [ -53.099838565297489, -22.69446358322773, 0.0 ], [ -53.099838014912393, -22.694465103081995, 0.0 ], [ -53.099837464527297, -22.694466622036941, 0.0 ], [ -53.099836912343562, -22.694468140991887, 0.0 ], [ -53.099836360159827, -22.694469659946776, 0.0 ], [ -53.099835807076772, -22.694471178901722, 0.0 ], [ -53.099835253094398, -22.694472696957348, 0.0 ], [ -53.099834699112023, -22.694474215012974, 0.0 ], [ -53.099834143331009, -22.6944757330686, 0.0 ], [ -53.099833587549995, -22.694477251124169, 0.0 ], [ -53.099833031768981, -22.694478768280476, 0.0 ], [ -53.09983247418927, -22.694480285436782, 0.0 ], [ -53.099831916609617, -22.694481802593089, 0.0 ], [ -53.099831358130643, -22.694483319749338, 0.0 ], [ -53.099830799651613, -22.694484836905644, 0.0 ], [ -53.09983024027332, -22.694486353162631, 0.0 ], [ -53.099829679995707, -22.694487869419618, 0.0 ], [ -53.099829119718038, -22.694489385676547, 0.0 ], [ -53.099828558541105, -22.694490901933534, 0.0 ], [ -53.099827996464796, -22.694492417291201, 0.0 ], [ -53.099827434388544, -22.694493933548131, 0.0 ], [ -53.099826871412972, -22.694495448905798, 0.0 ], [ -53.099826308437343, -22.694496964263465, 0.0 ], [ -53.099825744562395, -22.694498479621075, 0.0 ], [ -53.099825180687503, -22.694499994079422, 0.0 ], [ -53.099824615913235, -22.694501509437089, 0.0 ], [ -53.099824050239704, -22.694503023895379, 0.0 ], [ -53.099823485465436, -22.694504539253046, 0.0 ], [ -53.099822918892528, -22.694506053711336, 0.0 ], [ -53.099822352319677, -22.694507567270364, 0.0 ], [ -53.099821785746769, -22.694509081728711, 0.0 ], [ -53.099821218274542, -22.694510596187001, 0.0 ], [ -53.099820650802371, -22.694512109746029, 0.0 ], [ -53.099820083330144, -22.694513624204376, 0.0 ], [ -53.099819514958597, -22.694515137763347, 0.0 ], [ -53.09981894568773, -22.694516651322374, 0.0 ], [ -53.09981837731624, -22.694518164881345, 0.0 ], [ -53.099817807146053, -22.694519678440372, 0.0 ], [ -53.099817237875186, -22.694521191999343, 0.0 ], [ -53.099816667704999, -22.69452270465905, 0.0 ], [ -53.099816097534813, -22.694524218218078, 0.0 ], [ -53.099815527364683, -22.694525730877729, 0.0 ], [ -53.099814956295177, -22.694527243537436, 0.0 ], [ -53.09981438522567, -22.694528757096407, 0.0 ], [ -53.099813814156164, -22.694530269756115, 0.0 ], [ -53.099813242187338, -22.694531782415766, 0.0 ], [ -53.099812671117832, -22.694533295075473, 0.0 ], [ -53.099812099149005, -22.694534807735124, 0.0 ], [ -53.09981152628086, -22.694536320394832, 0.0 ], [ -53.099810954312034, -22.694537832155163, 0.0 ], [ -53.099810381443888, -22.694539344814871, 0.0 ], [ -53.099809809475062, -22.694540857474522, 0.0 ], [ -53.099809236606916, -22.69454236923491, 0.0 ], [ -53.099808663738827, -22.69454388189456, 0.0 ], [ -53.099808089971361, -22.694545394554268, 0.0 ], [ -53.099807517103216, -22.694546906314656, 0.0 ], [ -53.09980694333575, -22.694548418074987, 0.0 ], [ -53.099806370467604, -22.694549930734695, 0.0 ], [ -53.099805796700139, -22.694551442495026, 0.0 ], [ -53.099805223831993, -22.694552955154734, 0.0 ], [ -53.099804650064527, -22.694554466915065, 0.0 ], [ -53.099804076297062, -22.694555978675453, 0.0 ], [ -53.099803502529596, -22.694557491335104, 0.0 ], [ -53.099802928762131, -22.694559003095492, 0.0 ], [ -53.099802354994665, -22.694560514855823, 0.0 ], [ -53.0998017812272, -22.694562026616211, 0.0 ], [ -53.099801208359054, -22.694563539275862, 0.0 ], [ -53.099800634591588, -22.69456505103625, 0.0 ], [ -53.099800060824123, -22.694566562796581, 0.0 ], [ -53.099799487056657, -22.694568075456289, 0.0 ], [ -53.099798913289192, -22.69456958721662, 0.0 ], [ -53.099798340421046, -22.694571098977008, 0.0 ], [ -53.09979776665358, -22.694572611636659, 0.0 ], [ -53.099797192886115, -22.694574123397047, 0.0 ], [ -53.099796619118649, -22.694575635157378, 0.0 ], [ -53.099796046250503, -22.694577147817085, 0.0 ], [ -53.099795472483038, -22.694578659577417, 0.0 ], [ -53.099794993144371, -22.694579922225557, 0.0 ] ] } },
{ "type": "Feature", "properties": { "Id": 0 }, "geometry": { "type": "LineString", "coordinates": [ [ -53.099942971191126, -22.694102620539468, 0.0 ], [ -53.099942896547418, -22.694102858859821, 0.0 ], [ -53.099942275115836, -22.694104835569647, 0.0 ], [ -53.099941655482951, -22.694106813178848, 0.0 ], [ -53.099941035850065, -22.694108790787993, 0.0 ], [ -53.099940418015819, -22.694110768397195, 0.0 ], [ -53.099939801080893, -22.694112746006397, 0.0 ], [ -53.099939185045287, -22.694114724514861, 0.0 ], [ -53.099938569909057, -22.694116703922703, 0.0 ], [ -53.099937957470729, -22.694118682431224, 0.0 ], [ -53.099937345032401, -22.694120661839008, 0.0 ], [ -53.099936734392713, -22.694122642146169, 0.0 ], [ -53.099936125551721, -22.69412462245333, 0.0 ], [ -53.099935518509312, -22.694126602760491, 0.0 ], [ -53.09993491236628, -22.694128583966915, 0.0 ], [ -53.099934308921206, -22.694130565173396, 0.0 ], [ -53.099933706375396, -22.694132547279196, 0.0 ], [ -53.099933105628281, -22.694134529384996, 0.0 ], [ -53.099932506679806, -22.694136512390116, 0.0 ], [ -53.099931909529971, -22.69413849539518, 0.0 ], [ -53.099931314178775, -22.69414047929962, 0.0 ], [ -53.099930721525539, -22.694142463204059, 0.0 ], [ -53.099930130670941, -22.694144448007819, 0.0 ], [ -53.09992954161504, -22.694146433710898, 0.0 ], [ -53.099928954357722, -22.694148419413978, 0.0 ], [ -53.099928369798363, -22.694150406016377, 0.0 ], [ -53.09992778793702, -22.694152392618776, 0.0 ], [ -53.099927207874316, -22.694154380120494, 0.0 ], [ -53.099926629610252, -22.694156368521533, 0.0 ], [ -53.099926054943467, -22.694158356922571, 0.0 ], [ -53.099925482075321, -22.694160347122249, 0.0 ], [ -53.099924911905134, -22.694162336422664, 0.0 ], [ -53.099924343533587, -22.694164327521662, 0.0 ], [ -53.099923776960679, -22.69416631862066, 0.0 ], [ -53.099923213085788, -22.694168310618977, 0.0 ], [ -53.099922651009479, -22.694170302617351, 0.0 ], [ -53.099922090731866, -22.694172294615669, 0.0 ], [ -53.099921531353573, -22.694174287513306, 0.0 ], [ -53.099920973773862, -22.694176281310263, 0.0 ], [ -53.099920417093529, -22.694178275107276, 0.0 ], [ -53.099919862211834, -22.694180268904233, 0.0 ], [ -53.09991930822946, -22.69418226270119, 0.0 ], [ -53.099918755146405, -22.694184257397524, 0.0 ], [ -53.09991820206335, -22.6941862520938, 0.0 ], [ -53.099917650778934, -22.694188246790134, 0.0 ], [ -53.099917099494519, -22.69419024148641, 0.0 ], [ -53.099916548210103, -22.694192236182687, 0.0 ], [ -53.099915996925688, -22.69419423177834, 0.0 ], [ -53.099915446540592, -22.694196226474617, 0.0 ], [ -53.099914895256177, -22.69419822117095, 0.0 ], [ -53.099914343971761, -22.694200216766546, 0.0 ], [ -53.099913792687346, -22.694202211462823, 0.0 ], [ -53.09991324140293, -22.694204206159156, 0.0 ], [ -53.099912688319876, -22.694206200855433, 0.0 ], [ -53.099912135236821, -22.69420819465239, 0.0 ], [ -53.099911581254446, -22.694210189348723, 0.0 ], [ -53.099911025473432, -22.69421218314568, 0.0 ], [ -53.099910468793041, -22.694214176043317, 0.0 ], [ -53.099909911213388, -22.694216169840331, 0.0 ], [ -53.099909351835095, -22.694218161838648, 0.0 ], [ -53.099908791557425, -22.694220154736286, 0.0 ], [ -53.099908229481173, -22.69422214673466, 0.0 ], [ -53.099907664706905, -22.694224137833658, 0.0 ], [ -53.099907098134054, -22.694226128932655, 0.0 ], [ -53.099906529762507, -22.694228119132333, 0.0 ], [ -53.09990595959232, -22.694230109332011, 0.0 ], [ -53.099905385824854, -22.694232098632426, 0.0 ], [ -53.099904810258749, -22.694234087033465, 0.0 ], [ -53.099904231994685, -22.694236074535183, 0.0 ], [ -53.099903651032605, -22.694238062036902, 0.0 ], [ -53.099903067372622, -22.694240047739981, 0.0 ], [ -53.099902480115304, -22.694242033443061, 0.0 ], [ -53.099901890160083, -22.69424401824682, 0.0 ], [ -53.099901296607527, -22.69424600215126, 0.0 ], [ -53.099900700357011, -22.694247985156323, 0.0 ], [ -53.099900101408537, -22.694249967262124, 0.0 ], [ -53.099899499762046, -22.694251949367924, 0.0 ], [ -53.099898894518333, -22.694253929675085, 0.0 ], [ -53.099898287475924, -22.694255909982189, 0.0 ], [ -53.099897677735612, -22.69425789028935, 0.0 ], [ -53.099897065297284, -22.694259868797872, 0.0 ], [ -53.099896450160998, -22.694261847306336, 0.0 ], [ -53.099895833226071, -22.694263824915538, 0.0 ], [ -53.099895213593186, -22.69426580162542, 0.0 ], [ -53.099894592161661, -22.694267778335245, 0.0 ], [ -53.099893968032177, -22.694269754145807, 0.0 ], [ -53.099893342103996, -22.694271729956313, 0.0 ], [ -53.099892714377233, -22.694273704867555, 0.0 ], [ -53.099892084851774, -22.694275679778741, 0.0 ], [ -53.099891453527732, -22.694277653790664, 0.0 ], [ -53.099890819505674, -22.69427962690321, 0.0 ], [ -53.099890184584297, -22.694281600015756, 0.0 ], [ -53.099889548763599, -22.694283573128359, 0.0 ], [ -53.099888910244943, -22.694285545341586, 0.0 ], [ -53.099888270827023, -22.69428751665555, 0.0 ], [ -53.09988762961035, -22.694289488868776, 0.0 ], [ -53.099886987494415, -22.694291460182683, 0.0 ], [ -53.09988634447916, -22.694293430597327, 0.0 ], [ -53.099885700564585, -22.694295401911234, 0.0 ], [ -53.09988505485137, -22.694297372325821, 0.0 ], [ -53.099884408238836, -22.694299341841088, 0.0 ], [ -53.099883760726925, -22.694301312255732, 0.0 ], [ -53.099883112315752, -22.694303281770999, 0.0 ], [ -53.099882463904521, -22.694305251286266, 0.0 ], [ -53.099881813694708, -22.694307220801534, 0.0 ], [ -53.099881163484838, -22.694309190316858, 0.0 ], [ -53.099880513275025, -22.694311158932805, 0.0 ], [ -53.099879862165892, -22.694313128448073, 0.0 ], [ -53.099879210157383, -22.69431509706402, 0.0 ], [ -53.099878558148873, -22.694317066579288, 0.0 ], [ -53.099877906140421, -22.694319035195292, 0.0 ], [ -53.099877254131911, -22.69432100381124, 0.0 ], [ -53.099876602123459, -22.694322972427187, 0.0 ], [ -53.099875950114949, -22.694324941942455, 0.0 ], [ -53.099875298106497, -22.694326910558402, 0.0 ], [ -53.099874646097987, -22.694328879174407, 0.0 ], [ -53.099873994089535, -22.694330848689674, 0.0 ], [ -53.099873342980345, -22.694332817305622, 0.0 ], [ -53.099872691871212, -22.694334786820889, 0.0 ], [ -53.099872041661342, -22.694336756336213, 0.0 ], [ -53.099871391451529, -22.69433872585148, 0.0 ], [ -53.099870742140979, -22.694340695366748, 0.0 ], [ -53.099870093729805, -22.694342664882015, 0.0 ], [ -53.099869445318632, -22.694344635296659, 0.0 ], [ -53.099868797806721, -22.694346605711246, 0.0 ], [ -53.099868151194187, -22.694348575226513, 0.0 ], [ -53.099867504581653, -22.6943505456411, 0.0 ], [ -53.099866857969062, -22.694352516955064, 0.0 ], [ -53.099866212255847, -22.694354487369651, 0.0 ], [ -53.099865566542633, -22.694356457784238, 0.0 ], [ -53.099864921728738, -22.694358429098202, 0.0 ], [ -53.099864276914786, -22.694360399512789, 0.0 ], [ -53.099863632100892, -22.694362370826695, 0.0 ], [ -53.099862987286997, -22.694364342140659, 0.0 ], [ -53.099862343372422, -22.694366312555246, 0.0 ], [ -53.099861699457847, -22.694368283869153, 0.0 ], [ -53.099861055543215, -22.69437025518306, 0.0 ], [ -53.09986041162864, -22.694372226497023, 0.0 ], [ -53.099859767714065, -22.69437419781093, 0.0 ], [ -53.09985912379949, -22.694376168225517, 0.0 ], [ -53.099858479884915, -22.694378139539481, 0.0 ], [ -53.099857835070964, -22.694380110853388, 0.0 ], [ -53.099857191156389, -22.694382081267975, 0.0 ], [ -53.099856547241814, -22.694384052581938, 0.0 ], [ -53.099855902427919, -22.694386022996525, 0.0 ], [ -53.099855257614024, -22.694387994310432, 0.0 ], [ -53.099854612800073, -22.694389964725019, 0.0 ], [ -53.099853967086858, -22.694391935139663, 0.0 ], [ -53.099853321373644, -22.69439390555425, 0.0 ], [ -53.099852675660429, -22.694395875968837, 0.0 ], [ -53.099852029047838, -22.694397846383481, 0.0 ], [ -53.099851382435304, -22.694399816798068, 0.0 ], [ -53.09985073492345, -22.694401786313335, 0.0 ], [ -53.09985008651222, -22.694403755828603, 0.0 ], [ -53.099849438101046, -22.694405726243247, 0.0 ], [ -53.099848788790553, -22.694407694859194, 0.0 ], [ -53.099848139480002, -22.694409664374461, 0.0 ], [ -53.099847489270189, -22.694411632990409, 0.0 ], [ -53.099846838161, -22.694413601606357, 0.0 ], [ -53.099846186152547, -22.694415570222361, 0.0 ], [ -53.099845533244718, -22.694417538838309, 0.0 ], [ -53.099844880336889, -22.694419506554937, 0.0 ], [ -53.099844225630477, -22.694421474271564, 0.0 ], [ -53.099843570024689, -22.694423441988192, 0.0 ], [ -53.0998429144189, -22.6944254088055, 0.0 ], [ -53.099842257014529, -22.694427375622865, 0.0 ], [ -53.099841599610102, -22.694429342440174, 0.0 ], [ -53.099840940407034, -22.694431308358162, 0.0 ], [ -53.099840280304647, -22.69443327427615, 0.0 ], [ -53.099839618403621, -22.694435240194139, 0.0 ], [ -53.099838956502595, -22.694437205212807, 0.0 ], [ -53.099838292802929, -22.694439170231476, 0.0 ], [ -53.099837628203943, -22.694441134350825, 0.0 ], [ -53.099836961806318, -22.694443098470174, 0.0 ], [ -53.099836294509316, -22.694445062589523, 0.0 ], [ -53.099835626313052, -22.694447025809552, 0.0 ], [ -53.099834955418828, -22.694448988130262, 0.0 ], [ -53.099834284524547, -22.694450950450971, 0.0 ], [ -53.099833611831684, -22.694452912771681, 0.0 ], [ -53.099832937340125, -22.69445487419307, 0.0 ], [ -53.099832261049983, -22.694456834715083, 0.0 ], [ -53.099831583860464, -22.694458795237153, 0.0 ], [ -53.099830904872306, -22.694460755759224, 0.0 ], [ -53.099830224085508, -22.694462715381974, 0.0 ], [ -53.099829542399448, -22.694464674105404, 0.0 ], [ -53.099828858015371, -22.694466632828778, 0.0 ], [ -53.099828172731918, -22.694468590652889, 0.0 ], [ -53.099827485649882, -22.694470548477, 0.0 ], [ -53.099826795869888, -22.694472505401734, 0.0 ], [ -53.099826105190573, -22.694474461427205, 0.0 ], [ -53.099825411813242, -22.694476417452677, 0.0 ], [ -53.099824717536649, -22.694478372578772, 0.0 ], [ -53.099824020562039, -22.694480326805603, 0.0 ], [ -53.099823321788847, -22.694482281032379, 0.0 ], [ -53.099822621216958, -22.694484234359891, 0.0 ], [ -53.099821917947111, -22.694486186788026, 0.0 ], [ -53.099821213777943, -22.694488139216219, 0.0 ], [ -53.099820506910817, -22.694490090745035, 0.0 ], [ -53.099819798245051, -22.694492041374588, 0.0 ], [ -53.099819087780645, -22.694493992004084, 0.0 ], [ -53.0998183755176, -22.69449594173426, 0.0 ], [ -53.099817661455859, -22.694497891464493, 0.0 ], [ -53.099816945595535, -22.69449984029535, 0.0 ], [ -53.099816227936515, -22.694501788226887, 0.0 ], [ -53.099815508478912, -22.694503736158424, 0.0 ], [ -53.099814788121932, -22.694505683190698, 0.0 ], [ -53.099814065066994, -22.694507629323596, 0.0 ], [ -53.099813341112736, -22.694509575456493, 0.0 ], [ -53.099812615359895, -22.694511521589391, 0.0 ], [ -53.099811887808357, -22.694513466822968, 0.0 ], [ -53.0998111593575, -22.694515411157226, 0.0 ], [ -53.099810428208627, -22.694517355491541, 0.0 ], [ -53.099809697059811, -22.694519299825799, 0.0 ], [ -53.099808963213036, -22.694521242361418, 0.0 ], [ -53.099808228466941, -22.694523185796356, 0.0 ], [ -53.099807492821469, -22.694525128331975, 0.0 ], [ -53.099806755377415, -22.694527069968274, 0.0 ], [ -53.099806016134721, -22.694529011604573, 0.0 ], [ -53.099805275992651, -22.694530953240871, 0.0 ], [ -53.099804534951261, -22.694532893977851, 0.0 ], [ -53.099803792111288, -22.69453483471483, 0.0 ], [ -53.099803048371939, -22.694536774552432, 0.0 ], [ -53.09980230373327, -22.694538714390092, 0.0 ], [ -53.099801558195338, -22.694540654227751, 0.0 ], [ -53.09980081085871, -22.694542593166091, 0.0 ], [ -53.099800062622762, -22.69454453210443, 0.0 ], [ -53.099799313487495, -22.69454647014345, 0.0 ], [ -53.099798563452907, -22.69454840908179, 0.0 ], [ -53.09979781161968, -22.694550346221433, 0.0 ], [ -53.099797059786454, -22.694552284260453, 0.0 ], [ -53.099796307053907, -22.694554221400153, 0.0 ], [ -53.099795552522664, -22.694556158539854, 0.0 ], [ -53.099794797991478, -22.694558094780177, 0.0 ], [ -53.099794042560973, -22.694560031919877, 0.0 ], [ -53.099793285331828, -22.694561968160258, 0.0 ], [ -53.099792528102626, -22.694563904400638, 0.0 ], [ -53.09979177087348, -22.694565839741642, 0.0 ], [ -53.099791011845696, -22.694567775082703, 0.0 ], [ -53.099790252817854, -22.694569710423764, 0.0 ], [ -53.09978949289075, -22.694571645764768, 0.0 ], [ -53.099788732064269, -22.694573581105828, 0.0 ], [ -53.099787971237845, -22.694575515547569, 0.0 ], [ -53.099787209512044, -22.694577449989254, 0.0 ], [ -53.099787016157848, -22.694577941019134, 0.0 ] ] } },
{ "type": "Feature", "properties": { "Id": 0 }, "geometry": { "type": "LineString", "coordinates": [ [ -53.099930620801445, -22.694099552951968, 0.0 ], [ -53.099930340213007, -22.69410056199132, 0.0 ], [ -53.099929831196732, -22.694102389413672, 0.0 ], [ -53.099929321281138, -22.694104216836081, 0.0 ], [ -53.099928811365487, -22.69410604335917, 0.0 ], [ -53.099928299651253, -22.694107869882259, 0.0 ], [ -53.09992778793702, -22.694109696405292, 0.0 ], [ -53.099927274424147, -22.694111522928381, 0.0 ], [ -53.099926760011897, -22.69411334855215, 0.0 ], [ -53.099926244700384, -22.69411517417592, 0.0 ], [ -53.099925729388872, -22.694116999799633, 0.0 ], [ -53.099925211379343, -22.694118824524082, 0.0 ], [ -53.099924693369871, -22.694120649248532, 0.0 ], [ -53.099924174461023, -22.694122473972925, 0.0 ], [ -53.099923653753592, -22.694124298697375, 0.0 ], [ -53.099923132146785, -22.694126122522505, 0.0 ], [ -53.099922609640657, -22.694127946347578, 0.0 ], [ -53.099922085335947, -22.694129769273388, 0.0 ], [ -53.099921560131861, -22.694131592199199, 0.0 ], [ -53.099921033129135, -22.694133415124952, 0.0 ], [ -53.09992050522709, -22.694135237151443, 0.0 ], [ -53.099919976425724, -22.694137059177876, 0.0 ], [ -53.099919445825719, -22.694138881204367, 0.0 ], [ -53.099918913427075, -22.694140702331481, 0.0 ], [ -53.099918380129111, -22.694142523458652, 0.0 ], [ -53.099917845032508, -22.694144343686446, 0.0 ], [ -53.099917308137208, -22.694146163914297, 0.0 ], [ -53.099916770342645, -22.694147984142091, 0.0 ], [ -53.099916230749386, -22.694149803470623, 0.0 ], [ -53.099915690256864, -22.694151621899778, 0.0 ], [ -53.099915147066326, -22.694153440328989, 0.0 ], [ -53.099914602976526, -22.694155258758144, 0.0 ], [ -53.099914057088029, -22.694157076287979, 0.0 ], [ -53.099913510300212, -22.694158893817871, 0.0 ], [ -53.099912961713756, -22.694160711347706, 0.0 ], [ -53.09991241132866, -22.694162527978222, 0.0 ], [ -53.099911860044244, -22.694164343709474, 0.0 ], [ -53.099911306961189, -22.694166160339989, 0.0 ], [ -53.099910752978815, -22.694167975171865, 0.0 ], [ -53.099910197197801, -22.694169790903061, 0.0 ], [ -53.099909640517467, -22.694171605734994, 0.0 ], [ -53.099909082937813, -22.694173420566869, 0.0 ], [ -53.099908524458783, -22.694175235398745, 0.0 ], [ -53.09990796418117, -22.694177049331302, 0.0 ], [ -53.099907403004181, -22.694178863263858, 0.0 ], [ -53.099906841827249, -22.694180676297151, 0.0 ], [ -53.09990627885162, -22.694182490229707, 0.0 ], [ -53.099905714976728, -22.694184303262944, 0.0 ], [ -53.09990515020246, -22.69418611629618, 0.0 ], [ -53.099904584528929, -22.694187928430097, 0.0 ], [ -53.099904017956021, -22.694189741463333, 0.0 ], [ -53.099903450483794, -22.69419155359725, 0.0 ], [ -53.099902883011623, -22.694193365731223, 0.0 ], [ -53.099902313740756, -22.69419517786514, 0.0 ], [ -53.099901744469889, -22.694196989099737, 0.0 ], [ -53.099901175199022, -22.694198801233654, 0.0 ], [ -53.099900605028836, -22.694200612468251, 0.0 ], [ -53.099900033959386, -22.694202423702848, 0.0 ], [ -53.09989946199056, -22.694204234937445, 0.0 ], [ -53.099898890021734, -22.694206046172042, 0.0 ], [ -53.099898318052908, -22.694207857406639, 0.0 ], [ -53.099897745184762, -22.694209668641236, 0.0 ], [ -53.099897172316616, -22.694211478976513, 0.0 ], [ -53.099896599448471, -22.69421329021111, 0.0 ], [ -53.099896025681005, -22.694215100546387, 0.0 ], [ -53.09989545191354, -22.694216910881664, 0.0 ], [ -53.099894878146074, -22.694218722116261, 0.0 ], [ -53.099894304378608, -22.694220532451538, 0.0 ], [ -53.099893730611143, -22.694222342786873, 0.0 ], [ -53.099893155944358, -22.69422415402147, 0.0 ], [ -53.099892582176892, -22.694225964356747, 0.0 ], [ -53.099892007510107, -22.694227774692024, 0.0 ], [ -53.099891433742641, -22.694229585926621, 0.0 ], [ -53.099890859975176, -22.694231396261898, 0.0 ], [ -53.09989028620771, -22.694233206597175, 0.0 ], [ -53.099889712440245, -22.694235017831772, 0.0 ], [ -53.099889139572099, -22.69423682816705, 0.0 ], [ -53.099888566703953, -22.694238639401647, 0.0 ], [ -53.099887993835807, -22.694240450636244, 0.0 ], [ -53.099887420967661, -22.694242261870841, 0.0 ], [ -53.099886848998835, -22.694244073105438, 0.0 ], [ -53.099886277929329, -22.694245884340035, 0.0 ], [ -53.099885706859823, -22.694247695574632, 0.0 ], [ -53.099885136689693, -22.694249506809228, 0.0 ], [ -53.099884566519506, -22.694251318943145, 0.0 ], [ -53.099883997248639, -22.694253131077119, 0.0 ], [ -53.099883427977772, -22.694254943211035, 0.0 ], [ -53.099882860505545, -22.694256755344952, 0.0 ], [ -53.099882293033374, -22.694258567478869, 0.0 ], [ -53.099881726460467, -22.694260380512105, 0.0 ], [ -53.099881160786879, -22.694262193545342, 0.0 ], [ -53.099880595113348, -22.694264006578578, 0.0 ], [ -53.099880031238399, -22.694265819611815, 0.0 ], [ -53.099879468262827, -22.694267632645108, 0.0 ], [ -53.099878906186518, -22.694269446577664, 0.0 ], [ -53.099878345009586, -22.69427126051022, 0.0 ], [ -53.099877784731916, -22.694273075342096, 0.0 ], [ -53.099877225353623, -22.694274890173972, 0.0 ], [ -53.09987666687465, -22.694276705005905, 0.0 ], [ -53.09987610839562, -22.694278519837781, 0.0 ], [ -53.099875551715286, -22.694280334669656, 0.0 ], [ -53.099874995034952, -22.694282150400852, 0.0 ], [ -53.099874440153258, -22.694283965232785, 0.0 ], [ -53.099873884372244, -22.69428578096398, 0.0 ], [ -53.099873330389869, -22.694287597594496, 0.0 ], [ -53.099872776407437, -22.694289413325691, 0.0 ], [ -53.099872223324383, -22.694291229056944, 0.0 ], [ -53.099871670241328, -22.694293045687459, 0.0 ], [ -53.099871117158273, -22.694294862317975, 0.0 ], [ -53.099870564974538, -22.694296678049227, 0.0 ], [ -53.099870013690122, -22.694298494679742, 0.0 ], [ -53.099869461506387, -22.694300311310258, 0.0 ], [ -53.099868910221971, -22.69430212794083, 0.0 ], [ -53.099868358937556, -22.694303944571345, 0.0 ], [ -53.09986780855246, -22.69430576210118, 0.0 ], [ -53.099867257268045, -22.694307578731753, 0.0 ], [ -53.099866706882949, -22.694309395362268, 0.0 ], [ -53.09986615649791, -22.694311211992783, 0.0 ], [ -53.099865605213495, -22.694313028623355, 0.0 ], [ -53.099865054828399, -22.694314845253871, 0.0 ], [ -53.099864503543984, -22.694316662783706, 0.0 ], [ -53.099863952259568, -22.694318479414221, 0.0 ], [ -53.099863401874472, -22.694320296044793, 0.0 ], [ -53.099862849690737, -22.694322112675309, 0.0 ], [ -53.099862298406322, -22.694323928406504, 0.0 ], [ -53.099861746222587, -22.694325745037077, 0.0 ], [ -53.099861194038851, -22.694327561667592, 0.0 ], [ -53.099860640955796, -22.694329377398788, 0.0 ], [ -53.099860087872742, -22.69433119402936, 0.0 ], [ -53.09985953478963, -22.694333009760555, 0.0 ], [ -53.099858980807255, -22.694334825491751, 0.0 ], [ -53.099858425925561, -22.694336641222947, 0.0 ], [ -53.099857870144547, -22.694338456954199, 0.0 ], [ -53.099857314363533, -22.694340271786075, 0.0 ], [ -53.099856757683199, -22.694342087517271, 0.0 ], [ -53.099856201002808, -22.694343902349146, 0.0 ], [ -53.099855642523835, -22.694345717181079, 0.0 ], [ -53.099855083145542, -22.694347531113635, 0.0 ], [ -53.099854523767192, -22.694349345046192, 0.0 ], [ -53.099853962590259, -22.694351159878067, 0.0 ], [ -53.099853401413327, -22.694352972911304, 0.0 ], [ -53.099852838437698, -22.694354786843917, 0.0 ], [ -53.099852275462126, -22.694356599877153, 0.0 ], [ -53.099851710687858, -22.69435841291039, 0.0 ], [ -53.09985114501427, -22.694360225044306, 0.0 ], [ -53.099850577542099, -22.694362037178223, 0.0 ], [ -53.099850010069872, -22.69436384931214, 0.0 ], [ -53.099849439899685, -22.694365661446056, 0.0 ], [ -53.099848869729499, -22.694367472680653, 0.0 ], [ -53.099848297760673, -22.694369283015931, 0.0 ], [ -53.099847723993207, -22.694371093351208, 0.0 ], [ -53.099847149326422, -22.694372903686485, 0.0 ], [ -53.099846573760317, -22.694374714021762, 0.0 ], [ -53.099845995496253, -22.6943765225584, 0.0 ], [ -53.099845416332869, -22.694378331994358, 0.0 ], [ -53.099844835370789, -22.694380140530996, 0.0 ], [ -53.099844253509445, -22.694381948168314, 0.0 ], [ -53.099843669849463, -22.694383755805632, 0.0 ], [ -53.099843084390784, -22.69438556344295, 0.0 ], [ -53.099842498032842, -22.694387370180948, 0.0 ], [ -53.099841909876204, -22.694389176918946, 0.0 ], [ -53.099841319920927, -22.694390982757625, 0.0 ], [ -53.099840729066329, -22.694392788596247, 0.0 ], [ -53.099840137312469, -22.694394593535606, 0.0 ], [ -53.099839542860593, -22.694396398474964, 0.0 ], [ -53.099838948408717, -22.694398203414323, 0.0 ], [ -53.099838352158201, -22.694400007454362, 0.0 ], [ -53.099837754109046, -22.694401811494345, 0.0 ], [ -53.099837155160515, -22.694403614635064, 0.0 ], [ -53.0998365544134, -22.694405417775783, 0.0 ], [ -53.099835952766966, -22.694407220017126, 0.0 ], [ -53.099835350221213, -22.694409023157846, 0.0 ], [ -53.099834745876763, -22.694410824499926, 0.0 ], [ -53.09983414063305, -22.694412626741268, 0.0 ], [ -53.09983353448996, -22.694414428083348, 0.0 ], [ -53.099832926548288, -22.694416228526109, 0.0 ], [ -53.099832318606559, -22.694418029868132, 0.0 ], [ -53.099831707966928, -22.694419830310892, 0.0 ], [ -53.09983109732724, -22.694421629854276, 0.0 ], [ -53.099830484888912, -22.694423429397716, 0.0 ], [ -53.099829871551265, -22.6944252289411, 0.0 ], [ -53.099829257314354, -22.69442702848454, 0.0 ], [ -53.099828642178068, -22.694428827128604, 0.0 ], [ -53.099828026142461, -22.694430625772725, 0.0 ], [ -53.099827408308215, -22.694432424416789, 0.0 ], [ -53.099826790473969, -22.69443422216159, 0.0 ], [ -53.099826170841084, -22.694436019906334, 0.0 ], [ -53.099825550308879, -22.694437817651135, 0.0 ], [ -53.099824928877297, -22.694439614496559, 0.0 ], [ -53.099824307445772, -22.694441411342041, 0.0 ], [ -53.099823684215607, -22.694443208187465, 0.0 ], [ -53.099823060086123, -22.69444500413357, 0.0 ], [ -53.099822435057263, -22.694446800079731, 0.0 ], [ -53.099821809129139, -22.694448596025836, 0.0 ], [ -53.099821183201016, -22.694450391971941, 0.0 ], [ -53.099820555474196, -22.694452187018783, 0.0 ], [ -53.099819927747433, -22.694453982964887, 0.0 ], [ -53.099819298221973, -22.694455777112353, 0.0 ], [ -53.099818668696571, -22.694457572159195, 0.0 ], [ -53.099818038271792, -22.69445936630666, 0.0 ], [ -53.09981740694775, -22.694461161353445, 0.0 ], [ -53.099816775623651, -22.694462955500967, 0.0 ], [ -53.099816142500913, -22.694464748749112, 0.0 ], [ -53.099815509378232, -22.694466542896578, 0.0 ], [ -53.099814875356174, -22.69446833614478, 0.0 ], [ -53.099814241334116, -22.694470129392926, 0.0 ], [ -53.099813606412738, -22.694471922641071, 0.0 ], [ -53.099812970592097, -22.694473714989897, 0.0 ], [ -53.09981233387208, -22.694475508238042, 0.0 ], [ -53.099811697152063, -22.694477300586925, 0.0 ], [ -53.099811059532726, -22.694479092935751, 0.0 ], [ -53.099810421913389, -22.694480885284577, 0.0 ], [ -53.099809783394733, -22.694482676734083, 0.0 ], [ -53.099809143976756, -22.694484469082909, 0.0 ], [ -53.09980850455878, -22.694486260532472, 0.0 ], [ -53.099807865140804, -22.694488051981978, 0.0 ], [ -53.099807224823508, -22.694489843431484, 0.0 ], [ -53.099806583606892, -22.69449163488099, 0.0 ], [ -53.099805942390276, -22.694493426330496, 0.0 ], [ -53.09980530117366, -22.694495216880682, 0.0 ], [ -53.099804658158405, -22.694497008330245, 0.0 ], [ -53.099804016042469, -22.694498798880431, 0.0 ], [ -53.099803373027214, -22.694500589430618, 0.0 ], [ -53.099802729112639, -22.694502379081484, 0.0 ], [ -53.099802085198007, -22.694504169631671, 0.0 ], [ -53.099801440384113, -22.694505959282537, 0.0 ], [ -53.099800794670898, -22.694507748933404, 0.0 ], [ -53.099800148957684, -22.694509538584271, 0.0 ], [ -53.099799502345093, -22.694511328235137, 0.0 ], [ -53.099798854833239, -22.694513117886061, 0.0 ], [ -53.099798207321385, -22.694514906637608, 0.0 ], [ -53.099797558010835, -22.694516695389154, 0.0 ], [ -53.099796908700341, -22.694518483241382, 0.0 ], [ -53.099796259389791, -22.694520271992928, 0.0 ], [ -53.099795608280658, -22.694522059845156, 0.0 ], [ -53.099794957171468, -22.694523847697383, 0.0 ], [ -53.099794304263696, -22.69452563554961, 0.0 ], [ -53.099793651355867, -22.694527422502517, 0.0 ], [ -53.099792997548775, -22.694529209455425, 0.0 ], [ -53.099792342842306, -22.694530996408332, 0.0 ], [ -53.099791687236518, -22.69453278246192, 0.0 ], [ -53.099791030731467, -22.694534569414827, 0.0 ], [ -53.099790374226359, -22.694536354569038, 0.0 ], [ -53.099789715922611, -22.694538140622626, 0.0 ], [ -53.099789056719544, -22.694539925776894, 0.0 ], [ -53.099788396617157, -22.694541710931162, 0.0 ], [ -53.09978773561545, -22.69454349608543, 0.0 ], [ -53.099787073714424, -22.694545280340378, 0.0 ], [ -53.099786410914078, -22.694547064595326, 0.0 ], [ -53.099785747214412, -22.694548847950955, 0.0 ], [ -53.099785081716107, -22.694550631306527, 0.0 ], [ -53.099784416217801, -22.694552414662155, 0.0 ], [ -53.099783748920856, -22.694554197118464, 0.0 ], [ -53.099783080724535, -22.694555979574773, 0.0 ], [ -53.099782411628951, -22.694557762031025, 0.0 ], [ -53.099781740734727, -22.694559543588014, 0.0 ], [ -53.099781069840446, -22.694561324245683, 0.0 ], [ -53.099780397147583, -22.694563105802672, 0.0 ], [ -53.099779723555343, -22.694564886460284, 0.0 ], [ -53.099779048164521, -22.694566666218634, 0.0 ], [ -53.099778372773642, -22.694568445976984, 0.0 ], [ -53.099777695584123, -22.694570225735276, 0.0 ], [ -53.099777018394661, -22.694572005493626, 0.0 ], [ -53.099776339406503, -22.694573784352599, 0.0 ], [ -53.099775814202417, -22.694575159416047, 0.0 ] ] } },
{ "type": "Feature", "properties": { "Id": 0 }, "geometry": { "type": "LineString", "coordinates": [ [ -53.099921669849152, -22.694097329827855, 0.0 ], [ -53.099921183315928, -22.694099041237735, 0.0 ], [ -53.099920650017964, -22.694100921720121, 0.0 ], [ -53.099920115820623, -22.694102802202508, 0.0 ], [ -53.09991958162334, -22.694104681785575, 0.0 ], [ -53.099919047426056, -22.694106562267962, 0.0 ], [ -53.099918513228772, -22.694108441851085, 0.0 ], [ -53.099917978132169, -22.694110322333472, 0.0 ], [ -53.099917443934828, -22.694112201916539, 0.0 ], [ -53.099916908838225, -22.694114081499606, 0.0 ], [ -53.099916373741621, -22.694115961981993, 0.0 ], [ -53.099915838645018, -22.694117841565117, 0.0 ], [ -53.099915302649038, -22.694119721148184, 0.0 ], [ -53.099914767552434, -22.694121600731251, 0.0 ], [ -53.099914231556511, -22.694123481213637, 0.0 ], [ -53.099913695560588, -22.694125360796704, 0.0 ], [ -53.099913158665288, -22.694127240379771, 0.0 ], [ -53.099912622669365, -22.694129119962895, 0.0 ], [ -53.099912085774122, -22.694130999545962, 0.0 ], [ -53.099911548878822, -22.694132879129029, 0.0 ], [ -53.099911011983579, -22.694134757812776, 0.0 ], [ -53.099910474189016, -22.694136637395843, 0.0 ], [ -53.099909937293717, -22.69413851697891, 0.0 ], [ -53.099909398599834, -22.694140395662657, 0.0 ], [ -53.099908860805215, -22.694142275245781, 0.0 ], [ -53.099908322111332, -22.694144154828848, 0.0 ], [ -53.09990778341745, -22.694146033512595, 0.0 ], [ -53.099907244723511, -22.694147912196343, 0.0 ], [ -53.099906705130309, -22.69414979088009, 0.0 ], [ -53.09990616553705, -22.694151670463157, 0.0 ], [ -53.099905625044528, -22.694153549146904, 0.0 ], [ -53.099905083652629, -22.694155426931388, 0.0 ], [ -53.099904543160108, -22.694157305615136, 0.0 ], [ -53.099904000868889, -22.694159184298883, 0.0 ], [ -53.099903458577728, -22.69416106208331, 0.0 ], [ -53.09990291628651, -22.694162939867738, 0.0 ], [ -53.099902372196652, -22.694164818551485, 0.0 ], [ -53.099901829006171, -22.694166696335913, 0.0 ], [ -53.099901284016994, -22.69416857322102, 0.0 ], [ -53.099900739027817, -22.694170451005448, 0.0 ], [ -53.099900193139376, -22.694172327890556, 0.0 ], [ -53.09989964635156, -22.694174205674983, 0.0 ], [ -53.099899098664423, -22.694176082560091, 0.0 ], [ -53.099898550977287, -22.694177958545879, 0.0 ], [ -53.09989800239083, -22.694179835431044, 0.0 ], [ -53.099897452905111, -22.694181711416832, 0.0 ], [ -53.099896902520015, -22.69418358740262, 0.0 ], [ -53.0998963512356, -22.694185463388408, 0.0 ], [ -53.099895799051865, -22.694187339374196, 0.0 ], [ -53.09989524596881, -22.694189214460607, 0.0 ], [ -53.099894691986378, -22.694191089547076, 0.0 ], [ -53.099894137104684, -22.694192964633544, 0.0 ], [ -53.09989358132367, -22.694194839720012, 0.0 ], [ -53.099893024643336, -22.694196713907161, 0.0 ], [ -53.099892467063682, -22.694198588094309, 0.0 ], [ -53.099891908584652, -22.694200462281458, 0.0 ], [ -53.09989134830704, -22.694202335569287, 0.0 ], [ -53.099890788029427, -22.694204208857116, 0.0 ], [ -53.099890225953118, -22.694206082144945, 0.0 ], [ -53.099889662977546, -22.694207954533454, 0.0 ], [ -53.099889098203278, -22.694209826921906, 0.0 ], [ -53.099888533429009, -22.694211699310415, 0.0 ], [ -53.099887966856159, -22.694213570799604, 0.0 ], [ -53.099887398484611, -22.694215442288794, 0.0 ], [ -53.099886830113064, -22.694217313777983, 0.0 ], [ -53.099886259043558, -22.694219184367796, 0.0 ], [ -53.099885687974052, -22.694221054957666, 0.0 ], [ -53.099885115105963, -22.694222924648216, 0.0 ], [ -53.09988454043912, -22.694224795238085, 0.0 ], [ -53.099883964873015, -22.694226664029259, 0.0 ], [ -53.099883388407591, -22.694228532820489, 0.0 ], [ -53.099882809244207, -22.694230401611719, 0.0 ], [ -53.099882230080823, -22.694232270402892, 0.0 ], [ -53.099881648219423, -22.694234138294803, 0.0 ], [ -53.09988106545876, -22.694236005287394, 0.0 ], [ -53.099880481798778, -22.694237872279928, 0.0 ], [ -53.099879896340099, -22.694239739272518, 0.0 ], [ -53.099879309982157, -22.694241606265052, 0.0 ], [ -53.099878722724839, -22.694243472358323, 0.0 ], [ -53.099878133668881, -22.694245337552218, 0.0 ], [ -53.099877543713603, -22.694247203645489, 0.0 ], [ -53.099876952859063, -22.694249068839383, 0.0 ], [ -53.099876361105146, -22.694250934033334, 0.0 ], [ -53.099875768451909, -22.694252798327909, 0.0 ], [ -53.099875174899353, -22.694254662622541, 0.0 ], [ -53.099874579548157, -22.694256526917115, 0.0 ], [ -53.099873984196961, -22.694258391211747, 0.0 ], [ -53.099873388845765, -22.694260255506322, 0.0 ], [ -53.09987279169593, -22.694262118901634, 0.0 ], [ -53.099872194546094, -22.694263982296889, 0.0 ], [ -53.099871596496939, -22.6942658456922, 0.0 ], [ -53.099870997548464, -22.694267709087455, 0.0 ], [ -53.09987039859999, -22.694269572482767, 0.0 ], [ -53.099869798752195, -22.694271434978702, 0.0 ], [ -53.099869198904344, -22.694273298373957, 0.0 ], [ -53.099868599056549, -22.69427516086995, 0.0 ], [ -53.099867998309435, -22.694277024265205, 0.0 ], [ -53.099867397562321, -22.694278886761197, 0.0 ], [ -53.099866796815206, -22.694280749257132, 0.0 ], [ -53.099866196068035, -22.694282611753067, 0.0 ], [ -53.099865594421601, -22.694284474249059, 0.0 ], [ -53.099864993674487, -22.694286336744995, 0.0 ], [ -53.099864392028053, -22.69428819924093, 0.0 ], [ -53.099863791280882, -22.694290061736922, 0.0 ], [ -53.099863189634448, -22.694291925132177, 0.0 ], [ -53.099862588887333, -22.694293787628169, 0.0 ], [ -53.099861988140219, -22.694295650124104, 0.0 ], [ -53.099861387393048, -22.694297512620039, 0.0 ], [ -53.099860787545254, -22.694299376015351, 0.0 ], [ -53.099860187697459, -22.694301238511287, 0.0 ], [ -53.099859587849664, -22.694303101906598, 0.0 ], [ -53.09985898890119, -22.694304965301853, 0.0 ], [ -53.099858390852035, -22.694306828697165, 0.0 ], [ -53.099857792802879, -22.69430869209242, 0.0 ], [ -53.099857194753667, -22.694310555487675, 0.0 ], [ -53.099856598503152, -22.694312419782307, 0.0 ], [ -53.099856002252636, -22.694314284076881, 0.0 ], [ -53.09985540690144, -22.694316148371513, 0.0 ], [ -53.099854812449621, -22.694318012666088, 0.0 ], [ -53.099854218897065, -22.694319876960719, 0.0 ], [ -53.099853626243828, -22.694321742154614, 0.0 ], [ -53.099853034489911, -22.694323607348565, 0.0 ], [ -53.099852443635314, -22.694325473441779, 0.0 ], [ -53.099851853680036, -22.69432733863573, 0.0 ], [ -53.099851264624135, -22.694329204728945, 0.0 ], [ -53.099850676467497, -22.694331071721535, 0.0 ], [ -53.099850089210236, -22.694332937814806, 0.0 ], [ -53.099849502852237, -22.69433480480734, 0.0 ], [ -53.099848917393558, -22.694336671799931, 0.0 ], [ -53.099848332834256, -22.694338538792465, 0.0 ], [ -53.099847748274897, -22.694340406684375, 0.0 ], [ -53.099847165514234, -22.694342273676966, 0.0 ], [ -53.099846581854251, -22.69434414156882, 0.0 ], [ -53.099845999992851, -22.69434600946073, 0.0 ], [ -53.099845418131508, -22.694347877352641, 0.0 ], [ -53.099844837169485, -22.694349746143814, 0.0 ], [ -53.099844256207405, -22.694351614035725, 0.0 ], [ -53.099843676144701, -22.694353482826898, 0.0 ], [ -53.099843096081997, -22.694355350718808, 0.0 ], [ -53.099842516019237, -22.694357219510039, 0.0 ], [ -53.099841936855853, -22.694359088301212, 0.0 ], [ -53.099841357692469, -22.694360957092442, 0.0 ], [ -53.099840778529085, -22.694362825883672, 0.0 ], [ -53.099840200264964, -22.694364694674903, 0.0 ], [ -53.0998396220009, -22.694366563466076, 0.0 ], [ -53.099839042837516, -22.694368433156626, 0.0 ], [ -53.099838464573452, -22.694370301947856, 0.0 ], [ -53.099837886309388, -22.69437217073903, 0.0 ], [ -53.099837308045267, -22.69437403953026, 0.0 ], [ -53.099836728881883, -22.69437590832149, 0.0 ], [ -53.099836150617818, -22.694377777112663, 0.0 ], [ -53.099835571454435, -22.694379645903894, 0.0 ], [ -53.09983499319037, -22.694381514695124, 0.0 ], [ -53.09983441312761, -22.694383383486297, 0.0 ], [ -53.099833833964226, -22.694385252277527, 0.0 ], [ -53.099833253901522, -22.694387121068758, 0.0 ], [ -53.099832673838762, -22.694388988960611, 0.0 ], [ -53.099832093776058, -22.694390857751841, 0.0 ], [ -53.099831512814035, -22.694392725643752, 0.0 ], [ -53.099830930952635, -22.694394593535606, 0.0 ], [ -53.099830349091292, -22.694396461427516, 0.0 ], [ -53.099829766330629, -22.69439832931937, 0.0 ], [ -53.099829183569909, -22.69440019631196, 0.0 ], [ -53.099828599010607, -22.694402064203871, 0.0 ], [ -53.099828014451248, -22.694403931196405, 0.0 ], [ -53.099827429891945, -22.694405798188996, 0.0 ], [ -53.099826843533947, -22.694407665181586, 0.0 ], [ -53.099826257176005, -22.6944095312748, 0.0 ], [ -53.099825669019367, -22.694411397368071, 0.0 ], [ -53.099825080862729, -22.694413263461286, 0.0 ], [ -53.099824490907508, -22.694415129554557, 0.0 ], [ -53.099823900952231, -22.694416994748451, 0.0 ], [ -53.099823309198314, -22.694418859942402, 0.0 ], [ -53.099822716545077, -22.694420725136297, 0.0 ], [ -53.099822122992521, -22.694422589430928, 0.0 ], [ -53.099821528540645, -22.694424453725503, 0.0 ], [ -53.099820933189449, -22.694426318020135, 0.0 ], [ -53.099820336039613, -22.69442818141539, 0.0 ], [ -53.099819737091138, -22.694430043911325, 0.0 ], [ -53.099819138142664, -22.694431907306637, 0.0 ], [ -53.09981853649623, -22.694433769802572, 0.0 ], [ -53.099817934849796, -22.694435631399244, 0.0 ], [ -53.099817330505346, -22.69443749299586, 0.0 ], [ -53.099816725261633, -22.694439354592475, 0.0 ], [ -53.099816119118543, -22.694441215289828, 0.0 ], [ -53.099815511176871, -22.694443075987124, 0.0 ], [ -53.099814900537183, -22.6944449357851, 0.0 ], [ -53.099814289897495, -22.694446795583133, 0.0 ], [ -53.099813676559904, -22.694448654481789, 0.0 ], [ -53.099813061423617, -22.694450512481126, 0.0 ], [ -53.099812445388011, -22.694452370480462, 0.0 ], [ -53.099811826654445, -22.694454228479799, 0.0 ], [ -53.09981120702156, -22.694456085579816, 0.0 ], [ -53.099810584690715, -22.69445794178057, 0.0 ], [ -53.099809961460494, -22.694459797981267, 0.0 ], [ -53.09980933553237, -22.694461653282644, 0.0 ], [ -53.099808707805607, -22.694463507684702, 0.0 ], [ -53.099808078280148, -22.69446536208676, 0.0 ], [ -53.09980744605673, -22.694467215589498, 0.0 ], [ -53.099806812934048, -22.694469069092236, 0.0 ], [ -53.09980617801267, -22.694470921695654, 0.0 ], [ -53.099805540393334, -22.694472773399752, 0.0 ], [ -53.099804901874677, -22.694474625103794, 0.0 ], [ -53.099804260658061, -22.694476476807893, 0.0 ], [ -53.099803618542126, -22.694478326713352, 0.0 ], [ -53.099802973728231, -22.69448017751813, 0.0 ], [ -53.09980232801496, -22.69448202652427, 0.0 ], [ -53.099801680503106, -22.694483875530409, 0.0 ], [ -53.099801031192612, -22.694485724536491, 0.0 ], [ -53.099800380083423, -22.694487572643311, 0.0 ], [ -53.09979972717565, -22.694489419850811, 0.0 ], [ -53.099799072469182, -22.694491267058311, 0.0 ], [ -53.099798416863393, -22.694493113366434, 0.0 ], [ -53.099797759458966, -22.694494959674614, 0.0 ], [ -53.099797100255955, -22.694496805982737, 0.0 ], [ -53.099796439254249, -22.694498650492278, 0.0 ], [ -53.099795777353222, -22.694500495901138, 0.0 ], [ -53.099795113653556, -22.694502339511303, 0.0 ], [ -53.099794448155194, -22.694504184020843, 0.0 ], [ -53.099793781757569, -22.694506026731688, 0.0 ], [ -53.099793113561304, -22.694507870341909, 0.0 ], [ -53.0997924435664, -22.694509712153433, 0.0 ], [ -53.09979177267212, -22.694511554864334, 0.0 ], [ -53.099791099979257, -22.694513396675859, 0.0 ], [ -53.099790426387017, -22.694515237588121, 0.0 ], [ -53.099789750996194, -22.694517078500326, 0.0 ], [ -53.099789074705996, -22.694518918513211, 0.0 ], [ -53.099788396617157, -22.694520758526153, 0.0 ], [ -53.099787717628999, -22.694522598539038, 0.0 ], [ -53.099787036842258, -22.694524437652603, 0.0 ], [ -53.099786355156141, -22.694526275866906, 0.0 ], [ -53.099785672570704, -22.694528114980471, 0.0 ], [ -53.099784988186627, -22.694529952295397, 0.0 ], [ -53.099784302903231, -22.6945317905097, 0.0 ], [ -53.099783615821195, -22.694533627824626, 0.0 ], [ -53.099782928739103, -22.694535464240232, 0.0 ], [ -53.099782239858428, -22.694537300655838, 0.0 ], [ -53.099781550078433, -22.694539137071502, 0.0 ], [ -53.099780858499798, -22.694540972587788, 0.0 ], [ -53.099780166021787, -22.694542808104075, 0.0 ], [ -53.099779473543833, -22.694544643620361, 0.0 ], [ -53.099778779267183, -22.694546478237328, 0.0 ], [ -53.09977808409127, -22.694548312854295, 0.0 ], [ -53.09977738711666, -22.694550146571942, 0.0 ], [ -53.099776690142107, -22.694551980289589, 0.0 ], [ -53.099775992268178, -22.694553813107916, 0.0 ], [ -53.099775292595609, -22.69455564682562, 0.0 ], [ -53.099774592923097, -22.694557479643947, 0.0 ], [ -53.099773891451889, -22.694559311562955, 0.0 ], [ -53.099773189980681, -22.694561143481963, 0.0 ], [ -53.099772486710833, -22.69456297540097, 0.0 ], [ -53.099771783440985, -22.694564807319978, 0.0 ], [ -53.099771079271875, -22.694566638339666, 0.0 ], [ -53.099770373304068, -22.694568469359353, 0.0 ], [ -53.099769668235581, -22.694570300379041, 0.0 ], [ -53.099768961368454, -22.694572130499353, 0.0 ], [ -53.099768492821624, -22.694573340986835, 0.0 ] ] } },
{ "type": "Feature", "properties": { "Id": 0 }, "geometry": { "type": "LineString", "coordinates": [ [ -53.099907286092332, -22.69409375772068, 0.0 ], [ -53.099906971329631, -22.694094889067856, 0.0 ], [ -53.099906464111996, -22.69409670929565, 0.0 ], [ -53.09990595779368, -22.694098528624124, 0.0 ], [ -53.099905449676726, -22.694100348851975, 0.0 ], [ -53.099904942459091, -22.69410216818045, 0.0 ], [ -53.099904434342136, -22.694103988408301, 0.0 ], [ -53.099903925325862, -22.694105807736776, 0.0 ], [ -53.099903416309587, -22.694107627065307, 0.0 ], [ -53.099902907293313, -22.694109446393782, 0.0 ], [ -53.099902397377718, -22.694111265722313, 0.0 ], [ -53.099901886562748, -22.694113085050788, 0.0 ], [ -53.099901375747834, -22.694114904379262, 0.0 ], [ -53.09990086493292, -22.694116722808474, 0.0 ], [ -53.099900353218686, -22.694118542136948, 0.0 ], [ -53.099899840605133, -22.69412036056616, 0.0 ], [ -53.099899327991579, -22.694122178995315, 0.0 ], [ -53.099898814478649, -22.69412399742447, 0.0 ], [ -53.099898300066457, -22.694125815853681, 0.0 ], [ -53.099897785654264, -22.694127634282836, 0.0 ], [ -53.099897270342694, -22.694129452712048, 0.0 ], [ -53.099896755031182, -22.694131270241883, 0.0 ], [ -53.099896238820349, -22.694133087771718, 0.0 ], [ -53.099895721710141, -22.69413490530161, 0.0 ], [ -53.099895204599989, -22.694136722831445, 0.0 ], [ -53.09989468569114, -22.69413854036128, 0.0 ], [ -53.099894167681668, -22.694140357891172, 0.0 ], [ -53.0998936478735, -22.694142174521687, 0.0 ], [ -53.099893128065389, -22.694143992051522, 0.0 ], [ -53.099892607357901, -22.694145808682094, 0.0 ], [ -53.099892086650414, -22.69414762531261, 0.0 ], [ -53.099891565043663, -22.694149441043805, 0.0 ], [ -53.099891042537536, -22.694151257674378, 0.0 ], [ -53.099890519132089, -22.694153073405573, 0.0 ], [ -53.099889995726699, -22.694154890036089, 0.0 ], [ -53.099889470522612, -22.694156705767284, 0.0 ], [ -53.099888946217845, -22.694158520599217, 0.0 ], [ -53.099888420114439, -22.694160336330413, 0.0 ], [ -53.099887893111713, -22.694162152061608, 0.0 ], [ -53.099887366109044, -22.694163966893484, 0.0 ], [ -53.099886838206999, -22.694165781725417, 0.0 ], [ -53.099886310304953, -22.694167596557293, 0.0 ], [ -53.099885780604268, -22.694169411389169, 0.0 ], [ -53.099885250903583, -22.694171225321725, 0.0 ], [ -53.099884720303578, -22.694173039254338, 0.0 ], [ -53.099884188804253, -22.694174853186894, 0.0 ], [ -53.099883656405552, -22.69417666711945, 0.0 ], [ -53.099883123107588, -22.694178481052006, 0.0 ], [ -53.099882589809624, -22.694180294085243, 0.0 ], [ -53.099882055612341, -22.694182108017799, 0.0 ], [ -53.099881519616417, -22.694183921051092, 0.0 ], [ -53.099880983620437, -22.694185733185009, 0.0 ], [ -53.099880447624514, -22.694187546218245, 0.0 ], [ -53.099879909829951, -22.694189358352162, 0.0 ], [ -53.099879371136012, -22.694191170486079, 0.0 ], [ -53.09987883244213, -22.694192982619995, 0.0 ], [ -53.099878292848871, -22.694194794753912, 0.0 ], [ -53.099877751457029, -22.694196605988509, 0.0 ], [ -53.099877210065131, -22.694198418122426, 0.0 ], [ -53.09987666777397, -22.694200229357079, 0.0 ], [ -53.099876124583432, -22.694202039692357, 0.0 ], [ -53.099875580493631, -22.694203850926954, 0.0 ], [ -53.099875035504454, -22.694205661262231, 0.0 ], [ -53.099874489615956, -22.694207471597508, 0.0 ], [ -53.099873943727459, -22.694209281932785, 0.0 ], [ -53.09987339604038, -22.694211091368743, 0.0 ], [ -53.099872847453923, -22.6942129008047, 0.0 ], [ -53.099872298867467, -22.694214710240658, 0.0 ], [ -53.099871748482371, -22.694216519676615, 0.0 ], [ -53.099871197197956, -22.694218329112573, 0.0 ], [ -53.099870645913541, -22.694220137649211, 0.0 ], [ -53.099870092830486, -22.694221946185849, 0.0 ], [ -53.099869539747431, -22.69422375382311, 0.0 ], [ -53.099868984865736, -22.694225562359748, 0.0 ], [ -53.099868429984042, -22.694227369997066, 0.0 ], [ -53.099867873303651, -22.694229177634384, 0.0 ], [ -53.099867316623317, -22.694230984372382, 0.0 ], [ -53.099866758144344, -22.6942327920097, 0.0 ], [ -53.099866199665314, -22.694234598747698, 0.0 ], [ -53.099865639387701, -22.694236405485697, 0.0 ], [ -53.099865079110089, -22.694238211324375, 0.0 ], [ -53.099864517933099, -22.694240018062317, 0.0 ], [ -53.099863955856847, -22.694241823900995, 0.0 ], [ -53.099863392881218, -22.694243629739674, 0.0 ], [ -53.099862829006327, -22.694245435578352, 0.0 ], [ -53.099862265131378, -22.694247240517711, 0.0 ], [ -53.099861699457847, -22.694249045457013, 0.0 ], [ -53.099861133784259, -22.694250850396372, 0.0 ], [ -53.099860567211351, -22.694252655335731, 0.0 ], [ -53.099859999739181, -22.69425446027509, 0.0 ], [ -53.099859431367634, -22.694256264315129, 0.0 ], [ -53.099858862096767, -22.694258068355111, 0.0 ], [ -53.0998582928259, -22.694259872395151, 0.0 ], [ -53.099857722655713, -22.69426167643519, 0.0 ], [ -53.099857151586264, -22.694263479575852, 0.0 ], [ -53.099856579617438, -22.694265283615891, 0.0 ], [ -53.099856007648611, -22.694267086756611, 0.0 ], [ -53.099855434780466, -22.69426888989733, 0.0 ], [ -53.099854861013, -22.694270692138673, 0.0 ], [ -53.099854286346215, -22.694272495279392, 0.0 ], [ -53.09985371167943, -22.694274297520792, 0.0 ], [ -53.099853136113325, -22.694276099762135, 0.0 ], [ -53.099852559647843, -22.694277902003535, 0.0 ], [ -53.099851983182418, -22.694279704244934, 0.0 ], [ -53.099851405817674, -22.694281506486277, 0.0 ], [ -53.09985082755361, -22.694283307828357, 0.0 ], [ -53.099850249289545, -22.69428510917038, 0.0 ], [ -53.099849670126162, -22.69428691051246, 0.0 ], [ -53.099849090063401, -22.69428871185454, 0.0 ], [ -53.099848510000697, -22.694290513196563, 0.0 ], [ -53.099847929937994, -22.694292314538643, 0.0 ], [ -53.099847348076594, -22.694294114981403, 0.0 ], [ -53.099846766215251, -22.694295915424107, 0.0 ], [ -53.099846184353908, -22.694297715866867, 0.0 ], [ -53.099845601593188, -22.69429951630957, 0.0 ], [ -53.099845017933205, -22.69430131675233, 0.0 ], [ -53.099844434273166, -22.694303117195034, 0.0 ], [ -53.099843850613183, -22.694304916738474, 0.0 ], [ -53.099843266053824, -22.694306717181234, 0.0 ], [ -53.099842680595202, -22.694308516724618, 0.0 ], [ -53.099842095136523, -22.694310316268059, 0.0 ], [ -53.099841508778582, -22.694312115811442, 0.0 ], [ -53.099840922420583, -22.694313915354883, 0.0 ], [ -53.099840336062641, -22.694315713998947, 0.0 ], [ -53.099839748805323, -22.694317513542387, 0.0 ], [ -53.099839160648685, -22.694319312186451, 0.0 ], [ -53.099838573391423, -22.694321111729892, 0.0 ], [ -53.099837984335466, -22.694322910373955, 0.0 ], [ -53.099837396178827, -22.694324709018076, 0.0 ], [ -53.099836807122927, -22.69432650766214, 0.0 ], [ -53.099836217167649, -22.694328306306261, 0.0 ], [ -53.099835627212371, -22.694330104051005, 0.0 ], [ -53.099835037257094, -22.694331902695126, 0.0 ], [ -53.099834446402554, -22.69433370043987, 0.0 ], [ -53.099833854648637, -22.694335499083991, 0.0 ], [ -53.099833263794039, -22.694337296828735, 0.0 ], [ -53.099832671140803, -22.694339094573536, 0.0 ], [ -53.099832079386886, -22.69434089231828, 0.0 ], [ -53.099831485834386, -22.694342690063024, 0.0 ], [ -53.099830893181149, -22.694344486908506, 0.0 ], [ -53.099830299628593, -22.69434628465325, 0.0 ], [ -53.099829705176717, -22.694348081498731, 0.0 ], [ -53.099829110724841, -22.694349878344156, 0.0 ], [ -53.099828515373645, -22.694351675189637, 0.0 ], [ -53.099827920022449, -22.694353472035061, 0.0 ], [ -53.099827323771933, -22.694355268880486, 0.0 ], [ -53.099826727521418, -22.694357064826647, 0.0 ], [ -53.099826130371582, -22.694358861672072, 0.0 ], [ -53.099825533221747, -22.694360657618233, 0.0 ], [ -53.099824935172592, -22.694362453564338, 0.0 ], [ -53.099824336224117, -22.694364249510443, 0.0 ], [ -53.099823737275585, -22.694366045456604, 0.0 ], [ -53.09982313832711, -22.694367841402709, 0.0 ], [ -53.099822538479316, -22.694369636449494, 0.0 ], [ -53.099821937732202, -22.694371432395656, 0.0 ], [ -53.099821336985087, -22.694373227442441, 0.0 ], [ -53.099820735338596, -22.694375022489226, 0.0 ], [ -53.099820133692162, -22.694376817536067, 0.0 ], [ -53.099819531146409, -22.694378611683533, 0.0 ], [ -53.099818928600655, -22.694380406730318, 0.0 ], [ -53.099818325155525, -22.69438220087784, 0.0 ], [ -53.099817720811131, -22.694383995025305, 0.0 ], [ -53.099817116466738, -22.69438578917277, 0.0 ], [ -53.099816511222969, -22.694387583320292, 0.0 ], [ -53.099815905079936, -22.694389377467758, 0.0 ], [ -53.099815298936846, -22.694391170715903, 0.0 ], [ -53.099814692793814, -22.694392964863368, 0.0 ], [ -53.099814084852085, -22.694394758111571, 0.0 ], [ -53.099813476910413, -22.694396551359716, 0.0 ], [ -53.099812868968684, -22.694398343708542, 0.0 ], [ -53.099812260127635, -22.694400136956688, 0.0 ], [ -53.099811650387323, -22.69440192930557, 0.0 ], [ -53.099811039747635, -22.694403721654396, 0.0 ], [ -53.099810429108004, -22.694405514003222, 0.0 ], [ -53.099809817568996, -22.694407306352048, 0.0 ], [ -53.099809206029988, -22.694409098700874, 0.0 ], [ -53.099808592692341, -22.694410890150436, 0.0 ], [ -53.09980797935475, -22.694412681599943, 0.0 ], [ -53.099807366017103, -22.694414473049449, 0.0 ], [ -53.099806751780136, -22.694416264498955, 0.0 ], [ -53.099806136643849, -22.694418055948461, 0.0 ], [ -53.099805520608243, -22.694419846498647, 0.0 ], [ -53.099804904572636, -22.69442163704889, 0.0 ], [ -53.09980428763771, -22.694423427599077, 0.0 ], [ -53.099803669803464, -22.694425218149263, 0.0 ], [ -53.099803051969218, -22.694427008699449, 0.0 ], [ -53.099802433235652, -22.694428798350316, 0.0 ], [ -53.099801813602767, -22.694430588001183, 0.0 ], [ -53.099801193070562, -22.694432377652049, 0.0 ], [ -53.099800572538356, -22.694434167302916, 0.0 ], [ -53.099799951106831, -22.694435956054463, 0.0 ], [ -53.099799328775987, -22.694437745705329, 0.0 ], [ -53.099798705545766, -22.694439534456933, 0.0 ], [ -53.099798082315601, -22.69444132320848, 0.0 ], [ -53.099797458186117, -22.694443111060707, 0.0 ], [ -53.099796833157257, -22.694444899812254, 0.0 ], [ -53.099796207229133, -22.694446687664481, 0.0 ], [ -53.099795581301009, -22.694448475516708, 0.0 ], [ -53.099794954473509, -22.694450263368935, 0.0 ], [ -53.099794326746746, -22.694452050321843, 0.0 ], [ -53.099793699019926, -22.69445383727475, 0.0 ], [ -53.099793069494524, -22.694455624227658, 0.0 ], [ -53.099792439969065, -22.694457411180508, 0.0 ], [ -53.099791809544342, -22.694459198133416, 0.0 ], [ -53.099791178220244, -22.694460984187003, 0.0 ], [ -53.099790546896202, -22.694462770240591, 0.0 ], [ -53.099789913773463, -22.694464556294179, 0.0 ], [ -53.099789280650725, -22.694466341448447, 0.0 ], [ -53.099788646628724, -22.694468127502034, 0.0 ], [ -53.099788011707346, -22.694469912656302, 0.0 ], [ -53.099787376785969, -22.69447169781057, 0.0 ], [ -53.099786740965271, -22.694473482065519, 0.0 ], [ -53.099786103345934, -22.694475267219786, 0.0 ], [ -53.099785465726598, -22.694477051474678, 0.0 ], [ -53.099784827207941, -22.694478835729626, 0.0 ], [ -53.099784188689341, -22.694480619085255, 0.0 ], [ -53.099783548372045, -22.694482402440883, 0.0 ], [ -53.099782908054749, -22.694484185796512, 0.0 ], [ -53.099782266838076, -22.694485969152083, 0.0 ], [ -53.099781624722141, -22.694487752507712, 0.0 ], [ -53.099780981706886, -22.694489534964021, 0.0 ], [ -53.099780337792311, -22.694491317420329, 0.0 ], [ -53.099779693877736, -22.694493099876638, 0.0 ], [ -53.099779048164521, -22.69449488143357, 0.0 ], [ -53.09977840245125, -22.694496662990559, 0.0 ], [ -53.099777755838716, -22.694498444547548, 0.0 ], [ -53.099777108326862, -22.694500226104481, 0.0 ], [ -53.099776459915631, -22.69450200676215, 0.0 ], [ -53.099775810605138, -22.694503788319139, 0.0 ], [ -53.099775161294644, -22.694505568077432, 0.0 ], [ -53.099774510185455, -22.694507348735101, 0.0 ], [ -53.099773859076322, -22.694509128493451, 0.0 ], [ -53.099773206168493, -22.694510908251743, 0.0 ], [ -53.099772553260664, -22.694512688010093, 0.0 ], [ -53.099771899453572, -22.694514466869123, 0.0 ], [ -53.099771244747103, -22.694516245728096, 0.0 ], [ -53.099770589141315, -22.694518024587126, 0.0 ], [ -53.099769932636264, -22.694519803446155, 0.0 ], [ -53.099769276131155, -22.694521581405809, 0.0 ], [ -53.099768617827408, -22.694523359365519, 0.0 ], [ -53.099767958624341, -22.694525136425852, 0.0 ], [ -53.099767299421273, -22.694526914385563, 0.0 ], [ -53.099766639318887, -22.694528691445896, 0.0 ], [ -53.09976597741786, -22.694530468506287, 0.0 ], [ -53.099765315516834, -22.6945322446673, 0.0 ], [ -53.099764652716487, -22.694534020828371, 0.0 ], [ -53.099763989016822, -22.694535796989385, 0.0 ], [ -53.099763324417836, -22.694537573150456, 0.0 ], [ -53.099762658919531, -22.69453934841215, 0.0 ], [ -53.099761992521906, -22.694541123673901, 0.0 ], [ -53.099761325224961, -22.694542898036275, 0.0 ], [ -53.099760657028639, -22.694544673297969, 0.0 ], [ -53.099759987933055, -22.6945464476604, 0.0 ], [ -53.099759317938151, -22.694548221123455, 0.0 ], [ -53.09975864794319, -22.694549995485886, 0.0 ], [ -53.099757976149647, -22.694551768948941, 0.0 ], [ -53.099757304356046, -22.694553542411995, 0.0 ], [ -53.099756631663183, -22.694555314975787, 0.0 ], [ -53.099755958070944, -22.694557087539522, 0.0 ], [ -53.099755283579441, -22.694558861002577, 0.0 ], [ -53.099754609087881, -22.694560632666992, 0.0 ], [ -53.099753932797739, -22.694562405230783, 0.0 ], [ -53.09975325650754, -22.694564176895199, 0.0 ], [ -53.099752580217341, -22.694565948559614, 0.0 ], [ -53.09975190212856, -22.694567720224086, 0.0 ], [ -53.099751377823793, -22.694569090790878, 0.0 ] ] } },
{ "type": "Feature", "properties": { "Id": 0 }, "geometry": { "type": "LineString", "coordinates": [ [ -53.099897469992186, -22.694091319658639, 0.0 ], [ -53.0998974322207, -22.694091458154219, 0.0 ], [ -53.099896960975911, -22.694093203738305, 0.0 ], [ -53.099896489731179, -22.694094949322391, 0.0 ], [ -53.099896017587128, -22.694096694007158, 0.0 ], [ -53.099895545443019, -22.694098439591244, 0.0 ], [ -53.099895072399647, -22.69410018427601, 0.0 ], [ -53.099894599356219, -22.694101929860153, 0.0 ], [ -53.099894126312847, -22.69410367454492, 0.0 ], [ -53.099893652370099, -22.694105419229686, 0.0 ], [ -53.099893178427408, -22.694107163914452, 0.0 ], [ -53.09989270448466, -22.694108908599219, 0.0 ], [ -53.099892229642649, -22.694110653283985, 0.0 ], [ -53.099891754800581, -22.694112397968752, 0.0 ], [ -53.09989127905925, -22.694114142653518, 0.0 ], [ -53.099890803317862, -22.694115887338285, 0.0 ], [ -53.099890327576531, -22.694117631123731, 0.0 ], [ -53.099889850036504, -22.694119375808498, 0.0 ], [ -53.099889373395797, -22.694121119593945, 0.0 ], [ -53.099888895855827, -22.694122863379391, 0.0 ], [ -53.09988841741648, -22.694124607164838, 0.0 ], [ -53.099887938977133, -22.694126350950285, 0.0 ], [ -53.099887459638524, -22.694128094735731, 0.0 ], [ -53.099886980299857, -22.694129838521178, 0.0 ], [ -53.099886500061871, -22.694131581407305, 0.0 ], [ -53.099886019823941, -22.694133325192752, 0.0 ], [ -53.099885538686635, -22.694135068078879, 0.0 ], [ -53.09988505665001, -22.694136811864325, 0.0 ], [ -53.099884574613384, -22.694138554750452, 0.0 ], [ -53.099884091677438, -22.694140297636579, 0.0 ], [ -53.099883607842173, -22.694142039623387, 0.0 ], [ -53.099883124006908, -22.694143782509514, 0.0 ], [ -53.099882639272323, -22.694145525395641, 0.0 ], [ -53.099882153638418, -22.694147267382448, 0.0 ], [ -53.099881668004514, -22.694149009369255, 0.0 ], [ -53.099881181471289, -22.694150751356062, 0.0 ], [ -53.099880694038745, -22.69415249334287, 0.0 ], [ -53.099880206606201, -22.694154235329677, 0.0 ], [ -53.099879718274337, -22.694155976417107, 0.0 ], [ -53.099879228143834, -22.694157718403915, 0.0 ], [ -53.099878738912651, -22.694159459491402, 0.0 ], [ -53.099878247882771, -22.69416120057889, 0.0 ], [ -53.099877756852948, -22.694162941666377, 0.0 ], [ -53.099877264024485, -22.694164681854545, 0.0 ], [ -53.099876771195966, -22.694166422942033, 0.0 ], [ -53.099876277468184, -22.6941681631302, 0.0 ], [ -53.099875782841082, -22.694169903318311, 0.0 ], [ -53.099875287314603, -22.694171643506479, 0.0 ], [ -53.099874791788181, -22.694173382795327, 0.0 ], [ -53.099874294463064, -22.694175122084175, 0.0 ], [ -53.099873797138002, -22.694176862272343, 0.0 ], [ -53.099873298014245, -22.694178600661871, 0.0 ], [ -53.099872798890488, -22.694180339950663, 0.0 ], [ -53.099872297968147, -22.694182078340191, 0.0 ], [ -53.099871797045751, -22.694183817629039, 0.0 ], [ -53.099871295224034, -22.694185555119248, 0.0 ], [ -53.099870791603735, -22.694187293508719, 0.0 ], [ -53.099870287983379, -22.694189031898247, 0.0 ], [ -53.099869782564383, -22.694190769388456, 0.0 ], [ -53.099869277145388, -22.694192505979345, 0.0 ], [ -53.099868769927753, -22.694194243469497, 0.0 ], [ -53.099868261810798, -22.694195980060385, 0.0 ], [ -53.099867752794523, -22.694197716651274, 0.0 ], [ -53.099867242878929, -22.694199453242106, 0.0 ], [ -53.099866732064015, -22.694201188933675, 0.0 ], [ -53.099866220349725, -22.694202924625245, 0.0 ], [ -53.099865707736171, -22.694204660316757, 0.0 ], [ -53.099865193323978, -22.694206396008326, 0.0 ], [ -53.099864678012466, -22.694208130800575, 0.0 ], [ -53.099864161801577, -22.694209865592768, 0.0 ], [ -53.099863644691425, -22.694211599485698, 0.0 ], [ -53.099863126681896, -22.69421333427789, 0.0 ], [ -53.099862606873785, -22.6942150672715, 0.0 ], [ -53.099862086166297, -22.694216801164373, 0.0 ], [ -53.09986156455949, -22.694218534157983, 0.0 ], [ -53.099861041154099, -22.694220267151536, 0.0 ], [ -53.099860516849333, -22.694221999245826, 0.0 ], [ -53.099859991645246, -22.694223732239379, 0.0 ], [ -53.09985946554184, -22.69422546343435, 0.0 ], [ -53.099858937639794, -22.694227195528583, 0.0 ], [ -53.099858408838429, -22.694228926723554, 0.0 ], [ -53.099857878238424, -22.694230657019148, 0.0 ], [ -53.0998573467391, -22.694232388214118, 0.0 ], [ -53.099856814340455, -22.694234117610392, 0.0 ], [ -53.099856280143172, -22.694235847905986, 0.0 ], [ -53.099855745046568, -22.694237577302317, 0.0 ], [ -53.099855208151268, -22.694239306698591, 0.0 ], [ -53.099854670356706, -22.694241035195546, 0.0 ], [ -53.099854130763504, -22.694242763692557, 0.0 ], [ -53.099853590270925, -22.694244491290192, 0.0 ], [ -53.099853047979764, -22.694246218887827, 0.0 ], [ -53.099852504789226, -22.694247946485518, 0.0 ], [ -53.099851959800048, -22.694249673183833, 0.0 ], [ -53.099851413911608, -22.694251399882148, 0.0 ], [ -53.099850866224472, -22.694253125681144, 0.0 ], [ -53.099850317638015, -22.694254851480139, 0.0 ], [ -53.09984976725292, -22.694256576379871, 0.0 ], [ -53.099849215069185, -22.694258301279547, 0.0 ], [ -53.09984866198613, -22.694260026179222, 0.0 ], [ -53.099848107104435, -22.694261750179578, 0.0 ], [ -53.099847550424045, -22.694263473280614, 0.0 ], [ -53.099846992844391, -22.69426519638165, 0.0 ], [ -53.099846433466098, -22.694266919482686, 0.0 ], [ -53.099845872289109, -22.694268641684403, 0.0 ], [ -53.099845310212856, -22.694270363886119, 0.0 ], [ -53.099844746337908, -22.694272085188516, 0.0 ], [ -53.099844181563697, -22.694273805591592, 0.0 ], [ -53.099843614990789, -22.694275526893989, 0.0 ], [ -53.099843046619242, -22.694277247297066, 0.0 ], [ -53.099842477348432, -22.694278966800823, 0.0 ], [ -53.099841907178245, -22.69428068630458, 0.0 ], [ -53.099841335209419, -22.694282405808337, 0.0 ], [ -53.099840763240593, -22.694284124412775, 0.0 ], [ -53.099840188573808, -22.694285843017212, 0.0 ], [ -53.099839613907022, -22.69428756162165, 0.0 ], [ -53.099839038340917, -22.694289279326711, 0.0 ], [ -53.099838461875493, -22.694290997031828, 0.0 ], [ -53.099837883611372, -22.694292714736946, 0.0 ], [ -53.099837305347307, -22.694294431542744, 0.0 ], [ -53.099836726183923, -22.694296149247862, 0.0 ], [ -53.09983614612122, -22.694297866053603, 0.0 ], [ -53.09983556515914, -22.694299582859401, 0.0 ], [ -53.099834983297796, -22.694301298765879, 0.0 ], [ -53.099834401436453, -22.694303015571677, 0.0 ], [ -53.099833819575053, -22.694304731478155, 0.0 ], [ -53.099833235915071, -22.694306447384577, 0.0 ], [ -53.099832652255031, -22.694308163291055, 0.0 ], [ -53.099832068595049, -22.694309879197533, 0.0 ], [ -53.099831484035747, -22.694311595104011, 0.0 ], [ -53.099830899476387, -22.694313310111113, 0.0 ], [ -53.099830314917085, -22.694315026017591, 0.0 ], [ -53.099829729458406, -22.69431674102475, 0.0 ], [ -53.099829143999727, -22.694318456931171, 0.0 ], [ -53.099828559440425, -22.69432017193833, 0.0 ], [ -53.099827973981746, -22.694321887844808, 0.0 ], [ -53.099827388523124, -22.694323602851966, 0.0 ], [ -53.099826803064445, -22.694325318758388, 0.0 ], [ -53.099826217605823, -22.694327033765546, 0.0 ], [ -53.099825632147144, -22.694328749672025, 0.0 ], [ -53.099825046688522, -22.694330464679183, 0.0 ], [ -53.099824462129163, -22.694332180585604, 0.0 ], [ -53.099823877569861, -22.694333896492083, 0.0 ], [ -53.099823293010502, -22.694335612398561, 0.0 ], [ -53.099822709350519, -22.694337328305039, 0.0 ], [ -53.09982212569048, -22.694339044211461, 0.0 ], [ -53.099821542929817, -22.694340760117939, 0.0 ], [ -53.099820960169154, -22.694342476923737, 0.0 ], [ -53.099820378307754, -22.694344193729535, 0.0 ], [ -53.099819796446411, -22.694345910535276, 0.0 ], [ -53.099819215484388, -22.694347627341074, 0.0 ], [ -53.099818635421627, -22.694349344146872, 0.0 ], [ -53.099818056258243, -22.694351061851989, 0.0 ], [ -53.099817477994179, -22.694352779557107, 0.0 ], [ -53.099816899730115, -22.694354497262168, 0.0 ], [ -53.09981632326469, -22.694356214967286, 0.0 ], [ -53.099815747698528, -22.694357933571723, 0.0 ], [ -53.099815173031743, -22.694359652176161, 0.0 ], [ -53.099814599264278, -22.694361371679918, 0.0 ], [ -53.099814026396132, -22.694363091183675, 0.0 ], [ -53.099813454427363, -22.694364810687432, 0.0 ], [ -53.099812884257176, -22.694366531090509, 0.0 ], [ -53.099812314986309, -22.694368251493586, 0.0 ], [ -53.099811746614762, -22.694369971896663, 0.0 ], [ -53.099811180041911, -22.694371693199059, 0.0 ], [ -53.099810615267643, -22.694373414501456, 0.0 ], [ -53.099810051392694, -22.694375136703172, 0.0 ], [ -53.099809489316442, -22.694376858904889, 0.0 ], [ -53.099808928139453, -22.694378582005925, 0.0 ], [ -53.09980836876116, -22.694380306006281, 0.0 ], [ -53.099807810282186, -22.694382029107317, 0.0 ], [ -53.099807253601853, -22.694383754006992, 0.0 ], [ -53.099806698720101, -22.694385478007348, 0.0 ], [ -53.099806143838407, -22.694387202907023, 0.0 ], [ -53.099805590755352, -22.694388927806756, 0.0 ], [ -53.099805037672297, -22.694390653605751, 0.0 ], [ -53.099804486387882, -22.694392379404746, 0.0 ], [ -53.099803935103466, -22.694394105203742, 0.0 ], [ -53.099803384718371, -22.694395831002737, 0.0 ], [ -53.099802835232595, -22.694397556801732, 0.0 ], [ -53.099802285746875, -22.694399283500104, 0.0 ], [ -53.099801737160419, -22.694401010198419, 0.0 ], [ -53.099801188573963, -22.694402736896734, 0.0 ], [ -53.099800639987507, -22.694404462695729, 0.0 ], [ -53.09980009140105, -22.694406189394101, 0.0 ], [ -53.099799542814594, -22.694407916092416, 0.0 ], [ -53.099798994228138, -22.694409642790731, 0.0 ], [ -53.099798445641738, -22.694411369489046, 0.0 ], [ -53.099797897055282, -22.694413095288098, 0.0 ], [ -53.099797347569506, -22.694414821986413, 0.0 ], [ -53.09979679808373, -22.694416547785409, 0.0 ], [ -53.099796247698634, -22.694418273584404, 0.0 ], [ -53.099795697313539, -22.694419999383399, 0.0 ], [ -53.099795145129804, -22.694421725182451, 0.0 ], [ -53.099794592946068, -22.694423450981446, 0.0 ], [ -53.099794039863013, -22.694425175881122, 0.0 ], [ -53.099793485880639, -22.694426899881478, 0.0 ], [ -53.099792930099625, -22.694428624781153, 0.0 ], [ -53.099792374318554, -22.694430348781509, 0.0 ], [ -53.099791815839581, -22.694432071882545, 0.0 ], [ -53.099791257360607, -22.694433794983581, 0.0 ], [ -53.099790697082938, -22.694435518084674, 0.0 ], [ -53.099790135006685, -22.694437240286391, 0.0 ], [ -53.099789571131737, -22.694438961588787, 0.0 ], [ -53.099789005458206, -22.694440682891184, 0.0 ], [ -53.099788438885298, -22.694442403294204, 0.0 ], [ -53.099787869614431, -22.694444123697281, 0.0 ], [ -53.099787298544925, -22.694445843201038, 0.0 ], [ -53.099786725676779, -22.694447561805475, 0.0 ], [ -53.099786150110674, -22.694449280409913, 0.0 ], [ -53.09978557274593, -22.694450997215711, 0.0 ], [ -53.099784992683226, -22.694452714021509, 0.0 ], [ -53.099784410821883, -22.69445442992793, 0.0 ], [ -53.099783825363204, -22.694456144935089, 0.0 ], [ -53.099783238105886, -22.694457859942247, 0.0 ], [ -53.099782648150665, -22.694459573150709, 0.0 ], [ -53.099782055497428, -22.694461285459909, 0.0 ], [ -53.099781459246913, -22.694462997769108, 0.0 ], [ -53.099780861197758, -22.694464708279611, 0.0 ], [ -53.099780258651947, -22.694466417890851, 0.0 ], [ -53.099779654307554, -22.694468127502034, 0.0 ], [ -53.099779045466562, -22.694469835314578, 0.0 ], [ -53.099778433927554, -22.694471542227859, 0.0 ], [ -53.099777819690587, -22.694473248241763, 0.0 ], [ -53.099777200957021, -22.694474952457028, 0.0 ], [ -53.099776578626177, -22.694476655772974, 0.0 ], [ -53.099775952697996, -22.694478359088976, 0.0 ], [ -53.099775324071913, -22.694480059706962, 0.0 ], [ -53.099774690949175, -22.694481760324948, 0.0 ], [ -53.099774055128478, -22.694483460043614, 0.0 ], [ -53.099773416609821, -22.694485157963641, 0.0 ], [ -53.099772774493886, -22.694486855883667, 0.0 ], [ -53.099772130579311, -22.694488552904375, 0.0 ], [ -53.099771483067457, -22.694490249025705, 0.0 ], [ -53.099770833756907, -22.694491944247773, 0.0 ], [ -53.099770181748454, -22.69449363857052, 0.0 ], [ -53.099769527941305, -22.694495331993949, 0.0 ], [ -53.099768872335574, -22.69449702541732, 0.0 ], [ -53.099768214931146, -22.694498717941428, 0.0 ], [ -53.099767555728079, -22.694500410465537, 0.0 ], [ -53.099766894726372, -22.694502102090269, 0.0 ], [ -53.099766232825345, -22.694503793715057, 0.0 ], [ -53.09976556912568, -22.694505484440526, 0.0 ], [ -53.099764905426014, -22.694507175165938, 0.0 ], [ -53.099764239927708, -22.694508865891407, 0.0 ], [ -53.099763574429403, -22.6945105557175, 0.0 ], [ -53.099762908031721, -22.694512246442969, 0.0 ], [ -53.099762240734776, -22.694513936269118, 0.0 ], [ -53.099761574337151, -22.69451562609521, 0.0 ], [ -53.099760907040206, -22.69451731592136, 0.0 ], [ -53.099760239743205, -22.694519005747452, 0.0 ], [ -53.09975957244626, -22.694520695573601, 0.0 ], [ -53.099758906048635, -22.69452238629907, 0.0 ], [ -53.099758240550329, -22.694524076125163, 0.0 ], [ -53.099757575052024, -22.694525766850631, 0.0 ], [ -53.099756910453038, -22.694527457576044, 0.0 ], [ -53.099756246753316, -22.694529148301513, 0.0 ], [ -53.099755584852346, -22.694530839926301, 0.0 ], [ -53.099754923850639, -22.694532532450353, 0.0 ], [ -53.099754263748252, -22.694534224075142, 0.0 ], [ -53.099753606343825, -22.69453591749857, 0.0 ], [ -53.099752949838717, -22.694537610921941, 0.0 ], [ -53.099752296031568, -22.694539305244689, 0.0 ], [ -53.099751644023115, -22.694540999567437, 0.0 ], [ -53.099750993813245, -22.694542694789504, 0.0 ], [ -53.099750345402072, -22.694544390910892, 0.0 ], [ -53.099749699688857, -22.694546087931542, 0.0 ], [ -53.099749055774282, -22.694547784952249, 0.0 ], [ -53.099748413658347, -22.694549482872276, 0.0 ], [ -53.099747773341051, -22.694551181691622, 0.0 ], [ -53.099747134822394, -22.694552880510969, 0.0 ], [ -53.099746498102377, -22.694554580229635, 0.0 ], [ -53.099745863180999, -22.694556280847621, 0.0 ], [ -53.099745230058261, -22.694557981465607, 0.0 ], [ -53.099744598734219, -22.694559682982913, 0.0 ], [ -53.09974396830944, -22.694561384500275, 0.0 ], [ -53.099743339683357, -22.694563086916901, 0.0 ], [ -53.099742711956537, -22.694564789333526, 0.0 ], [ -53.099742086028414, -22.694566492649471, 0.0 ], [ -53.099741988002279, -22.694566758848794, 0.0 ] ] } },
{ "type": "Feature", "properties": { "Id": 0 }, "geometry": { "type": "LineString", "coordinates": [ [ -53.099887000984268, -22.694088719718593, 0.0 ], [ -53.099886808529334, -22.694089413995187, 0.0 ], [ -53.099886395740555, -22.694090897876606, 0.0 ], [ -53.099885982951719, -22.694092381757969, 0.0 ], [ -53.099885570162883, -22.694093865639331, 0.0 ], [ -53.099885156474727, -22.694095349520694, 0.0 ], [ -53.099884741887308, -22.694096833402114, 0.0 ], [ -53.099884327299833, -22.694098316384157, 0.0 ], [ -53.099883911813038, -22.694099799366199, 0.0 ], [ -53.099883495426923, -22.694101282348242, 0.0 ], [ -53.099883078141488, -22.694102765330285, 0.0 ], [ -53.099882659956734, -22.694104248312385, 0.0 ], [ -53.099882241771979, -22.694105730395108, 0.0 ], [ -53.099881821788586, -22.694107212477832, 0.0 ], [ -53.099881401805192, -22.694108694560555, 0.0 ], [ -53.099880980023158, -22.694110176643278, 0.0 ], [ -53.099880557341805, -22.694111657826681, 0.0 ], [ -53.099880133761133, -22.694113139010085, 0.0 ], [ -53.09987970928114, -22.694114620193545, 0.0 ], [ -53.099879283901771, -22.694116100477629, 0.0 ], [ -53.099878856723819, -22.694117580761713, 0.0 ], [ -53.099878429545868, -22.694119061045797, 0.0 ], [ -53.0998779996699, -22.694120540430561, 0.0 ], [ -53.099877569793989, -22.694122019815325, 0.0 ], [ -53.099877138119382, -22.694123499200089, 0.0 ], [ -53.099876704646135, -22.694124977685533, 0.0 ], [ -53.099876270273626, -22.694126456170977, 0.0 ], [ -53.09987583500174, -22.694127933757102, 0.0 ], [ -53.099875397931214, -22.694129411343226, 0.0 ], [ -53.099874959062049, -22.694130888929351, 0.0 ], [ -53.099874519293564, -22.694132365616156, 0.0 ], [ -53.09987407682712, -22.694133842302961, 0.0 ], [ -53.099873634360677, -22.694135318090389, 0.0 ], [ -53.099873189196273, -22.694136793877874, 0.0 ], [ -53.099872742233231, -22.694138268766039, 0.0 ], [ -53.099872294370869, -22.694139743654205, 0.0 ], [ -53.09987184470981, -22.69414121854237, 0.0 ], [ -53.099871393250169, -22.694142692531216, 0.0 ], [ -53.099870940891151, -22.694144165620685, 0.0 ], [ -53.09987048673355, -22.694145638710211, 0.0 ], [ -53.099870031676573, -22.694147111799737, 0.0 ], [ -53.099869574820957, -22.694148584889263, 0.0 ], [ -53.099869117965397, -22.694150057079412, 0.0 ], [ -53.099868659311142, -22.694151529269618, 0.0 ], [ -53.099868199757566, -22.694153000560505, 0.0 ], [ -53.099867738405351, -22.694154472750654, 0.0 ], [ -53.099867277053136, -22.69415594404154, 0.0 ], [ -53.099866814801601, -22.694157415332427, 0.0 ], [ -53.099866351650746, -22.694158885723937, 0.0 ], [ -53.099865888499892, -22.694160357014823, 0.0 ], [ -53.099865424449717, -22.69416182740639, 0.0 ], [ -53.099864959500223, -22.6941632977979, 0.0 ], [ -53.09986449365141, -22.694164768189466, 0.0 ], [ -53.099864028701916, -22.694166238580976, 0.0 ], [ -53.099863561953782, -22.694167708972543, 0.0 ], [ -53.099863096104968, -22.69416917846479, 0.0 ], [ -53.099862629356835, -22.6941706488563, 0.0 ], [ -53.099862162608702, -22.694172119247867, 0.0 ], [ -53.099861695860511, -22.694173588740057, 0.0 ], [ -53.099861230011697, -22.694175059131624, 0.0 ], [ -53.099860763263564, -22.69417652952319, 0.0 ], [ -53.09986029651543, -22.69417799901538, 0.0 ], [ -53.099859829767297, -22.694179469406947, 0.0 ], [ -53.099859363918483, -22.694180939798514, 0.0 ], [ -53.09985889806967, -22.694182410190024, 0.0 ], [ -53.099858433120176, -22.694183880581591, 0.0 ], [ -53.099857968170681, -22.6941853509731, 0.0 ], [ -53.09985750412045, -22.694186821364667, 0.0 ], [ -53.099857040070276, -22.694188292655554, 0.0 ], [ -53.099856576919422, -22.694189763946383, 0.0 ], [ -53.099856114667944, -22.69419123523727, 0.0 ], [ -53.099855653315728, -22.694192706528156, 0.0 ], [ -53.099855192862833, -22.694194177818986, 0.0 ], [ -53.099854732409938, -22.694195650009192, 0.0 ], [ -53.099854273755682, -22.694197122199398, 0.0 ], [ -53.099853816000746, -22.694198594389547, 0.0 ], [ -53.099853360044506, -22.694200067479073, 0.0 ], [ -53.099852904088209, -22.694201540568599, 0.0 ], [ -53.099852449930552, -22.694203014557445, 0.0 ], [ -53.099851997571591, -22.694204487646914, 0.0 ], [ -53.09985154611195, -22.694205962535079, 0.0 ], [ -53.099851095551571, -22.694207436523925, 0.0 ], [ -53.099850646789889, -22.69420891141209, 0.0 ], [ -53.09985019892747, -22.694210387199576, 0.0 ], [ -53.099849751964427, -22.694211862087741, 0.0 ], [ -53.099849306800024, -22.694213337875226, 0.0 ], [ -53.099848861635621, -22.694214813662654, 0.0 ], [ -53.099848417370538, -22.694216290349459, 0.0 ], [ -53.099847974004774, -22.694217766136944, 0.0 ], [ -53.09984753153833, -22.694219242823749, 0.0 ], [ -53.099847089971206, -22.694220719510554, 0.0 ], [ -53.099846648404082, -22.694222196197359, 0.0 ], [ -53.099846207736277, -22.694223673783483, 0.0 ], [ -53.099845767068473, -22.694225150470288, 0.0 ], [ -53.099845327299988, -22.694226628056413, 0.0 ], [ -53.099844887531503, -22.694228105642537, 0.0 ], [ -53.099844448662338, -22.694229582329342, 0.0 ], [ -53.099844008893854, -22.69423105991541, 0.0 ], [ -53.099843570024689, -22.694232537501534, 0.0 ], [ -53.099843131155524, -22.694234015087659, 0.0 ], [ -53.099842692286359, -22.694235492673783, 0.0 ], [ -53.099842252517874, -22.694236969360588, 0.0 ], [ -53.099841813648766, -22.694238446946713, 0.0 ], [ -53.099841373880281, -22.694239924532837, 0.0 ], [ -53.099840934111796, -22.694241401219642, 0.0 ], [ -53.099840493443992, -22.694242878805767, 0.0 ], [ -53.099840052776187, -22.694244355492572, 0.0 ], [ -53.099839611209063, -22.694245832179377, 0.0 ], [ -53.099839169641939, -22.694247308866181, 0.0 ], [ -53.099838727175495, -22.694248785552986, 0.0 ], [ -53.099838283809731, -22.694250261340471, 0.0 ], [ -53.099837840443968, -22.6942517371279, 0.0 ], [ -53.099837395279508, -22.694253212915385, 0.0 ], [ -53.099836950115105, -22.69425468870287, 0.0 ], [ -53.099836503152062, -22.694256164490355, 0.0 ], [ -53.0998360552897, -22.69425763937852, 0.0 ], [ -53.099835606527961, -22.694259113367366, 0.0 ], [ -53.099835155967639, -22.694260588255474, 0.0 ], [ -53.099834705407261, -22.69426206224432, 0.0 ], [ -53.09983425214898, -22.694263535333846, 0.0 ], [ -53.099833797991323, -22.694265008423372, 0.0 ], [ -53.099833342934403, -22.694266481512841, 0.0 ], [ -53.099832886078786, -22.694267953703047, 0.0 ], [ -53.099832427424531, -22.694269425893253, 0.0 ], [ -53.099831966971635, -22.69427089718414, 0.0 ], [ -53.0998315047201, -22.694272368474969, 0.0 ], [ -53.099831041569246, -22.694273838866536, 0.0 ], [ -53.099830575720432, -22.694275308358726, 0.0 ], [ -53.099830108072979, -22.694276777850973, 0.0 ], [ -53.099829638626886, -22.69427824734322, 0.0 ], [ -53.099829167382154, -22.694279715036771, 0.0 ], [ -53.099828693439406, -22.694281182730379, 0.0 ], [ -53.099828218597395, -22.694282650423929, 0.0 ], [ -53.099827741956688, -22.694284117218217, 0.0 ], [ -53.09982726441666, -22.694285584012448, 0.0 ], [ -53.099826784178731, -22.694287049907359, 0.0 ], [ -53.099826303041425, -22.694288515802327, 0.0 ], [ -53.09982582010548, -22.694289980797919, 0.0 ], [ -53.099825336270214, -22.694291445793567, 0.0 ], [ -53.09982485063631, -22.694292909889839, 0.0 ], [ -53.099824363203766, -22.694294373986111, 0.0 ], [ -53.099823875771222, -22.694295838082439, 0.0 ], [ -53.099823386540038, -22.694297301279391, 0.0 ], [ -53.099822895510158, -22.694298764476343, 0.0 ], [ -53.099822404480335, -22.694300227673295, 0.0 ], [ -53.099821911651873, -22.694301689970985, 0.0 ], [ -53.099821417924034, -22.694303152268617, 0.0 ], [ -53.099820923296932, -22.694304614566249, 0.0 ], [ -53.09982042777051, -22.694306075964562, 0.0 ], [ -53.099819931344712, -22.694307537362931, 0.0 ], [ -53.09981943491897, -22.694308998761244, 0.0 ], [ -53.099818936694533, -22.694310460159556, 0.0 ], [ -53.099818438470095, -22.694311920658549, 0.0 ], [ -53.099817939346394, -22.694313382056919, 0.0 ], [ -53.099817440222637, -22.694314842555912, 0.0 ], [ -53.099816940199617, -22.694316303054904, 0.0 ], [ -53.09981643927722, -22.694317763553897, 0.0 ], [ -53.099815938354823, -22.69431922405289, 0.0 ], [ -53.099815437432426, -22.694320684551883, 0.0 ], [ -53.099814935610766, -22.694322144151613, 0.0 ], [ -53.099814434688369, -22.694323604650606, 0.0 ], [ -53.099813931967333, -22.694325064250279, 0.0 ], [ -53.099813430145616, -22.694326524749272, 0.0 ], [ -53.099812928323956, -22.694327984348945, 0.0 ], [ -53.09981242560292, -22.694329444847938, 0.0 ], [ -53.099811923781203, -22.694330904447611, 0.0 ], [ -53.099811421959487, -22.694332364946661, 0.0 ], [ -53.099810920137827, -22.694333824546334, 0.0 ], [ -53.09981041831611, -22.694335285045327, 0.0 ], [ -53.099809917393713, -22.694336745544319, 0.0 ], [ -53.099809415572054, -22.694338206043312, 0.0 ], [ -53.099808915548977, -22.694339666542305, 0.0 ], [ -53.09980841462658, -22.694341127041355, 0.0 ], [ -53.099807914603559, -22.694342587540348, 0.0 ], [ -53.099807415479802, -22.69434404893866, 0.0 ], [ -53.099806917255364, -22.694345510336973, 0.0 ], [ -53.099806419030983, -22.694346970835966, 0.0 ], [ -53.099805920806546, -22.694348433133655, 0.0 ], [ -53.099805424380804, -22.694349894531967, 0.0 ], [ -53.099804928854326, -22.6943513568296, 0.0 ], [ -53.099804433327904, -22.694352818227912, 0.0 ], [ -53.099803939600065, -22.694354281424921, 0.0 ], [ -53.099803445872283, -22.694355743722554, 0.0 ], [ -53.09980295394314, -22.694357206919506, 0.0 ], [ -53.099802462913317, -22.694358670116515, 0.0 ], [ -53.099801972782757, -22.694360134212786, 0.0 ], [ -53.099801483551573, -22.694361598309058, 0.0 ], [ -53.099800996119029, -22.694363062405387, 0.0 ], [ -53.099800509585805, -22.694364527400978, 0.0 ], [ -53.09980002485122, -22.69436599239657, 0.0 ], [ -53.099799541015955, -22.694367457392218, 0.0 ], [ -53.099799058080009, -22.694368924186449, 0.0 ], [ -53.09979857784208, -22.694370390081417, 0.0 ], [ -53.099798097604094, -22.694371856875648, 0.0 ], [ -53.099797619164747, -22.694373323669879, 0.0 ], [ -53.09979714162472, -22.694374791363487, 0.0 ], [ -53.099796664984069, -22.694376258157718, 0.0 ], [ -53.099796189242682, -22.694377726750645, 0.0 ], [ -53.09979571440067, -22.694379194444195, 0.0 ], [ -53.099795240457922, -22.694380663037123, 0.0 ], [ -53.099794767414551, -22.69438213163005, 0.0 ], [ -53.099794295270442, -22.69438360022292, 0.0 ], [ -53.09979382402571, -22.694385069715167, 0.0 ], [ -53.099793352780978, -22.694386538308038, 0.0 ], [ -53.099792882435509, -22.694388007800285, 0.0 ], [ -53.099792412989416, -22.694389477292475, 0.0 ], [ -53.099791943543323, -22.694390946784722, 0.0 ], [ -53.099791474097231, -22.694392417176289, 0.0 ], [ -53.099791005550401, -22.694393886668479, 0.0 ], [ -53.099790537003628, -22.694395357060046, 0.0 ], [ -53.099790069356175, -22.694396826552236, 0.0 ], [ -53.099789600809402, -22.694398296943803, 0.0 ], [ -53.099789133161948, -22.69439976643605, 0.0 ], [ -53.099788665514438, -22.694401236827559, 0.0 ], [ -53.099788197866985, -22.694402706319806, 0.0 ], [ -53.099787729320212, -22.694404176711316, 0.0 ], [ -53.099787261672759, -22.694405646203563, 0.0 ], [ -53.099786793125986, -22.69440711659513, 0.0 ], [ -53.099786325478476, -22.69440858608732, 0.0 ], [ -53.099785856032383, -22.694410055579567, 0.0 ], [ -53.09978538748561, -22.694411525071757, 0.0 ], [ -53.099784918039518, -22.694412994564004, 0.0 ], [ -53.099784447694049, -22.694414464056251, 0.0 ], [ -53.099783977348636, -22.694415933548441, 0.0 ], [ -53.099783506103904, -22.694417402141369, 0.0 ], [ -53.099783034859115, -22.694418870734239, 0.0 ], [ -53.099782561815744, -22.694420339327166, 0.0 ], [ -53.099782088772315, -22.694421807920037, 0.0 ], [ -53.099781614829624, -22.694423275613644, 0.0 ], [ -53.099781139987556, -22.694424743307195, 0.0 ], [ -53.099780664246225, -22.694426211000803, 0.0 ], [ -53.099780187605518, -22.694427677795034, 0.0 ], [ -53.099779709166228, -22.694429144589321, 0.0 ], [ -53.099779230726881, -22.694430611383552, 0.0 ], [ -53.099778750488895, -22.69443207727852, 0.0 ], [ -53.099778268452269, -22.694433543173432, 0.0 ], [ -53.099777786415643, -22.694435008169023, 0.0 ], [ -53.099777301681058, -22.694436473164671, 0.0 ], [ -53.09977681694653, -22.694437937260943, 0.0 ], [ -53.099776329513929, -22.694439401357215, 0.0 ], [ -53.099775841182066, -22.694440864554224, 0.0 ], [ -53.099775351051562, -22.694442327751176, 0.0 ], [ -53.099774860021739, -22.694443790948128, 0.0 ], [ -53.0997743662939, -22.694445252346497, 0.0 ], [ -53.099773871666798, -22.69444671374481, 0.0 ], [ -53.099773374341737, -22.694448175143123, 0.0 ], [ -53.09977287521798, -22.694449635642115, 0.0 ], [ -53.099772375194902, -22.694451095241789, 0.0 ], [ -53.099771872473866, -22.694452553942142, 0.0 ], [ -53.099771367954247, -22.694454012642552, 0.0 ], [ -53.099770860736612, -22.694455470443586, 0.0 ], [ -53.099770351720338, -22.69445692824462, 0.0 ], [ -53.099769840905367, -22.694458385146334, 0.0 ], [ -53.099769327392494, -22.694459840249408, 0.0 ], [ -53.099768811181661, -22.694461296251802, 0.0 ], [ -53.099768293172133, -22.6944627504555, 0.0 ], [ -53.099767773364022, -22.694464203759935, 0.0 ], [ -53.099767250857894, -22.69446565706437, 0.0 ], [ -53.099766726553128, -22.694467110368805, 0.0 ], [ -53.099766200449722, -22.694468561874601, 0.0 ], [ -53.099765671648413, -22.694470013380396, 0.0 ], [ -53.099765141048351, -22.694471463986815, 0.0 ], [ -53.099764609549027, -22.694472914593291, 0.0 ], [ -53.099764075351743, -22.694474364300447, 0.0 ], [ -53.09976353935582, -22.694475813108227, 0.0 ], [ -53.099763001561257, -22.694477261916063, 0.0 ], [ -53.099762462867318, -22.69447870982458, 0.0 ], [ -53.099761921475476, -22.69448015773304, 0.0 ], [ -53.099761379184258, -22.694481604742236, 0.0 ], [ -53.099760835094401, -22.694483050852057, 0.0 ], [ -53.09976029010528, -22.694484496961934, 0.0 ], [ -53.099759743317463, -22.694485943071754, 0.0 ], [ -53.099759194731007, -22.694487388282312, 0.0 ], [ -53.099758645245231, -22.694488833492812, 0.0 ], [ -53.099758093960816, -22.69449027780405, 0.0 ], [ -53.09975754177708, -22.694491722115231, 0.0 ], [ -53.099756988694025, -22.694493165527149, 0.0 ], [ -53.099756433812331, -22.69449460893901, 0.0 ], [ -53.099755878031317, -22.694496052350871, 0.0 ], [ -53.099755321350983, -22.694497494863469, 0.0 ], [ -53.099754763771273, -22.694498937376011, 0.0 ], [ -53.0997542052923, -22.694500379888552, 0.0 ], [ -53.099753645914006, -22.694501821501831, 0.0 ], [ -53.099753085636337, -22.694503263115053, 0.0 ], [ -53.099752524459404, -22.694504704728274, 0.0 ], [ -53.099751962383095, -22.694506146341553, 0.0 ], [ -53.099751399407523, -22.694507587055455, 0.0 ], [ -53.099750836431895, -22.694509027769357, 0.0 ], [ -53.099750272557003, -22.694510468483315, 0.0 ], [ -53.099749707782735, -22.694511909197217, 0.0 ], [ -53.099749143008523, -22.6945133490118, 0.0 ], [ -53.099748577334935, -22.694514789725702, 0.0 ], [ -53.099748011661347, -22.694516229540341, 0.0 ], [ -53.099747445987816, -22.694517669354923, 0.0 ], [ -53.099746879414909, -22.694519109169505, 0.0 ], [ -53.099746312842001, -22.694520548984087, 0.0 ], [ -53.09974574536983, -22.694521988798726, 0.0 ], [ -53.099745178796923, -22.694523428613309, 0.0 ], [ -53.099744611324695, -22.694524868427891, 0.0 ], [ -53.099744043852525, -22.694526308242473, 0.0 ], [ -53.099743476380297, -22.694527747157736, 0.0 ], [ -53.09974290890807, -22.694529186972375, 0.0 ], [ -53.099742342335162, -22.694530626786957, 0.0 ], [ -53.099741774862991, -22.694532066601539, 0.0 ], [ -53.099741208290084, -22.694533506416121, 0.0 ], [ -53.099740641717176, -22.69453494623076, 0.0 ], [ -53.099740075144325, -22.694536386045343, 0.0 ], [ -53.099739509470737, -22.694537826759245, 0.0 ], [ -53.099738943797149, -22.694539266573827, 0.0 ], [ -53.099738378123618, -22.694540706388466, 0.0 ], [ -53.09973781334935, -22.694542147102368, 0.0 ], [ -53.099737249474458, -22.69454358781627, 0.0 ], [ -53.09973668559951, -22.694545028530172, 0.0 ], [ -53.099736122623938, -22.69454647014345, 0.0 ], [ -53.099735560547629, -22.694547910857352, 0.0 ], [ -53.099734998471376, -22.694549352470574, 0.0 ], [ -53.099734438193707, -22.694550794083852, 0.0 ], [ -53.099733877916094, -22.694552235697074, 0.0 ], [ -53.099733318537801, -22.694553678209616, 0.0 ], [ -53.099732760958091, -22.694555120722214, 0.0 ], [ -53.099732203378437, -22.694556564134075, 0.0 ], [ -53.099731646698103, -22.694558006646616, 0.0 ], [ -53.099731091816409, -22.694559450058534, 0.0 ], [ -53.099730537834034, -22.694560894369715, 0.0 ], [ -53.099729984750979, -22.694562337781633, 0.0 ], [ -53.099729482029943, -22.694563653489752, 0.0 ] ] } },
{ "type": "Feature", "properties": { "Id": 0 }, "geometry": { "type": "LineString", "coordinates": [ [ -53.099878478109247, -22.694086602714492, 0.0 ], [ -53.099878084206182, -22.694088055119607, 0.0 ], [ -53.099877659726189, -22.694089614544055, 0.0 ], [ -53.09987723524614, -22.694091173069125, 0.0 ], [ -53.099876809866828, -22.694092732493573, 0.0 ], [ -53.099876384487516, -22.694094291018644, 0.0 ], [ -53.099875958208884, -22.694095849543771, 0.0 ], [ -53.099875531030875, -22.694097408068899, 0.0 ], [ -53.099875103852924, -22.69409896659397, 0.0 ], [ -53.099874675775652, -22.694100525119097, 0.0 ], [ -53.099874246799004, -22.694102082744905, 0.0 ], [ -53.099873816923093, -22.694103641269976, 0.0 ], [ -53.099873387047126, -22.694105198895784, 0.0 ], [ -53.099872956271895, -22.694106755622215, 0.0 ], [ -53.099872523697968, -22.694108313248023, 0.0 ], [ -53.099872091124041, -22.694109870873774, 0.0 ], [ -53.099871657650851, -22.694111427600262, 0.0 ], [ -53.099871224177605, -22.694112984326694, 0.0 ], [ -53.099870788905719, -22.694114540153862, 0.0 ], [ -53.09987035273457, -22.69411609688035, 0.0 ], [ -53.099869915664044, -22.694117652707462, 0.0 ], [ -53.099869477694199, -22.694119208534573, 0.0 ], [ -53.099869038825034, -22.694120764361742, 0.0 ], [ -53.099868599056549, -22.694122319289534, 0.0 ], [ -53.099868158388745, -22.694123875116702, 0.0 ], [ -53.09986771682162, -22.694125430044494, 0.0 ], [ -53.099867274355177, -22.694126984073023, 0.0 ], [ -53.099866830090093, -22.694128539000815, 0.0 ], [ -53.09986638582501, -22.694130093029344, 0.0 ], [ -53.099865939761287, -22.694131646158496, 0.0 ], [ -53.099865492798187, -22.694133200186968, 0.0 ], [ -53.099865044036505, -22.694134753316177, 0.0 ], [ -53.099864595274823, -22.69413630644533, 0.0 ], [ -53.099864144714445, -22.694137859574539, 0.0 ], [ -53.099863694154124, -22.694139411804372, 0.0 ], [ -53.099863241795106, -22.694140964034204, 0.0 ], [ -53.099862788536825, -22.694142516264094, 0.0 ], [ -53.099862334379168, -22.694144068493927, 0.0 ], [ -53.099861879322248, -22.69414561982444, 0.0 ], [ -53.099861423365951, -22.694147171154953, 0.0 ], [ -53.099860966510334, -22.694148722485522, 0.0 ], [ -53.099860508755455, -22.694150272916715, 0.0 ], [ -53.099860050101199, -22.694151823347909, 0.0 ], [ -53.099859590547624, -22.694153374678478, 0.0 ], [ -53.099859130094728, -22.694154924210352, 0.0 ], [ -53.099858669641833, -22.694156474641545, 0.0 ], [ -53.099858207390298, -22.694158024173419, 0.0 ], [ -53.099857744239443, -22.694159573705292, 0.0 ], [ -53.099857281088589, -22.694161123237222, 0.0 ], [ -53.099856816139095, -22.694162672769096, 0.0 ], [ -53.099856351189601, -22.69416422140165, 0.0 ], [ -53.099855885340787, -22.694165770933523, 0.0 ], [ -53.099855418592654, -22.694167319566077, 0.0 ], [ -53.0998549509452, -22.694168868198688, 0.0 ], [ -53.099854483297747, -22.694170415931922, 0.0 ], [ -53.099854013851598, -22.694171964564475, 0.0 ], [ -53.099853544405505, -22.694173512297709, 0.0 ], [ -53.099853074060093, -22.694175060030943, 0.0 ], [ -53.099852603714623, -22.694176607764177, 0.0 ], [ -53.099852132469891, -22.694178155497411, 0.0 ], [ -53.099851660325839, -22.694179702331326, 0.0 ], [ -53.099851187282411, -22.694181250064617, 0.0 ], [ -53.099850714239039, -22.694182796898531, 0.0 ], [ -53.099850240296291, -22.694184343732445, 0.0 ], [ -53.09984976545428, -22.694185890566359, 0.0 ], [ -53.099849290612212, -22.694187437400274, 0.0 ], [ -53.099848815770201, -22.694188983334868, 0.0 ], [ -53.099848339129494, -22.694190530168783, 0.0 ], [ -53.099847863388163, -22.694192076103377, 0.0 ], [ -53.099847385848136, -22.694193622037972, 0.0 ], [ -53.099846908308109, -22.694195167972566, 0.0 ], [ -53.099846430768139, -22.694196713907161, 0.0 ], [ -53.099845952328792, -22.694198259841755, 0.0 ], [ -53.099845473889445, -22.69419980487703, 0.0 ], [ -53.099844994550836, -22.694201350811625, 0.0 ], [ -53.099844514312849, -22.6942028958469, 0.0 ], [ -53.099844034974183, -22.694204441781494, 0.0 ], [ -53.099843554736196, -22.694205986816769, 0.0 ], [ -53.099843073598947, -22.694207531852044, 0.0 ], [ -53.099842592461641, -22.694209076887319, 0.0 ], [ -53.099842111324335, -22.694210621922593, 0.0 ], [ -53.09984162928771, -22.694212166058549, 0.0 ], [ -53.099841147251084, -22.694213711093823, 0.0 ], [ -53.099840665214515, -22.694215256129098, 0.0 ], [ -53.099840183177889, -22.694216800265053, 0.0 ], [ -53.099839700241944, -22.694218345300328, 0.0 ], [ -53.099839217305998, -22.694219889436283, 0.0 ], [ -53.099838733470733, -22.694221433572238, 0.0 ], [ -53.099838250534788, -22.694222978607513, 0.0 ], [ -53.099837766699522, -22.694224522743468, 0.0 ], [ -53.099837282864257, -22.694226066879423, 0.0 ], [ -53.099836799028992, -22.694227611015378, 0.0 ], [ -53.099836314294407, -22.694229155151334, 0.0 ], [ -53.099835830459142, -22.694230699287289, 0.0 ], [ -53.099835345724557, -22.694232243423244, 0.0 ], [ -53.099834860990029, -22.694233786659879, 0.0 ], [ -53.099834375356124, -22.694235330795834, 0.0 ], [ -53.099833890621539, -22.694236874931789, 0.0 ], [ -53.099833404987635, -22.694238418168425, 0.0 ], [ -53.099832918454354, -22.69423996230438, 0.0 ], [ -53.099832432820449, -22.694241505541015, 0.0 ], [ -53.099831946287225, -22.694243048777651, 0.0 ], [ -53.099831459754, -22.694244592014286, 0.0 ], [ -53.099830972321456, -22.694246135250921, 0.0 ], [ -53.099830484888912, -22.6942476784875, 0.0 ], [ -53.099829997456368, -22.694249221724135, 0.0 ], [ -53.099829509124504, -22.694250764960771, 0.0 ], [ -53.09982902079264, -22.694252308197406, 0.0 ], [ -53.099828532460776, -22.694253850534722, 0.0 ], [ -53.099828043229593, -22.694255393771357, 0.0 ], [ -53.099827553998352, -22.694256936108673, 0.0 ], [ -53.099827063867849, -22.694258478445988, 0.0 ], [ -53.099826573737346, -22.694260020783304, 0.0 ], [ -53.099826082707523, -22.694261563120619, 0.0 ], [ -53.0998255916777, -22.694263105457878, 0.0 ], [ -53.09982510064782, -22.694264647795194, 0.0 ], [ -53.099824608718677, -22.69426618923319, 0.0 ], [ -53.099824115890215, -22.694267731570505, 0.0 ], [ -53.099823623061695, -22.694269273008501, 0.0 ], [ -53.099823130233233, -22.694270814446497, 0.0 ], [ -53.099822636505451, -22.694272355884493, 0.0 ], [ -53.099822141878292, -22.694273897322432, 0.0 ], [ -53.09982164725119, -22.694275437861108, 0.0 ], [ -53.099821152624031, -22.694276979299104, 0.0 ], [ -53.09982065619829, -22.694278519837781, 0.0 ], [ -53.099820159772491, -22.694280060376457, 0.0 ], [ -53.09981966334675, -22.694281600915133, 0.0 ], [ -53.099819166021632, -22.694283141453752, 0.0 ], [ -53.099818667797251, -22.694284681992428, 0.0 ], [ -53.099818169572814, -22.694286221631785, 0.0 ], [ -53.099817670449113, -22.694287762170461, 0.0 ], [ -53.099817171325356, -22.694289301809761, 0.0 ], [ -53.099816671302278, -22.694290841449117, 0.0 ], [ -53.099816170379938, -22.694292381088474, 0.0 ], [ -53.099815668558222, -22.69429391982851, 0.0 ], [ -53.099815166736505, -22.69429545946781, 0.0 ], [ -53.099814664015469, -22.694296998207847, 0.0 ], [ -53.099814161294489, -22.694298536947883, 0.0 ], [ -53.099813656774813, -22.69430007568792, 0.0 ], [ -53.099813153154457, -22.69430161352858, 0.0 ], [ -53.099812647735462, -22.694303152268617, 0.0 ], [ -53.099812142316466, -22.694304690109334, 0.0 ], [ -53.099811635998151, -22.694306227949994, 0.0 ], [ -53.099811128780516, -22.694307765790711, 0.0 ], [ -53.099810621562881, -22.694309303631428, 0.0 ], [ -53.099810114345246, -22.694310840572768, 0.0 ], [ -53.099809605328971, -22.694312378413485, 0.0 ], [ -53.099809096312697, -22.694313915354883, 0.0 ], [ -53.099808587296423, -22.694315452296223, 0.0 ], [ -53.099808077380828, -22.69431698923762, 0.0 ], [ -53.099807566565914, -22.694318526179018, 0.0 ], [ -53.099807055751, -22.694320062221038, 0.0 ], [ -53.09980654403671, -22.694321599162436, 0.0 ], [ -53.099806032322476, -22.694323135204456, 0.0 ], [ -53.099805519708923, -22.694324671246534, 0.0 ], [ -53.09980500709537, -22.694326207288611, 0.0 ], [ -53.099804493582496, -22.694327743330632, 0.0 ], [ -53.099803980069566, -22.69432927937271, 0.0 ], [ -53.099803465657374, -22.694330814515411, 0.0 ], [ -53.099802951245181, -22.694332350557488, 0.0 ], [ -53.099802435933611, -22.694333885700246, 0.0 ], [ -53.099801920622099, -22.694335420842947, 0.0 ], [ -53.099801404411267, -22.694336955985705, 0.0 ], [ -53.099800888200377, -22.694338491128406, 0.0 ], [ -53.099800371090225, -22.694340026271163, 0.0 ], [ -53.099799853980016, -22.694341561413864, 0.0 ], [ -53.099799336869864, -22.694343095657302, 0.0 ], [ -53.099798818860336, -22.694344630800003, 0.0 ], [ -53.099798300850864, -22.694346165043441, 0.0 ], [ -53.099797781942016, -22.694347699286823, 0.0 ], [ -53.099797263033224, -22.694349233530261, 0.0 ], [ -53.099796744124376, -22.694350767773642, 0.0 ], [ -53.099796224316265, -22.69435230201708, 0.0 ], [ -53.099795704508097, -22.694353836260518, 0.0 ], [ -53.099795183800666, -22.69435536960458, 0.0 ], [ -53.099794663992498, -22.694356903847961, 0.0 ], [ -53.099794142385747, -22.694358437192079, 0.0 ], [ -53.099793621678259, -22.69435997143546, 0.0 ], [ -53.099793100071452, -22.694361504779579, 0.0 ], [ -53.099792578464701, -22.69436303812364, 0.0 ], [ -53.099792056857893, -22.694364571467759, 0.0 ], [ -53.099791534351766, -22.69436610571114, 0.0 ], [ -53.099791011845696, -22.694367638155938, 0.0 ], [ -53.099790489339568, -22.6943691715, 0.0 ], [ -53.099789966833441, -22.694370704844118, 0.0 ], [ -53.099789443428051, -22.69437223818818, 0.0 ], [ -53.099788920022604, -22.694373771532298, 0.0 ], [ -53.099788396617157, -22.69437530397704, 0.0 ], [ -53.09978787231239, -22.694376837321158, 0.0 ], [ -53.099787348907, -22.6943783697659, 0.0 ], [ -53.099786824602234, -22.694379903110018, 0.0 ], [ -53.099786300297467, -22.69438143555476, 0.0 ], [ -53.0997857759927, -22.694382967999502, 0.0 ], [ -53.099785250788671, -22.694384500444301, 0.0 ], [ -53.099784726483904, -22.694386033788362, 0.0 ], [ -53.099784201279817, -22.694387566233161, 0.0 ], [ -53.099783676075731, -22.694389098677902, 0.0 ], [ -53.099783150871701, -22.694390631122701, 0.0 ], [ -53.099782625667615, -22.694392163567443, 0.0 ], [ -53.099782100463528, -22.694393696012241, 0.0 ], [ -53.099781575259442, -22.694395228456983, 0.0 ], [ -53.099781049156036, -22.694396760002405, 0.0 ], [ -53.09978052305263, -22.694398292447204, 0.0 ], [ -53.09977999694928, -22.694399824891946, 0.0 ], [ -53.099779470845874, -22.694401357336744, 0.0 ], [ -53.099778944742468, -22.694402888882166, 0.0 ], [ -53.099778418639062, -22.694404421326965, 0.0 ], [ -53.099777891636336, -22.694405953771707, 0.0 ], [ -53.09977736463361, -22.694407485317129, 0.0 ], [ -53.099776837630884, -22.694409016862608, 0.0 ], [ -53.099776310628215, -22.694410549307349, 0.0 ], [ -53.099775783625489, -22.694412080852828, 0.0 ], [ -53.099775255723443, -22.69441361239825, 0.0 ], [ -53.099774727821398, -22.694415143943672, 0.0 ], [ -53.099774199919352, -22.694416675489151, 0.0 ], [ -53.099773672017307, -22.694418207933893, 0.0 ], [ -53.099773143215941, -22.694419738580052, 0.0 ], [ -53.099772614414576, -22.694421270125474, 0.0 ], [ -53.09977208561321, -22.694422801670896, 0.0 ], [ -53.099771556811845, -22.694424333216375, 0.0 ], [ -53.09977102711116, -22.694425863862477, 0.0 ], [ -53.099770498309795, -22.694427395407899, 0.0 ], [ -53.09976996860911, -22.694428926953378, 0.0 ], [ -53.099769438009105, -22.694430457599481, 0.0 ], [ -53.09976890830842, -22.69443198824564, 0.0 ], [ -53.099768377708415, -22.694433519791062, 0.0 ], [ -53.09976784710841, -22.694435050437164, 0.0 ], [ -53.099767315609085, -22.694436581083323, 0.0 ], [ -53.099766784109761, -22.694438111729426, 0.0 ], [ -53.099766252610436, -22.694439642375528, 0.0 ], [ -53.099765721111112, -22.694441172122367, 0.0 ], [ -53.099765188712468, -22.69444270276847, 0.0 ], [ -53.099764656313823, -22.694444233414572, 0.0 ], [ -53.099764123015802, -22.694445763161411, 0.0 ], [ -53.099763590617158, -22.694447293807514, 0.0 ], [ -53.099763057319194, -22.694448823554296, 0.0 ], [ -53.09976252312191, -22.694450353301136, 0.0 ], [ -53.099761989823946, -22.694451883047918, 0.0 ], [ -53.099761454727286, -22.694453412794701, 0.0 ], [ -53.099760920530002, -22.69445494254154, 0.0 ], [ -53.099760385433399, -22.694456472288323, 0.0 ], [ -53.099759850336795, -22.694458002035105, 0.0 ], [ -53.099759314340815, -22.694459530882625, 0.0 ], [ -53.099758778344892, -22.694461060629408, 0.0 ], [ -53.099758242348969, -22.694462589476871, 0.0 ], [ -53.099757705453726, -22.694464118324333, 0.0 ], [ -53.099757168558426, -22.694465647171853, 0.0 ], [ -53.099756631663183, -22.694467176019316, 0.0 ], [ -53.099756093868621, -22.694468704866779, 0.0 ], [ -53.099755555174681, -22.694470233714242, 0.0 ], [ -53.099755016480799, -22.694471762561761, 0.0 ], [ -53.09975447778686, -22.694473290509904, 0.0 ], [ -53.099753939092977, -22.694474818458048, 0.0 ], [ -53.099753399499718, -22.69447634730551, 0.0 ], [ -53.099752859007197, -22.69447787525371, 0.0 ], [ -53.099752318514675, -22.694479403201854, 0.0 ], [ -53.099751777122776, -22.694480931149997, 0.0 ], [ -53.099751235730878, -22.69448245819882, 0.0 ], [ -53.099750694339036, -22.69448398614702, 0.0 ], [ -53.099750152047818, -22.694485513195843, 0.0 ], [ -53.099749608857337, -22.694487040244667, 0.0 ], [ -53.099749065666799, -22.69448856729349, 0.0 ], [ -53.099748521576942, -22.694490094342314, 0.0 ], [ -53.099747977487141, -22.694491621391194, 0.0 ], [ -53.099747432497963, -22.694493147540697, 0.0 ], [ -53.099746886609466, -22.694494674589521, 0.0 ], [ -53.099746340721026, -22.694496200739025, 0.0 ], [ -53.099745793933209, -22.694497726888528, 0.0 ], [ -53.099745247145393, -22.694499252138712, 0.0 ], [ -53.099744698558936, -22.694500778288216, 0.0 ], [ -53.09974414997248, -22.694502303538457, 0.0 ], [ -53.099743601386081, -22.69450382878864, 0.0 ], [ -53.099743051000985, -22.694505354038824, 0.0 ], [ -53.099742500615889, -22.694506878389689, 0.0 ], [ -53.099741949331474, -22.694508403639873, 0.0 ], [ -53.099741397147739, -22.694509927990737, 0.0 ], [ -53.099740844964003, -22.694511452341601, 0.0 ], [ -53.099740291880948, -22.694512975793145, 0.0 ], [ -53.099739736999197, -22.69451449924469, 0.0 ], [ -53.099739182117503, -22.694516022696234, 0.0 ], [ -53.099738627235809, -22.694517546147779, 0.0 ], [ -53.099738070555475, -22.694519069599323, 0.0 ], [ -53.099737512975821, -22.694520592151548, 0.0 ], [ -53.099736955396111, -22.694522114703773, 0.0 ], [ -53.099736396017818, -22.694523636356678, 0.0 ], [ -53.099735836639525, -22.694525158908903, 0.0 ], [ -53.099735276361855, -22.694526680561808, 0.0 ], [ -53.099734714285603, -22.694528201315393, 0.0 ], [ -53.099734152209294, -22.694529722968298, 0.0 ], [ -53.099733589233722, -22.694531243721883, 0.0 ], [ -53.099733025358773, -22.694532763576149, 0.0 ], [ -53.099732459685242, -22.694534284329734, 0.0 ], [ -53.099731894011654, -22.694535804183943, 0.0 ], [ -53.099731326539427, -22.694537323138888, 0.0 ], [ -53.099730759067256, -22.694538842993154, 0.0 ], [ -53.099730189796389, -22.6945403619481, 0.0 ], [ -53.099729620525522, -22.694541880003726, 0.0 ], [ -53.099729049456016, -22.694543398059352, 0.0 ], [ -53.09972847748719, -22.694544916114921, 0.0 ], [ -53.099727904619044, -22.694546434170547, 0.0 ], [ -53.099727330851579, -22.694547951326854, 0.0 ], [ -53.099726755285474, -22.69454946848316, 0.0 ], [ -53.099726179719369, -22.69455098474009, 0.0 ], [ -53.099725602354624, -22.694552500997077, 0.0 ], [ -53.09972502409056, -22.694554017254063, 0.0 ], [ -53.099724444927176, -22.694555532611673, 0.0 ], [ -53.099723864864416, -22.69455704796934, 0.0 ], [ -53.099723283902392, -22.694558562427687, 0.0 ], [ -53.099722702041049, -22.694560077785297, 0.0 ], [ -53.099722119280329, -22.694561591344325, 0.0 ], [ -53.099722037442007, -22.694561804483669, 0.0 ] ] } },
{ "type": "Feature", "properties": { "Id": 0 }, "geometry": { "type": "LineString", "coordinates": [ [ -53.099862333479848, -22.694082593536791, 0.0 ], [ -53.099861895510003, -22.69408412598159, 0.0 ], [ -53.099861392789023, -22.694085883256889, 0.0 ], [ -53.099860890967307, -22.694087639632812, 0.0 ], [ -53.09986038914559, -22.694089396908112, 0.0 ], [ -53.09985988822325, -22.694091154183354, 0.0 ], [ -53.099859386401533, -22.694092911458654, 0.0 ], [ -53.099858885479136, -22.694094668733953, 0.0 ], [ -53.09985838455674, -22.694096426009196, 0.0 ], [ -53.0998578836344, -22.694098183284495, 0.0 ], [ -53.099857383611322, -22.694099940559738, 0.0 ], [ -53.099856883588245, -22.694101697835038, 0.0 ], [ -53.099856383565225, -22.694103455110337, 0.0 ], [ -53.099855883542148, -22.69410521238558, 0.0 ], [ -53.09985538441839, -22.694106970560199, 0.0 ], [ -53.09985488529469, -22.694108727835498, 0.0 ], [ -53.099854386170932, -22.694110486010061, 0.0 ], [ -53.099853887946551, -22.69411224418468, 0.0 ], [ -53.099853389722114, -22.69411400145998, 0.0 ], [ -53.099852891497676, -22.694115759634542, 0.0 ], [ -53.099852394172615, -22.694117517809161, 0.0 ], [ -53.099851896847497, -22.69411927598378, 0.0 ], [ -53.099851399522436, -22.694121034158343, 0.0 ], [ -53.099850903096637, -22.694122792332962, 0.0 ], [ -53.099850406670896, -22.694124550507581, 0.0 ], [ -53.099849910245098, -22.694126309581463, 0.0 ], [ -53.099849414718676, -22.694128067756083, 0.0 ], [ -53.099848919192198, -22.694129826830022, 0.0 ], [ -53.099848424565096, -22.694131585004584, 0.0 ], [ -53.099847929038674, -22.694133344078523, 0.0 ], [ -53.099847434411515, -22.694135103152462, 0.0 ], [ -53.099846940683733, -22.694136862226344, 0.0 ], [ -53.099846446056574, -22.694138621300283, 0.0 ], [ -53.099845951429472, -22.694140380374222, 0.0 ], [ -53.09984545770169, -22.694142138548784, 0.0 ], [ -53.099844963074531, -22.694143897622723, 0.0 ], [ -53.099844469346749, -22.694145656696662, 0.0 ], [ -53.09984397471959, -22.694147415770601, 0.0 ], [ -53.099843480092488, -22.694149174844483, 0.0 ], [ -53.099842986364706, -22.694150933918422, 0.0 ], [ -53.099842491737547, -22.694152692992361, 0.0 ], [ -53.099841996211126, -22.694154451166924, 0.0 ], [ -53.099841501583967, -22.694156210240862, 0.0 ], [ -53.099841006057545, -22.694157969314801, 0.0 ], [ -53.099840510531067, -22.694159727489364, 0.0 ], [ -53.099840015004645, -22.694161486563303, 0.0 ], [ -53.099839518578904, -22.694163244737922, 0.0 ], [ -53.099839021253786, -22.694165002912484, 0.0 ], [ -53.099838524828044, -22.694166761087104, 0.0 ], [ -53.099838026603607, -22.694168519261723, 0.0 ], [ -53.099837528379169, -22.694170277436285, 0.0 ], [ -53.099837030154788, -22.694172034711585, 0.0 ], [ -53.099836531031031, -22.694173792886204, 0.0 ], [ -53.09983603100801, -22.694175550161447, 0.0 ], [ -53.099835530085613, -22.694177307436746, 0.0 ], [ -53.099835028263897, -22.694179064712046, 0.0 ], [ -53.09983452644218, -22.694180821987288, 0.0 ], [ -53.099834023721201, -22.694182578363268, 0.0 ], [ -53.099833520100844, -22.694184334739191, 0.0 ], [ -53.099833015581169, -22.694186091115171, 0.0 ], [ -53.099832510162173, -22.69418784749115, 0.0 ], [ -53.099832003843858, -22.694189603867073, 0.0 ], [ -53.099831496626223, -22.694191359343733, 0.0 ], [ -53.099830988509268, -22.694193114820337, 0.0 ], [ -53.099830479492994, -22.694194869397677, 0.0 ], [ -53.09982996867808, -22.69419662487428, 0.0 ], [ -53.099829457863166, -22.69419837945162, 0.0 ], [ -53.099828945249556, -22.694200133129584, 0.0 ], [ -53.099828430837363, -22.694201887706924, 0.0 ], [ -53.09982791642517, -22.694203641384888, 0.0 ], [ -53.099827400214281, -22.694205394163589, 0.0 ], [ -53.099826883104129, -22.694207147841553, 0.0 ], [ -53.099826364195337, -22.694208900620197, 0.0 ], [ -53.099825843487849, -22.694210652499578, 0.0 ], [ -53.099825321881042, -22.694212404378902, 0.0 ], [ -53.099824799374971, -22.694214156258283, 0.0 ], [ -53.099824275070205, -22.694215907238288, 0.0 ], [ -53.099823748966799, -22.694217658218292, 0.0 ], [ -53.099823221064753, -22.694219409198354, 0.0 ], [ -53.099822692263388, -22.694221159279039, 0.0 ], [ -53.099822161663383, -22.694222908460404, 0.0 ], [ -53.099821629264738, -22.694224657641769, 0.0 ], [ -53.099821095966774, -22.694226406823191, 0.0 ], [ -53.099820559970851, -22.694228155105236, 0.0 ], [ -53.099820023075551, -22.694229902487962, 0.0 ], [ -53.099819483482349, -22.694231649870687, 0.0 ], [ -53.099818942989771, -22.694233397253413, 0.0 ], [ -53.099818400698609, -22.694235143736876, 0.0 ], [ -53.099817856608752, -22.694236890220282, 0.0 ], [ -53.099817310720255, -22.694238635804368, 0.0 ], [ -53.099816763033118, -22.694240381388454, 0.0 ], [ -53.099816213547399, -22.69424212607322, 0.0 ], [ -53.099815663162303, -22.694243869858667, 0.0 ], [ -53.099815110079248, -22.694245614543433, 0.0 ], [ -53.099814556096817, -22.69424735742956, 0.0 ], [ -53.099814000315803, -22.694249100315687, 0.0 ], [ -53.099813442736149, -22.694250843201814, 0.0 ], [ -53.099812883357856, -22.694252585188622, 0.0 ], [ -53.099812322180867, -22.694254327175429, 0.0 ], [ -53.099811759205295, -22.694256068262916, 0.0 ], [ -53.099811195330346, -22.694257808451027, 0.0 ], [ -53.099810628757496, -22.694259549538515, 0.0 ], [ -53.099810061285268, -22.694261288827363, 0.0 ], [ -53.099809492014401, -22.694263028116211, 0.0 ], [ -53.099808920944895, -22.694264767405059, 0.0 ], [ -53.099808348076749, -22.694266505794587, 0.0 ], [ -53.099807773409964, -22.694268243284739, 0.0 ], [ -53.099807197843859, -22.694269980774948, 0.0 ], [ -53.099806619579795, -22.694271718265156, 0.0 ], [ -53.099806040416411, -22.694273454855988, 0.0 ], [ -53.099805459454331, -22.694275190547557, 0.0 ], [ -53.099804876693668, -22.694276926239127, 0.0 ], [ -53.099804292134309, -22.694278661031319, 0.0 ], [ -53.099803705776367, -22.694280395823569, 0.0 ], [ -53.099803118519048, -22.694282129716441, 0.0 ], [ -53.099802529463147, -22.694283863609371, 0.0 ], [ -53.099801937709231, -22.694285596602981, 0.0 ], [ -53.099801345055994, -22.694287329596534, 0.0 ], [ -53.099800750604118, -22.694289061690824, 0.0 ], [ -53.099800155252922, -22.694290793785058, 0.0 ], [ -53.099799557203767, -22.694292524979971, 0.0 ], [ -53.099798958255292, -22.694294255275622, 0.0 ], [ -53.099798356608801, -22.694295985571216, 0.0 ], [ -53.099797754063047, -22.694297715866867, 0.0 ], [ -53.099797149718654, -22.694299445263141, 0.0 ], [ -53.099796544474884, -22.694301173760095, 0.0 ], [ -53.099795936533212, -22.694302902257107, 0.0 ], [ -53.099795327692163, -22.694304629854742, 0.0 ], [ -53.099794717052532, -22.694306357452376, 0.0 ], [ -53.099794103714885, -22.694308084150691, 0.0 ], [ -53.099793490377238, -22.694309809949743, 0.0 ], [ -53.099792874341631, -22.694311535748739, 0.0 ], [ -53.099792256507385, -22.694313261547734, 0.0 ], [ -53.099791637773819, -22.694314986447409, 0.0 ], [ -53.099791017241614, -22.694316710447765, 0.0 ], [ -53.099790394910769, -22.694318434448121, 0.0 ], [ -53.099789770781229, -22.694320157549214, 0.0 ], [ -53.099789145752425, -22.69432188065025, 0.0 ], [ -53.099788518924981, -22.694323602851966, 0.0 ], [ -53.099787891198162, -22.694325325053683, 0.0 ], [ -53.099787262572079, -22.694327046356079, 0.0 ], [ -53.0997866321473, -22.694328767658476, 0.0 ], [ -53.099786000823258, -22.694330488960873, 0.0 ], [ -53.099785369499159, -22.694332210263269, 0.0 ], [ -53.099784736376421, -22.694333930666346, 0.0 ], [ -53.09978410235442, -22.694335651069423, 0.0 ], [ -53.099783468332362, -22.694337370573123, 0.0 ], [ -53.099782833410984, -22.6943390909762, 0.0 ], [ -53.099782198489606, -22.694340810479957, 0.0 ], [ -53.099781562668966, -22.694342529983714, 0.0 ], [ -53.099780926848268, -22.694344249487472, 0.0 ], [ -53.099780291027571, -22.694345968991229, 0.0 ], [ -53.099779654307554, -22.694347688494986, 0.0 ], [ -53.099779017587537, -22.694349407099423, 0.0 ], [ -53.099778381766839, -22.694351126603181, 0.0 ], [ -53.099777745946199, -22.694352846106938, 0.0 ], [ -53.099777110125501, -22.694354565610695, 0.0 ], [ -53.099776474304804, -22.694356285114395, 0.0 ], [ -53.099775839383426, -22.694358004618152, 0.0 ], [ -53.099775204462048, -22.694359725021229, 0.0 ], [ -53.099774570440047, -22.694361444524986, 0.0 ], [ -53.099773936417989, -22.694363164928063, 0.0 ], [ -53.099773304194571, -22.69436488533114, 0.0 ], [ -53.099772671971209, -22.694366605734217, 0.0 ], [ -53.09977204154643, -22.694368326137294, 0.0 ], [ -53.099771412021028, -22.694370047439691, 0.0 ], [ -53.099770782495568, -22.694371768742087, 0.0 ], [ -53.099770155668125, -22.694373490943804, 0.0 ], [ -53.099769528840625, -22.69437521314552, 0.0 ], [ -53.099768903811821, -22.694376935347236, 0.0 ], [ -53.099768280581657, -22.694378658448272, 0.0 ], [ -53.099767659150132, -22.694380382448628, 0.0 ], [ -53.09976703861787, -22.694382106448984, 0.0 ], [ -53.099766419884304, -22.694383830449397, 0.0 ], [ -53.099765802949378, -22.694385555349072, 0.0 ], [ -53.099765188712468, -22.694387281148067, 0.0 ], [ -53.09976457537482, -22.694389006947063, 0.0 ], [ -53.099763964735132, -22.694390733645378, 0.0 ], [ -53.09976335589414, -22.694392461243069, 0.0 ], [ -53.099762749751051, -22.694394189740024, 0.0 ], [ -53.099762145406658, -22.694395918236978, 0.0 ], [ -53.099761543760167, -22.694397647633309, 0.0 ], [ -53.099760944811692, -22.694399377928903, 0.0 ], [ -53.099760348561176, -22.694401109123817, 0.0 ], [ -53.09975975500862, -22.694402841218107, 0.0 ], [ -53.09975916325476, -22.69440457331234, 0.0 ], [ -53.099758575098122, -22.69440630720527, 0.0 ], [ -53.099757990538819, -22.6944080410982, 0.0 ], [ -53.0997574077781, -22.694409776789712, 0.0 ], [ -53.099756827715396, -22.694411512481281, 0.0 ], [ -53.099756251249971, -22.69441324907217, 0.0 ], [ -53.099755676583186, -22.694414986562322, 0.0 ], [ -53.09975510461436, -22.69441672495185, 0.0 ], [ -53.099754534444173, -22.694418464240698, 0.0 ], [ -53.099753966971946, -22.694420203529546, 0.0 ], [ -53.099753401298415, -22.694421943717657, 0.0 ], [ -53.099752837423466, -22.694423684805145, 0.0 ], [ -53.099752276246534, -22.694425425892632, 0.0 ], [ -53.099751715968864, -22.694427167879439, 0.0 ], [ -53.099751157489891, -22.694428910765566, 0.0 ], [ -53.099750600809557, -22.694430653651693, 0.0 ], [ -53.099750045028486, -22.69443239653782, 0.0 ], [ -53.099749491046111, -22.694434140323267, 0.0 ], [ -53.099748938862376, -22.694435884108714, 0.0 ], [ -53.099748386678641, -22.69443762879348, 0.0 ], [ -53.099747836293545, -22.694439373478247, 0.0 ], [ -53.099747286807826, -22.694441118163013, 0.0 ], [ -53.09974673732205, -22.694442863747099, 0.0 ], [ -53.099746189634914, -22.694444608431866, 0.0 ], [ -53.099745641947777, -22.694446354015952, 0.0 ], [ -53.099745094260641, -22.694448099600095, 0.0 ], [ -53.099744547472824, -22.694449846083501, 0.0 ], [ -53.099744000685064, -22.694451591667587, 0.0 ], [ -53.099743453897247, -22.694453337251673, 0.0 ], [ -53.09974290800875, -22.694455083735079, 0.0 ], [ -53.099742361220933, -22.694456829319165, 0.0 ], [ -53.099741814433173, -22.694458574903251, 0.0 ], [ -53.099741267645356, -22.694460320487337, 0.0 ], [ -53.09974071995822, -22.694462066071424, 0.0 ], [ -53.099740172271083, -22.694463811655567, 0.0 ], [ -53.099739623684627, -22.694465557239653, 0.0 ], [ -53.099739075098171, -22.694467301924419, 0.0 ], [ -53.099738524713132, -22.694469046609186, 0.0 ], [ -53.099737974328036, -22.694470791293952, 0.0 ], [ -53.099737422144301, -22.694472535978718, 0.0 ], [ -53.099736869061189, -22.694474279764165, 0.0 ], [ -53.099736314179495, -22.694476022650292, 0.0 ], [ -53.099735758398481, -22.694477766435739, 0.0 ], [ -53.099735201718147, -22.694479508422546, 0.0 ], [ -53.099734643239174, -22.694481251308673, 0.0 ], [ -53.099734082062184, -22.694482992396161, 0.0 ], [ -53.099733519985932, -22.694484733483591, 0.0 ], [ -53.099732956110984, -22.694486474571079, 0.0 ], [ -53.099732389538133, -22.694488213859927, 0.0 ], [ -53.099731822065905, -22.694489953148775, 0.0 ], [ -53.099731250996399, -22.694491692437623, 0.0 ], [ -53.099730678128253, -22.694493429927832, 0.0 ], [ -53.099730103461468, -22.694495167417983, 0.0 ], [ -53.099729525197404, -22.694496904008872, 0.0 ], [ -53.099728945134643, -22.694498638801122, 0.0 ], [ -53.099728361474661, -22.694500373593314, 0.0 ], [ -53.099727776015982, -22.694502108385564, 0.0 ], [ -53.099727186960081, -22.694503841379117, 0.0 ], [ -53.099726594306844, -22.694505573473407, 0.0 ], [ -53.099725999854968, -22.694507304668321, 0.0 ], [ -53.099725400906493, -22.694509034963971, 0.0 ], [ -53.099724799260059, -22.694510763460926, 0.0 ], [ -53.099724194915609, -22.69451249195788, 0.0 ], [ -53.099723587873257, -22.694514219555515, 0.0 ], [ -53.099722977233569, -22.694515946253887, 0.0 ], [ -53.099722363895921, -22.694517672052882, 0.0 ], [ -53.099721748759634, -22.694519396952558, 0.0 ], [ -53.099721130026069, -22.694521121852233, 0.0 ], [ -53.099720508594544, -22.694522844953269, 0.0 ], [ -53.099719885364379, -22.694524567154986, 0.0 ], [ -53.099719258536936, -22.694526289356702, 0.0 ], [ -53.099718629910797, -22.694528010659099, 0.0 ], [ -53.099717999486074, -22.694529731062175, 0.0 ], [ -53.099717365464016, -22.694531450565933, 0.0 ], [ -53.099716729643319, -22.69453317006969, 0.0 ], [ -53.099716092023982, -22.694534887774807, 0.0 ], [ -53.099715452606006, -22.694536605479925, 0.0 ], [ -53.09971481049007, -22.694538323185043, 0.0 ], [ -53.099714166575495, -22.694540039091464, 0.0 ], [ -53.099713519962961, -22.694541754997942, 0.0 ], [ -53.09971287245105, -22.694543470904421, 0.0 ], [ -53.099712223140557, -22.694545185911579, 0.0 ], [ -53.099711571132048, -22.694546900019361, 0.0 ], [ -53.099710918224275, -22.6945486141272, 0.0 ], [ -53.099710263517807, -22.694550327335719, 0.0 ], [ -53.099709607012699, -22.694552039644861, 0.0 ], [ -53.099708949608271, -22.694553751954061, 0.0 ], [ -53.09970829040526, -22.694555464263203, 0.0 ], [ -53.099707629403554, -22.694557175673083, 0.0 ], [ -53.099707258882859, -22.694558134350359, 0.0 ] ] } },
{ "type": "Feature", "properties": { "Id": 0 }, "geometry": { "type": "LineString", "coordinates": [ [ -53.099854501284142, -22.694080648303213, 0.0 ], [ -53.099854315124503, -22.694081334485929, 0.0 ], [ -53.099853832188558, -22.694083110647, 0.0 ], [ -53.099853348353292, -22.694084885908694, 0.0 ], [ -53.099852864518027, -22.694086661170445, 0.0 ], [ -53.099852378884123, -22.694088436432139, 0.0 ], [ -53.099851892350898, -22.69409021169389, 0.0 ], [ -53.099851405817674, -22.694091986955584, 0.0 ], [ -53.09985091748581, -22.694093761317959, 0.0 ], [ -53.099850428254626, -22.69409553568039, 0.0 ], [ -53.099849938124123, -22.694097310042764, 0.0 ], [ -53.099849447993563, -22.694099083505876, 0.0 ], [ -53.09984895606442, -22.69410085786825, 0.0 ], [ -53.099848463235958, -22.694102631331305, 0.0 ], [ -53.099847969508119, -22.694104403895096, 0.0 ], [ -53.099847473981697, -22.694106177358151, 0.0 ], [ -53.099846978455275, -22.694107949921886, 0.0 ], [ -53.099846481130157, -22.694109722485678, 0.0 ], [ -53.09984598290572, -22.694111494150093, 0.0 ], [ -53.099845483782019, -22.694113265814508, 0.0 ], [ -53.099844982859622, -22.694115037478923, 0.0 ], [ -53.099844481937225, -22.694116809143395, 0.0 ], [ -53.099843979216246, -22.694118579908491, 0.0 ], [ -53.09984347469657, -22.694120350673586, 0.0 ], [ -53.099842969277574, -22.694122120539362, 0.0 ], [ -53.099842462959259, -22.694123891304514, 0.0 ], [ -53.099841954842304, -22.69412566117029, 0.0 ], [ -53.09984144672535, -22.694127430136746, 0.0 ], [ -53.099840935910436, -22.694129199103202, 0.0 ], [ -53.099840425095522, -22.694130968069658, 0.0 ], [ -53.099839912481912, -22.694132737036114, 0.0 ], [ -53.099839398969038, -22.694134505103307, 0.0 ], [ -53.099838883657526, -22.694136273170443, 0.0 ], [ -53.099838368345956, -22.694138041237579, 0.0 ], [ -53.099837851235804, -22.694139808405396, 0.0 ], [ -53.099837333226333, -22.694141575573212, 0.0 ], [ -53.099836814317484, -22.694143342741029, 0.0 ], [ -53.099836293609997, -22.694145109009526, 0.0 ], [ -53.099835772902566, -22.694146876177342, 0.0 ], [ -53.099835250396438, -22.694148641546519, 0.0 ], [ -53.099834726990991, -22.694150407815016, 0.0 ], [ -53.099834202686282, -22.694152173184193, 0.0 ], [ -53.099833677482195, -22.69415393945269, 0.0 ], [ -53.099833151378789, -22.694155703922547, 0.0 ], [ -53.099832624376063, -22.694157469291724, 0.0 ], [ -53.099832096474017, -22.694159233761582, 0.0 ], [ -53.099831567672652, -22.694160998231439, 0.0 ], [ -53.099831037971967, -22.694162762701296, 0.0 ], [ -53.099830507371962, -22.694164527171154, 0.0 ], [ -53.099829975872638, -22.694166290741691, 0.0 ], [ -53.099829443473993, -22.694168054312229, 0.0 ], [ -53.099828910176029, -22.694169817882766, 0.0 ], [ -53.099828375978745, -22.694171581453304, 0.0 ], [ -53.099827840882085, -22.694173344124465, 0.0 ], [ -53.099827305785482, -22.694175107695003, 0.0 ], [ -53.099826768890239, -22.694176870366221, 0.0 ], [ -53.099826231994996, -22.694178632138119, 0.0 ], [ -53.099825694200376, -22.694180394809337, 0.0 ], [ -53.099825155506494, -22.694182157480554, 0.0 ], [ -53.099824616812555, -22.694183919252453, 0.0 ], [ -53.099824076320033, -22.694185681024294, 0.0 ], [ -53.099823535827454, -22.694187442796192, 0.0 ], [ -53.099822994435613, -22.69418920366877, 0.0 ], [ -53.099822453043714, -22.694190965440669, 0.0 ], [ -53.099821909853233, -22.694192726313247, 0.0 ], [ -53.099821366662695, -22.694194487185769, 0.0 ], [ -53.099820823472157, -22.694196248058347, 0.0 ], [ -53.099820279382357, -22.694198008930925, 0.0 ], [ -53.099819734393179, -22.694199769803504, 0.0 ], [ -53.099819188504682, -22.694201530676082, 0.0 ], [ -53.099818642616242, -22.694203290649284, 0.0 ], [ -53.099818096727745, -22.694205050622543, 0.0 ], [ -53.099817549939928, -22.694206810595801, 0.0 ], [ -53.099817002252792, -22.69420857146838, 0.0 ], [ -53.099816454565712, -22.694210330542262, 0.0 ], [ -53.099815905979256, -22.694212090515521, 0.0 ], [ -53.099815357392799, -22.694213850488779, 0.0 ], [ -53.099814807907023, -22.694215609562661, 0.0 ], [ -53.099814258421247, -22.69421736953592, 0.0 ], [ -53.099813708935471, -22.694219128609859, 0.0 ], [ -53.099813158550376, -22.694220887683798, 0.0 ], [ -53.09981260816528, -22.69422264675768, 0.0 ], [ -53.099812056880864, -22.694224406730939, 0.0 ], [ -53.099811505596449, -22.694226164905558, 0.0 ], [ -53.099810954312034, -22.69422792397944, 0.0 ], [ -53.099810402128298, -22.694229683053379, 0.0 ], [ -53.099809849944563, -22.694231442127318, 0.0 ], [ -53.099809296861508, -22.694233200301881, 0.0 ], [ -53.099808744677773, -22.694234959375819, 0.0 ], [ -53.099808190695398, -22.694236717550439, 0.0 ], [ -53.099807636713024, -22.694238476624378, 0.0 ], [ -53.099807082730649, -22.69424023479894, 0.0 ], [ -53.099806527848955, -22.694241992973559, 0.0 ], [ -53.09980597296726, -22.694243750248802, 0.0 ], [ -53.09980541718619, -22.694245508423421, 0.0 ], [ -53.099804860505856, -22.694247265698721, 0.0 ], [ -53.099804303825522, -22.694249023873283, 0.0 ], [ -53.099803746245868, -22.694250781148583, 0.0 ], [ -53.099803187766838, -22.694252538423882, 0.0 ], [ -53.099802628388545, -22.694254294799805, 0.0 ], [ -53.099802069010252, -22.694256052075104, 0.0 ], [ -53.099801508732583, -22.694257808451027, 0.0 ], [ -53.09980094755565, -22.694259564827007, 0.0 ], [ -53.099800385479341, -22.694261320303667, 0.0 ], [ -53.099799822503769, -22.69426307667959, 0.0 ], [ -53.099799258628821, -22.69426483215625, 0.0 ], [ -53.099798693854609, -22.694266587632853, 0.0 ], [ -53.099798128181021, -22.694268342210194, 0.0 ], [ -53.09979756250749, -22.694270096787477, 0.0 ], [ -53.099796995035263, -22.694271851364817, 0.0 ], [ -53.099796426663715, -22.694273605942101, 0.0 ], [ -53.099795857392849, -22.694275359620121, 0.0 ], [ -53.099795286323342, -22.694277113298085, 0.0 ], [ -53.099794715253893, -22.694278866976106, 0.0 ], [ -53.099794142385747, -22.69428061975475, 0.0 ], [ -53.099793568618281, -22.694282372533394, 0.0 ], [ -53.099792993951496, -22.694284124412775, 0.0 ], [ -53.099792417486015, -22.694285876292099, 0.0 ], [ -53.09979184012127, -22.69428762817148, 0.0 ], [ -53.099791261857206, -22.694289379151485, 0.0 ], [ -53.099790681794502, -22.694291130131489, 0.0 ], [ -53.099790100832422, -22.694292881111551, 0.0 ], [ -53.099789518971079, -22.694294631192236, 0.0 ], [ -53.099788935311096, -22.694296380373601, 0.0 ], [ -53.099788349852417, -22.694298129554966, 0.0 ], [ -53.099787763494476, -22.694299878736388, 0.0 ], [ -53.099787175337838, -22.694301627018433, 0.0 ], [ -53.09978658628188, -22.694303375300478, 0.0 ], [ -53.099785995427283, -22.694305122683204, 0.0 ], [ -53.099785402774103, -22.69430687006593, 0.0 ], [ -53.099784809221546, -22.694308616549392, 0.0 ], [ -53.099784212971031, -22.694310363032798, 0.0 ], [ -53.099783615821195, -22.694312108616884, 0.0 ], [ -53.099783017771983, -22.694313853301651, 0.0 ], [ -53.099782417024869, -22.694315597986417, 0.0 ], [ -53.099781815378435, -22.694317342671184, 0.0 ], [ -53.099781211034042, -22.69431908645663, 0.0 ], [ -53.099780605790272, -22.694320829342757, 0.0 ], [ -53.09977999874792, -22.694322572228884, 0.0 ], [ -53.099779389007551, -22.694324314215692, 0.0 ], [ -53.099778778367863, -22.694326055303179, 0.0 ], [ -53.099778165929592, -22.694327796390667, 0.0 ], [ -53.099777550793306, -22.694329536578778, 0.0 ], [ -53.099776934757699, -22.694331276766945, 0.0 ], [ -53.099776316024133, -22.694333016055793, 0.0 ], [ -53.099775695491928, -22.694334754445322, 0.0 ], [ -53.099775073161084, -22.69433649283485, 0.0 ], [ -53.099774449031543, -22.694338230325002, 0.0 ], [ -53.099773823103419, -22.694339966915891, 0.0 ], [ -53.09977319447728, -22.69434170350678, 0.0 ], [ -53.099772564052557, -22.694343439198292, 0.0 ], [ -53.099771931829139, -22.694345173990541, 0.0 ], [ -53.099771297807081, -22.694346908782791, 0.0 ], [ -53.09977066288576, -22.694348642675664, 0.0 ], [ -53.099770026165743, -22.694350376568593, 0.0 ], [ -53.099769388546406, -22.694352110461466, 0.0 ], [ -53.09976874912843, -22.694353843455076, 0.0 ], [ -53.099768108811134, -22.694355575549309, 0.0 ], [ -53.099767467594518, -22.694357308542919, 0.0 ], [ -53.099766825478582, -22.694359040637153, 0.0 ], [ -53.099766182463327, -22.694360771832123, 0.0 ], [ -53.099765538548752, -22.694362503926357, 0.0 ], [ -53.09976489463412, -22.694364235121327, 0.0 ], [ -53.099764249820225, -22.694365966316241, 0.0 ], [ -53.09976360590565, -22.694367697511211, 0.0 ], [ -53.099762961091756, -22.694369429605445, 0.0 ], [ -53.099762315378484, -22.694371160800358, 0.0 ], [ -53.09976167056459, -22.694372891995329, 0.0 ], [ -53.099761026650015, -22.694374623190242, 0.0 ], [ -53.09976038183612, -22.694376354385213, 0.0 ], [ -53.099759737921545, -22.694378085580126, 0.0 ], [ -53.09975909490629, -22.694379817674417, 0.0 ], [ -53.099758451890978, -22.69438154976865, 0.0 ], [ -53.099757809775042, -22.69438328186294, 0.0 ], [ -53.099757168558426, -22.694385013957174, 0.0 ], [ -53.09975652914045, -22.694386746950784, 0.0 ], [ -53.099755889722474, -22.694388479944337, 0.0 ], [ -53.099755252103137, -22.694390212937947, 0.0 ], [ -53.099754615383176, -22.69439194683082, 0.0 ], [ -53.099753980461799, -22.694393680723749, 0.0 ], [ -53.09975334733906, -22.694395415515942, 0.0 ], [ -53.099752715115642, -22.694397150308191, 0.0 ], [ -53.099752085590239, -22.69439888599976, 0.0 ], [ -53.099751457863476, -22.694400622590592, 0.0 ], [ -53.099750831935296, -22.694402359181481, 0.0 ], [ -53.099750207805812, -22.69440409757101, 0.0 ], [ -53.099749586374287, -22.694405835061218, 0.0 ], [ -53.099748967640721, -22.694407574350009, 0.0 ], [ -53.099748350705795, -22.694409313638857, 0.0 ], [ -53.099747736468828, -22.694411054726345, 0.0 ], [ -53.09974712492982, -22.694412795813832, 0.0 ], [ -53.099746516988148, -22.69441453780064, 0.0 ], [ -53.099745910845058, -22.694416280686767, 0.0 ], [ -53.099745308299305, -22.694418024472213, 0.0 ], [ -53.09974470755219, -22.69441976915698, 0.0 ], [ -53.099744109503035, -22.694421514741066, 0.0 ], [ -53.099743514151839, -22.694423260325152, 0.0 ], [ -53.099742921498603, -22.694425007707878, 0.0 ], [ -53.099742329744686, -22.694426755090603, 0.0 ], [ -53.099741740688728, -22.694428502473386, 0.0 ], [ -53.099741153431467, -22.694430250755431, 0.0 ], [ -53.099740568872107, -22.694431999936796, 0.0 ], [ -53.099739985212125, -22.694433750017481, 0.0 ], [ -53.099739403350725, -22.694435500098223, 0.0 ], [ -53.099738822388701, -22.694437250178908, 0.0 ], [ -53.099738243225318, -22.694439001158912, 0.0 ], [ -53.099737665860573, -22.694440753038293, 0.0 ], [ -53.099737089395092, -22.694442504917617, 0.0 ], [ -53.099736513828987, -22.694444256796942, 0.0 ], [ -53.099735939162201, -22.694446008676323, 0.0 ], [ -53.099735365394736, -22.694447761454967, 0.0 ], [ -53.09973479252659, -22.694449514233668, 0.0 ], [ -53.099734220557764, -22.694451267911631, 0.0 ], [ -53.099733648588995, -22.694453020690332, 0.0 ], [ -53.099733077519488, -22.694454774368296, 0.0 ], [ -53.099732507349302, -22.69445652804626, 0.0 ], [ -53.099731936279795, -22.69445828172428, 0.0 ], [ -53.099731366109609, -22.694460034502924, 0.0 ], [ -53.099730795040102, -22.694461788180945, 0.0 ], [ -53.099730224869916, -22.694463541858909, 0.0 ], [ -53.099729653800466, -22.694465295536929, 0.0 ], [ -53.09972908273096, -22.694467049214893, 0.0 ], [ -53.099728511661453, -22.694468801993594, 0.0 ], [ -53.099727939692627, -22.694470555671558, 0.0 ], [ -53.099727366824482, -22.694472308450202, 0.0 ], [ -53.099726793956336, -22.694474061228902, 0.0 ], [ -53.09972621928955, -22.694475814007546, 0.0 ], [ -53.099725644622765, -22.694477565886928, 0.0 ], [ -53.099725068157341, -22.694479317766252, 0.0 ], [ -53.099724490792596, -22.694481069645576, 0.0 ], [ -53.099723912528475, -22.694482820625637, 0.0 ], [ -53.099723332465771, -22.694484571605642, 0.0 ], [ -53.099722751503748, -22.694486321686327, 0.0 ], [ -53.099722168743028, -22.694488071767069, 0.0 ], [ -53.099721583284406, -22.694489821847753, 0.0 ], [ -53.099720996926408, -22.694491570129799, 0.0 ], [ -53.099720409669146, -22.694493318411844, 0.0 ], [ -53.099719819713869, -22.694495066693946, 0.0 ], [ -53.099719228859271, -22.694496814076672, 0.0 ], [ -53.099718636206035, -22.694498561459397, 0.0 ], [ -53.099718041754159, -22.694500307942803, 0.0 ], [ -53.099717446402963, -22.694502054426209, 0.0 ], [ -53.099716849253127, -22.694503800010295, 0.0 ], [ -53.099716250304652, -22.694505544695062, 0.0 ], [ -53.099715650456858, -22.694507290279205, 0.0 ], [ -53.099715048810424, -22.694509034064652, 0.0 ], [ -53.09971444626467, -22.694510778749418, 0.0 ], [ -53.09971384281954, -22.694512522534865, 0.0 ], [ -53.099713237575827, -22.694514265420992, 0.0 ], [ -53.099712631432737, -22.694516008307119, 0.0 ], [ -53.099712023491065, -22.694517751193246, 0.0 ], [ -53.099711414650017, -22.694519493179996, 0.0 ], [ -53.099710804909705, -22.694521235166803, 0.0 ], [ -53.099710194270017, -22.694522977153611, 0.0 ], [ -53.099709582731009, -22.694524718241098, 0.0 ], [ -53.099708969393362, -22.694526459328586, 0.0 ], [ -53.099708355156451, -22.694528200416073, 0.0 ], [ -53.099707740919484, -22.694529940604241, 0.0 ], [ -53.099707124883878, -22.694531680792409, 0.0 ], [ -53.099706507948952, -22.694533420980576, 0.0 ], [ -53.099705891014025, -22.694535160269368, 0.0 ], [ -53.09970527228046, -22.694536899558216, 0.0 ], [ -53.099704653546894, -22.694538638847064, 0.0 ], [ -53.099704033014689, -22.694540378135912, 0.0 ], [ -53.099703412482484, -22.69454211652544, 0.0 ], [ -53.099702791050902, -22.694543854914912, 0.0 ], [ -53.099702169619377, -22.69454559330444, 0.0 ], [ -53.099701546389213, -22.694547331693968, 0.0 ], [ -53.099700923159048, -22.694549070083497, 0.0 ], [ -53.099700299928884, -22.694550807573648, 0.0 ], [ -53.099699675799343, -22.694552545063857, 0.0 ], [ -53.099699050770539, -22.694554282554066, 0.0 ], [ -53.099698451822064, -22.694555947199149, 0.0 ] ] } },
{ "type": "Feature", "properties": { "Id": 0 }, "geometry": { "type": "LineString", "coordinates": [ [ -53.099840439484637, -22.694077157135041, 0.0 ], [ -53.099805664499797, -22.694198560215341, 0.0 ], [ -53.099769848099982, -22.69430945561686, 0.0 ], [ -53.099739558034116, -22.694403336744529, 0.0 ], [ -53.099700201902749, -22.694511620514845, 0.0 ], [ -53.099684425096086, -22.694552463225534, 0.0 ] ] } },
{ "type": "Feature", "properties": { "Id": 0 }, "geometry": { "type": "LineString", "coordinates": [ [ -53.099832097373337, -22.69407508509704, 0.0 ], [ -53.099804507072292, -22.694169933895296, 0.0 ], [ -53.099803796607887, -22.694172181301099, 0.0 ], [ -53.099803084344842, -22.694174428706901, 0.0 ], [ -53.09980237298106, -22.694176676112647, 0.0 ], [ -53.099801659818695, -22.69417892351845, 0.0 ], [ -53.099800945757011, -22.694181170924253, 0.0 ], [ -53.099800231695269, -22.694183417430736, 0.0 ], [ -53.099799517633585, -22.694185664836539, 0.0 ], [ -53.099798801773261, -22.694187911342965, 0.0 ], [ -53.0997980868122, -22.694190157849448, 0.0 ], [ -53.099797370951876, -22.694192404355931, 0.0 ], [ -53.099796654192176, -22.694194650862414, 0.0 ], [ -53.099795937432532, -22.694196897368897, 0.0 ], [ -53.099795220672831, -22.694199142976004, 0.0 ], [ -53.099794503913188, -22.694201389482487, 0.0 ], [ -53.099793787153487, -22.69420363598897, 0.0 ], [ -53.099793070393844, -22.694205882495453, 0.0 ], [ -53.099792353634143, -22.694208128102559, 0.0 ], [ -53.0997916368745, -22.694210374609042, 0.0 ], [ -53.099790920114856, -22.694212621115526, 0.0 ], [ -53.099790203355155, -22.694214867622009, 0.0 ], [ -53.099789487494832, -22.694217114128492, 0.0 ], [ -53.099788771634451, -22.694219360634918, 0.0 ], [ -53.099788055774127, -22.694221608040721, 0.0 ], [ -53.099787340813066, -22.694223854547204, 0.0 ], [ -53.099786626751381, -22.694226101053687, 0.0 ], [ -53.099785912689697, -22.69422834845949, 0.0 ], [ -53.099785199527275, -22.694230595865236, 0.0 ], [ -53.099784486364911, -22.694232843271038, 0.0 ], [ -53.099783775001185, -22.694235091576161, 0.0 ], [ -53.09978306363746, -22.694237338981964, 0.0 ], [ -53.099782353172998, -22.694239587287086, 0.0 ], [ -53.099781643607912, -22.694241835592209, 0.0 ], [ -53.099780934942146, -22.694244083897331, 0.0 ], [ -53.09978022627638, -22.694246333101773, 0.0 ], [ -53.099779518509933, -22.694248582306159, 0.0 ], [ -53.099778811642807, -22.694250830611281, 0.0 ], [ -53.099778105675, -22.694253079815724, 0.0 ], [ -53.099777398807873, -22.694255329020166, 0.0 ], [ -53.099776692840067, -22.694257578224608, 0.0 ], [ -53.099775987771579, -22.69425982832837, 0.0 ], [ -53.099775281803772, -22.694262077532812, 0.0 ], [ -53.099774576735285, -22.694264326737255, 0.0 ], [ -53.099773871666798, -22.694266576841017, 0.0 ], [ -53.099773166598311, -22.694268826045459, 0.0 ], [ -53.099772461529824, -22.694271075249901, 0.0 ], [ -53.099771755562017, -22.694273324454343, 0.0 ], [ -53.09977105049353, -22.694275573658729, 0.0 ], [ -53.099770344525723, -22.694277823762491, 0.0 ], [ -53.099769638557916, -22.694280072966933, 0.0 ], [ -53.099768931690789, -22.694282321272055, 0.0 ], [ -53.099768224823663, -22.694284570476498, 0.0 ], [ -53.099767517956536, -22.69428681878162, 0.0 ], [ -53.09976680929077, -22.694289067986062, 0.0 ], [ -53.099766100625004, -22.694291316291185, 0.0 ], [ -53.099765391959238, -22.694293564596308, 0.0 ], [ -53.099764681494833, -22.694295812002053, 0.0 ], [ -53.09976397103037, -22.694298060307176, 0.0 ], [ -53.099763258767325, -22.694300307712979, 0.0 ], [ -53.09976254650428, -22.694302554219462, 0.0 ], [ -53.099761832442596, -22.694304801625265, 0.0 ], [ -53.099761117481535, -22.694307048131748, 0.0 ], [ -53.099760401621211, -22.694309294638174, 0.0 ], [ -53.099759683962191, -22.694311540245337, 0.0 ], [ -53.099758966303227, -22.694313785852501, 0.0 ], [ -53.099758245946248, -22.694316030560344, 0.0 ], [ -53.099757524689949, -22.694318275268131, 0.0 ], [ -53.099756802534387, -22.694320519076655, 0.0 ], [ -53.099756077680809, -22.694322762885179, 0.0 ], [ -53.099755351927911, -22.694325006693646, 0.0 ], [ -53.099754624376374, -22.69432724960285, 0.0 ], [ -53.099753895925517, -22.694329491612677, 0.0 ], [ -53.0997531647767, -22.694331733622562, 0.0 ], [ -53.099752431829245, -22.694333974733127, 0.0 ], [ -53.099751697083093, -22.694336215843634, 0.0 ], [ -53.099750960538358, -22.694338456054879, 0.0 ], [ -53.099750221295608, -22.694340695366748, 0.0 ], [ -53.099749480254275, -22.694342934678673, 0.0 ], [ -53.099748737414245, -22.694345172191902, 0.0 ], [ -53.099747991876256, -22.69434741060445, 0.0 ], [ -53.099747244539685, -22.694349647218417, 0.0 ], [ -53.099746494505098, -22.694351883832326, 0.0 ], [ -53.099745742671871, -22.694354119546915, 0.0 ], [ -53.099744987241309, -22.694356354362242, 0.0 ], [ -53.099744230012163, -22.694358588278192, 0.0 ], [ -53.099743470984379, -22.694360822194142, 0.0 ], [ -53.099742709258578, -22.694363055210772, 0.0 ], [ -53.099741944834818, -22.694365287328083, 0.0 ], [ -53.099741178612476, -22.694367518546073, 0.0 ], [ -53.099740410591437, -22.694369749764121, 0.0 ], [ -53.099739639872439, -22.694371980082792, 0.0 ], [ -53.099738867354802, -22.694374209502143, 0.0 ], [ -53.099738093038525, -22.694376438921495, 0.0 ], [ -53.099737316024289, -22.694378667441526, 0.0 ], [ -53.099736538110676, -22.694380895961558, 0.0 ], [ -53.099735757499161, -22.69438312358227, 0.0 ], [ -53.099734975988326, -22.694385350303605, 0.0 ], [ -53.099734191779476, -22.694387577024997, 0.0 ], [ -53.099733405772042, -22.69438980284707, 0.0 ], [ -53.099732618865232, -22.694392028669142, 0.0 ], [ -53.099731830159783, -22.694394253591895, 0.0 ], [ -53.099731039655694, -22.694396478514648, 0.0 ], [ -53.099730247352966, -22.694398702538024, 0.0 ], [ -53.099729454150975, -22.694400925662137, 0.0 ], [ -53.09972865915023, -22.69440314968557, 0.0 ], [ -53.099727862350903, -22.694405371910364, 0.0 ], [ -53.099727064652257, -22.69440759503442, 0.0 ], [ -53.09972626605429, -22.694409816359894, 0.0 ], [ -53.099725465657684, -22.694412038584687, 0.0 ], [ -53.099724664361702, -22.694414259910104, 0.0 ], [ -53.099723861267137, -22.694416481235578, 0.0 ], [ -53.099723058172572, -22.694418701661732, 0.0 ], [ -53.09972225327931, -22.694420922087829, 0.0 ], [ -53.099721446587466, -22.694423141614664, 0.0 ], [ -53.099720639895565, -22.694425362040761, 0.0 ], [ -53.099719832304402, -22.694427581567595, 0.0 ], [ -53.099719023813861, -22.694429800195053, 0.0 ], [ -53.099718214424001, -22.694432019721887, 0.0 ], [ -53.099717404134879, -22.694434238349402, 0.0 ], [ -53.099716592946379, -22.69443645697686, 0.0 ], [ -53.09971578085856, -22.694438675604374, 0.0 ], [ -53.099714968770741, -22.694440893332512, 0.0 ], [ -53.099714155783602, -22.694443111060707, 0.0 ], [ -53.099713341897143, -22.694445328788845, 0.0 ], [ -53.099712528010741, -22.69444754651704, 0.0 ], [ -53.099711713224963, -22.694449764245178, 0.0 ], [ -53.099710898439184, -22.694451981973373, 0.0 ], [ -53.099710082754086, -22.694454198802191, 0.0 ], [ -53.099709267068988, -22.694456416530329, 0.0 ], [ -53.09970845138389, -22.694458633359204, 0.0 ], [ -53.099707634799472, -22.694460850188023, 0.0 ], [ -53.099706819114374, -22.694463067016898, 0.0 ], [ -53.099706002529956, -22.694465283845716, 0.0 ], [ -53.099705185945538, -22.694467500674591, 0.0 ], [ -53.099704368461801, -22.694469717503409, 0.0 ], [ -53.099703551877383, -22.694471934332284, 0.0 ], [ -53.099702735292965, -22.694474151161103, 0.0 ], [ -53.099701918708547, -22.694476367989921, 0.0 ], [ -53.099701102124129, -22.694478584818796, 0.0 ], [ -53.099700286439031, -22.694480801647614, 0.0 ], [ -53.099699470753933, -22.694483019375809, 0.0 ], [ -53.099698654169515, -22.694485236204628, 0.0 ], [ -53.099697838484417, -22.694487453033503, 0.0 ], [ -53.099697023698639, -22.694489669862321, 0.0 ], [ -53.09969620801354, -22.694491887590516, 0.0 ], [ -53.099695393227762, -22.694494104419334, 0.0 ], [ -53.099694578441984, -22.694496322147529, 0.0 ], [ -53.099693763656205, -22.694498538976347, 0.0 ], [ -53.099692948870427, -22.694500756704485, 0.0 ], [ -53.099692134984025, -22.694502973533361, 0.0 ], [ -53.099691321097566, -22.694505191261499, 0.0 ], [ -53.099690507211108, -22.694507408989693, 0.0 ], [ -53.099689693324649, -22.694509625818512, 0.0 ], [ -53.09968887943819, -22.694511843546707, 0.0 ], [ -53.099688065551732, -22.694514061274845, 0.0 ], [ -53.099687252564593, -22.694516279003039, 0.0 ], [ -53.099686439577511, -22.694518496731177, 0.0 ], [ -53.099685626590372, -22.694520714459372, 0.0 ], [ -53.099684813603233, -22.69452293218751, 0.0 ], [ -53.099684000616094, -22.694525149915705, 0.0 ], [ -53.099683188528275, -22.694527367643843, 0.0 ], [ -53.099682375541136, -22.694529585372038, 0.0 ], [ -53.099681563453373, -22.694531803100176, 0.0 ], [ -53.099680751365554, -22.694534021727691, 0.0 ], [ -53.099679939277735, -22.694536239455829, 0.0 ], [ -53.099679127189916, -22.694538457184024, 0.0 ], [ -53.099678315102096, -22.694540674912162, 0.0 ], [ -53.099677503913654, -22.694542893539676, 0.0 ], [ -53.099676691825834, -22.694545111267814, 0.0 ], [ -53.099675880637335, -22.694547328996009, 0.0 ], [ -53.099675069448836, -22.694549547623467, 0.0 ], [ -53.099674870698664, -22.694550090814005, 0.0 ] ] } },
{ "type": "Feature", "properties": { "Id": 0 }, "geometry": { "type": "LineString", "coordinates": [ [ -53.099817991507052, -22.694071582237711, 0.0 ], [ -53.09981740604843, -22.694073632691925, 0.0 ], [ -53.099816808898595, -22.694075720018418, 0.0 ], [ -53.099816210849383, -22.694077808244231, 0.0 ], [ -53.099815611001588, -22.694079895570667, 0.0 ], [ -53.099815010254474, -22.69408198199784, 0.0 ], [ -53.09981440860804, -22.694084069324276, 0.0 ], [ -53.09981380516291, -22.694086155751449, 0.0 ], [ -53.099813199919197, -22.694088241279246, 0.0 ], [ -53.099812593776164, -22.6940903268071, 0.0 ], [ -53.099811985834435, -22.694092412334896, 0.0 ], [ -53.099811376993387, -22.69409449696343, 0.0 ], [ -53.099810765454436, -22.694096581591907, 0.0 ], [ -53.099810153016108, -22.694098665321121, 0.0 ], [ -53.099809539678461, -22.694100749050278, 0.0 ], [ -53.099808923642854, -22.694102831880116, 0.0 ], [ -53.099808305808608, -22.69410491471001, 0.0 ], [ -53.099807687075042, -22.694106997539848, 0.0 ], [ -53.099807065643517, -22.694109078571103, 0.0 ], [ -53.099806443312673, -22.69411116050162, 0.0 ], [ -53.099805818283869, -22.694113240633499, 0.0 ], [ -53.099805192355689, -22.694115321664697, 0.0 ], [ -53.099804563729606, -22.694117400897312, 0.0 ], [ -53.099803933304827, -22.694119480129871, 0.0 ], [ -53.099803301081465, -22.694121559362429, 0.0 ], [ -53.099802666160087, -22.694123637695668, 0.0 ], [ -53.09980203033939, -22.694125715129587, 0.0 ], [ -53.099801390921414, -22.694127791664187, 0.0 ], [ -53.099800750604118, -22.694129869098163, 0.0 ], [ -53.099800107588862, -22.694131944733442, 0.0 ], [ -53.099799463674287, -22.694134020368722, 0.0 ], [ -53.099798817061696, -22.694136095104682, 0.0 ], [ -53.099798169549842, -22.694138169840642, 0.0 ], [ -53.099797519340029, -22.694140244576602, 0.0 ], [ -53.09979686823084, -22.694142318413242, 0.0 ], [ -53.099796215323011, -22.694144391350562, 0.0 ], [ -53.099795561515919, -22.694146464287826, 0.0 ], [ -53.09979490591013, -22.694148537225146, 0.0 ], [ -53.099794248505702, -22.694150609263147, 0.0 ], [ -53.099793590202012, -22.694152681301148, 0.0 ], [ -53.099792930998944, -22.694154753339149, 0.0 ], [ -53.099792270896558, -22.69415682447783, 0.0 ], [ -53.099791608995531, -22.694158895616511, 0.0 ], [ -53.099790947094505, -22.694160966755192, 0.0 ], [ -53.099790283394839, -22.694163037893816, 0.0 ], [ -53.099789619695173, -22.694165108133177, 0.0 ], [ -53.099788955096187, -22.694167178372538, 0.0 ], [ -53.099788289597825, -22.6941692486119, 0.0 ], [ -53.09978762409952, -22.694171318851261, 0.0 ], [ -53.099786957701895, -22.694173388191246, 0.0 ], [ -53.09978629040495, -22.694175458430607, 0.0 ], [ -53.099785623108005, -22.694177527770648, 0.0 ], [ -53.099784955811003, -22.69417959801001, 0.0 ], [ -53.099784287614739, -22.694181667350051, 0.0 ], [ -53.099783620317794, -22.694183736690036, 0.0 ], [ -53.099782952121529, -22.694185806030077, 0.0 ], [ -53.099782283925208, -22.694187876269439, 0.0 ], [ -53.099781615728944, -22.69418994560948, 0.0 ], [ -53.099780948431999, -22.694192014949465, 0.0 ], [ -53.099780281134997, -22.694194085188826, 0.0 ], [ -53.099779613838052, -22.694196154528868, 0.0 ], [ -53.099778946541107, -22.694198224768229, 0.0 ], [ -53.099778280143482, -22.69420029500759, 0.0 ], [ -53.099777613745857, -22.694202365246895, 0.0 ], [ -53.099776949146872, -22.694204435486256, 0.0 ], [ -53.099776283648509, -22.694206505725617, 0.0 ], [ -53.099775619948844, -22.694208576864298, 0.0 ], [ -53.099774957148497, -22.694210648002979, 0.0 ], [ -53.099774294348151, -22.694212719141603, 0.0 ], [ -53.099773633346445, -22.694214790280284, 0.0 ], [ -53.099772972344738, -22.694216862318285, 0.0 ], [ -53.099772313141671, -22.694218934356286, 0.0 ], [ -53.09977165483798, -22.694221006394287, 0.0 ], [ -53.099770998332872, -22.694223079331607, 0.0 ], [ -53.099770342727084, -22.694225152268928, 0.0 ], [ -53.099769688020672, -22.694227225206248, 0.0 ], [ -53.099769034213523, -22.694229299042888, 0.0 ], [ -53.099768381305694, -22.694231372879528, 0.0 ], [ -53.099767730196561, -22.694233447615488, 0.0 ], [ -53.099767079087371, -22.694235521452129, 0.0 ], [ -53.099766428877558, -22.694237596188088, 0.0 ], [ -53.099765779567008, -22.694239670924048, 0.0 ], [ -53.099765131155834, -22.694241745660008, 0.0 ], [ -53.09976448364398, -22.694243821295288, 0.0 ], [ -53.09976383613207, -22.694245896930568, 0.0 ], [ -53.099763189519535, -22.694247972565847, 0.0 ], [ -53.099762543806321, -22.694250048201127, 0.0 ], [ -53.099761898093107, -22.694252123836407, 0.0 ], [ -53.099761252379835, -22.694254199471686, 0.0 ], [ -53.099760607565941, -22.694256276006286, 0.0 ], [ -53.099759962752046, -22.694258351641565, 0.0 ], [ -53.099759318837471, -22.694260428176165, 0.0 ], [ -53.099758674922896, -22.694262503811444, 0.0 ], [ -53.099758030108944, -22.694264580346044, 0.0 ], [ -53.099757386194369, -22.694266655981323, 0.0 ], [ -53.099756742279794, -22.694268732515923, 0.0 ], [ -53.099756098365219, -22.694270809050579, 0.0 ], [ -53.099755454450644, -22.694272884685859, 0.0 ], [ -53.099754810536012, -22.694274961220458, 0.0 ], [ -53.099754165722118, -22.694277036855738, 0.0 ], [ -53.099753521807543, -22.694279113390337, 0.0 ], [ -53.099752876993648, -22.694281189025617, 0.0 ], [ -53.099752231280434, -22.694283264660896, 0.0 ], [ -53.099751585567162, -22.694285340296176, 0.0 ], [ -53.099750939853948, -22.694287415931456, 0.0 ], [ -53.099750293241414, -22.694289491566735, 0.0 ], [ -53.099749645729503, -22.694291566302695, 0.0 ], [ -53.099748998217649, -22.694293641937975, 0.0 ], [ -53.099748349806475, -22.694295716673935, 0.0 ], [ -53.099747700495925, -22.694297791409895, 0.0 ], [ -53.099747050286112, -22.694299865246535, 0.0 ], [ -53.099746400076242, -22.694301939982495, 0.0 ], [ -53.099745748067789, -22.694304013819135, 0.0 ], [ -53.09974509605928, -22.694306086756455, 0.0 ], [ -53.099744442252188, -22.694308160593096, 0.0 ], [ -53.099743787545719, -22.694310233530416, 0.0 ], [ -53.099743131939931, -22.694312306467737, 0.0 ], [ -53.099742474535503, -22.694314378505737, 0.0 ], [ -53.099741817131132, -22.694316450543738, 0.0 ], [ -53.099741157028745, -22.694318522581682, 0.0 ], [ -53.099740496926358, -22.694320593720363, 0.0 ], [ -53.099739835025332, -22.694322663959724, 0.0 ], [ -53.099739171325666, -22.694324735098405, 0.0 ], [ -53.09973850672668, -22.694326804438447, 0.0 ], [ -53.099737839429679, -22.694328874677751, 0.0 ], [ -53.099737172132734, -22.694330943118473, 0.0 ], [ -53.09973650213783, -22.694333012458515, 0.0 ], [ -53.09973583034423, -22.694335079999917, 0.0 ], [ -53.099735157651367, -22.694337148440582, 0.0 ], [ -53.099734483159807, -22.694339215082664, 0.0 ], [ -53.099733805970345, -22.694341281724746, 0.0 ], [ -53.099733126982187, -22.694343347467452, 0.0 ], [ -53.099732447094709, -22.694345413210215, 0.0 ], [ -53.099731764509272, -22.694347478053601, 0.0 ], [ -53.099731079225876, -22.694349542897044, 0.0 ], [ -53.09973039304316, -22.69435160594179, 0.0 ], [ -53.099729703263165, -22.694353669885913, 0.0 ], [ -53.09972901258385, -22.69435573203134, 0.0 ], [ -53.09972831920652, -22.694357794176824, 0.0 ], [ -53.099727624030606, -22.694359855422931, 0.0 ], [ -53.099726927055997, -22.694361915769775, 0.0 ], [ -53.099726227383428, -22.694363976116563, 0.0 ], [ -53.099725526811596, -22.69436603556403, 0.0 ], [ -53.099724823541749, -22.694368095011555, 0.0 ], [ -53.099724118473262, -22.694370153559703, 0.0 ], [ -53.099723411606135, -22.694372211208531, 0.0 ], [ -53.099722703839689, -22.694374268857359, 0.0 ], [ -53.099721993375226, -22.694376325606925, 0.0 ], [ -53.099721282011501, -22.694378382356433, 0.0 ], [ -53.099720568849136, -22.694380438206622, 0.0 ], [ -53.099719853888132, -22.694382494056811, 0.0 ], [ -53.099719137128432, -22.69438454900768, 0.0 ], [ -53.099718419469468, -22.694386603958549, 0.0 ], [ -53.099717700011809, -22.694388658909418, 0.0 ], [ -53.099716978755509, -22.694390712960967, 0.0 ], [ -53.099716257499267, -22.694392766113197, 0.0 ], [ -53.099715533545009, -22.694394819265426, 0.0 ], [ -53.099714808691431, -22.694396872417656, 0.0 ], [ -53.099714082938533, -22.694398924670566, 0.0 ], [ -53.099713356286316, -22.694400976923475, 0.0 ], [ -53.099712627835459, -22.694403029176385, 0.0 ], [ -53.099711898485282, -22.694405080529975, 0.0 ], [ -53.099711168235785, -22.694407131883565, 0.0 ], [ -53.099710437086969, -22.694409182337836, 0.0 ], [ -53.099709705038833, -22.694411233691426, 0.0 ], [ -53.099708972091321, -22.694413284145696, 0.0 ], [ -53.099708238244546, -22.694415333700647, 0.0 ], [ -53.09970750349845, -22.694417384154917, 0.0 ], [ -53.099706767853036, -22.694419433709868, 0.0 ], [ -53.099706031308244, -22.694421483264819, 0.0 ], [ -53.09970529476351, -22.694423532819712, 0.0 ], [ -53.099704557319399, -22.694425581475343, 0.0 ], [ -53.099703818976025, -22.694427631030294, 0.0 ], [ -53.099703080632651, -22.694429679685925, 0.0 ], [ -53.0997023413899, -22.694431728341556, 0.0 ], [ -53.09970160124783, -22.694433776997187, 0.0 ], [ -53.099700861105816, -22.694435825652761, 0.0 ], [ -53.099700120963746, -22.694437873409072, 0.0 ], [ -53.099699379922413, -22.694439922064703, 0.0 ], [ -53.099698638881023, -22.694441969821014, 0.0 ], [ -53.09969789694037, -22.694444018476645, 0.0 ], [ -53.09969715589898, -22.694446066232899, 0.0 ], [ -53.09969641395827, -22.69444811398921, 0.0 ], [ -53.099695672017617, -22.694450162644841, 0.0 ], [ -53.099694930076907, -22.694452210401153, 0.0 ], [ -53.099694188136255, -22.694454258157464, 0.0 ], [ -53.099693446195545, -22.694456305913718, 0.0 ], [ -53.099692705154155, -22.694458353670029, 0.0 ], [ -53.099691963213502, -22.69446040232566, 0.0 ], [ -53.099691221272792, -22.694462450081971, 0.0 ], [ -53.099690480231459, -22.694464498737602, 0.0 ], [ -53.099689739190069, -22.694466546493857, 0.0 ], [ -53.099688998148679, -22.694468595149488, 0.0 ], [ -53.099688258006665, -22.694470642905799, 0.0 ], [ -53.099687517864595, -22.69447269156143, 0.0 ], [ -53.099686777722582, -22.694474740217061, 0.0 ], [ -53.099686038479831, -22.694476788872691, 0.0 ], [ -53.099685300136457, -22.694478837528266, 0.0 ], [ -53.099684561793026, -22.694480887083216, 0.0 ], [ -53.099683824348972, -22.694482935738847, 0.0 ], [ -53.099683086904918, -22.694484985293798, 0.0 ], [ -53.099682351259446, -22.694487034848748, 0.0 ], [ -53.099681615614031, -22.694489085303019, 0.0 ], [ -53.099680880867936, -22.694491134857969, 0.0 ], [ -53.099680147021104, -22.694493185312183, 0.0 ], [ -53.099679414073648, -22.694495235766453, 0.0 ], [ -53.099678681126193, -22.694497287120043, 0.0 ], [ -53.099677949977377, -22.694499337574314, 0.0 ], [ -53.09967721972788, -22.694501388927904, 0.0 ], [ -53.099676489478384, -22.694503440281494, 0.0 ], [ -53.099675761027527, -22.694505492534404, 0.0 ], [ -53.09967503257667, -22.694507543887994, 0.0 ], [ -53.099674305025133, -22.694509596140904, 0.0 ], [ -53.099673577473595, -22.694511648393814, 0.0 ], [ -53.099672851720698, -22.694513701546043, 0.0 ], [ -53.0996721259678, -22.694515753798953, 0.0 ], [ -53.099671401114222, -22.694517806951183, 0.0 ], [ -53.099670677159963, -22.694519860103412, 0.0 ], [ -53.099669953205762, -22.694521913255642, 0.0 ], [ -53.099669230150823, -22.694523966407871, 0.0 ], [ -53.099668507995204, -22.694526020459421, 0.0 ], [ -53.099667785839586, -22.69452807451097, 0.0 ], [ -53.099667064583343, -22.694530127663199, 0.0 ], [ -53.099666343327044, -22.694532181714749, 0.0 ], [ -53.099665622970065, -22.694534236665618, 0.0 ], [ -53.099664903512462, -22.694536290717224, 0.0 ], [ -53.099664183155483, -22.694538344768773, 0.0 ], [ -53.099663464597199, -22.694540399719642, 0.0 ], [ -53.099662746038859, -22.694542454670511, 0.0 ], [ -53.09966202748052, -22.69454450962138, 0.0 ], [ -53.099661308922236, -22.694546564572249, 0.0 ], [ -53.099661257660898, -22.694546710262443, 0.0 ] ] } },
{ "type": "Feature", "properties": { "Id": 0 }, "geometry": { "type": "LineString", "coordinates": [ [ -53.099807997341145, -22.694069100108834, 0.0 ], [ -53.099807734739102, -22.694070028209183, 0.0 ], [ -53.099807105213699, -22.694072246836697, 0.0 ], [ -53.09980647658756, -22.694074465464155, 0.0 ], [ -53.099805847062157, -22.69407668319235, 0.0 ], [ -53.099805218436018, -22.694078901819807, 0.0 ], [ -53.099804588910615, -22.694081119548002, 0.0 ], [ -53.099803959385156, -22.69408333817546, 0.0 ], [ -53.099803329859753, -22.694085556802975, 0.0 ], [ -53.099802700334294, -22.694087774531113, 0.0 ], [ -53.099802070808892, -22.694089993158627, 0.0 ], [ -53.099801441283432, -22.694092210886765, 0.0 ], [ -53.09980081175803, -22.69409442951428, 0.0 ], [ -53.09980018223257, -22.694096647242418, 0.0 ], [ -53.099799552707168, -22.694098865869933, 0.0 ], [ -53.099798922282389, -22.694101083598071, 0.0 ], [ -53.099798292756986, -22.694103302225585, 0.0 ], [ -53.099797662332207, -22.694105519953723, 0.0 ], [ -53.099797031907428, -22.694107738581238, 0.0 ], [ -53.099796402382026, -22.694109956309376, 0.0 ], [ -53.099795771957247, -22.69411217493689, 0.0 ], [ -53.099795141532525, -22.694114392665028, 0.0 ], [ -53.099794511107746, -22.694116610393223, 0.0 ], [ -53.099793880683023, -22.694118829020681, 0.0 ], [ -53.099793250258244, -22.694121046748876, 0.0 ], [ -53.099792618934202, -22.694123264477014, 0.0 ], [ -53.099791988509423, -22.694125483104528, 0.0 ], [ -53.099791357185325, -22.694127700832667, 0.0 ], [ -53.099790726760602, -22.694129918560861, 0.0 ], [ -53.099790095436504, -22.694132136288999, 0.0 ], [ -53.099789463213142, -22.694134354916514, 0.0 ], [ -53.099788831889043, -22.694136572644652, 0.0 ], [ -53.099788199665625, -22.694138790372847, 0.0 ], [ -53.099787567442263, -22.694141007201665, 0.0 ], [ -53.099786934319525, -22.69414322492986, 0.0 ], [ -53.099786301196787, -22.694145442657998, 0.0 ], [ -53.099785667174785, -22.694147659486873, 0.0 ], [ -53.099785033152727, -22.694149877215011, 0.0 ], [ -53.09978439823135, -22.694152094043886, 0.0 ], [ -53.099783762410652, -22.694154310872705, 0.0 ], [ -53.099783126589955, -22.694156527701523, 0.0 ], [ -53.099782489869995, -22.694158743631078, 0.0 ], [ -53.099781852250658, -22.694160960459897, 0.0 ], [ -53.099781213732001, -22.694163176389452, 0.0 ], [ -53.099780574314025, -22.694165392318951, 0.0 ], [ -53.099779934896048, -22.694167608248449, 0.0 ], [ -53.099779293679433, -22.694169823278685, 0.0 ], [ -53.099778652462817, -22.694172039208183, 0.0 ], [ -53.099778009447562, -22.694174254238419, 0.0 ], [ -53.099777366432249, -22.694176468369278, 0.0 ], [ -53.099776721618355, -22.694178683399457, 0.0 ], [ -53.09977607590514, -22.694180897530373, 0.0 ], [ -53.099775429292606, -22.694183111661232, 0.0 ], [ -53.099774780881376, -22.694185324892771, 0.0 ], [ -53.099774131570882, -22.694187538124368, 0.0 ], [ -53.099773481361012, -22.694189751355907, 0.0 ], [ -53.09977282935256, -22.694191963688127, 0.0 ], [ -53.099772176444731, -22.694194176020346, 0.0 ], [ -53.099771522637639, -22.694196388352623, 0.0 ], [ -53.09977086703185, -22.694198599785523, 0.0 ], [ -53.099770209627422, -22.694200811218423, 0.0 ], [ -53.099769551323675, -22.694203022651322, 0.0 ], [ -53.099768891221288, -22.694205233184903, 0.0 ], [ -53.099768229320262, -22.694207442819163, 0.0 ], [ -53.099767566519915, -22.69420965245348, 0.0 ], [ -53.09976690102161, -22.694211862087741, 0.0 ], [ -53.099766234623985, -22.694214070822682, 0.0 ], [ -53.09976556642772, -22.694216279557622, 0.0 ], [ -53.09976489643276, -22.694218487393243, 0.0 ], [ -53.099764224639216, -22.694220694329545, 0.0 ], [ -53.099763551046976, -22.694222901265846, 0.0 ], [ -53.099762876555474, -22.694225108202147, 0.0 ], [ -53.099762199365955, -22.694227314239129, 0.0 ], [ -53.099761520377797, -22.69422952027611, 0.0 ], [ -53.099760840490376, -22.694231725413772, 0.0 ], [ -53.099760158804258, -22.694233930551434, 0.0 ], [ -53.099759475319502, -22.694236134789719, 0.0 ], [ -53.099758790036105, -22.694238338128741, 0.0 ], [ -53.09975810295407, -22.694240542367083, 0.0 ], [ -53.099757414972657, -22.694242744806786, 0.0 ], [ -53.099756724293343, -22.694244948145808, 0.0 ], [ -53.099756033614028, -22.694247150585511, 0.0 ], [ -53.099755340236698, -22.694249352125837, 0.0 ], [ -53.099754645960104, -22.69425155366622, 0.0 ], [ -53.099753949884814, -22.694253754307283, 0.0 ], [ -53.099753252010942, -22.694255955847666, 0.0 ], [ -53.099752553237693, -22.694258155589353, 0.0 ], [ -53.099751853565124, -22.694260356230416, 0.0 ], [ -53.099751152093972, -22.694262555072839, 0.0 ], [ -53.099750448824125, -22.694264754814526, 0.0 ], [ -53.099749744654957, -22.69426695365695, 0.0 ], [ -53.09974903868715, -22.694269151599997, 0.0 ], [ -53.099748331820024, -22.69427135044242, 0.0 ], [ -53.099747623154258, -22.694273547486205, 0.0 ], [ -53.099746913589172, -22.694275745429252, 0.0 ], [ -53.09974620312471, -22.694277942473036, 0.0 ], [ -53.099745490861665, -22.694280139516763, 0.0 ], [ -53.0997447776993, -22.694282335661228, 0.0 ], [ -53.099744062738239, -22.694284531805636, 0.0 ], [ -53.099743347777235, -22.69428672705078, 0.0 ], [ -53.099742631017591, -22.694288923195188, 0.0 ], [ -53.099741912459251, -22.694291117541013, 0.0 ], [ -53.099741193900911, -22.694293312786101, 0.0 ], [ -53.099740473543989, -22.694295507131926, 0.0 ], [ -53.099739752287689, -22.694297701477694, 0.0 ], [ -53.099739030132071, -22.694299895823463, 0.0 ], [ -53.099738307077189, -22.694302089269968, 0.0 ], [ -53.099737582223611, -22.694304282716416, 0.0 ], [ -53.099736857370033, -22.694306475263602, 0.0 ], [ -53.099736130717815, -22.694308667810731, 0.0 ], [ -53.099735404065598, -22.694310860357859, 0.0 ], [ -53.099734675614741, -22.694313052905045, 0.0 ], [ -53.099733946264564, -22.694315244552854, 0.0 ], [ -53.099733216015068, -22.694317436200663, 0.0 ], [ -53.099732485765571, -22.694319627848529, 0.0 ], [ -53.099731753717435, -22.694321818597018, 0.0 ], [ -53.099731021669299, -22.694324010244827, 0.0 ], [ -53.099730287822467, -22.694326200993316, 0.0 ], [ -53.099729553975692, -22.694328390842543, 0.0 ], [ -53.099728819229597, -22.694330581591032, 0.0 ], [ -53.099728083584125, -22.694332771440202, 0.0 ], [ -53.099727347039391, -22.694334961289371, 0.0 ], [ -53.099726609595336, -22.694337150239221, 0.0 ], [ -53.099725872151225, -22.694339340088447, 0.0 ], [ -53.099725133807851, -22.694341529038297, 0.0 ], [ -53.099724394565101, -22.694343717988147, 0.0 ], [ -53.099723654423087, -22.694345906937997, 0.0 ], [ -53.099722914281017, -22.694348094988527, 0.0 ], [ -53.099722173239684, -22.694350283039114, 0.0 ], [ -53.099721431298974, -22.694352471988964, 0.0 ], [ -53.099720689358264, -22.694354660039494, 0.0 ], [ -53.099719946518292, -22.694356847190704, 0.0 ], [ -53.099719203678262, -22.694359035241234, 0.0 ], [ -53.099718459938913, -22.694361222392445, 0.0 ], [ -53.099717715300301, -22.694363410442975, 0.0 ], [ -53.099716970661632, -22.694365597594185, 0.0 ], [ -53.099716225123643, -22.694367784745452, 0.0 ], [ -53.099715479585655, -22.694369970997343, 0.0 ], [ -53.099714733148403, -22.694372158148553, 0.0 ], [ -53.099713986711095, -22.694374345299764, 0.0 ], [ -53.099713240273786, -22.694376531551654, 0.0 ], [ -53.099712492937158, -22.694378717803545, 0.0 ], [ -53.09971174470121, -22.694380904055436, 0.0 ], [ -53.099710997364582, -22.694383091206646, 0.0 ], [ -53.099710249128634, -22.694385276559217, 0.0 ], [ -53.099709499993367, -22.694387462811108, 0.0 ], [ -53.099708751757419, -22.694389649062998, 0.0 ], [ -53.099708002622208, -22.694391835314889, 0.0 ], [ -53.09970725348694, -22.69439402066746, 0.0 ], [ -53.099706503452353, -22.69439620691935, 0.0 ], [ -53.099705753417766, -22.694398392271921, 0.0 ], [ -53.099705003383178, -22.694400578523812, 0.0 ], [ -53.099704253348591, -22.694402763876383, 0.0 ], [ -53.099703503314004, -22.694404950128273, 0.0 ], [ -53.099702753279416, -22.694407135480901, 0.0 ], [ -53.099702002345509, -22.694409320833472, 0.0 ], [ -53.099701251411602, -22.694411506186043, 0.0 ], [ -53.099700501377015, -22.694413692437934, 0.0 ], [ -53.099699750443108, -22.694415877790505, 0.0 ], [ -53.099698999509201, -22.694418063143075, 0.0 ], [ -53.099698248575294, -22.694420248495646, 0.0 ], [ -53.099697497641387, -22.694422433848217, 0.0 ], [ -53.099696747606799, -22.694424620100108, 0.0 ], [ -53.099695996672892, -22.694426805452679, 0.0 ], [ -53.099695245738985, -22.69442899080525, 0.0 ], [ -53.099694494805078, -22.694431176157821, 0.0 ], [ -53.099693744770491, -22.694433362409711, 0.0 ], [ -53.099692993836527, -22.694435547762282, 0.0 ], [ -53.099692243801996, -22.694437733114853, 0.0 ], [ -53.099691493767409, -22.694439919366744, 0.0 ], [ -53.099690743732822, -22.694442104719315, 0.0 ], [ -53.099689993698235, -22.694444290971205, 0.0 ], [ -53.099689244562967, -22.694446477223096, 0.0 ], [ -53.09968849452838, -22.694448662575667, 0.0 ], [ -53.099687745393112, -22.694450848827557, 0.0 ], [ -53.099686996257844, -22.694453035079448, 0.0 ], [ -53.099686246223257, -22.694455221331339, 0.0 ], [ -53.099685497087989, -22.69445740668391, 0.0 ], [ -53.099684747053402, -22.6944595929358, 0.0 ], [ -53.099683997018815, -22.694461779187691, 0.0 ], [ -53.099683246984227, -22.694463964540262, 0.0 ], [ -53.09968249694964, -22.694466150792152, 0.0 ], [ -53.099681746015733, -22.69446833614478, 0.0 ], [ -53.099680995081826, -22.694470521497351, 0.0 ], [ -53.099680243248599, -22.694472706849922, 0.0 ], [ -53.099679491415372, -22.694474892202493, 0.0 ], [ -53.099678738682826, -22.694477077555064, 0.0 ], [ -53.099677985050903, -22.694479262008315, 0.0 ], [ -53.099677230519717, -22.694481446461566, 0.0 ], [ -53.099676475988531, -22.694483630914817, 0.0 ], [ -53.099675720558025, -22.694485815368012, 0.0 ], [ -53.09967496332888, -22.694487998921943, 0.0 ], [ -53.099674206099678, -22.694490182475874, 0.0 ], [ -53.099673447971213, -22.694492366029806, 0.0 ], [ -53.099672688044052, -22.694494548684418, 0.0 ], [ -53.099671928116948, -22.694496731339029, 0.0 ], [ -53.099671166391147, -22.694498913993641, 0.0 ], [ -53.099670402866764, -22.694501095748933, 0.0 ], [ -53.099669639342324, -22.694503276604905, 0.0 ], [ -53.099668873119981, -22.694505458360197, 0.0 ], [ -53.099668106897582, -22.694507638316793, 0.0 ], [ -53.099667337977223, -22.694509819172765, 0.0 ], [ -53.099666568157545, -22.694511998230098, 0.0 ], [ -53.099665797438547, -22.694514177287431, 0.0 ], [ -53.09966502402159, -22.694516356344707, 0.0 ], [ -53.099664249705313, -22.69451853450272, 0.0 ], [ -53.099663473590397, -22.694520711761413, 0.0 ], [ -53.099662695676841, -22.69452288902005, 0.0 ], [ -53.099661915964589, -22.694525065379423, 0.0 ], [ -53.099661134453754, -22.694527241738797, 0.0 ], [ -53.099660350244903, -22.694529417198794, 0.0 ], [ -53.09965956513679, -22.694531591759528, 0.0 ], [ -53.09965877822998, -22.694533765420886, 0.0 ], [ -53.099657988625211, -22.6945359390823, 0.0 ], [ -53.099657198121179, -22.694538112743658, 0.0 ], [ -53.09965640581845, -22.694540284606433, 0.0 ], [ -53.099655611717083, -22.69454245736847, 0.0 ], [ -53.099654815817075, -22.694544628331869, 0.0 ], [ -53.099654653939069, -22.694545069898993, 0.0 ] ] } },
{ "type": "Feature", "properties": { "Id": 0 }, "geometry": { "type": "LineString", "coordinates": [ [ -53.099796577749828, -22.69406626364713, 0.0 ], [ -53.099746046642679, -22.69423626788938, 0.0 ], [ -53.099745379345734, -22.694238433456917, 0.0 ], [ -53.099744713847429, -22.694240599923717, 0.0 ], [ -53.099744048349123, -22.694242766390516, 0.0 ], [ -53.099743383750138, -22.694244932857316, 0.0 ], [ -53.099742720050472, -22.694247099324116, 0.0 ], [ -53.099742056350806, -22.694249265790916, 0.0 ], [ -53.099741392651083, -22.694251432257772, 0.0 ], [ -53.099740728951417, -22.694253599623892, 0.0 ], [ -53.099740064352432, -22.694255766090691, 0.0 ], [ -53.099739400652766, -22.694257932557491, 0.0 ], [ -53.09973873605378, -22.694260099024291, 0.0 ], [ -53.099738070555475, -22.694262265491091, 0.0 ], [ -53.099737405057169, -22.694264431957947, 0.0 ], [ -53.099736738659544, -22.694266597525427, 0.0 ], [ -53.099736071362543, -22.694268763992227, 0.0 ], [ -53.099735404065598, -22.694270929559707, 0.0 ], [ -53.099734735869333, -22.694273095127187, 0.0 ], [ -53.099734066773749, -22.694275260694667, 0.0 ], [ -53.099733397678108, -22.694277426262147, 0.0 ], [ -53.099732727683204, -22.694279590930307, 0.0 ], [ -53.099732056788923, -22.694281755598524, 0.0 ], [ -53.09973138499538, -22.694283920266685, 0.0 ], [ -53.099730713201836, -22.694286084934845, 0.0 ], [ -53.099730039609597, -22.694288249603005, 0.0 ], [ -53.099729366017414, -22.694290413371846, 0.0 ], [ -53.099728691525854, -22.694292577140686, 0.0 ], [ -53.099728016134975, -22.694294740909527, 0.0 ], [ -53.099727339844833, -22.694296904678367, 0.0 ], [ -53.099726663554634, -22.694299068447208, 0.0 ], [ -53.099725985465795, -22.694301231316729, 0.0 ], [ -53.099725307377014, -22.69430339418625, 0.0 ], [ -53.099724628388856, -22.69430555705577, 0.0 ], [ -53.099723948501378, -22.694307719025971, 0.0 ], [ -53.099723266815261, -22.694309880996173, 0.0 ], [ -53.099722585129143, -22.694312042966374, 0.0 ], [ -53.099721902543706, -22.694314204936575, 0.0 ], [ -53.099721219058949, -22.694316366906776, 0.0 ], [ -53.099720534674873, -22.694318527977657, 0.0 ], [ -53.099719849391477, -22.694320689048538, 0.0 ], [ -53.099719163208761, -22.69432285011942, 0.0 ], [ -53.099718476126725, -22.694325010290925, 0.0 ], [ -53.099717788145369, -22.694327170462486, 0.0 ], [ -53.099717098365375, -22.694329330634048, 0.0 ], [ -53.099716408585323, -22.69433148990629, 0.0 ], [ -53.099715717906008, -22.694333649178532, 0.0 ], [ -53.099715025428054, -22.694335808450774, 0.0 ], [ -53.099714332950043, -22.694337967722959, 0.0 ], [ -53.09971363867345, -22.694340126095881, 0.0 ], [ -53.09971294349748, -22.694342284468803, 0.0 ], [ -53.099712247422246, -22.694344442841725, 0.0 ], [ -53.099711549548317, -22.694346600315328, 0.0 ], [ -53.099710851674445, -22.694348757788873, 0.0 ], [ -53.099710152001876, -22.694350915262476, 0.0 ], [ -53.099709451429987, -22.694353071836758, 0.0 ], [ -53.099708749958779, -22.694355228411041, 0.0 ], [ -53.099708047588308, -22.694357384085947, 0.0 ], [ -53.099707343419141, -22.69435954066023, 0.0 ], [ -53.099706638350654, -22.694361695435873, 0.0 ], [ -53.099705932382847, -22.694363851110779, 0.0 ], [ -53.09970522551572, -22.694366005886422, 0.0 ], [ -53.099704516849954, -22.694368160662066, 0.0 ], [ -53.099703807284811, -22.694370314538332, 0.0 ], [ -53.099703095921086, -22.694372468414656, 0.0 ], [ -53.099702383658041, -22.694374622290923, 0.0 ], [ -53.099701670495676, -22.694376775267926, 0.0 ], [ -53.099700956433935, -22.694378928244873, 0.0 ], [ -53.099700240573611, -22.694381080322557, 0.0 ], [ -53.099699522914591, -22.694383232400185, 0.0 ], [ -53.099698804356308, -22.694385384477869, 0.0 ], [ -53.099698084898648, -22.694387535656176, 0.0 ], [ -53.099697363642349, -22.69438968683454, 0.0 ], [ -53.099696641486787, -22.694391838012848, 0.0 ], [ -53.099695918431848, -22.694393988291893, 0.0 ], [ -53.09969519357827, -22.694396137671561, 0.0 ], [ -53.099694467825373, -22.694398287051285, 0.0 ], [ -53.099693740273835, -22.694400436430954, 0.0 ], [ -53.099693011822978, -22.694402585810622, 0.0 ], [ -53.099692282472802, -22.694404734291027, 0.0 ], [ -53.099691551323986, -22.694406881872055, 0.0 ], [ -53.09969081927585, -22.694409029453084, 0.0 ], [ -53.099690085429074, -22.694411177034169, 0.0 ], [ -53.099689350682922, -22.694413324615198, 0.0 ], [ -53.099688615037508, -22.694415471296907, 0.0 ], [ -53.099687877593453, -22.694417617079296, 0.0 ], [ -53.099687139250022, -22.694419762861742, 0.0 ], [ -53.099686400007329, -22.694421908644131, 0.0 ], [ -53.099685658965939, -22.69442405442652, 0.0 ], [ -53.099684917025286, -22.694426199309589, 0.0 ], [ -53.099684174185256, -22.694428343293339, 0.0 ], [ -53.099683429546587, -22.694430488176465, 0.0 ], [ -53.099682684008599, -22.694432631260895, 0.0 ], [ -53.099681936671971, -22.694434775244645, 0.0 ], [ -53.099681189335399, -22.694436918329075, 0.0 ], [ -53.099680440200132, -22.694439061413505, 0.0 ], [ -53.099679689266225, -22.694441203598615, 0.0 ], [ -53.099678938332318, -22.694443345783725, 0.0 ], [ -53.099678185599771, -22.694445487069515, 0.0 ], [ -53.099677431068528, -22.694447628355306, 0.0 ], [ -53.099676676537342, -22.694449769641096, 0.0 ], [ -53.099675920207517, -22.694451910027567, 0.0 ], [ -53.099675162978372, -22.694454050414038, 0.0 ], [ -53.09967440395053, -22.694456189901189, 0.0 ], [ -53.099673644922746, -22.694458330287659, 0.0 ], [ -53.099672884096265, -22.694460468875491, 0.0 ], [ -53.099672121471201, -22.694462608362642, 0.0 ], [ -53.099671358846081, -22.694464746950473, 0.0 ], [ -53.099670594422378, -22.694466884638985, 0.0 ], [ -53.099669829099298, -22.694469022327496, 0.0 ], [ -53.099669062876899, -22.694471160015951, 0.0 ], [ -53.09966829485586, -22.694473296805143, 0.0 ], [ -53.099667525935558, -22.694475433594334, 0.0 ], [ -53.09966675611588, -22.694477570383526, 0.0 ], [ -53.099665985396882, -22.694479706273398, 0.0 ], [ -53.099665212879245, -22.694481842163214, 0.0 ], [ -53.099664439462288, -22.694483977153766, 0.0 ], [ -53.099663665146011, -22.694486112144318, 0.0 ], [ -53.099662889930357, -22.694488247134871, 0.0 ], [ -53.099662112916121, -22.694490381226046, 0.0 ], [ -53.099661335901885, -22.694492515317279, 0.0 ], [ -53.09966055708901, -22.694494649408512, 0.0 ], [ -53.099659777376758, -22.694496782600368, 0.0 ], [ -53.099658995865923, -22.694498914892961, 0.0 ], [ -53.099658214355088, -22.694501048084874, 0.0 ], [ -53.099657431045557, -22.69450318037741, 0.0 ], [ -53.099656646836763, -22.694505311770683, 0.0 ], [ -53.099655861728593, -22.6945074431639, 0.0 ], [ -53.099655075721103, -22.694509574557173, 0.0 ], [ -53.09965428791503, -22.694511705950447, 0.0 ], [ -53.09965349920958, -22.694513836444344, 0.0 ], [ -53.099652709604811, -22.694515966038978, 0.0 ], [ -53.099651919100722, -22.694518096532875, 0.0 ], [ -53.099651127697371, -22.694520226127509, 0.0 ], [ -53.099650335394642, -22.694522354822766, 0.0 ], [ -53.099649541293275, -22.69452448351808, 0.0 ], [ -53.099648747191907, -22.694526612213338, 0.0 ], [ -53.0996479512919, -22.694528740009275, 0.0 ], [ -53.099647154492573, -22.69453086780527, 0.0 ], [ -53.099646356793869, -22.694532995601207, 0.0 ], [ -53.099645558195903, -22.694535122497882, 0.0 ], [ -53.099644758698616, -22.6945372493945, 0.0 ], [ -53.099643958302011, -22.694539376291118, 0.0 ], [ -53.099643156106708, -22.694541502288473, 0.0 ], [ -53.099642910591797, -22.694542153397606, 0.0 ] ] } },
{ "type": "Feature", "properties": { "Id": 0 }, "geometry": { "type": "LineString", "coordinates": [ [ -53.099786526926607, -22.69406376712908, 0.0 ], [ -53.099785867723597, -22.694066276237606, 0.0 ], [ -53.09978520672189, -22.694068787144772, 0.0 ], [ -53.099784544820864, -22.694071298051938, 0.0 ], [ -53.099783882919837, -22.694073808959047, 0.0 ], [ -53.099783221018811, -22.694076319866213, 0.0 ], [ -53.099782557319145, -22.694078830773378, 0.0 ], [ -53.099781893619479, -22.694081340781224, 0.0 ], [ -53.099781228121117, -22.694083851688333, 0.0 ], [ -53.099780562622811, -22.694086361696179, 0.0 ], [ -53.099751807699704, -22.694184430067367, 0.0 ], [ -53.099712848169361, -22.694312994449092, 0.0 ], [ -53.099712006403934, -22.694315457692198, 0.0 ], [ -53.099711163739187, -22.694317921834568, 0.0 ], [ -53.0997103192758, -22.694320385976994, 0.0 ], [ -53.099709475711677, -22.694322849220043, 0.0 ], [ -53.099708630348971, -22.69432531246315, 0.0 ], [ -53.099707785885585, -22.694327775706256, 0.0 ], [ -53.099706939623502, -22.694330238949306, 0.0 ], [ -53.099706094260796, -22.694332702192412, 0.0 ], [ -53.09970524799877, -22.694335165435518, 0.0 ], [ -53.099704401736687, -22.694337628678568, 0.0 ], [ -53.099703555474662, -22.694340091022354, 0.0 ], [ -53.099702710111956, -22.694342554265404, 0.0 ], [ -53.099701863849873, -22.69434501750851, 0.0 ], [ -53.099701018487167, -22.694347480751617, 0.0 ], [ -53.099700173124461, -22.694349944893986, 0.0 ], [ -53.099699328661075, -22.694352408137092, 0.0 ], [ -53.099698485096951, -22.694354872279462, 0.0 ], [ -53.099697641532885, -22.694357336421888, 0.0 ], [ -53.099696798868138, -22.694359800564314, 0.0 ], [ -53.099695957102711, -22.694362264706683, 0.0 ], [ -53.099695116236603, -22.694364729748429, 0.0 ], [ -53.099694276269815, -22.694367194790175, 0.0 ], [ -53.099693437202347, -22.69436966073124, 0.0 ], [ -53.099692599933519, -22.694372125772929, 0.0 ], [ -53.09969176356401, -22.694374592613315, 0.0 ], [ -53.099690928993141, -22.6943770594537, 0.0 ], [ -53.099690095321591, -22.694379526294085, 0.0 ], [ -53.099689263448681, -22.694381994033733, 0.0 ], [ -53.099688432475148, -22.694384461773438, 0.0 ], [ -53.099687603300197, -22.694386930412463, 0.0 ], [ -53.099686775024622, -22.694389399051488, 0.0 ], [ -53.099685947648311, -22.694391867690513, 0.0 ], [ -53.099685122070696, -22.694394337228857, 0.0 ], [ -53.099684296493024, -22.694396806767202, 0.0 ], [ -53.099683472714048, -22.694399276305489, 0.0 ], [ -53.099682649834392, -22.694401746743154, 0.0 ], [ -53.099681826954736, -22.694404217180818, 0.0 ], [ -53.099681004974343, -22.694406687618482, 0.0 ], [ -53.099680183893327, -22.694409158955466, 0.0 ], [ -53.09967936371163, -22.69441162939313, 0.0 ], [ -53.099678543529933, -22.694414100730114, 0.0 ], [ -53.099677724247556, -22.694416572067098, 0.0 ], [ -53.099676904965179, -22.694419043404082, 0.0 ], [ -53.099676085682745, -22.694421514741066, 0.0 ], [ -53.099675267299688, -22.69442398607805, 0.0 ], [ -53.09967444891663, -22.694426457415034, 0.0 ], [ -53.099673630533573, -22.694428928752018, 0.0 ], [ -53.099672812150516, -22.694431400988321, 0.0 ], [ -53.099671992868139, -22.694433872325305, 0.0 ], [ -53.099671174485081, -22.694436343662289, 0.0 ], [ -53.099670356102024, -22.694438814999273, 0.0 ], [ -53.099669536819647, -22.694441286336257, 0.0 ], [ -53.09966871753727, -22.694443757673241, 0.0 ], [ -53.099667897355516, -22.694446228110905, 0.0 ], [ -53.09966707717382, -22.694448699447889, 0.0 ], [ -53.099666256092803, -22.694451169885554, 0.0 ], [ -53.099665435011786, -22.694453640323218, 0.0 ], [ -53.09966461303145, -22.694456110760882, 0.0 ], [ -53.099663790151737, -22.69445858029917, 0.0 ], [ -53.099662966372762, -22.694461049837514, 0.0 ], [ -53.099662141694466, -22.694463519375859, 0.0 ], [ -53.099661316116794, -22.694465988914203, 0.0 ], [ -53.099660489639859, -22.694468457553228, 0.0 ], [ -53.099659661364228, -22.694470926192253, 0.0 ], [ -53.099658833088654, -22.694473393931958, 0.0 ], [ -53.099658003014383, -22.694475861671606, 0.0 ], [ -53.099657171141473, -22.694478328511991, 0.0 ], [ -53.0996563383693, -22.694480795352376, 0.0 ], [ -53.099655503798431, -22.694483261293442, 0.0 ], [ -53.099654668328242, -22.694485727234508, 0.0 ], [ -53.099653831059413, -22.694488192276197, 0.0 ], [ -53.099652991991945, -22.694490657317942, 0.0 ], [ -53.099652151125838, -22.694493121460368, 0.0 ], [ -53.099651308461091, -22.694495585602738, 0.0 ], [ -53.099650463997648, -22.694498047946524, 0.0 ], [ -53.099649617735622, -22.694500510290254, 0.0 ], [ -53.099648768775637, -22.694502972634041, 0.0 ], [ -53.099647918916276, -22.694505433179131, 0.0 ], [ -53.099647066359012, -22.694507893724278, 0.0 ], [ -53.099646211103732, -22.694510353370049, 0.0 ], [ -53.099645354049812, -22.694512813015876, 0.0 ], [ -53.099644494297934, -22.694515270863008, 0.0 ], [ -53.099643632747416, -22.694517728710139, 0.0 ], [ -53.099642767599619, -22.694520184758687, 0.0 ], [ -53.099641900653126, -22.694522640807179, 0.0 ], [ -53.09964103100873, -22.694525095956351, 0.0 ], [ -53.099640158666375, -22.69452755020626, 0.0 ], [ -53.099639283626004, -22.694530003556793, 0.0 ], [ -53.099638405887674, -22.694532456008005, 0.0 ], [ -53.099637524552065, -22.694534906660579, 0.0 ], [ -53.099636640518497, -22.694537357313152, 0.0 ], [ -53.09963575378697, -22.694539807066406, 0.0 ], [ -53.099635564029995, -22.694540328673213, 0.0 ] ] } },
{ "type": "Feature", "properties": { "Id": 0 }, "geometry": { "type": "LineString", "coordinates": [ [ -53.099774729620037, -22.694060838037217, 0.0 ], [ -53.099763517772089, -22.69410263582796, 0.0 ], [ -53.099734318583899, -22.694199951466544, 0.0 ], [ -53.099733683662521, -22.694201952458116, 0.0 ], [ -53.099733048741143, -22.694203952550311, 0.0 ], [ -53.099732413819822, -22.694205952642562, 0.0 ], [ -53.099731778898445, -22.694207952734814, 0.0 ], [ -53.099731143977067, -22.694209952827009, 0.0 ], [ -53.099730509055689, -22.694211952919261, 0.0 ], [ -53.099729873235049, -22.694213953910776, 0.0 ], [ -53.099729238313671, -22.694215954003027, 0.0 ], [ -53.099728603392293, -22.694217954095279, 0.0 ], [ -53.099727968470916, -22.694219954187474, 0.0 ], [ -53.099727332650218, -22.694221954279726, 0.0 ], [ -53.099726697728897, -22.694223954371978, 0.0 ], [ -53.0997260619082, -22.694225954464173, 0.0 ], [ -53.099725426087502, -22.694227953657105, 0.0 ], [ -53.099724790266805, -22.6942299537493, 0.0 ], [ -53.099724154446108, -22.694231953841552, 0.0 ], [ -53.099723518625467, -22.694233953933804, 0.0 ], [ -53.09972288190545, -22.694235953126679, 0.0 ], [ -53.099722246084752, -22.694237953218931, 0.0 ], [ -53.099721609364735, -22.694239952411806, 0.0 ], [ -53.099720971745398, -22.694241952504058, 0.0 ], [ -53.099720335025381, -22.69424395169699, 0.0 ], [ -53.099719697406044, -22.694245950889865, 0.0 ], [ -53.099719059786764, -22.694247950982117, 0.0 ], [ -53.099718422167427, -22.694249950174992, 0.0 ], [ -53.099717783648771, -22.694251949367924, 0.0 ], [ -53.099717145130114, -22.694253948560856, 0.0 ], [ -53.099716506611458, -22.694255946854412, 0.0 ], [ -53.099715867193481, -22.694257946047344, 0.0 ], [ -53.099715227775505, -22.694259945240219, 0.0 ], [ -53.099714587458209, -22.694261943533832, 0.0 ], [ -53.099713948040232, -22.694263941827387, 0.0 ], [ -53.099713306823617, -22.694265941020319, 0.0 ], [ -53.099712665607001, -22.694267939313931, 0.0 ], [ -53.099712024390385, -22.694269937607487, 0.0 ], [ -53.09971138227445, -22.694271935901099, 0.0 ], [ -53.099710740158514, -22.694273933295335, 0.0 ], [ -53.099710097143202, -22.694275931588948, 0.0 ], [ -53.099709454127947, -22.694277929882503, 0.0 ], [ -53.099708810213372, -22.694279927276796, 0.0 ], [ -53.099708166298797, -22.694281924671031, 0.0 ], [ -53.099707521484902, -22.694283922065324, 0.0 ], [ -53.099706876671007, -22.69428591945956, 0.0 ], [ -53.099706230957736, -22.694287916853852, 0.0 ], [ -53.099705584345202, -22.694289913348769, 0.0 ], [ -53.099704937732668, -22.694291910743061, 0.0 ], [ -53.099704290220757, -22.694293907237977, 0.0 ], [ -53.099703641809583, -22.69429590373295, 0.0 ], [ -53.099702993398409, -22.694297900227866, 0.0 ], [ -53.099702344087859, -22.694299896722782, 0.0 ], [ -53.099701693878046, -22.694301892318435, 0.0 ], [ -53.099701043668176, -22.694303887914032, 0.0 ], [ -53.099700391659724, -22.694305884409005, 0.0 ], [ -53.099699740550534, -22.694307879105281, 0.0 ], [ -53.099699087642762, -22.694309874700934, 0.0 ], [ -53.099698433835613, -22.694311870296531, 0.0 ], [ -53.099697780028464, -22.694313864992807, 0.0 ], [ -53.099697125322052, -22.694315859689141, 0.0 ], [ -53.099696469716264, -22.694317854385417, 0.0 ], [ -53.099695813211156, -22.694319848182431, 0.0 ], [ -53.099695155806728, -22.694321841979388, 0.0 ], [ -53.099694497503037, -22.694323835776345, 0.0 ], [ -53.09969383919929, -22.694325829573359, 0.0 ], [ -53.099693179096903, -22.694327823370315, 0.0 ], [ -53.099692518994516, -22.694329816267953, 0.0 ], [ -53.099691857093489, -22.69433180916559, 0.0 ], [ -53.099691195192463, -22.694333801163964, 0.0 ], [ -53.099690531492797, -22.694335794061601, 0.0 ], [ -53.099689867793131, -22.694337786059918, 0.0 ], [ -53.099689202294826, -22.694339778058293, 0.0 ], [ -53.099688535897201, -22.69434176915729, 0.0 ], [ -53.099687869499519, -22.694343760256288, 0.0 ], [ -53.099687201303254, -22.694345751355286, 0.0 ], [ -53.09968653220767, -22.694347741554964, 0.0 ], [ -53.099685862212709, -22.694349732654018, 0.0 ], [ -53.099685191318486, -22.694351721954376, 0.0 ], [ -53.099684519524942, -22.694353712154054, 0.0 ], [ -53.099683845932702, -22.694355701454413, 0.0 ], [ -53.099683171441143, -22.694357690754771, 0.0 ], [ -53.09968249605032, -22.694359679155809, 0.0 ], [ -53.099681819760121, -22.694361667556848, 0.0 ], [ -53.09968114257066, -22.694363655957886, 0.0 ], [ -53.099680463582501, -22.694365643459605, 0.0 ], [ -53.099679783695024, -22.694367630961381, 0.0 ], [ -53.099679102908226, -22.694369618463099, 0.0 ], [ -53.099678420322789, -22.694371605065498, 0.0 ], [ -53.099677736838032, -22.694373591667897, 0.0 ], [ -53.099677052453956, -22.694375577370977, 0.0 ], [ -53.09967636627124, -22.694377563074056, 0.0 ], [ -53.099675679189204, -22.694379547877816, 0.0 ], [ -53.099674991207849, -22.694381532681518, 0.0 ], [ -53.099674301427854, -22.694383517485278, 0.0 ], [ -53.099673610748482, -22.694385501389718, 0.0 ], [ -53.099672918270528, -22.694387485294158, 0.0 ], [ -53.099672225792517, -22.694389469198597, 0.0 ], [ -53.099671531515924, -22.694391452203718, 0.0 ], [ -53.099670835440634, -22.694393435208838, 0.0 ], [ -53.099670139365401, -22.694395417314638, 0.0 ], [ -53.099669441491471, -22.694397399420382, 0.0 ], [ -53.099668742718279, -22.694399381526182, 0.0 ], [ -53.09966804304571, -22.694401362732663, 0.0 ], [ -53.099667342473822, -22.694403343939143, 0.0 ], [ -53.099666641002614, -22.694405324246247, 0.0 ], [ -53.099665937732823, -22.694407305452728, 0.0 ], [ -53.099665234462975, -22.694409285759889, 0.0 ], [ -53.099664529394488, -22.69441126516773, 0.0 ], [ -53.099663823426681, -22.694413245474834, 0.0 ], [ -53.099663117458874, -22.694415224882675, 0.0 ], [ -53.099662409692428, -22.694417203391197, 0.0 ], [ -53.099661701026662, -22.694419182798981, 0.0 ], [ -53.099660992360896, -22.694421161307503, 0.0 ], [ -53.099660281896433, -22.694423138916704, 0.0 ], [ -53.099659571432028, -22.694425117425169, 0.0 ], [ -53.099658859168983, -22.694427095034371, 0.0 ], [ -53.099658146905938, -22.694429072643516, 0.0 ], [ -53.099657433743516, -22.694431050252717, 0.0 ], [ -53.099656719681832, -22.694433026962599, 0.0 ], [ -53.099656004720828, -22.694435004571744, 0.0 ], [ -53.099655288860447, -22.694436981281626, 0.0 ], [ -53.099654573000123, -22.694438957092132, 0.0 ], [ -53.099653856240423, -22.694440933802014, 0.0 ], [ -53.099653138581459, -22.694442909612519, 0.0 ], [ -53.099652420023119, -22.694444885423081, 0.0 ], [ -53.099651701464836, -22.694446861233587, 0.0 ], [ -53.099650982007176, -22.694448837044149, 0.0 ], [ -53.099650261650197, -22.694450811955335, 0.0 ], [ -53.099649541293275, -22.694452786866577, 0.0 ], [ -53.099648820036975, -22.694454761777763, 0.0 ], [ -53.099648098780676, -22.694456736689006, 0.0 ], [ -53.099647376625114, -22.694458711600191, 0.0 ], [ -53.099646653570176, -22.694460685612114, 0.0 ], [ -53.099645930515237, -22.69446265962398, 0.0 ], [ -53.099645206560979, -22.694464634535223, 0.0 ], [ -53.09964448260672, -22.694466608547089, 0.0 ], [ -53.099643757753199, -22.694468581659692, 0.0 ], [ -53.099643032899621, -22.694470555671558, 0.0 ], [ -53.099642308046043, -22.69447252968348, 0.0 ], [ -53.099641582293145, -22.694474502796027, 0.0 ], [ -53.099640855640928, -22.694476475908573, 0.0 ], [ -53.09964012988803, -22.694478449920496, 0.0 ], [ -53.099639403235813, -22.694480423033042, 0.0 ], [ -53.099638675684275, -22.694482396145645, 0.0 ], [ -53.099637948132738, -22.694484369258191, 0.0 ], [ -53.099637220581201, -22.694486341471418, 0.0 ], [ -53.099636493029664, -22.694488314584021, 0.0 ], [ -53.099635765478126, -22.694490287696567, 0.0 ], [ -53.099635037027269, -22.69449225990985, 0.0 ], [ -53.099634308576412, -22.694494233022397, 0.0 ], [ -53.099633579226236, -22.694496205235623, 0.0 ], [ -53.099632850775379, -22.694498177448907, 0.0 ], [ -53.099632121425202, -22.694500149662133, 0.0 ], [ -53.099631392075025, -22.69450212187536, 0.0 ], [ -53.099630661825529, -22.694504094088643, 0.0 ], [ -53.099629932475352, -22.694506066301869, 0.0 ], [ -53.099629202225856, -22.694508038515096, 0.0 ], [ -53.099628471976359, -22.694510010728379, 0.0 ], [ -53.099627740827543, -22.694511982941606, 0.0 ], [ -53.099627010578047, -22.694513954255513, 0.0 ], [ -53.099626279429231, -22.694515926468796, 0.0 ], [ -53.099625548280414, -22.694517897782703, 0.0 ], [ -53.099624817131541, -22.694519869995986, 0.0 ], [ -53.099624085982725, -22.694521841309893, 0.0 ], [ -53.099623353934589, -22.6945238126238, 0.0 ], [ -53.099622621886454, -22.694525783937706, 0.0 ], [ -53.099621889838318, -22.69452775525167, 0.0 ], [ -53.099621157790182, -22.694529726565577, 0.0 ], [ -53.099620424842669, -22.694531697879484, 0.0 ], [ -53.099619692794533, -22.694533669193447, 0.0 ], [ -53.099618959847078, -22.694535640507354, 0.0 ], [ -53.099618767392144, -22.694536157617563, 0.0 ] ] } },
{ "type": "Feature", "properties": { "Id": 0 }, "geometry": { "type": "LineString", "coordinates": [ [ -53.099765951337531, -22.694058658080564, 0.0 ], [ -53.099765675245692, -22.694059632945653, 0.0 ], [ -53.099765107773464, -22.694061642930421, 0.0 ], [ -53.099764538502598, -22.694063652015871, 0.0 ], [ -53.09976397013105, -22.69406566110132, 0.0 ], [ -53.099763399960921, -22.694067669287449, 0.0 ], [ -53.099762829790734, -22.694069678372898, 0.0 ], [ -53.099762259620547, -22.694071686559028, 0.0 ], [ -53.099761687651721, -22.694073695644477, 0.0 ], [ -53.099761116582215, -22.694075703830606, 0.0 ], [ -53.099760543714069, -22.694077712016735, 0.0 ], [ -53.099759970845923, -22.694079720202865, 0.0 ], [ -53.099759397078458, -22.694081727489674, 0.0 ], [ -53.099758822411673, -22.694083735675804, 0.0 ], [ -53.099758247744887, -22.694085742962613, 0.0 ], [ -53.099757672178782, -22.694087750249423, 0.0 ], [ -53.099757095713358, -22.694089757536233, 0.0 ], [ -53.099756519247933, -22.694091764823042, 0.0 ], [ -53.099755940983869, -22.694093771210532, 0.0 ], [ -53.099755362719748, -22.694095778497342, 0.0 ], [ -53.099754783556364, -22.694097784884832, 0.0 ], [ -53.09975420349366, -22.694099791272322, 0.0 ], [ -53.099753622531637, -22.694101796760492, 0.0 ], [ -53.099753041569556, -22.694103803147925, 0.0 ], [ -53.099752458808894, -22.694105808636095, 0.0 ], [ -53.099751876048174, -22.694107814124266, 0.0 ], [ -53.099751291488872, -22.694109819612436, 0.0 ], [ -53.099750706929512, -22.694111824201286, 0.0 ], [ -53.09975012147089, -22.694113828790137, 0.0 ], [ -53.099749535112892, -22.694115834278307, 0.0 ], [ -53.099748946956311, -22.694117837967781, 0.0 ], [ -53.099748358799673, -22.694119842556631, 0.0 ], [ -53.099747769743715, -22.694121846246162, 0.0 ], [ -53.099747179788494, -22.694123849935693, 0.0 ], [ -53.099746588933897, -22.694125853625223, 0.0 ], [ -53.09974599717998, -22.694127857314697, 0.0 ], [ -53.099745404526743, -22.694129860104908, 0.0 ], [ -53.099744810974187, -22.694131862895119, 0.0 ], [ -53.099744216522311, -22.69413386568533, 0.0 ], [ -53.099743622070434, -22.694135868475485, 0.0 ], [ -53.099743025819919, -22.694137870366376, 0.0 ], [ -53.099742429569403, -22.694139872257267, 0.0 ], [ -53.099741832419568, -22.694141874148102, 0.0 ], [ -53.099741234370413, -22.694143876038993, 0.0 ], [ -53.099740635421938, -22.694145877929884, 0.0 ], [ -53.099740036473463, -22.694147878921456, 0.0 ], [ -53.099739435726349, -22.69414988081229, 0.0 ], [ -53.099738834979235, -22.694151881803862, 0.0 ], [ -53.099738233332744, -22.694153882795433, 0.0 ], [ -53.09973763168631, -22.694155882887628, 0.0 ], [ -53.099737028241236, -22.6941578838792, 0.0 ], [ -53.099736424796106, -22.694159883971452, 0.0 ], [ -53.099735821351032, -22.694161884063647, 0.0 ], [ -53.09973521610732, -22.694163884155898, 0.0 ], [ -53.09973461086355, -22.694165884248093, 0.0 ], [ -53.099734005619837, -22.694167883441025, 0.0 ], [ -53.099733398577428, -22.694169883533277, 0.0 ], [ -53.099732791535075, -22.694171882726152, 0.0 ], [ -53.099732184492666, -22.694173881919085, 0.0 ], [ -53.099731575651674, -22.69417588111196, 0.0 ], [ -53.099730967709945, -22.694177880304892, 0.0 ], [ -53.099730357969577, -22.694179879497824, 0.0 ], [ -53.099729748229265, -22.69418187779138, 0.0 ], [ -53.099729138488897, -22.694183876984312, 0.0 ], [ -53.099728527849265, -22.694185875277867, 0.0 ], [ -53.099727916310258, -22.694187873571479, 0.0 ], [ -53.09972730477125, -22.694189871865035, 0.0 ], [ -53.099726693232242, -22.694191870158647, 0.0 ], [ -53.099726080793971, -22.694193868452203, 0.0 ], [ -53.099725467456324, -22.694195865846496, 0.0 ], [ -53.099724854118676, -22.694197864140051, 0.0 ], [ -53.099724240781029, -22.694199861534344, 0.0 ], [ -53.099723626544062, -22.694201859827899, 0.0 ], [ -53.099723012307152, -22.694203857222192, 0.0 ], [ -53.099722397170865, -22.694205854616428, 0.0 ], [ -53.099721782034578, -22.69420785201072, 0.0 ], [ -53.099721166898291, -22.694209849404956, 0.0 ], [ -53.099720550862685, -22.694211845899929, 0.0 ], [ -53.099719934827078, -22.694213843294165, 0.0 ], [ -53.099719318791472, -22.694215840688457, 0.0 ], [ -53.099718701856546, -22.694217837183373, 0.0 ], [ -53.099718084921619, -22.694219833678346, 0.0 ], [ -53.099717467087373, -22.694221831072582, 0.0 ], [ -53.099716850152447, -22.694223827567555, 0.0 ], [ -53.099716232318201, -22.694225824062471, 0.0 ], [ -53.099715614483955, -22.694227820557444, 0.0 ], [ -53.099714995750389, -22.69422981705236, 0.0 ], [ -53.099714377016824, -22.694231813547333, 0.0 ], [ -53.099713758283258, -22.694233810042249, 0.0 ], [ -53.099713138650372, -22.694235806537222, 0.0 ], [ -53.099712519017487, -22.694237802132818, 0.0 ], [ -53.099711899384602, -22.694239798627734, 0.0 ], [ -53.099711278852396, -22.694241794223387, 0.0 ], [ -53.099710658320191, -22.694243789818984, 0.0 ], [ -53.099710036888666, -22.694245786313957, 0.0 ], [ -53.099709415457141, -22.694247781909553, 0.0 ], [ -53.09970879402556, -22.694249777505206, 0.0 ], [ -53.099708171694715, -22.694251772201483, 0.0 ], [ -53.099707548464551, -22.694253767797079, 0.0 ], [ -53.099706926133706, -22.694255763392732, 0.0 ], [ -53.099706302004165, -22.694257758089009, 0.0 ], [ -53.099705678774001, -22.694259752785342, 0.0 ], [ -53.099705053745197, -22.694261748380939, 0.0 ], [ -53.099704429615713, -22.694263743077215, 0.0 ], [ -53.099703803687532, -22.694265737773549, 0.0 ], [ -53.099703178658729, -22.694267731570505, 0.0 ], [ -53.099702551831285, -22.694269726266782, 0.0 ], [ -53.099701925903105, -22.694271720063796, 0.0 ], [ -53.099701298176342, -22.694273714760072, 0.0 ], [ -53.099700670449522, -22.694275708557086, 0.0 ], [ -53.099700042722759, -22.694277702354043, 0.0 ], [ -53.099699414096619, -22.694279696151, 0.0 ], [ -53.099698784571217, -22.694281689948014, 0.0 ], [ -53.099698155045758, -22.694283682845651, 0.0 ], [ -53.099697524621035, -22.694285675743288, 0.0 ], [ -53.099696894196256, -22.694287669540245, 0.0 ], [ -53.099696262872214, -22.694289662437939, 0.0 ], [ -53.099695630648796, -22.694291654436256, 0.0 ], [ -53.099694998425377, -22.694293647333893, 0.0 ], [ -53.099694365302696, -22.694295640231587, 0.0 ], [ -53.099693731280638, -22.694297632229905, 0.0 ], [ -53.09969309725858, -22.694299624228222, 0.0 ], [ -53.099692461437883, -22.694301616226539, 0.0 ], [ -53.099691826516562, -22.694303608224914, 0.0 ], [ -53.099691189796545, -22.694305599323911, 0.0 ], [ -53.099690553076528, -22.694307591322229, 0.0 ], [ -53.099689915457191, -22.694309582421226, 0.0 ], [ -53.099689277837854, -22.694311573520281, 0.0 ], [ -53.099688638419877, -22.694313564619279, 0.0 ], [ -53.099687999001901, -22.694315554818957, 0.0 ], [ -53.099687359583925, -22.694317545917954, 0.0 ], [ -53.099686718367309, -22.694319536117632, 0.0 ], [ -53.099686077150693, -22.694321526317367, 0.0 ], [ -53.099685434135438, -22.694323515617725, 0.0 ], [ -53.099684791120183, -22.694325505817403, 0.0 ], [ -53.099684148104927, -22.694327495117761, 0.0 ], [ -53.099683503290976, -22.69432948441812, 0.0 ], [ -53.099682858477081, -22.694331473718478, 0.0 ], [ -53.099682211864547, -22.694333462119516, 0.0 ], [ -53.099681565252013, -22.694335451419875, 0.0 ], [ -53.099680917740102, -22.69433743982097, 0.0 ], [ -53.099680269328928, -22.694339428222008, 0.0 ], [ -53.099679620917755, -22.694341415723727, 0.0 ], [ -53.099678970707885, -22.694343404124766, 0.0 ], [ -53.099678320498072, -22.694345391626484, 0.0 ], [ -53.099677668489562, -22.694347379128203, 0.0 ], [ -53.09967701648111, -22.694349365730602, 0.0 ], [ -53.09967636357328, -22.694351353232321, 0.0 ], [ -53.099675708866812, -22.69435333983472, 0.0 ], [ -53.0996750541604, -22.694355326437119, 0.0 ], [ -53.099674398554612, -22.694357312140198, 0.0 ], [ -53.099673742049504, -22.694359298742597, 0.0 ], [ -53.099673084645076, -22.694361284445677, 0.0 ], [ -53.099672426341385, -22.694363270148756, 0.0 ], [ -53.099671767138318, -22.694365254952515, 0.0 ], [ -53.099671107035931, -22.694367239756275, 0.0 ], [ -53.099670446933544, -22.694369224560035, 0.0 ], [ -53.099669785032518, -22.694371209363794, 0.0 ], [ -53.099669122232172, -22.694373193268234, 0.0 ], [ -53.099668458532506, -22.694375177172617, 0.0 ], [ -53.09966779393352, -22.694377161077057, 0.0 ], [ -53.099667128435215, -22.694379144981497, 0.0 ], [ -53.099666462037533, -22.694381127986617, 0.0 ], [ -53.099665794740588, -22.694383110991737, 0.0 ], [ -53.099665126544323, -22.694385093097537, 0.0 ], [ -53.099664457448739, -22.694387076102657, 0.0 ], [ -53.099663787453778, -22.694389058208401, 0.0 ], [ -53.099663115660235, -22.694391039414882, 0.0 ], [ -53.099662443866634, -22.694393021520682, 0.0 ], [ -53.099661771173771, -22.694395002727163, 0.0 ], [ -53.099661096682212, -22.694396983034267, 0.0 ], [ -53.099660422190709, -22.694398964240747, 0.0 ], [ -53.09965974590051, -22.694400944547908, 0.0 ], [ -53.099659068710992, -22.694402924855069, 0.0 ], [ -53.09965839062221, -22.694404904262854, 0.0 ], [ -53.099657711634052, -22.694406883670695, 0.0 ], [ -53.099657031746574, -22.694408863078536, 0.0 ], [ -53.099656350959776, -22.694410841587001, 0.0 ], [ -53.099655668374339, -22.694412820095522, 0.0 ], [ -53.099654985788902, -22.694414798604043, 0.0 ], [ -53.099654301404826, -22.694416776213188, 0.0 ], [ -53.099653616121429, -22.69441875382239, 0.0 ], [ -53.099652929938713, -22.694420731431592, 0.0 ], [ -53.099652242856678, -22.694422708141417, 0.0 ], [ -53.099651553976003, -22.694424684851299, 0.0 ], [ -53.099650865095327, -22.694426661561124, 0.0 ], [ -53.099650174415956, -22.694428637371686, 0.0 ], [ -53.099649482837322, -22.694430613182192, 0.0 ], [ -53.099648789460048, -22.694432588093434, 0.0 ], [ -53.099648096082717, -22.69443456300462, 0.0 ], [ -53.099647400906804, -22.694436537915863, 0.0 ], [ -53.099646704831514, -22.694438511927729, 0.0 ], [ -53.099646007856961, -22.694440485939651, 0.0 ], [ -53.099645309083712, -22.694442459951517, 0.0 ], [ -53.099644610310463, -22.694444433064064, 0.0 ], [ -53.099643909738575, -22.694446406176667, 0.0 ], [ -53.099643207368104, -22.694448378389893, 0.0 ], [ -53.099642504997576, -22.694450350603177, 0.0 ], [ -53.099641800828408, -22.694452322816403, 0.0 ], [ -53.099641095759921, -22.69445429413031, 0.0 ], [ -53.099640388892794, -22.694456265444273, 0.0 ], [ -53.099639682025668, -22.69445823585886, 0.0 ], [ -53.099638973359902, -22.694460206273448, 0.0 ], [ -53.099638262895496, -22.694462176688035, 0.0 ], [ -53.099637552431034, -22.694464146203359, 0.0 ], [ -53.099636840167989, -22.694466115718626, 0.0 ], [ -53.099636127005624, -22.694468084334574, 0.0 ], [ -53.099635412943883, -22.694470052950521, 0.0 ], [ -53.099634698882198, -22.694472021566469, 0.0 ], [ -53.099633983021874, -22.694473990182473, 0.0 ], [ -53.099633265362854, -22.694475957899101, 0.0 ], [ -53.099632547703891, -22.694477925615729, 0.0 ], [ -53.099631830044871, -22.694479892433037, 0.0 ], [ -53.099631110587268, -22.694481859250345, 0.0 ], [ -53.099630390230288, -22.694483826067653, 0.0 ], [ -53.099629668973989, -22.694485792884961, 0.0 ], [ -53.099628947717747, -22.694487759702326, 0.0 ], [ -53.099628225562128, -22.694489725620315, 0.0 ], [ -53.09962750250719, -22.694491691538303, 0.0 ], [ -53.099626778552931, -22.694493657456292, 0.0 ], [ -53.099626054598673, -22.69449562247496, 0.0 ], [ -53.099625329745152, -22.694497588392949, 0.0 ], [ -53.099624603992254, -22.694499553411617, 0.0 ], [ -53.099623878239356, -22.694501518430286, 0.0 ], [ -53.099623151587139, -22.694503483448955, 0.0 ], [ -53.099622424934921, -22.694505447568304, 0.0 ], [ -53.099621697383384, -22.694507412586972, 0.0 ], [ -53.099620969831847, -22.694509376706321, 0.0 ], [ -53.09962024138099, -22.69451134082567, 0.0 ], [ -53.099619512930133, -22.694513304945019, 0.0 ], [ -53.099618783579956, -22.694515269064368, 0.0 ], [ -53.099618055129099, -22.694517233183717, 0.0 ], [ -53.099617324879603, -22.694519197303066, 0.0 ], [ -53.099616595529426, -22.694521161422415, 0.0 ], [ -53.099615865279929, -22.694523124642444, 0.0 ], [ -53.099615135929753, -22.694525088761793, 0.0 ], [ -53.099614405680256, -22.694527051981822, 0.0 ], [ -53.09961367543076, -22.694529016101171, 0.0 ], [ -53.099612944281887, -22.6945309793212, 0.0 ], [ -53.099612214032391, -22.694532943440549, 0.0 ], [ -53.099611673539869, -22.694534395845665, 0.0 ] ] } },
{ "type": "Feature", "properties": { "Id": 0 }, "geometry": { "type": "LineString", "coordinates": [ [ -53.099751974973628, -22.694055186697483, 0.0 ], [ -53.099719059786764, -22.694171629117363, 0.0 ], [ -53.099675183662782, -22.694308309880569, 0.0 ], [ -53.099639957218187, -22.694409399074459, 0.0 ], [ -53.099595733056617, -22.694530437029982, 0.0 ] ] } },
{ "type": "Feature", "properties": { "Id": 0 }, "geometry": { "type": "LineString", "coordinates": [ [ -53.0997436022854, -22.694053107464867, 0.0 ], [ -53.099732441698791, -22.694093887223062, 0.0 ], [ -53.099712246522927, -22.694160978446348, 0.0 ], [ -53.099711551346957, -22.694163243838602, 0.0 ], [ -53.099710854372404, -22.69416550833148, 0.0 ], [ -53.099710156498475, -22.694167772824414, 0.0 ], [ -53.099709457725226, -22.694170036418029, 0.0 ], [ -53.099708758052714, -22.694172300910907, 0.0 ], [ -53.099708056581505, -22.694174564504522, 0.0 ], [ -53.099707354210977, -22.69417682719876, 0.0 ], [ -53.09970665094113, -22.694179090792375, 0.0 ], [ -53.099705946771962, -22.694181353486613, 0.0 ], [ -53.099705241703475, -22.694183616180908, 0.0 ], [ -53.099704535735668, -22.694185877975826, 0.0 ], [ -53.099703828868542, -22.694188139770802, 0.0 ], [ -53.099703120202776, -22.69419040156572, 0.0 ], [ -53.09970241153701, -22.694192663360695, 0.0 ], [ -53.099701701971924, -22.694194924256294, 0.0 ], [ -53.099700990608198, -22.69419718515195, 0.0 ], [ -53.099700279244473, -22.694199446047548, 0.0 ], [ -53.099699566981371, -22.694201706943204, 0.0 ], [ -53.099698852919687, -22.694203966939483, 0.0 ], [ -53.099698138858002, -22.694206226935762, 0.0 ], [ -53.099697423896941, -22.694208486932098, 0.0 ], [ -53.099696708036618, -22.694210746029057, 0.0 ], [ -53.099695991276917, -22.694213006025336, 0.0 ], [ -53.099695274517273, -22.694215265122352, 0.0 ], [ -53.099694555958934, -22.694217524219312, 0.0 ], [ -53.09969383740065, -22.694219782417008, 0.0 ], [ -53.099693117942991, -22.694222041513967, 0.0 ], [ -53.099692397586011, -22.694224299711607, 0.0 ], [ -53.099691676329769, -22.694226557909303, 0.0 ], [ -53.09969095507347, -22.694228815207623, 0.0 ], [ -53.099690232917851, -22.694231073405263, 0.0 ], [ -53.09968950896365, -22.694233330703582, 0.0 ], [ -53.099688785009391, -22.694235588001959, 0.0 ], [ -53.099688061055133, -22.694237845300279, 0.0 ], [ -53.099687335302235, -22.694240101699279, 0.0 ], [ -53.099686608650018, -22.694242358098279, 0.0 ], [ -53.0996858819978, -22.694244614497336, 0.0 ], [ -53.099685153546943, -22.694246870896336, 0.0 ], [ -53.099684425096086, -22.694249127295336, 0.0 ], [ -53.09968369574591, -22.694251382795017, 0.0 ], [ -53.099682965496413, -22.694253638294754, 0.0 ], [ -53.099682234347597, -22.694255893794434, 0.0 ], [ -53.099681502299461, -22.694258148394795, 0.0 ], [ -53.099680769352005, -22.694260402995155, 0.0 ], [ -53.099680035505173, -22.694262657595516, 0.0 ], [ -53.099679301658398, -22.694264912195877, 0.0 ], [ -53.099678566012983, -22.694267165896918, 0.0 ], [ -53.099677830367511, -22.694269419598015, 0.0 ], [ -53.099677092923457, -22.694271673299056, 0.0 ], [ -53.099676355479403, -22.694273927000097, 0.0 ], [ -53.099675616236652, -22.694276179801818, 0.0 ], [ -53.099674876993959, -22.694278432603539, 0.0 ], [ -53.099674136851888, -22.694280685405261, 0.0 ], [ -53.099673394911179, -22.694282937307662, 0.0 ], [ -53.099672652970526, -22.694285190109383, 0.0 ], [ -53.099671909231176, -22.694287442011785, 0.0 ], [ -53.099671165491827, -22.694289693014866, 0.0 ], [ -53.099670420853215, -22.694291944017948, 0.0 ], [ -53.099669674415907, -22.69429419502103, 0.0 ], [ -53.099668927978598, -22.694296446024111, 0.0 ], [ -53.09966817974265, -22.694298697027193, 0.0 ], [ -53.099667431506703, -22.694300947130955, 0.0 ], [ -53.099666681472115, -22.694303197234717, 0.0 ], [ -53.099665931437528, -22.694305446439159, 0.0 ], [ -53.099665179604301, -22.694307695643602, 0.0 ], [ -53.099664426871755, -22.694309944848044, 0.0 ], [ -53.099663673239888, -22.694312194052486, 0.0 ], [ -53.099662918708702, -22.694314442357609, 0.0 ], [ -53.099662163278197, -22.694316690662674, 0.0 ], [ -53.099661406948314, -22.694318938967797, 0.0 ], [ -53.099660649719169, -22.694321187272919, 0.0 ], [ -53.099659891590704, -22.694323434678722, 0.0 ], [ -53.099659131663543, -22.694325681185205, 0.0 ], [ -53.099658371736439, -22.694327928591008, 0.0 ], [ -53.099657610010638, -22.694330175097434, 0.0 ], [ -53.099656848284894, -22.694332421603917, 0.0 ], [ -53.099656084760454, -22.694334667211081, 0.0 ], [ -53.099655320336751, -22.694336912818244, 0.0 ], [ -53.099654555013672, -22.69433915842535, 0.0 ], [ -53.099653788791272, -22.694341404032514, 0.0 ], [ -53.099653021669553, -22.694343648740357, 0.0 ], [ -53.099652252749252, -22.694345893448201, 0.0 ], [ -53.099651483828893, -22.694348137256668, 0.0 ], [ -53.099650713109895, -22.694350381964512, 0.0 ], [ -53.099649941491577, -22.694352625773035, 0.0 ], [ -53.09964916987326, -22.694354868682183, 0.0 ], [ -53.099648396456303, -22.694357111591387, 0.0 ], [ -53.099647622140026, -22.694359354500591, 0.0 ], [ -53.099646846924429, -22.694361597409738, 0.0 ], [ -53.099646069910136, -22.694363839419623, 0.0 ], [ -53.0996452928959, -22.69436608142945, 0.0 ], [ -53.099644514982344, -22.694368323439335, 0.0 ], [ -53.099643735270149, -22.694370564549843, 0.0 ], [ -53.099642954658577, -22.694372805660407, 0.0 ], [ -53.099642174047062, -22.694375046770972, 0.0 ], [ -53.099641391636851, -22.69437728698216, 0.0 ], [ -53.099640608327377, -22.694379527193405, 0.0 ], [ -53.099639824118526, -22.694381767404593, 0.0 ], [ -53.099639038111093, -22.694384006716518, 0.0 ], [ -53.099638252103603, -22.694386246028387, 0.0 ], [ -53.099637464297473, -22.694388484440935, 0.0 ], [ -53.0996366764914, -22.694390723752861, 0.0 ], [ -53.099635886886631, -22.69439296126609, 0.0 ], [ -53.099635096382542, -22.694395199678695, 0.0 ], [ -53.099634304979134, -22.694397437191924, 0.0 ], [ -53.099633512676405, -22.694399674705153, 0.0 ], [ -53.099632719474357, -22.694401912218439, 0.0 ], [ -53.09963192447367, -22.694404148832348, 0.0 ], [ -53.099631129472982, -22.694406385446314, 0.0 ], [ -53.099630332673655, -22.694408621160903, 0.0 ], [ -53.099629535874328, -22.694410856875493, 0.0 ], [ -53.099628737276362, -22.694413092590082, 0.0 ], [ -53.099627937779076, -22.694415328304729, 0.0 ], [ -53.09962713738247, -22.694417563119998, 0.0 ], [ -53.099626335187168, -22.694419797035948, 0.0 ], [ -53.099625532991922, -22.694422031851218, 0.0 ], [ -53.0996247298973, -22.694424265767225, 0.0 ], [ -53.099623925004096, -22.694426499683175, 0.0 ], [ -53.099623119211515, -22.694428732699805, 0.0 ], [ -53.099622312519671, -22.694430965716435, 0.0 ], [ -53.09962150492845, -22.694433198733066, 0.0 ], [ -53.099620696437967, -22.694435430850433, 0.0 ], [ -53.099619887048107, -22.694437662967744, 0.0 ], [ -53.099619076758927, -22.694439894185734, 0.0 ], [ -53.099618264671165, -22.694442125403725, 0.0 ], [ -53.099617451684026, -22.694444356621716, 0.0 ], [ -53.099616638696887, -22.694446587839707, 0.0 ], [ -53.099615823911108, -22.694448818158378, 0.0 ], [ -53.09961500822601, -22.694451048477049, 0.0 ], [ -53.099614190742273, -22.6944532778964, 0.0 ], [ -53.099613373258535, -22.694455507315752, 0.0 ], [ -53.099612554875478, -22.694457736735103, 0.0 ], [ -53.099611735593101, -22.694459965255135, 0.0 ], [ -53.099610914512027, -22.694462193775166, 0.0 ], [ -53.099610093431011, -22.694464422295198, 0.0 ], [ -53.099609270551355, -22.69446664991591, 0.0 ], [ -53.099608447671699, -22.694468877536622, 0.0 ], [ -53.099607622993346, -22.694471105157334, 0.0 ], [ -53.099606798315051, -22.694473332778045, 0.0 ], [ -53.099605972737436, -22.694475559499438, 0.0 ], [ -53.099605146260444, -22.69447778622083, 0.0 ], [ -53.09960431798487, -22.694480012042902, 0.0 ], [ -53.099603489709239, -22.694482237864918, 0.0 ], [ -53.099602660534288, -22.69448446368699, 0.0 ], [ -53.099601831359394, -22.694486689509063, 0.0 ], [ -53.099601000385803, -22.694488915331135, 0.0 ], [ -53.09960016941227, -22.694491140253888, 0.0 ], [ -53.09959933664004, -22.694493365176641, 0.0 ], [ -53.09959850386781, -22.694495589200017, 0.0 ], [ -53.09959767109558, -22.694497814122769, 0.0 ], [ -53.099596836524768, -22.694500038146202, 0.0 ], [ -53.099596001953898, -22.694502262169635, 0.0 ], [ -53.099595166483709, -22.694504486193011, 0.0 ], [ -53.099594330114201, -22.694506709317125, 0.0 ], [ -53.099593493744692, -22.694508933340558, 0.0 ], [ -53.099592656475863, -22.694511156464671, 0.0 ], [ -53.099591818307715, -22.694513378689408, 0.0 ], [ -53.099590979240247, -22.694515601813521, 0.0 ], [ -53.099590140172779, -22.694517824937634, 0.0 ], [ -53.099589301105311, -22.694520047162428, 0.0 ], [ -53.099588460239204, -22.694522269387164, 0.0 ], [ -53.099587620272416, -22.694524491611958, 0.0 ], [ -53.099586778506989, -22.694526712937432, 0.0 ], [ -53.099586258698821, -22.694528084403544, 0.0 ] ] } },
{ "type": "Feature", "properties": { "Id": 0 }, "geometry": { "type": "LineString", "coordinates": [ [ -53.099731259989596, -22.694050039877368, 0.0 ], [ -53.099730777053651, -22.694051754884526, 0.0 ], [ -53.099730292319066, -22.694053477086243, 0.0 ], [ -53.099729806685161, -22.694055198388639, 0.0 ], [ -53.099729321051257, -22.694056920590356, 0.0 ], [ -53.099728834518032, -22.694058641892752, 0.0 ], [ -53.099728347984808, -22.694060363195149, 0.0 ], [ -53.099727860552264, -22.694062084497546, 0.0 ], [ -53.0997273722204, -22.694063805799942, 0.0 ], [ -53.099726882989216, -22.694065526203019, 0.0 ], [ -53.099726393758033, -22.694067247505416, 0.0 ], [ -53.09972590362753, -22.694068967908493, 0.0 ], [ -53.099725413496969, -22.694070688311569, 0.0 ], [ -53.099724921567827, -22.694072408714646, 0.0 ], [ -53.099724429638684, -22.694074128218404, 0.0 ], [ -53.099723936810221, -22.69407584862148, 0.0 ], [ -53.099723443082382, -22.694077568125238, 0.0 ], [ -53.09972294845528, -22.694079287628995, 0.0 ], [ -53.099722453828122, -22.694081007132752, 0.0 ], [ -53.0997219583017, -22.694082726636452, 0.0 ], [ -53.099721460976582, -22.69408444524089, 0.0 ], [ -53.099720963651521, -22.694086163845327, 0.0 ], [ -53.099720465427083, -22.694087882449764, 0.0 ], [ -53.099719966303383, -22.694089601054202, 0.0 ], [ -53.099719466280305, -22.69409131875932, 0.0 ], [ -53.099718965357908, -22.694093036464437, 0.0 ], [ -53.099718463536249, -22.694094754169498, 0.0 ], [ -53.099717961714532, -22.694096471874616, 0.0 ], [ -53.099717458094176, -22.694098189579734, 0.0 ], [ -53.09971695447382, -22.694099906385532, 0.0 ], [ -53.099716449054824, -22.69410162319133, 0.0 ], [ -53.099715943635829, -22.694103339997071, 0.0 ], [ -53.099715437317514, -22.694105056802869, 0.0 ], [ -53.099714930099879, -22.694106772709347, 0.0 ], [ -53.099714421982924, -22.694108488615825, 0.0 ], [ -53.099713913865969, -22.694110204522303, 0.0 ], [ -53.099713404849695, -22.694111920428725, 0.0 ], [ -53.0997128949341, -22.694113636335203, 0.0 ], [ -53.099712384119186, -22.694115351342361, 0.0 ], [ -53.099711872404953, -22.694117067248783, 0.0 ], [ -53.099711360690719, -22.694118782255941, 0.0 ], [ -53.099710848077109, -22.6941204972631, 0.0 ], [ -53.099710334564236, -22.694122211370939, 0.0 ], [ -53.099709821051363, -22.69412392637804, 0.0 ], [ -53.09970930663917, -22.694125640485879, 0.0 ], [ -53.0997087913276, -22.694127355493038, 0.0 ], [ -53.099708276016088, -22.69412906960082, 0.0 ], [ -53.099707758905879, -22.694130782809339, 0.0 ], [ -53.099707242695047, -22.694132496917177, 0.0 ], [ -53.099706725584895, -22.694134211024959, 0.0 ], [ -53.099706207575366, -22.694135924233478, 0.0 ], [ -53.099705688666575, -22.694137638341317, 0.0 ], [ -53.099705169757726, -22.694139351549779, 0.0 ], [ -53.099704650848935, -22.694141064758298, 0.0 ], [ -53.099704130141447, -22.694142777966761, 0.0 ], [ -53.099703610333336, -22.69414449027596, 0.0 ], [ -53.099703089625848, -22.694146203484479, 0.0 ], [ -53.09970256801904, -22.694147916692941, 0.0 ], [ -53.09970204641229, -22.694149629002141, 0.0 ], [ -53.099701523906162, -22.694151341311283, 0.0 ], [ -53.099701001400035, -22.694153053620482, 0.0 ], [ -53.099700478893965, -22.694154765929682, 0.0 ], [ -53.099699955488518, -22.694156478238824, 0.0 ], [ -53.099699431183751, -22.694158190548023, 0.0 ], [ -53.099698906878984, -22.694159902857166, 0.0 ], [ -53.099698382574275, -22.694161614267045, 0.0 ], [ -53.099697857370188, -22.694163326576188, 0.0 ], [ -53.099697333065421, -22.694165037986068, 0.0 ], [ -53.099696806962015, -22.694166750295267, 0.0 ], [ -53.099696281757929, -22.69416846170509, 0.0 ], [ -53.099695755654579, -22.694170173114969, 0.0 ], [ -53.099695228651854, -22.694171884524792, 0.0 ], [ -53.099694702548447, -22.694173595934672, 0.0 ], [ -53.099694175545721, -22.694175307344494, 0.0 ], [ -53.099693648542996, -22.694177018754374, 0.0 ], [ -53.09969312064095, -22.694178730164197, 0.0 ], [ -53.099692593638224, -22.694180441574076, 0.0 ], [ -53.099692065736178, -22.694182152983956, 0.0 ], [ -53.09969153783419, -22.694183863494459, 0.0 ], [ -53.099691009032824, -22.694185574904338, 0.0 ], [ -53.099690481130779, -22.694187285414841, 0.0 ], [ -53.099689952329413, -22.694188996824721, 0.0 ], [ -53.099689423528048, -22.694190707335224, 0.0 ], [ -53.099688894726683, -22.694192418745104, 0.0 ], [ -53.099688365925317, -22.694194129255607, 0.0 ], [ -53.099687837123952, -22.694195840665486, 0.0 ], [ -53.099687307423267, -22.694197551175989, 0.0 ], [ -53.099686777722582, -22.694199261686549, 0.0 ], [ -53.099686248021897, -22.694200972197052, 0.0 ], [ -53.099685718321211, -22.694202683606932, 0.0 ], [ -53.099685188620526, -22.694204394117435, 0.0 ], [ -53.099684658020522, -22.694206104627995, 0.0 ], [ -53.099684126521197, -22.694207814239178, 0.0 ], [ -53.099683595921192, -22.694209524749738, 0.0 ], [ -53.099683064421868, -22.694211235260241, 0.0 ], [ -53.099682532922543, -22.694212944871481, 0.0 ], [ -53.099682000523842, -22.694214655381984, 0.0 ], [ -53.099681468125198, -22.694216364993224, 0.0 ], [ -53.099680934827234, -22.694218074604407, 0.0 ], [ -53.09968040152927, -22.694219785114967, 0.0 ], [ -53.099679867331986, -22.69422149472615, 0.0 ], [ -53.099679333134702, -22.694223203438071, 0.0 ], [ -53.099678798937362, -22.694224913049254, 0.0 ], [ -53.099678262941438, -22.694226621761118, 0.0 ], [ -53.099677727844835, -22.694228331372358, 0.0 ], [ -53.099677190949535, -22.694230040084221, 0.0 ], [ -53.099676654054292, -22.694231748796142, 0.0 ], [ -53.099676117159049, -22.694233457508005, 0.0 ], [ -53.09967557936443, -22.694235165320606, 0.0 ], [ -53.099675040670547, -22.69423687403247, 0.0 ], [ -53.099674501077345, -22.694238581845013, 0.0 ], [ -53.099673961484086, -22.694240289657614, 0.0 ], [ -53.099673420092245, -22.694241997470158, 0.0 ], [ -53.099672879599666, -22.694243705282702, 0.0 ], [ -53.099672337308505, -22.694245412195983, 0.0 ], [ -53.099671794117967, -22.694247119109207, 0.0 ], [ -53.099671250927429, -22.694248826022431, 0.0 ], [ -53.099670706837628, -22.694250532935712, 0.0 ], [ -53.099670161848451, -22.694252238949616, 0.0 ], [ -53.099669615959954, -22.694253944963521, 0.0 ], [ -53.099669069172137, -22.694255650977482, 0.0 ], [ -53.099668522384377, -22.694257356991386, 0.0 ], [ -53.099667973797921, -22.694259062105971, 0.0 ], [ -53.099667425211464, -22.694260767220612, 0.0 ], [ -53.099666874826369, -22.694262472335197, 0.0 ], [ -53.099666323541953, -22.694264177449782, 0.0 ], [ -53.099665772257538, -22.694265881665046, 0.0 ], [ -53.099665219174483, -22.694267585880311, 0.0 ], [ -53.099664665192108, -22.694269290095633, 0.0 ], [ -53.099664110310414, -22.694270993411578, 0.0 ], [ -53.09966355542872, -22.694272696727523, 0.0 ], [ -53.099662997849009, -22.694274400043469, 0.0 ], [ -53.099662440269356, -22.694276102460094, 0.0 ], [ -53.099661881790382, -22.694277804876776, 0.0 ], [ -53.099661321512713, -22.694279507293402, 0.0 ], [ -53.09966076033578, -22.694281208810708, 0.0 ], [ -53.099660198259528, -22.694282910328013, 0.0 ], [ -53.099659635283899, -22.694284610945999, 0.0 ], [ -53.099659071408951, -22.694286312463305, 0.0 ], [ -53.09965850573542, -22.694288013081291, 0.0 ], [ -53.099657938263192, -22.694289712799957, 0.0 ], [ -53.099657370790965, -22.694291412518623, 0.0 ], [ -53.099656801520155, -22.69429311223729, 0.0 ], [ -53.099656231349968, -22.694294811056636, 0.0 ], [ -53.099655659381142, -22.694296509875983, 0.0 ], [ -53.099655086512996, -22.69429820779601, 0.0 ], [ -53.099654512745531, -22.694299905716036, 0.0 ], [ -53.099653937179426, -22.694301603636063, 0.0 ], [ -53.099653359814681, -22.69430330065677, 0.0 ], [ -53.099652782449937, -22.694304997677477, 0.0 ], [ -53.099652203286496, -22.694306694698184, 0.0 ], [ -53.099651623223792, -22.694308390819515, 0.0 ], [ -53.099651041362449, -22.694310086940902, 0.0 ], [ -53.099650459501049, -22.69431178216297, 0.0 ], [ -53.099649875841067, -22.694313477385037, 0.0 ], [ -53.099649291281708, -22.694315172607105, 0.0 ], [ -53.099648705823085, -22.694316866929796, 0.0 ], [ -53.099648119465087, -22.694318561252544, 0.0 ], [ -53.099647532207825, -22.694320255575292, 0.0 ], [ -53.099646944051187, -22.69432194989804, 0.0 ], [ -53.09964635499523, -22.694323643321411, 0.0 ], [ -53.099645765040009, -22.694325336744839, 0.0 ], [ -53.099645174185412, -22.694327030168267, 0.0 ], [ -53.099644582431495, -22.694328722692376, 0.0 ], [ -53.099643989778258, -22.694330415216427, 0.0 ], [ -53.099643397125021, -22.694332107740536, 0.0 ], [ -53.099642803572465, -22.694333800264644, 0.0 ], [ -53.099642209120589, -22.694335491889376, 0.0 ], [ -53.099641613769393, -22.694337184413484, 0.0 ], [ -53.099641017518877, -22.694338876038273, 0.0 ], [ -53.099640421268361, -22.694340567663005, 0.0 ], [ -53.099639825017846, -22.694342258388474, 0.0 ], [ -53.099639226968691, -22.694343950013263, 0.0 ], [ -53.099638629818855, -22.694345640738675, 0.0 ], [ -53.099638030870381, -22.694347332363463, 0.0 ], [ -53.099637431921906, -22.694349023088876, 0.0 ], [ -53.099636832973431, -22.694350713814345, 0.0 ], [ -53.099636233125636, -22.694352404539814, 0.0 ], [ -53.099635633277785, -22.694354094365906, 0.0 ], [ -53.09963503342999, -22.694355785091375, 0.0 ], [ -53.099634432682876, -22.694357475816787, 0.0 ], [ -53.099633831935762, -22.694359165642936, 0.0 ], [ -53.099633231188648, -22.694360856368405, 0.0 ], [ -53.099632629542157, -22.694362546194498, 0.0 ], [ -53.099632027895723, -22.694364236020647, 0.0 ], [ -53.099631426249289, -22.694365925846739, 0.0 ], [ -53.099630824602855, -22.694367616572208, 0.0 ], [ -53.099630222956364, -22.694369306398301, 0.0 ], [ -53.09962962130993, -22.69437099622445, 0.0 ], [ -53.099629019663496, -22.694372686050599, 0.0 ], [ -53.099628417117742, -22.694374375876691, 0.0 ], [ -53.099627815471251, -22.694376065702841, 0.0 ], [ -53.099627213824817, -22.694377755528933, 0.0 ], [ -53.099626612178383, -22.694379446254402, 0.0 ], [ -53.099626010531892, -22.694381136080494, 0.0 ], [ -53.099625408885458, -22.694382825906644, 0.0 ], [ -53.099624807239024, -22.694384515732793, 0.0 ], [ -53.09962420649191, -22.694386206458205, 0.0 ], [ -53.099623605744796, -22.694387896284354, 0.0 ], [ -53.099623004997625, -22.694389587009766, 0.0 ], [ -53.09962240425051, -22.694391276835916, 0.0 ], [ -53.099621804402716, -22.694392967561384, 0.0 ], [ -53.099621204554921, -22.694394658286797, 0.0 ], [ -53.099620605606447, -22.694396349012266, 0.0 ], [ -53.099620005758595, -22.694398039737678, 0.0 ], [ -53.09961940681012, -22.694399730463147, 0.0 ], [ -53.099618807861646, -22.694401421188616, 0.0 ], [ -53.099618208913171, -22.694403111914028, 0.0 ], [ -53.099617609964696, -22.694404802639497, 0.0 ], [ -53.099617011016221, -22.694406493364909, 0.0 ], [ -53.099616412967066, -22.694408184090378, 0.0 ], [ -53.099615814018534, -22.694409875715166, 0.0 ], [ -53.099615215969379, -22.694411566440579, 0.0 ], [ -53.099614617020904, -22.694413257166048, 0.0 ], [ -53.099614018971749, -22.69441494789146, 0.0 ], [ -53.099613420023275, -22.694416638616929, 0.0 ], [ -53.0996128210748, -22.694418329342398, 0.0 ], [ -53.099612223025645, -22.694420020967129, 0.0 ], [ -53.09961162407717, -22.694421711692598, 0.0 ], [ -53.099611025128638, -22.694423402418067, 0.0 ], [ -53.099610426180163, -22.694425093143479, 0.0 ], [ -53.099609826332369, -22.694426783868948, 0.0 ], [ -53.099609227383894, -22.694428473695041, 0.0 ], [ -53.099608627536099, -22.69443016442051, 0.0 ], [ -53.099608027688305, -22.694431855145979, 0.0 ], [ -53.099607427840454, -22.694433544972071, 0.0 ], [ -53.099606827093339, -22.69443523569754, 0.0 ], [ -53.099606226346225, -22.694436925523632, 0.0 ], [ -53.099605624699791, -22.694438616249101, 0.0 ], [ -53.099605023952677, -22.694440306075194, 0.0 ], [ -53.099604422306186, -22.694441995901343, 0.0 ], [ -53.099603819760432, -22.694443685727492, 0.0 ], [ -53.099603217214678, -22.694445374654265, 0.0 ], [ -53.099602613769548, -22.694447064480414, 0.0 ], [ -53.099602010324475, -22.694448753407187, 0.0 ], [ -53.099601406879401, -22.694450442334016, 0.0 ], [ -53.099600801635631, -22.694452132160109, 0.0 ], [ -53.099600197291238, -22.694453820187618, 0.0 ], [ -53.099599591148149, -22.694455509114391, 0.0 ], [ -53.099598985005116, -22.694457198041221, 0.0 ], [ -53.099598378862026, -22.694458886068674, 0.0 ], [ -53.099597770920354, -22.694460574096183, 0.0 ], [ -53.099597162978625, -22.694462262123636, 0.0 ], [ -53.099596554137634, -22.694463949251826, 0.0 ], [ -53.099595945296585, -22.694465637279279, 0.0 ], [ -53.099595335556273, -22.694467324407469, 0.0 ], [ -53.099594724017265, -22.694469011535602, 0.0 ], [ -53.099594113377577, -22.694470698663793, 0.0 ], [ -53.09959350093925, -22.694472384892606, 0.0 ], [ -53.099592887601659, -22.694474071121419, 0.0 ], [ -53.099592273364692, -22.69447575735029, 0.0 ], [ -53.099591659127725, -22.694477442679784, 0.0 ], [ -53.099591043092119, -22.694479128908654, 0.0 ], [ -53.099590427056512, -22.694480814238148, 0.0 ], [ -53.099589810121586, -22.694482498668322, 0.0 ], [ -53.09958919228734, -22.694484183997872, 0.0 ], [ -53.099588573553774, -22.694485868428046, 0.0 ], [ -53.099587953920889, -22.69448755285822, 0.0 ], [ -53.099587333388683, -22.694489236389131, 0.0 ], [ -53.099586712856478, -22.694490920819305, 0.0 ], [ -53.099586091424953, -22.69449260435016, 0.0 ], [ -53.099585468194732, -22.694494287881014, 0.0 ], [ -53.099584844964568, -22.694495970512605, 0.0 ], [ -53.099584221734403, -22.69449765404346, 0.0 ], [ -53.0995835967056, -22.694499336674994, 0.0 ], [ -53.099582971676739, -22.694501018407209, 0.0 ], [ -53.099582344849296, -22.6945027010388, 0.0 ], [ -53.099581718021852, -22.694504382771015, 0.0 ], [ -53.099581091194352, -22.69450606450323, 0.0 ], [ -53.099580462568269, -22.694507746235445, 0.0 ], [ -53.09957983394213, -22.69450942796766, 0.0 ], [ -53.099579204416727, -22.694511108800612, 0.0 ], [ -53.099578573991948, -22.694512789633507, 0.0 ], [ -53.099577943567226, -22.694514470466402, 0.0 ], [ -53.099577312243127, -22.694516151299297, 0.0 ], [ -53.099576680019709, -22.694517831232872, 0.0 ], [ -53.099576046897027, -22.694519512065767, 0.0 ], [ -53.099575413774289, -22.694521191999343, 0.0 ], [ -53.099574779752231, -22.694522871033598, 0.0 ], [ -53.099574144830854, -22.69452455096723, 0.0 ], [ -53.099573963167813, -22.69452503120516, 0.0 ] ] } },
{ "type": "Feature", "properties": { "Id": 0 }, "geometry": { "type": "LineString", "coordinates": [ [ -53.099721092254583, -22.694047517279046, 0.0 ], [ -53.099720635398967, -22.694049181924186, 0.0 ], [ -53.099720024759279, -22.694051405048242, 0.0 ], [ -53.099719414119647, -22.694053628172355, 0.0 ], [ -53.099718802580639, -22.694055851296469, 0.0 ], [ -53.099718190142312, -22.694058074420525, 0.0 ], [ -53.099717577703984, -22.694060297544638, 0.0 ], [ -53.099716965265713, -22.694062519769432, 0.0 ], [ -53.099716351928066, -22.694064742893545, 0.0 ], [ -53.099715738590419, -22.694066965118282, 0.0 ], [ -53.099715124353452, -22.694069187343075, 0.0 ], [ -53.099714509217165, -22.694071409567869, 0.0 ], [ -53.099713894080878, -22.694073631792605, 0.0 ], [ -53.099713278045328, -22.694075854017399, 0.0 ], [ -53.099712662009722, -22.694078075342873, 0.0 ], [ -53.099712045074796, -22.694080297567609, 0.0 ], [ -53.09971142724055, -22.694082518893083, 0.0 ], [ -53.099710809406304, -22.694084740218557, 0.0 ], [ -53.099710190672738, -22.694086961543974, 0.0 ], [ -53.099709571039853, -22.694089182869448, 0.0 ], [ -53.099708950507591, -22.694091404194921, 0.0 ], [ -53.099708329975385, -22.694093624621019, 0.0 ], [ -53.09970770854386, -22.694095845946492, 0.0 ], [ -53.099707087112336, -22.694098066372646, 0.0 ], [ -53.099706463882171, -22.694100286798744, 0.0 ], [ -53.099705840652007, -22.694102507224898, 0.0 ], [ -53.099705216522466, -22.694104726751675, 0.0 ], [ -53.099704591493662, -22.694106947177829, 0.0 ], [ -53.099703965565539, -22.694109166704607, 0.0 ], [ -53.099703339637358, -22.694111386231441, 0.0 ], [ -53.099702711910595, -22.694113605758275, 0.0 ], [ -53.099702084183775, -22.694115825285053, 0.0 ], [ -53.099701455557692, -22.694118043912567, 0.0 ], [ -53.099700826032233, -22.694120262540025, 0.0 ], [ -53.099700194708191, -22.69412248116754, 0.0 ], [ -53.099699563384092, -22.694124699794997, 0.0 ], [ -53.099698931160731, -22.694126917523192, 0.0 ], [ -53.099698298037993, -22.69412913615065, 0.0 ], [ -53.099697664015935, -22.694131353878845, 0.0 ], [ -53.099697029094557, -22.694133571606983, 0.0 ], [ -53.099696393273916, -22.694135788435858, 0.0 ], [ -53.099695756553899, -22.694138006163996, 0.0 ], [ -53.099695118934562, -22.694140222992871, 0.0 ], [ -53.099694480415906, -22.69414243892237, 0.0 ], [ -53.099693840997929, -22.694144655751245, 0.0 ], [ -53.099693199781314, -22.694146871680744, 0.0 ], [ -53.099692558564698, -22.694149087610242, 0.0 ], [ -53.099691915549442, -22.694151303539797, 0.0 ], [ -53.099691271634811, -22.694153518569976, 0.0 ], [ -53.099690626820916, -22.694155733600155, 0.0 ], [ -53.099689981107701, -22.694157948630391, 0.0 ], [ -53.099689334495167, -22.69416016366057, 0.0 ], [ -53.099688686083937, -22.694162377791429, 0.0 ], [ -53.099688036773443, -22.694164591922345, 0.0 ], [ -53.099687386563573, -22.694166805153884, 0.0 ], [ -53.099686735454441, -22.694169018385423, 0.0 ], [ -53.099686082546611, -22.69417123161702, 0.0 ], [ -53.099685428739519, -22.694173444848559, 0.0 ], [ -53.099684774033051, -22.694175657180779, 0.0 ], [ -53.099684117527943, -22.694177869512998, 0.0 ], [ -53.099683460123572, -22.694180080945955, 0.0 ], [ -53.099682801819824, -22.694182293278175, 0.0 ], [ -53.099682141717437, -22.694184503811755, 0.0 ], [ -53.099681480715731, -22.694186715244655, 0.0 ], [ -53.099680817915385, -22.694188925778235, 0.0 ], [ -53.099680154215719, -22.694191135412552, 0.0 ], [ -53.099679489616733, -22.694193345946132, 0.0 ], [ -53.099678823219051, -22.694195555580393, 0.0 ], [ -53.099678155022787, -22.694197764315334, 0.0 ], [ -53.099677486826522, -22.694199973050274, 0.0 ], [ -53.099676815932241, -22.694202181785215, 0.0 ], [ -53.099676144138698, -22.694204389620836, 0.0 ], [ -53.099675471445835, -22.694206597456457, 0.0 ], [ -53.099674796954275, -22.694208805292078, 0.0 ], [ -53.099674120664076, -22.694211012228379, 0.0 ], [ -53.099673443474614, -22.694213218265361, 0.0 ], [ -53.099672764486456, -22.694215424302342, 0.0 ], [ -53.099672084598978, -22.694217630339324, 0.0 ], [ -53.099671402912861, -22.694219835476986, 0.0 ], [ -53.099670719428104, -22.694222040614648, 0.0 ], [ -53.099670035044028, -22.694224245752309, 0.0 ], [ -53.099669348861312, -22.694226449091332, 0.0 ], [ -53.099668660879956, -22.694228653329617, 0.0 ], [ -53.099667971099962, -22.694230856668639, 0.0 ], [ -53.09966728042059, -22.694233059108342, 0.0 ], [ -53.099666587942636, -22.694235261548044, 0.0 ], [ -53.099665893666042, -22.694237463987747, 0.0 ], [ -53.099665198490072, -22.694239665528073, 0.0 ], [ -53.09966450151552, -22.694241867068456, 0.0 ], [ -53.099663801842951, -22.694244067709519, 0.0 ], [ -53.099663101271062, -22.694246267451263, 0.0 ], [ -53.099662399799854, -22.694248467192949, 0.0 ], [ -53.099661695630687, -22.694250666934693, 0.0 ], [ -53.09966098966288, -22.694252865777116, 0.0 ], [ -53.099660282795753, -22.694255063720163, 0.0 ], [ -53.099659574129987, -22.694257261663267, 0.0 ], [ -53.099658862766262, -22.694259459606315, 0.0 ], [ -53.099658150503217, -22.694261655750779, 0.0 ], [ -53.099657436441476, -22.694263852794506, 0.0 ], [ -53.099656720581152, -22.694266048938971, 0.0 ], [ -53.099656002922131, -22.694268244184059, 0.0 ], [ -53.099655283464529, -22.694270439429204, 0.0 ], [ -53.099654563107549, -22.694272633774972, 0.0 ], [ -53.099653840052611, -22.694274828120797, 0.0 ], [ -53.099653116098409, -22.694277021567245, 0.0 ], [ -53.099652391244831, -22.694279215013694, 0.0 ], [ -53.099651663693294, -22.694281407560879, 0.0 ], [ -53.099650935242437, -22.694283600108008, 0.0 ], [ -53.099650204093621, -22.694285791755817, 0.0 ], [ -53.099649472944805, -22.694287983403683, 0.0 ], [ -53.099648739097972, -22.694290174152172, 0.0 ], [ -53.099648004351877, -22.694292364900662, 0.0 ], [ -53.099647267807143, -22.694294555649151, 0.0 ], [ -53.099646530363032, -22.694296745498377, 0.0 ], [ -53.099645791120338, -22.694298934448227, 0.0 ], [ -53.099645050978268, -22.694301123398077, 0.0 ], [ -53.099644309037615, -22.694303312347927, 0.0 ], [ -53.099643565298265, -22.694305500398457, 0.0 ], [ -53.099642820659597, -22.694307688449044, 0.0 ], [ -53.099642074222288, -22.694309875600254, 0.0 ], [ -53.09964132688566, -22.694312062751465, 0.0 ], [ -53.099640577750449, -22.694314249003355, 0.0 ], [ -53.099639827715862, -22.694316435255246, 0.0 ], [ -53.099639076781955, -22.694318621507136, 0.0 ], [ -53.099638324049351, -22.694320806859707, 0.0 ], [ -53.099637569518165, -22.694322992212278, 0.0 ], [ -53.09963681498698, -22.694325176665529, 0.0 ], [ -53.099636058657154, -22.694327361118781, 0.0 ], [ -53.099635300528632, -22.694329545572032, 0.0 ], [ -53.099634541500848, -22.694331729125963, 0.0 ], [ -53.099633781573743, -22.694333912679895, 0.0 ], [ -53.099633020747262, -22.694336095334506, 0.0 ], [ -53.099632258122199, -22.694338277989118, 0.0 ], [ -53.099631495497079, -22.694340460643673, 0.0 ], [ -53.099630731073319, -22.694342642398965, 0.0 ], [ -53.099629964850976, -22.694344824154257, 0.0 ], [ -53.099629198628577, -22.694347005909549, 0.0 ], [ -53.099628430607538, -22.694349186765521, 0.0 ], [ -53.09962766168718, -22.694351367621493, 0.0 ], [ -53.099626891867501, -22.694353548477409, 0.0 ], [ -53.099626121148503, -22.694355728434061, 0.0 ], [ -53.099625349530243, -22.694357908390714, 0.0 ], [ -53.099624577012605, -22.694360087448047, 0.0 ], [ -53.099623802696271, -22.694362266505323, 0.0 ], [ -53.099623028379995, -22.694364445562655, 0.0 ], [ -53.099622253164398, -22.694366624619988, 0.0 ], [ -53.099621476150162, -22.694368802778001, 0.0 ], [ -53.099620699135926, -22.694370980935958, 0.0 ], [ -53.09961992032305, -22.694373159093971, 0.0 ], [ -53.099619141510118, -22.694375336352664, 0.0 ], [ -53.099618361797923, -22.6943775136113, 0.0 ], [ -53.099617581186408, -22.694379690869994, 0.0 ], [ -53.099616799675516, -22.694381868128687, 0.0 ], [ -53.099616017265362, -22.694384044488004, 0.0 ], [ -53.099615233955831, -22.694386220847377, 0.0 ], [ -53.099614449747037, -22.694388397206694, 0.0 ], [ -53.099613665538186, -22.694390572666748, 0.0 ], [ -53.099612879530753, -22.694392748126802, 0.0 ], [ -53.099612093523263, -22.694394923586799, 0.0 ], [ -53.099611306616453, -22.694397099046853, 0.0 ], [ -53.099610519709699, -22.69439927360753, 0.0 ], [ -53.09960973100425, -22.694401448168264, 0.0 ], [ -53.099608942298801, -22.694403622728942, 0.0 ], [ -53.099608153593351, -22.694405797289676, 0.0 ], [ -53.099607363089319, -22.694407970951033, 0.0 ], [ -53.09960657258523, -22.694410145511767, 0.0 ], [ -53.099605781181822, -22.694412319173125, 0.0 ], [ -53.099604988879094, -22.69441449193522, 0.0 ], [ -53.099604196576365, -22.694416665596577, 0.0 ], [ -53.099603403374317, -22.694418838358672, 0.0 ], [ -53.099602610172269, -22.69442101202003, 0.0 ], [ -53.099601816070901, -22.694423184782124, 0.0 ], [ -53.099601021070214, -22.694425356644842, 0.0 ], [ -53.099600226069526, -22.694427529406937, 0.0 ], [ -53.099599430169519, -22.694429701269655, 0.0 ], [ -53.099598634269512, -22.694431874031693, 0.0 ], [ -53.099597837470185, -22.694434045894468, 0.0 ], [ -53.099597039771538, -22.694436217757186, 0.0 ], [ -53.099596242072892, -22.694438388720641, 0.0 ], [ -53.099595444374245, -22.694440560583359, 0.0 ], [ -53.099594645776222, -22.694442731546758, 0.0 ], [ -53.099593847178255, -22.694444903409533, 0.0 ], [ -53.099593047680969, -22.694447074372931, 0.0 ], [ -53.099592248183683, -22.694449245336386, 0.0 ], [ -53.09959144778702, -22.694451416299785, 0.0 ], [ -53.099590647390414, -22.694453586363863, 0.0 ], [ -53.099589846993808, -22.694455757327319, 0.0 ], [ -53.099589045697883, -22.694457928290717, 0.0 ], [ -53.0995882444019, -22.694460098354796, 0.0 ], [ -53.099587442206655, -22.694462268418931, 0.0 ], [ -53.099586640910729, -22.69446443848301, 0.0 ], [ -53.099585837816107, -22.694466608547089, 0.0 ], [ -53.099585035620862, -22.694468778611224, 0.0 ], [ -53.099584232526297, -22.694470948675303, 0.0 ], [ -53.099583429431675, -22.694473118739381, 0.0 ], [ -53.09958262633711, -22.694475288803517, 0.0 ], [ -53.099581823242488, -22.694477457968276, 0.0 ], [ -53.099581019248603, -22.694479628032354, 0.0 ], [ -53.099580215254662, -22.694481797197113, 0.0 ], [ -53.099579411260777, -22.694483967261249, 0.0 ], [ -53.099578606367572, -22.694486136426008, 0.0 ], [ -53.099577802373631, -22.694488305590767, 0.0 ], [ -53.099576997480426, -22.694490475654902, 0.0 ], [ -53.099576192587165, -22.694492644819661, 0.0 ], [ -53.09957538769396, -22.69449481398442, 0.0 ], [ -53.099574582800699, -22.694496983149236, 0.0 ], [ -53.099573777907494, -22.694499152313995, 0.0 ], [ -53.099572973014233, -22.694501321478754, 0.0 ], [ -53.099572167221709, -22.694503490643513, 0.0 ], [ -53.099571362328447, -22.694505659808328, 0.0 ], [ -53.099570557435243, -22.694507828973087, 0.0 ], [ -53.099569751642662, -22.694509998137846, 0.0 ], [ -53.099568946749457, -22.694512167302662, 0.0 ], [ -53.099568140956876, -22.694514336467421, 0.0 ], [ -53.099567336063672, -22.69451650563218, 0.0 ], [ -53.09956653027109, -22.694518674796939, 0.0 ], [ -53.099565725377886, -22.694520843961755, 0.0 ], [ -53.099564996927029, -22.694522803584448, 0.0 ] ] } },
{ "type": "Feature", "properties": { "Id": 0 }, "geometry": { "type": "LineString", "coordinates": [ [ -53.099709709535432, -22.694044690709859, 0.0 ], [ -53.099702175914672, -22.694072640739705, 0.0 ], [ -53.099635859007662, -22.694285092083305, 0.0 ], [ -53.099557448917096, -22.694506578016103, 0.0 ], [ -53.099556772626897, -22.694508373962265, 0.0 ], [ -53.099556093638796, -22.69451016900905, 0.0 ], [ -53.099555411952679, -22.694511962257195, 0.0 ], [ -53.099554726669282, -22.694513755505341, 0.0 ], [ -53.09955403778855, -22.694515546954904, 0.0 ], [ -53.099553347109236, -22.69451733840441, 0.0 ], [ -53.099552652832642, -22.694519128055276, 0.0 ], [ -53.099552436096019, -22.69451968383629, 0.0 ] ] } },
{ "type": "Feature", "properties": { "Id": 0 }, "geometry": { "type": "LineString", "coordinates": [ [ -53.099700740596631, -22.694042463089147, 0.0 ], [ -53.099700422236651, -22.694043643899022, 0.0 ], [ -53.099699833180694, -22.694045824754937, 0.0 ], [ -53.099699244124793, -22.69404800561091, 0.0 ], [ -53.099698653270195, -22.694050186466882, 0.0 ], [ -53.099698061516278, -22.694052366423534, 0.0 ], [ -53.099697468863042, -22.694054547279507, 0.0 ], [ -53.099696874411165, -22.694056727236102, 0.0 ], [ -53.09969627905997, -22.694058906293435, 0.0 ], [ -53.099695682809454, -22.694061085350768, 0.0 ], [ -53.099695085659619, -22.694063264408101, 0.0 ], [ -53.099694486711144, -22.694065443465377, 0.0 ], [ -53.09969388596403, -22.69406762162339, 0.0 ], [ -53.099693284317595, -22.694069799781403, 0.0 ], [ -53.099692680872465, -22.694071977040039, 0.0 ], [ -53.099692076528072, -22.694074154298733, 0.0 ], [ -53.099691470384982, -22.694076331557426, 0.0 ], [ -53.09969086334263, -22.694078507916743, 0.0 ], [ -53.099690253602262, -22.694080683376797, 0.0 ], [ -53.09968964296263, -22.69408285973617, 0.0 ], [ -53.099689030524303, -22.694085034296847, 0.0 ], [ -53.099688416287336, -22.694087209756901, 0.0 ], [ -53.099687800251729, -22.694089384317579, 0.0 ], [ -53.099687182417483, -22.694091557978993, 0.0 ], [ -53.099686563683917, -22.694093731640351, 0.0 ], [ -53.099685941353073, -22.694095904402445, 0.0 ], [ -53.099685318122908, -22.694098077164483, 0.0 ], [ -53.099684693094048, -22.694100249027201, 0.0 ], [ -53.099684065367285, -22.694102420889976, 0.0 ], [ -53.099683436741145, -22.694104591853375, 0.0 ], [ -53.099682804517784, -22.69410676281683, 0.0 ], [ -53.099682171395045, -22.694108932880908, 0.0 ], [ -53.099681535574348, -22.694111102045667, 0.0 ], [ -53.099680897955011, -22.694113271210426, 0.0 ], [ -53.099680258537035, -22.694115439475922, 0.0 ], [ -53.099679617320419, -22.694117607741362, 0.0 ], [ -53.099678973405844, -22.694119775107481, 0.0 ], [ -53.099678328591949, -22.6941219424736, 0.0 ], [ -53.099677681080095, -22.694124108940457, 0.0 ], [ -53.099677031769545, -22.694126275407257, 0.0 ], [ -53.099676380660412, -22.694128440974737, 0.0 ], [ -53.099675727752583, -22.694130606542217, 0.0 ], [ -53.099675073046114, -22.694132771210377, 0.0 ], [ -53.099674417440383, -22.694134935878537, 0.0 ], [ -53.099673759136635, -22.694137099647378, 0.0 ], [ -53.099673099034248, -22.694139263416218, 0.0 ], [ -53.099672437133222, -22.694141426285739, 0.0 ], [ -53.099671774332876, -22.69414358825594, 0.0 ], [ -53.099671108834571, -22.694145751125461, 0.0 ], [ -53.099670442436945, -22.694147912196343, 0.0 ], [ -53.099669774240624, -22.694150074166544, 0.0 ], [ -53.09966910514504, -22.694152235237425, 0.0 ], [ -53.099668433351496, -22.694154395408987, 0.0 ], [ -53.099667760658576, -22.694156555580548, 0.0 ], [ -53.099667086167074, -22.69415871575211, 0.0 ], [ -53.099666410776194, -22.694160875024295, 0.0 ], [ -53.099665732687356, -22.694163033397217, 0.0 ], [ -53.099665054598574, -22.694165191770139, 0.0 ], [ -53.099664373811777, -22.694167350143061, 0.0 ], [ -53.09966369212566, -22.694169508515984, 0.0 ], [ -53.099663009540222, -22.694171665989529, 0.0 ], [ -53.099662325156146, -22.694173822563812, 0.0 ], [ -53.09966163897343, -22.694175979138095, 0.0 ], [ -53.099660951891394, -22.69417813571232, 0.0 ], [ -53.099660263909982, -22.694180292286603, 0.0 ], [ -53.099659574129987, -22.694182447961566, 0.0 ], [ -53.099658883450672, -22.694184602737209, 0.0 ], [ -53.099658191872038, -22.694186758412116, 0.0 ], [ -53.099657498494707, -22.694188913187759, 0.0 ], [ -53.099656804218114, -22.694191067064025, 0.0 ], [ -53.099656109042144, -22.694193220940349, 0.0 ], [ -53.099655412067591, -22.694195374816672, 0.0 ], [ -53.099654714193662, -22.694197528692939, 0.0 ], [ -53.099654015420413, -22.694199681669943, 0.0 ], [ -53.099653315747901, -22.69420183464689, 0.0 ], [ -53.099652614276692, -22.694203986724574, 0.0 ], [ -53.099651912805484, -22.694206139701521, 0.0 ], [ -53.099651209535637, -22.694208291779205, 0.0 ], [ -53.099650506265789, -22.694210442957512, 0.0 ], [ -53.099649801197302, -22.694212595035197, 0.0 ], [ -53.099649095229495, -22.694214746213504, 0.0 ], [ -53.099648389261688, -22.694216896492549, 0.0 ], [ -53.099647681495242, -22.694219047670856, 0.0 ], [ -53.099646973728795, -22.694221197949901, 0.0 ], [ -53.099646264163709, -22.694223348228888, 0.0 ], [ -53.099645554598624, -22.694225497608556, 0.0 ], [ -53.099644843234898, -22.694227647887601, 0.0 ], [ -53.099644131871173, -22.694229797267269, 0.0 ], [ -53.099643419608071, -22.694231945747674, 0.0 ], [ -53.099642706445707, -22.694234095127342, 0.0 ], [ -53.099641993283342, -22.694236243607691, 0.0 ], [ -53.099641278322281, -22.694238392088096, 0.0 ], [ -53.099640563361277, -22.694240540568444, 0.0 ], [ -53.099639847500896, -22.694242689048792, 0.0 ], [ -53.099639130741252, -22.694244836629878, 0.0 ], [ -53.099638413082232, -22.694246984210906, 0.0 ], [ -53.099637695423269, -22.694249131791935, 0.0 ], [ -53.099636975965609, -22.69425127937302, 0.0 ], [ -53.099636256508006, -22.694253426054729, 0.0 ], [ -53.099635537050347, -22.694255572736438, 0.0 ], [ -53.099634815794047, -22.694257719418147, 0.0 ], [ -53.099634094537805, -22.694259866099912, 0.0 ], [ -53.099633372382186, -22.694262012781621, 0.0 ], [ -53.099632650226567, -22.69426415856401, 0.0 ], [ -53.099631927171686, -22.694266304346399, 0.0 ], [ -53.099631203217427, -22.694268450128845, 0.0 ], [ -53.099630479263169, -22.694270595911235, 0.0 ], [ -53.099629754409591, -22.694272741693624, 0.0 ], [ -53.099629028656693, -22.694274886576693, 0.0 ], [ -53.099628302903795, -22.694277031459762, 0.0 ], [ -53.099627576251578, -22.694279177242208, 0.0 ], [ -53.09962684959936, -22.694281321225958, 0.0 ], [ -53.09962612204788, -22.694283466109027, 0.0 ], [ -53.099625393597023, -22.694285610992097, 0.0 ], [ -53.099624665146166, -22.694287754975846, 0.0 ], [ -53.099623936695309, -22.694289899858973, 0.0 ], [ -53.099623207345076, -22.694292043842722, 0.0 ], [ -53.099622477095579, -22.694294187826472, 0.0 ], [ -53.099621747745402, -22.694296331810222, 0.0 ], [ -53.099621016596586, -22.694298474894651, 0.0 ], [ -53.09962028544777, -22.694300618878401, 0.0 ], [ -53.099619554298954, -22.694302761962831, 0.0 ], [ -53.099618822250818, -22.694304905946581, 0.0 ], [ -53.099618090202682, -22.694307049031067, 0.0 ], [ -53.09961735725517, -22.694309192115497, 0.0 ], [ -53.099616624307714, -22.694311335199927, 0.0 ], [ -53.099615891360259, -22.694313478284357, 0.0 ], [ -53.099615157513483, -22.694315621368787, 0.0 ], [ -53.099614423666651, -22.694317764453217, 0.0 ], [ -53.099613689819876, -22.694319906638327, 0.0 ], [ -53.099612955073781, -22.694322049722757, 0.0 ], [ -53.099612220327685, -22.694324191907867, 0.0 ], [ -53.099611485581534, -22.694326334992297, 0.0 ], [ -53.099610749936119, -22.694328477177407, 0.0 ], [ -53.099610015190024, -22.694330619362574, 0.0 ], [ -53.099609278645232, -22.694332761547685, 0.0 ], [ -53.099608542999817, -22.694334903732795, 0.0 ], [ -53.099607806455083, -22.694337045917905, 0.0 ], [ -53.099607070809611, -22.694339188103015, 0.0 ], [ -53.099606334264877, -22.694341330288125, 0.0 ], [ -53.099605596820822, -22.694343472473236, 0.0 ], [ -53.099604860276031, -22.694345614658346, 0.0 ], [ -53.099604122831977, -22.694347755944136, 0.0 ], [ -53.099603386287185, -22.694349898129246, 0.0 ], [ -53.099602648843131, -22.694352040314357, 0.0 ], [ -53.099601911399077, -22.694354181600147, 0.0 ], [ -53.099601173055646, -22.694356323785257, 0.0 ], [ -53.099600435611592, -22.694358465071048, 0.0 ], [ -53.099599697268161, -22.694360607256158, 0.0 ], [ -53.099598958924787, -22.694362748541948, 0.0 ], [ -53.099598220581356, -22.694364890727059, 0.0 ], [ -53.099597482237982, -22.694367032012849, 0.0 ], [ -53.099596742995232, -22.694369173298639, 0.0 ], [ -53.099596003752538, -22.69437131458443, 0.0 ], [ -53.099595263610468, -22.69437345587022, 0.0 ], [ -53.099594523468454, -22.694375597156011, 0.0 ], [ -53.099593783326384, -22.694377737542482, 0.0 ], [ -53.099593042285051, -22.694379878828272, 0.0 ], [ -53.099592301243661, -22.694382019214743, 0.0 ], [ -53.099591559302951, -22.694384159601213, 0.0 ], [ -53.099590817362298, -22.694386300887004, 0.0 ], [ -53.099590074522268, -22.694388441273475, 0.0 ], [ -53.099589331682296, -22.694390580760626, 0.0 ], [ -53.099588587942947, -22.694392721147096, 0.0 ], [ -53.099587843304278, -22.694394860634247, 0.0 ], [ -53.099587098665609, -22.694397001020718, 0.0 ], [ -53.099586353127677, -22.694399140507869, 0.0 ], [ -53.099585607589688, -22.6944012790957, 0.0 ], [ -53.09958486115238, -22.694403418582851, 0.0 ], [ -53.099584113815752, -22.694405558070002, 0.0 ], [ -53.099583365579804, -22.694407696657834, 0.0 ], [ -53.099582617343856, -22.694409835245665, 0.0 ], [ -53.099581868208588, -22.694411972934176, 0.0 ], [ -53.099581118174001, -22.694414111522008, 0.0 ], [ -53.099580367240094, -22.694416249210462, 0.0 ], [ -53.099579616306187, -22.694418386898974, 0.0 ], [ -53.09957886357364, -22.694420524587485, 0.0 ], [ -53.099578110841094, -22.694422661376677, 0.0 ], [ -53.099543224340266, -22.694517395960986, 0.0 ] ] } },
{ "type": "Feature", "properties": { "Id": 0 }, "geometry": { "type": "LineString", "coordinates": [ [ -53.099686576274451, -22.694038945840646, 0.0 ], [ -53.099686321766285, -22.694039824478295, 0.0 ], [ -53.099685716522572, -22.69404191630133, 0.0 ], [ -53.099685110379482, -22.694044007225102, 0.0 ], [ -53.09968450513577, -22.694046099048194, 0.0 ], [ -53.099683899892, -22.694048190871285, 0.0 ], [ -53.099683293748967, -22.69405028269432, 0.0 ], [ -53.099682688505254, -22.694052374517412, 0.0 ], [ -53.099682082362165, -22.694054465441184, 0.0 ], [ -53.099681476219132, -22.694056557264275, 0.0 ], [ -53.099680870975362, -22.694058649087367, 0.0 ], [ -53.09968026483233, -22.694060740910402, 0.0 ], [ -53.09967965868924, -22.694062831834174, 0.0 ], [ -53.099679052546207, -22.694064923657265, 0.0 ], [ -53.099678446403118, -22.694067015480357, 0.0 ], [ -53.099677840260085, -22.694069106404072, 0.0 ], [ -53.099677234116996, -22.694071198227164, 0.0 ], [ -53.099676627973963, -22.694073290050255, 0.0 ], [ -53.099676020931554, -22.694075381873347, 0.0 ], [ -53.099675414788521, -22.694077472797062, 0.0 ], [ -53.099674808645489, -22.694079564620154, 0.0 ], [ -53.099674201603079, -22.694081656443245, 0.0 ], [ -53.099673594560727, -22.694083748266337, 0.0 ], [ -53.099672988417637, -22.694085839190109, 0.0 ], [ -53.099672381375285, -22.694087931013144, 0.0 ], [ -53.099671774332876, -22.694090022836235, 0.0 ], [ -53.099671167290523, -22.694092113760007, 0.0 ], [ -53.099670560248114, -22.694094205583099, 0.0 ], [ -53.099669952306385, -22.694096297406134, 0.0 ], [ -53.099669345264033, -22.694098388329905, 0.0 ], [ -53.099668738221624, -22.694100480152997, 0.0 ], [ -53.099668130279952, -22.694102571976089, 0.0 ], [ -53.099667522338223, -22.694104662899804, 0.0 ], [ -53.099666914396551, -22.694106754722895, 0.0 ], [ -53.099666306454822, -22.694108846545987, 0.0 ], [ -53.099665698513149, -22.694110937469759, 0.0 ], [ -53.09966509057142, -22.694113029292851, 0.0 ], [ -53.099664481730429, -22.694115120216566, 0.0 ], [ -53.09966387288938, -22.694117212039657, 0.0 ], [ -53.099663263149012, -22.694119302963429, 0.0 ], [ -53.0996626534087, -22.694121393887201, 0.0 ], [ -53.099662043668332, -22.694123484810916, 0.0 ], [ -53.099661433028643, -22.694125575734688, 0.0 ], [ -53.099660821489692, -22.69412766665846, 0.0 ], [ -53.099660209950684, -22.694129757582175, 0.0 ], [ -53.099659597512357, -22.694131847606627, 0.0 ], [ -53.099658985074086, -22.694133937631079, 0.0 ], [ -53.099658371736439, -22.694136028554851, 0.0 ], [ -53.099657757499472, -22.694138118579247, 0.0 ], [ -53.099657142363185, -22.694140207704379, 0.0 ], [ -53.099656527226898, -22.694142297728831, 0.0 ], [ -53.099655910291972, -22.694144386853907, 0.0 ], [ -53.099655293357046, -22.694146475979039, 0.0 ], [ -53.0996546755228, -22.694148565104172, 0.0 ], [ -53.099654056789234, -22.694150654229247, 0.0 ], [ -53.099653437156348, -22.69415274245506, 0.0 ], [ -53.099652815724824, -22.694154830680873, 0.0 ], [ -53.099652194293299, -22.694156918906629, 0.0 ], [ -53.099651571962454, -22.694159006233122, 0.0 ], [ -53.099650947832913, -22.694161093559558, 0.0 ], [ -53.099650322804109, -22.694163180886051, 0.0 ], [ -53.099649696875986, -22.694165267313167, 0.0 ], [ -53.099649069149166, -22.69416735463966, 0.0 ], [ -53.099648441422403, -22.694169440167457, 0.0 ], [ -53.099647810997624, -22.69417152569531, 0.0 ], [ -53.099647180572902, -22.694173611223107, 0.0 ], [ -53.099646548349483, -22.69417569675096, 0.0 ], [ -53.099645914327425, -22.694177781379437, 0.0 ], [ -53.099645279406104, -22.694179866007971, 0.0 ], [ -53.099644642686087, -22.694181949737128, 0.0 ], [ -53.09964400506675, -22.694184032567023, 0.0 ], [ -53.099643365648774, -22.69418611629618, 0.0 ], [ -53.099642724432158, -22.694188198226698, 0.0 ], [ -53.099642082316223, -22.694190281056592, 0.0 ], [ -53.099641438401648, -22.69419236298711, 0.0 ], [ -53.099640792688376, -22.694194444018308, 0.0 ], [ -53.099640145176522, -22.694196525049563, 0.0 ], [ -53.099639495865972, -22.694198605181441, 0.0 ], [ -53.099638844756839, -22.694200685313319, 0.0 ], [ -53.09963819274833, -22.694202764545878, 0.0 ], [ -53.099637538041918, -22.694204842879174, 0.0 ], [ -53.09963688153681, -22.694206921212412, 0.0 ], [ -53.099636223233063, -22.694208998646332, 0.0 ], [ -53.099635563130676, -22.694211076080251, 0.0 ], [ -53.099634901229649, -22.69421315261485, 0.0 ], [ -53.099634237529983, -22.694215229149449, 0.0 ], [ -53.099633571132358, -22.694217304784729, 0.0 ], [ -53.099632902936094, -22.694219379520689, 0.0 ], [ -53.099632232941133, -22.694221453357329, 0.0 ], [ -53.09963156024827, -22.694223527193969, 0.0 ], [ -53.09963088575671, -22.69422560013129, 0.0 ], [ -53.099630208567248, -22.69422767306861, 0.0 ], [ -53.09962952957909, -22.694229745106611, 0.0 ], [ -53.099628848792293, -22.694231816245292, 0.0 ], [ -53.099628165307536, -22.694233886484653, 0.0 ], [ -53.09962747912482, -22.694235955824638, 0.0 ], [ -53.099626791143464, -22.69423802516468, 0.0 ], [ -53.09962609956483, -22.694240093605401, 0.0 ], [ -53.099625407086819, -22.694242161146747, 0.0 ], [ -53.099624711011586, -22.694244228688149, 0.0 ], [ -53.099624013137657, -22.694246295330231, 0.0 ], [ -53.099623313465088, -22.694248361072937, 0.0 ], [ -53.09962261109456, -22.69425042591638, 0.0 ], [ -53.099621906925449, -22.694252490759823, 0.0 ], [ -53.099621200957642, -22.694254554703889, 0.0 ], [ -53.099620493191139, -22.694256617748692, 0.0 ], [ -53.099619783626054, -22.694258680793439, 0.0 ], [ -53.099619072262328, -22.694260743838186, 0.0 ], [ -53.099618359099964, -22.694262805983669, 0.0 ], [ -53.099617644138903, -22.694264867229776, 0.0 ], [ -53.099616928278579, -22.69426692847594, 0.0 ], [ -53.099616210619558, -22.694268988822728, 0.0 ], [ -53.099615492061275, -22.694271050068835, 0.0 ], [ -53.099614771704296, -22.694273109516359, 0.0 ], [ -53.099614050448054, -22.694275168963827, 0.0 ], [ -53.099613328292435, -22.694277228411295, 0.0 ], [ -53.099612604338176, -22.694279287858819, 0.0 ], [ -53.099611880383918, -22.694281346406967, 0.0 ], [ -53.09961115553034, -22.694283404955115, 0.0 ], [ -53.099610428878123, -22.69428546350332, 0.0 ], [ -53.099609702225962, -22.694287522051468, 0.0 ], [ -53.099608974674425, -22.694289579700296, 0.0 ], [ -53.099608247122887, -22.694291637349124, 0.0 ], [ -53.09960751867203, -22.694293695897329, 0.0 ], [ -53.099606789321854, -22.694295752646838, 0.0 ], [ -53.099606059971677, -22.694297810295666, 0.0 ], [ -53.099605330621443, -22.694299867944494, 0.0 ], [ -53.099604601271267, -22.694301925593322, 0.0 ], [ -53.09960387102177, -22.694303983242207, 0.0 ], [ -53.099603141671594, -22.694306039991716, 0.0 ], [ -53.099602411422097, -22.694308097640544, 0.0 ], [ -53.099601682071921, -22.694310155289372, 0.0 ], [ -53.099600952721744, -22.694312212938257, 0.0 ], [ -53.099600223371567, -22.694314270587086, 0.0 ], [ -53.09959949492071, -22.694316328235914, 0.0 ], [ -53.099598766469853, -22.694318385884742, 0.0 ], [ -53.099598038018996, -22.694320444432947, 0.0 ], [ -53.099597311366779, -22.694322502081775, 0.0 ], [ -53.099596584714561, -22.694324560629923, 0.0 ], [ -53.099595858062344, -22.694326619178071, 0.0 ], [ -53.099595133208766, -22.694328678625595, 0.0 ], [ -53.099594409254564, -22.694330737173743, 0.0 ], [ -53.099593686199626, -22.694332797520531, 0.0 ], [ -53.099592964044007, -22.694334856968055, 0.0 ], [ -53.099592242787708, -22.694336917314843, 0.0 ], [ -53.099591523330105, -22.69433897766163, 0.0 ], [ -53.099590804771765, -22.694341038907794, 0.0 ], [ -53.099590087112801, -22.694343100153901, 0.0 ], [ -53.099589371252421, -22.694345161400008, 0.0 ], [ -53.099588657190736, -22.694347223545492, 0.0 ], [ -53.099587944028372, -22.694349286590239, 0.0 ], [ -53.099587233563909, -22.694351349635042, 0.0 ], [ -53.099586523998823, -22.694353413579108, 0.0 ], [ -53.099585816232377, -22.694355477523231, 0.0 ], [ -53.09958511116389, -22.694357542366618, 0.0 ], [ -53.099584406994722, -22.69435960810938, 0.0 ], [ -53.099583705523571, -22.694361673852143, 0.0 ], [ -53.099583005851002, -22.694363740494168, 0.0 ], [ -53.099582307077753, -22.694365807136251, 0.0 ], [ -53.099581610103201, -22.694367874677653, 0.0 ], [ -53.09958091492723, -22.694369942218998, 0.0 ], [ -53.099580221549957, -22.69437201065972, 0.0 ], [ -53.099579529071946, -22.694374079100442, 0.0 ], [ -53.099578837493311, -22.694376148440426, 0.0 ], [ -53.099578146813997, -22.694378217780468, 0.0 ], [ -53.099577457933322, -22.694380287120509, 0.0 ], [ -53.099576769951909, -22.694382357359871, 0.0 ], [ -53.099576082869874, -22.694384427599232, 0.0 ], [ -53.099575395787838, -22.694386497838536, 0.0 ], [ -53.099574709605122, -22.694388568977217, 0.0 ], [ -53.099574024321726, -22.694390639216579, 0.0 ], [ -53.099573339937649, -22.69439271035526, 0.0 ], [ -53.099572654654253, -22.694394781493941, 0.0 ], [ -53.099571971169496, -22.694396852632622, 0.0 ], [ -53.099571286785419, -22.694398923771246, 0.0 ], [ -53.099570603300663, -22.694400994909927, 0.0 ], [ -53.099569918916586, -22.694403066048608, 0.0 ], [ -53.099569235431829, -22.694405137187289, 0.0 ], [ -53.099568551047753, -22.69440720832597, 0.0 ], [ -53.099567866663676, -22.694409278565331, 0.0 ], [ -53.09956718138028, -22.694411349703955, 0.0 ], [ -53.099566496096884, -22.694413420842636, 0.0 ], [ -53.099565810813488, -22.694415491081998, 0.0 ], [ -53.099565124630772, -22.694417561321359, 0.0 ], [ -53.099564437548736, -22.69441963156072, 0.0 ], [ -53.099563749567324, -22.694421700900705, 0.0 ], [ -53.099563060686648, -22.694423770240746, 0.0 ], [ -53.099562370906654, -22.694425839580788, 0.0 ], [ -53.099561679328019, -22.69442790802151, 0.0 ], [ -53.099560987749328, -22.694429976462175, 0.0 ], [ -53.099560294372054, -22.694432044902896, 0.0 ], [ -53.099559599196084, -22.694434112444299, 0.0 ], [ -53.099558903120851, -22.694436179985701, 0.0 ], [ -53.099558205246922, -22.694438246627726, 0.0 ], [ -53.09955750557441, -22.694440312370489, 0.0 ], [ -53.099556804103202, -22.694442378113195, 0.0 ], [ -53.099556100833354, -22.694444442956637, 0.0 ], [ -53.099555395764867, -22.694446507800023, 0.0 ], [ -53.09955468889774, -22.694448570844827, 0.0 ], [ -53.099553980231974, -22.694450633889574, 0.0 ], [ -53.099553268868249, -22.694452696934377, 0.0 ], [ -53.099552554806507, -22.694454758180484, 0.0 ], [ -53.099551838946184, -22.694456819426648, 0.0 ], [ -53.099551120387844, -22.694458879773435, 0.0 ], [ -53.099550399131601, -22.694460939220903, 0.0 ], [ -53.099549675177343, -22.694462997769108, 0.0 ], [ -53.099548948525126, -22.694465055417936, 0.0 ], [ -53.099548219174949, -22.694467112167445, 0.0 ], [ -53.099547486227493, -22.694469168017633, 0.0 ], [ -53.099546751481341, -22.694471222968502, 0.0 ], [ -53.099546012238648, -22.694473276120732, 0.0 ], [ -53.099545270297938, -22.694475329272962, 0.0 ], [ -53.099544525659269, -22.694477381525871, 0.0 ], [ -53.099543777423321, -22.694479432879461, 0.0 ], [ -53.099543026489414, -22.694481482434412, 0.0 ], [ -53.099542271958228, -22.694483531989363, 0.0 ], [ -53.099541515628403, -22.694485579745674, 0.0 ], [ -53.099540755701298, -22.694487627501985, 0.0 ], [ -53.099539993076178, -22.6944896734596, 0.0 ], [ -53.099539227753098, -22.694491719417272, 0.0 ], [ -53.099538459732116, -22.694493764475624, 0.0 ], [ -53.099537689912438, -22.694495808634599, 0.0 ], [ -53.099536916495481, -22.694497851894312, 0.0 ], [ -53.099536141279827, -22.694499894254648, 0.0 ], [ -53.099535364265591, -22.69450193661504, 0.0 ], [ -53.099534584553396, -22.694503977176737, 0.0 ], [ -53.099533802143185, -22.69450601773849, 0.0 ], [ -53.099533017934391, -22.694508058300187, 0.0 ], [ -53.099532231926901, -22.694510097063301, 0.0 ], [ -53.099531444120828, -22.694512135826358, 0.0 ], [ -53.099531285840101, -22.694512543219275, 0.0 ] ] } },
{ "type": "Feature", "properties": { "Id": 0 }, "geometry": { "type": "LineString", "coordinates": [ [ -53.099678421222109, -22.694036920567385, 0.0 ], [ -53.099666205730784, -22.694080767913078, 0.0 ], [ -53.099665632862639, -22.694082735629706, 0.0 ], [ -53.099665059994493, -22.694084704245654, 0.0 ], [ -53.099664485327708, -22.694086671962282, 0.0 ], [ -53.099663908862283, -22.69408863967891, 0.0 ], [ -53.099663331497482, -22.694090607395594, 0.0 ], [ -53.099662753233417, -22.694092574212902, 0.0 ], [ -53.099662173170714, -22.694094541030211, 0.0 ], [ -53.099661591309371, -22.694096506948199, 0.0 ], [ -53.099661008548651, -22.694098472866187, 0.0 ], [ -53.099660424888668, -22.694100438784176, 0.0 ], [ -53.099659839429989, -22.694102403802844, 0.0 ], [ -53.099659253072048, -22.694104368821513, 0.0 ], [ -53.09965866491541, -22.694106333840182, 0.0 ], [ -53.099658075859452, -22.694108297959531, 0.0 ], [ -53.099657485904231, -22.69411026207888, 0.0 ], [ -53.099656894150314, -22.694112225298909, 0.0 ], [ -53.099656301497077, -22.694114189418258, 0.0 ], [ -53.099655707045201, -22.694116151738967, 0.0 ], [ -53.099655111694005, -22.694118114958997, 0.0 ], [ -53.09965451454417, -22.694120077279706, 0.0 ], [ -53.099653916495015, -22.694122039600416, 0.0 ], [ -53.09965331754654, -22.694124001021805, 0.0 ], [ -53.099652716799426, -22.694125962443195, 0.0 ], [ -53.099652115152935, -22.694127923864528, 0.0 ], [ -53.099651512607181, -22.694129884386598, 0.0 ], [ -53.099650908262788, -22.694131844908668, 0.0 ], [ -53.099650303019018, -22.694133804531418, 0.0 ], [ -53.099649695976666, -22.694135764154169, 0.0 ], [ -53.099649088034937, -22.694137723776862, 0.0 ], [ -53.099648479193945, -22.694139683399612, 0.0 ], [ -53.099647868554257, -22.694141642123043, 0.0 ], [ -53.099647257015249, -22.694143600846473, 0.0 ], [ -53.099646644576922, -22.694145558670527, 0.0 ], [ -53.099646031239331, -22.694147516494638, 0.0 ], [ -53.099645416103044, -22.694149474318749, 0.0 ], [ -53.099644799168118, -22.69415143124354, 0.0 ], [ -53.099644182233192, -22.694153388168274, 0.0 ], [ -53.099643563499626, -22.694155345093066, 0.0 ], [ -53.099642943866741, -22.69415730111848, 0.0 ], [ -53.099642322435216, -22.694159257143951, 0.0 ], [ -53.099641700104314, -22.694161213169423, 0.0 ], [ -53.09964107687415, -22.694163168295518, 0.0 ], [ -53.099640452744666, -22.694165123421669, 0.0 ], [ -53.099639826816485, -22.694167077648444, 0.0 ], [ -53.099639199989042, -22.694169031875276, 0.0 ], [ -53.099638572262279, -22.694170986102108, 0.0 ], [ -53.09963794273682, -22.694172939429563, 0.0 ], [ -53.099637313211417, -22.694174893656395, 0.0 ], [ -53.099636681887318, -22.694176846084531, 0.0 ], [ -53.09963604876458, -22.694178799412043, 0.0 ], [ -53.099635415641899, -22.694180751840179, 0.0 ], [ -53.099634780720521, -22.694182703368995, 0.0 ], [ -53.099634144899824, -22.694184655797187, 0.0 ], [ -53.099633508179807, -22.694186607326003, 0.0 ], [ -53.09963286966115, -22.694188557955556, 0.0 ], [ -53.099632231142493, -22.694190509484372, 0.0 ], [ -53.099631590825197, -22.694192460113925, 0.0 ], [ -53.099630949608581, -22.694194409844101, 0.0 ], [ -53.099630306593326, -22.694196359574278, 0.0 ], [ -53.099629663578071, -22.694198309304511, 0.0 ], [ -53.099629018764176, -22.694200259034687, 0.0 ], [ -53.099628373950281, -22.694202207865544, 0.0 ], [ -53.09962772733769, -22.694204156696458, 0.0 ], [ -53.099627079825837, -22.694206105527314, 0.0 ], [ -53.099626431414663, -22.694208053458851, 0.0 ], [ -53.099625783003432, -22.694210001390388, 0.0 ], [ -53.099625133692939, -22.694211949321982, 0.0 ], [ -53.099624483483069, -22.694213897253519, 0.0 ], [ -53.099623832373936, -22.694215844285736, 0.0 ], [ -53.099623180365427, -22.694217792217273, 0.0 ], [ -53.099622528356974, -22.694219739249547, 0.0 ], [ -53.099621875449145, -22.694221686281765, 0.0 ], [ -53.099621222541373, -22.694223632414662, 0.0 ], [ -53.099620569633544, -22.694225579446879, 0.0 ], [ -53.099619915826395, -22.694227526479096, 0.0 ], [ -53.099619261119983, -22.694229472612051, 0.0 ], [ -53.099618606413514, -22.694231418744948, 0.0 ], [ -53.099617951707046, -22.694233365777166, 0.0 ], [ -53.099617297000634, -22.694235311910063, 0.0 ], [ -53.099616642294166, -22.694237258042961, 0.0 ], [ -53.099615986688377, -22.694239204175915, 0.0 ], [ -53.099615331981965, -22.694241150308812, 0.0 ], [ -53.099614676376177, -22.69424309644171, 0.0 ], [ -53.099614021669709, -22.694245042574607, 0.0 ], [ -53.099613366063977, -22.694246988707505, 0.0 ], [ -53.099612711357508, -22.694248934840402, 0.0 ], [ -53.09961205665104, -22.694250881872676, 0.0 ], [ -53.099611401944628, -22.694252828005574, 0.0 ], [ -53.09961074723816, -22.694254774138471, 0.0 ], [ -53.099610093431011, -22.694256721170689, 0.0 ], [ -53.099609439623919, -22.694258667303586, 0.0 ], [ -53.09960878671609, -22.69426061433586, 0.0 ], [ -53.09960813380826, -22.694262561368078, 0.0 ], [ -53.099607481799808, -22.694264508400295, 0.0 ], [ -53.099606829791298, -22.694266455432512, 0.0 ], [ -53.099606178682166, -22.694268402464729, 0.0 ], [ -53.099605528472296, -22.694270350396323, 0.0 ], [ -53.099604878262483, -22.69427229742854, 0.0 ], [ -53.099604228951989, -22.694274245360077, 0.0 ], [ -53.099603581440078, -22.694276193291614, 0.0 ], [ -53.099602933928225, -22.694278142122528, 0.0 ], [ -53.099602286416371, -22.694280090953384, 0.0 ], [ -53.099601640703099, -22.694282039784241, 0.0 ], [ -53.099600995889205, -22.694283988615155, 0.0 ], [ -53.099600352873949, -22.694285937446011, 0.0 ], [ -53.099599709858694, -22.694287887176188, 0.0 ], [ -53.099599067742759, -22.694289837805741, 0.0 ], [ -53.099598427425462, -22.694291787535917, 0.0 ], [ -53.099597788007486, -22.694293738165413, 0.0 ], [ -53.099597150388149, -22.694295689694286, 0.0 ], [ -53.099596513668132, -22.694297641223102, 0.0 ], [ -53.099595877847435, -22.694299592751975, 0.0 ], [ -53.099595243825377, -22.69430154518011, 0.0 ], [ -53.099594610702695, -22.694303497608303, 0.0 ], [ -53.099593979378596, -22.694305450036438, 0.0 ], [ -53.099593349853194, -22.69430740336395, 0.0 ], [ -53.099592721227054, -22.694309357590726, 0.0 ], [ -53.099592094399611, -22.694311311817557, 0.0 ], [ -53.09959146937075, -22.694313266044333, 0.0 ], [ -53.099590845241266, -22.694315221170484, 0.0 ], [ -53.099590222910422, -22.694317176296579, 0.0 ], [ -53.099589601478897, -22.69431913232205, 0.0 ], [ -53.099588980047372, -22.694321088347522, 0.0 ], [ -53.099588360414486, -22.694323044372936, 0.0 ], [ -53.099587740781544, -22.694325000398408, 0.0 ], [ -53.099587121148659, -22.694326956423879, 0.0 ], [ -53.099586502415093, -22.694328913348613, 0.0 ], [ -53.099585883681527, -22.694330869374085, 0.0 ], [ -53.099585264947962, -22.694332826298876, 0.0 ], [ -53.099584646214396, -22.69433478232429, 0.0 ], [ -53.09958402658151, -22.694336739249081, 0.0 ], [ -53.099583406948625, -22.694338695274496, 0.0 ], [ -53.09958278641642, -22.694340651299967, 0.0 ], [ -53.099582164984895, -22.694342606426119, 0.0 ], [ -53.09958154265405, -22.694344562451533, 0.0 ], [ -53.099523139781013, -22.694508231869349, 0.0 ] ] } }
]
}
